#
# A fatal error has been detected by the Java Runtime Environment:
#
#  EXCEPTION_ACCESS_VIOLATION (0xc0000005) at pc=0x00007ff92b2dad89, pid=41356, tid=24656
#
# JRE version: OpenJDK Runtime Environment Zulu24.32+13-CA (24.0.2+12) (build 24.0.2+12)
# Java VM: OpenJDK 64-Bit Server VM Zulu24.32+13-CA (24.0.2+12, mixed mode, sharing, tiered, compressed oops, compressed class ptrs, g1 gc, windows-amd64)
# Problematic frame:
# C  [awt.dll+0xdad89]
#
# No core dump will be written. Minidumps are not enabled by default on client versions of Windows
#
# If you would like to submit a bug report, please visit:
#   http://www.azul.com/support/
# The crash happened outside the Java Virtual Machine in native code.
# See problematic frame for where to report the bug.
#

---------------  S U M M A R Y ------------

Command Line: -Dfile.encoding=UTF-8 --module-path=C:\Users\Istiak\Documents\NetBeansProjects\Bank Management System\build\classes bank.management.system.SignupOne

Host: 12th Gen Intel(R) Core(TM) i5-12500H, 16 cores, 15G,  Windows 11 , 64 bit Build 26100 (10.0.26100.5074)
Time: Sat Sep 13 06:20:48 2025 Bangladesh Standard Time elapsed time: 10731.039374 seconds (0d 2h 58m 51s)

---------------  T H R E A D  ---------------

Current thread (0x000001e112496ac0):  JavaThread "AWT-EventQueue-0"        [_thread_in_native, id=24656, stack(0x00000047a7c00000,0x00000047a7d00000) (1024K)]

Stack: [0x00000047a7c00000,0x00000047a7d00000],  sp=0x00000047a7cfef20,  free space=1019k
Native frames: (J=compiled Java code, j=interpreted, Vv=VM code, C=native code)
C  [awt.dll+0xdad89]  (no source info available)
C  [awt.dll+0xda148]  (no source info available)
C  0x000001e0bc4dce20  (no source info available)

The last pc belongs to native method entry point (kind = native) (printed below).
Java frames: (J=compiled Java code, j=interpreted, Vv=VM code)
j  sun.awt.Win32GraphicsConfig.getBounds(I)Ljava/awt/Rectangle;+0 java.desktop@24.0.2
j  sun.awt.Win32GraphicsConfig.getBounds()Ljava/awt/Rectangle;+8 java.desktop@24.0.2
j  sun.awt.Win32GraphicsDevice.displayChanged()V+23 java.desktop@24.0.2
j  sun.awt.Win32GraphicsEnvironment.displayChanged()V+271 java.desktop@24.0.2
j  sun.awt.windows.WToolkit.lambda$displayChanged$0()V+15 java.desktop@24.0.2
j  sun.awt.windows.WToolkit$$Lambda+0x000001e0ce125ab0.run()V+0 java.desktop@24.0.2
J 1374 c1 java.awt.event.InvocationEvent.dispatch()V java.desktop@24.0.2 (69 bytes) @ 0x000001e0b527a79c [0x000001e0b527a580+0x000000000000021c]
J 1875 c1 java.awt.EventQueue.dispatchEventImpl(Ljava/awt/AWTEvent;Ljava/lang/Object;)V java.desktop@24.0.2 (139 bytes) @ 0x000001e0b534c01c [0x000001e0b534a720+0x00000000000018fc]
J 1874 c1 java.awt.EventQueue.dispatchEvent(Ljava/awt/AWTEvent;)V java.desktop@24.0.2 (48 bytes) @ 0x000001e0b534a134 [0x000001e0b5349ee0+0x0000000000000254]
J 1876 c1 java.awt.EventDispatchThread.pumpOneEventForFilters(I)V java.desktop@24.0.2 (106 bytes) @ 0x000001e0b534e854 [0x000001e0b534e040+0x0000000000000814]
j  java.awt.EventDispatchThread.pumpEventsForFilter(ILjava/awt/Conditional;Ljava/awt/EventFilter;)V+35 java.desktop@24.0.2
j  java.awt.EventDispatchThread.pumpEventsForHierarchy(ILjava/awt/Conditional;Ljava/awt/Component;)V+11 java.desktop@24.0.2
j  java.awt.EventDispatchThread.pumpEvents(ILjava/awt/Conditional;)V+4 java.desktop@24.0.2
j  java.awt.EventDispatchThread.pumpEvents(Ljava/awt/Conditional;)V+3 java.desktop@24.0.2
j  java.awt.EventDispatchThread.run()V+9 java.desktop@24.0.2
v  ~StubRoutines::call_stub 0x000001e0bc4d0fcd

siginfo: EXCEPTION_ACCESS_VIOLATION (0xc0000005), reading address 0x0000000000000028


Registers:
RAX=0x0000000000000000, RBX=0x000001e1125c47d0, RCX=0x0000000000000000, RDX=0x0000000000000000
RSP=0x00000047a7cfef20, RBP=0x0000000000000000, RSI=0x0000000000000000, RDI=0x0000000000000000
R8 =0x0000000000000001, R9 =0x00000047a5da4000, R10=0x000001e1124b6030, R11=0x000001e10e2add40
R12=0x0000000000000000, R13=0x000001e112104970, R14=0x000001e0cc856820, R15=0x0000000000000000
RIP=0x00007ff92b2dad89, EFLAGS=0x0000000000010246

XMM[0]=0x0000000000000000 0x0000000000000000
XMM[1]=0x0000000000000000 0x00000047a7cfeff0
XMM[2]=0x00000047a7cfe9e4 0x00000047a7cfe9e0
XMM[3]=0x00000047a7cfe901 0x000001e0aa2d69f0
XMM[4]=0x0000000000000000 0x000001e0bc51eae6
XMM[5]=0x000001e112496ac0 0x0000000000000001
XMM[6]=0x0000000000000000 0x8fc30fe66c9d5dfb
XMM[7]=0x0000000000000000 0xb76c25743618890c
XMM[8]=0x0000000000000000 0x97058b370aa274b1
XMM[9]=0x0000000000000000 0x9e932d087ee8b7e0
XMM[10]=0x0000000000000000 0x00000000e0558ad8
XMM[11]=0x0000000000000000 0x69f3b40de8dc6bed
XMM[12]=0x0000000000000000 0x000000007ee8b7e0
XMM[13]=0x0000000000000000 0x4070000000000000
XMM[14]=0x0000000000000000 0x0000000000000000
XMM[15]=0x0000000000000000 0x0000000000000000
  MXCSR=0x00001fa2


Register to memory mapping:

RAX=0x0 is null
RBX=0x000001e1125c47d0 points into unknown readable memory: 0x000001e1127ac120 | 20 c1 7a 12 e1 01 00 00
RCX=0x0 is null
RDX=0x0 is null
RSP=0x00000047a7cfef20 is pointing into the stack for thread: 0x000001e112496ac0
RBP=0x0 is null
RSI=0x0 is null
RDI=0x0 is null
R8 =0x0000000000000001 is an unknown value
R9 =0x00000047a5da4000 points into unknown readable memory: 0x0000000000000000 | 00 00 00 00 00 00 00 00
R10=0x000001e1124b6030 points into unknown readable memory: 0x0000001e00000003 | 03 00 00 00 1e 00 00 00
R11={method} {0x000001e10e2add48} '<init>' '(IIII)V' in 'java/awt/Rectangle'
R12=0x0 is null
R13=0x000001e112104970 points into unknown readable memory: 0x000001e10e2add40 | 40 dd 2a 0e e1 01 00 00
R14=0x000001e0cc856820 points into unknown readable memory: 0x000000071549d920 | 20 d9 49 15 07 00 00 00
R15=0x0 is null

Top of Stack: (sp=0x00000047a7cfef20)
0x00000047a7cfef20:   00007ff92b337838 000001e1125c47d0   8x3+.....G\.....
0x00000047a7cfef30:   000001e112496e88 000001e1125c47d0   .nI......G\.....
0x00000047a7cfef40:   000001e112496e88 00007ff92b2da148   .nI.....H.-+....
0x00000047a7cfef50:   000001e1125c47d0 000001e1125c47d0   .G\......G\.....
0x00000047a7cfef60:   0000000000000037 000001e112496e88   7........nI.....
0x00000047a7cfef70:   000000071544c8d0 000001e10e249a00   ..D.......$.....
0x00000047a7cfef80:   0000000000000000 00000047a7cfefa0   ............G...
0x00000047a7cfef90:   0000000000000000 0000000000000000   ................
0x00000047a7cfefa0:   000066806926ce4c 000000071549bda8   L.&i.f....I.....
0x00000047a7cfefb0:   000001e112496ac0 00000047a7cff098   .jI.........G...
0x00000047a7cfefc0:   000001e10e2a6258 0000000000000000   Xb*.............
0x00000047a7cfefd0:   0000000000000120 0000000000000037    .......7.......
0x00000047a7cfefe0:   00000047a7cff070 000001e0bc4dce20   p...G... .M.....
0x00000047a7cfeff0:   00000047a7cff008 000001e10e2a6258   ....G...Xb*.....
0x00000047a7cff000:   000001e0bc4d8800 0000000000000000   ..M.............
0x00000047a7cff010:   000000071549bda8 0000000713b72c40   ..I.....@,......
0x00000047a7cff020:   0000000713b72c40 fffffffffffffff7   @,..............
0x00000047a7cff030:   0000000000000000 0000000000000005   ................
0x00000047a7cff040:   000001e10e2a8ce0 0000000000000000   ..*.............
0x00000047a7cff050:   000000071549d098 000001e10e2a6258   ..I.....Xb*.....
0x00000047a7cff060:   0000000000000000 00000047a7cff090   ............G...
0x00000047a7cff070:   00000047a7cff0e8 000001e0bc4d899a   ....G.....M.....
0x00000047a7cff080:   0000000000000000 000001e0bc4da43a   ........:.M.....
0x00000047a7cff090:   0000000000000000 0000000713b72c40   ........@,......
0x00000047a7cff0a0:   fffffffffffffff7 000001e10e2a6300   .........c*.....
0x00000047a7cff0b0:   0000000000000002 000001e10e2a8ce0   ..........*.....
0x00000047a7cff0c0:   0000000000000000 000000071549d098   ..........I.....
0x00000047a7cff0d0:   000001e10e2a6318 fffffffffffffff5   .c*.............
0x00000047a7cff0e0:   00000047a7cff0f8 00000047a7cff148   ....G...H...G...
0x00000047a7cff0f0:   000001e0bc4d899a 0000000713b72c40   ..M.....@,......
0x00000047a7cff100:   fffffffffffffff7 000001e10e249857   ........W.$.....
0x00000047a7cff110:   0000000000000003 000001e10e24afd8   ..........$.....

Instructions: (pc=0x00007ff92b2dad89)
  0x00007ff92b2dac89:   cc cc cc cc cc cc cc 48 89 5c 24 08 48 89 6c 24
  0x00007ff92b2dac99:   10 48 89 74 24 18 57 48 83 ec 20 41 8b f8 0f b6
  0x00007ff92b2daca9:   f2 48 8b e9 e8 1e d3 f4 ff 48 8b d8 48 89 44 24
  0x00007ff92b2dacb9:   48 41 b8 01 00 00 00 8b d7 48 8b c8 e8 86 d2 f4
  0x00007ff92b2dacc9:   ff 48 8b c8 44 0f b6 c6 48 8b d5 e8 97 fa ff ff
  0x00007ff92b2dacd9:   48 8b f8 48 8b cb e8 ac d4 f4 ff 90 48 8b c7 48
  0x00007ff92b2dace9:   8b 5c 24 30 48 8b 6c 24 38 48 8b 74 24 40 48 83
  0x00007ff92b2dacf9:   c4 20 5f c3 cc cc cc 48 8b 49 28 e9 07 07 00 00
  0x00007ff92b2dad09:   cc cc cc cc cc cc cc 48 89 5c 24 08 57 48 83 ec
  0x00007ff92b2dad19:   20 8b f9 e8 af d2 f4 ff 48 8b d8 48 89 44 24 38
  0x00007ff92b2dad29:   41 b8 01 00 00 00 8b d7 48 8b c8 e8 17 d2 f4 ff
  0x00007ff92b2dad39:   48 8b 08 8b 39 48 8b cb e8 4a d4 f4 ff 90 8b c7
  0x00007ff92b2dad49:   48 8b 5c 24 30 48 83 c4 20 5f c3 cc cc cc cc cc
  0x00007ff92b2dad59:   cc cc cc cc cc cc cc 48 89 5c 24 08 57 48 83 ec
  0x00007ff92b2dad69:   20 8b f9 e8 5f d2 f4 ff 48 8b d8 48 89 44 24 38
  0x00007ff92b2dad79:   41 b8 01 00 00 00 8b d7 48 8b c8 e8 c7 d1 f4 ff
=>0x00007ff92b2dad89:   48 8b 78 28 48 8b cb e8 fb d3 f4 ff 90 48 8b c7
  0x00007ff92b2dad99:   48 8b 5c 24 30 48 83 c4 20 5f c3 cc cc cc cc cc
  0x00007ff92b2dada9:   cc cc cc cc cc cc cc 48 89 5c 24 08 57 48 83 ec
  0x00007ff92b2dadb9:   20 8b f9 e8 0f d2 f4 ff 48 8b d8 48 89 44 24 38
  0x00007ff92b2dadc9:   41 b8 01 00 00 00 8b d7 48 8b c8 e8 77 d1 f4 ff
  0x00007ff92b2dadd9:   48 8b 78 30 48 8b cb e8 ab d3 f4 ff 90 48 8b c7
  0x00007ff92b2dade9:   48 8b 5c 24 30 48 83 c4 20 5f c3 cc cc cc cc cc
  0x00007ff92b2dadf9:   cc cc cc cc cc cc cc 48 89 5c 24 08 57 48 83 ec
  0x00007ff92b2dae09:   20 8b f9 e8 bf d1 f4 ff 48 8b d8 48 89 44 24 38
  0x00007ff92b2dae19:   41 b8 01 00 00 00 8b d7 48 8b c8 e8 27 d1 f4 ff
  0x00007ff92b2dae29:   48 8b 78 08 48 85 ff 74 07 48 8b bf 08 0c 00 00
  0x00007ff92b2dae39:   48 8b cb e8 4f d3 f4 ff 90 48 8b c7 48 8b 5c 24
  0x00007ff92b2dae49:   30 48 83 c4 20 5f c3 f3 0f 10 41 48 c3 cc cc cc
  0x00007ff92b2dae59:   cc cc cc cc cc cc cc f3 0f 10 41 4c c3 cc cc cc
  0x00007ff92b2dae69:   cc cc cc cc cc cc cc 48 89 5c 24 10 48 89 74 24
  0x00007ff92b2dae79:   18 55 57 41 56 48 8d 6c 24 e0 48 81 ec 20 01 00


Stack slot to memory mapping:

stack at sp + 0 slots: 0x00007ff92b337838 awt.dll
stack at sp + 1 slots: 0x000001e1125c47d0 points into unknown readable memory: 0x000001e1127ac120 | 20 c1 7a 12 e1 01 00 00
stack at sp + 2 slots: 0x000001e112496e88 points into unknown readable memory: 0x00007ff8deb2c9d0 | d0 c9 b2 de f8 7f 00 00
stack at sp + 3 slots: 0x000001e1125c47d0 points into unknown readable memory: 0x000001e1127ac120 | 20 c1 7a 12 e1 01 00 00
stack at sp + 4 slots: 0x000001e112496e88 points into unknown readable memory: 0x00007ff8deb2c9d0 | d0 c9 b2 de f8 7f 00 00
stack at sp + 5 slots: 0x00007ff92b2da148 awt.dll
stack at sp + 6 slots: 0x000001e1125c47d0 points into unknown readable memory: 0x000001e1127ac120 | 20 c1 7a 12 e1 01 00 00
stack at sp + 7 slots: 0x000001e1125c47d0 points into unknown readable memory: 0x000001e1127ac120 | 20 c1 7a 12 e1 01 00 00

Lock stack of current Java thread (top to bottom):

native method entry point (kind = native)  [0x000001e0bc4dca40, 0x000001e0bc4dd478]  2616 bytes
[MachCode]
  0x000001e0bc4dca40: 488b 4b08 | 0fb7 492e | 584c 8d74 | ccf8 6800 | 0000 0068 | 0000 0000 | 5055 488b | ec41 5568 
  0x000001e0bc4dca60: 0000 0000 | 4c8b 6b08 | 4d8d 6d38 | 5348 8b53 | 0848 8b52 | 0848 8b52 | 1848 8b52 | 7048 8b12 
  0x000001e0bc4dca80: 5248 8b53 | 1048 85d2 | 0f84 0700 | 0000 4881 | c208 0100 | 0052 488b | 5308 488b | 5208 488b 
  0x000001e0bc4dcaa0: 5210 5249 | 8bc6 482b | c548 c1e8 | 0350 6800 | 0000 0068 | f7ff ffff | 41c6 8771 | 0400 0001 
  0x000001e0bc4dcac0: 488b 4310 | 4885 c074 | 208b 88cc | 0000 0083 | c102 8988 | cc00 0000 | 2388 e000 | 0000 0f84 
  0x000001e0bc4dcae0: e408 0000 | e9cd 0000 | 0048 8b43 | 1848 85c0 | 0f85 b000 | 0000 e805 | 0000 00e9 | 9900 0000 
  0x000001e0bc4dcb00: 488b d348 | 8d44 2408 | 4c89 6dc0 | 498b cfc5 | f877 4989 | afb8 0300 | 0049 8987 | a803 0000 
  0x000001e0bc4dcb20: 4883 ec20 | 40f6 c40f | 0f84 1900 | 0000 4883 | ec08 48b8 | e016 25de | f87f 0000 | ffd0 4883 
  0x000001e0bc4dcb40: c408 e90c | 0000 0048 | b8e0 1625 | def8 7f00 | 00ff d048 | 83c4 2049 | c787 a803 | 0000 0000 
  0x000001e0bc4dcb60: 0000 49c7 | 87b8 0300 | 0000 0000 | 0049 c787 | b003 0000 | 0000 0000 | c5f8 7749 | 837f 0800 
  0x000001e0bc4dcb80: 0f84 0500 | 0000 e935 | 43ff ff4c | 8b6d c04c | 8b75 c84e | 8d74 f500 | c348 8b43 | 1848 85c0 
  0x000001e0bc4dcba0: 0f84 1000 | 0000 8b08 | 83c1 0289 | 0823 4814 | 0f84 1208 | 0000 493b | a7f0 0400 | 000f 8748 
  0x000001e0bc4dcbc0: 0000 0089 | 8424 00f0 | ffff 8984 | 2400 e0ff | ff89 8424 | 00d0 ffff | 8984 2400 | c0ff ff89 
  0x000001e0bc4dcbe0: 8424 00b0 | ffff 8984 | 2400 a0ff | ff89 8424 | 0090 ffff | 8984 2400 | 80ff ff49 | 3ba7 e804 
  0x000001e0bc4dcc00: 0000 7607 | 4989 a7f0 | 0400 0041 | c687 7104 | 0000 0048 | 8b5d e84c | 8b5b 0845 | 0fb7 5b2e 
  0x000001e0bc4dcc20: 41c1 e303 | 492b e348 | 83ec 2048 | 83e4 f04c | 8b5b 604d | 85db 0f85 | ab00 0000 | e805 0000 
  0x000001e0bc4dcc40: 00e9 9900 | 0000 488b | d348 8d44 | 2408 4c89 | 6dc0 498b | cfc5 f877 | 4989 afb8 | 0300 0049 
  0x000001e0bc4dcc60: 8987 a803 | 0000 4883 | ec20 40f6 | c40f 0f84 | 1900 0000 | 4883 ec08 | 48b8 0041 | 25de f87f 
  0x000001e0bc4dcc80: 0000 ffd0 | 4883 c408 | e90c 0000 | 0048 b800 | 4125 def8 | 7f00 00ff | d048 83c4 | 2049 c787 
  0x000001e0bc4dcca0: a803 0000 | 0000 0000 | 49c7 87b8 | 0300 0000 | 0000 0049 | c787 b003 | 0000 0000 | 0000 c5f8 
  0x000001e0bc4dccc0: 7749 837f | 0800 0f84 | 0500 0000 | e9ef 41ff | ff4c 8b6d | c04c 8b75 | c84e 8d74 | f500 c348 
  0x000001e0bc4dcce0: 8b5d e84c | 8b5b 6041 | ffd3 488b | 5de8 4889 | 4518 448b | 5b28 41f6 | c308 0f84 | 1b00 0000 
  0x000001e0bc4dcd00: 4c8b 5b08 | 4d8b 5b08 | 4d8b 5b18 | 4d8b 5b70 | 4d8b 1b4c | 895d 1048 | 8d55 1048 | 8b43 5849 
  0x000001e0bc4dcd20: ba70 8c5e | def8 7f00 | 0049 3bc2 | 0f85 ab00 | 0000 e805 | 0000 00e9 | 9900 0000 | 488b d348 
  0x000001e0bc4dcd40: 8d44 2408 | 4c89 6dc0 | 498b cfc5 | f877 4989 | afb8 0300 | 0049 8987 | a803 0000 | 4883 ec20 
  0x000001e0bc4dcd60: 40f6 c40f | 0f84 1900 | 0000 4883 | ec08 48b8 | 0041 25de | f87f 0000 | ffd0 4883 | c408 e90c 
  0x000001e0bc4dcd80: 0000 0048 | b800 4125 | def8 7f00 | 00ff d048 | 83c4 2049 | c787 a803 | 0000 0000 | 0000 49c7 
  0x000001e0bc4dcda0: 87b8 0300 | 0000 0000 | 0049 c787 | b003 0000 | 0000 0000 | c5f8 7749 | 837f 0800 | 0f84 0500 
  0x000001e0bc4dcdc0: 0000 e9f9 | 40ff ff4c | 8b6d c04c | 8b75 c84e | 8d74 f500 | c348 8b5d | e848 8b43 | 5849 8d8f 
  0x000001e0bc4dcde0: c803 0000 | 4c8d 15d5 | 0000 004d | 8997 b003 | 0000 c5f8 | 7749 89af | b803 0000 | 4989 a7a8 
  0x000001e0bc4dce00: 0300 0041 | c787 5404 | 0000 0400 | 0000 493b | a748 0500 | 0076 0749 | 89a7 4805 | 0000 ffd0 
  0x000001e0bc4dce20: 493b a748 | 0500 0072 | 0b49 c787 | 4805 0000 | 0000 0000 | c5f8 7748 | 83ec 10c5 | fb11 0424 
  0x000001e0bc4dce40: 4883 ec10 | 4889 0424 | 48c7 4424 | 0800 0000 | 0041 c787 | 5404 0000 | 0500 0000 | f083 4424 
  0x000001e0bc4dce60: c000 493b | 6f28 0f87 | 0e00 0000 | 4183 bf50 | 0400 0000 | 0f84 2000 | 0000 498b | cf4c 8be4 
  0x000001e0bc4dce80: 4883 ec20 | 4883 e4f0 | 48b8 f0a5 | 26de f87f | 0000 ffd0 | 498b e44d | 33e4 41c7 | 8754 0400 
  0x000001e0bc4dcea0: 0008 0000 | 004d 8b97 | 7005 0000 | 4983 fa00 | 7435 49c7 | 8770 0500 | 0000 0000 | 0041 ffe2 
  0x000001e0bc4dcec0: 49ba 00bb | 4dbc e001 | 0000 41ff | d248 83ec | 10c5 fb11 | 0424 4883 | ec10 4889 | 0424 48c7 
  0x000001e0bc4dcee0: 4424 0800 | 0000 0049 | c787 a803 | 0000 0000 | 0000 49c7 | 87b8 0300 | 0000 0000 | 0049 c787 
  0x000001e0bc4dcf00: b003 0000 | 0000 0000 | c5f8 774d | 8b9f 3804 | 0000 41c7 | 8300 0100 | 0000 0000 | 0049 bb3a 
  0x000001e0bc4dcf20: a44d bce0 | 0100 004c | 3b5d 180f | 8555 0100 | 0048 8b04 | 2448 83c4 | 1048 85c0 | 0f84 2f01 
  0x000001e0bc4dcf40: 0000 a803 | 0f85 0800 | 0000 488b | 00e9 1f01 | 0000 a801 | 0f85 0900 | 0000 488b | 40fe e90e 
  0x000001e0bc4dcf60: 0100 0048 | 8b40 ff41 | 807f 4800 | 0f84 ff00 | 0000 4883 | f800 0f84 | f500 0000 | 4d8b 5f38 
  0x000001e0bc4dcf80: 4d85 db0f | 8414 0000 | 0049 83eb | 084d 895f | 384d 035f | 4049 8903 | e9d4 0000 | 0048 83ec 
  0x000001e0bc4dcfa0: 7048 8904 | 2448 894c | 2408 4889 | 5424 104c | 8944 2418 | 4c89 4c24 | 204c 8954 | 2428 4c89 
  0x000001e0bc4dcfc0: 5c24 30c5 | fb11 4424 | 40c5 fb11 | 4c24 48c5 | fb11 5424 | 50c5 fb11 | 5c24 58c5 | fb11 6424 
  0x000001e0bc4dcfe0: 60c5 fb11 | 6c24 6849 | 8bd7 488b | c848 83ec | 2040 f6c4 | 0f0f 8419 | 0000 0048 | 83ec 0848 
  0x000001e0bc4dd000: b8e0 1819 | def8 7f00 | 00ff d048 | 83c4 08e9 | 0c00 0000 | 48b8 e018 | 19de f87f | 0000 ffd0 
  0x000001e0bc4dd020: 4883 c420 | c5fb 106c | 2468 c5fb | 1064 2460 | c5fb 105c | 2458 c5fb | 1054 2450 | c5fb 104c 
  0x000001e0bc4dd040: 2448 c5fb | 1044 2440 | 4c8b 5c24 | 304c 8b54 | 2428 4c8b | 4c24 204c | 8b44 2418 | 488b 5424 
  0x000001e0bc4dd060: 1048 8b4c | 2408 488b | 0424 4883 | c470 c5f8 | 7748 8945 | 1048 83ec | 1048 8904 | 2448 c744 
  0x000001e0bc4dd080: 2408 0000 | 0000 4183 | bfd0 0400 | 0002 0f85 | bf00 0000 | 4881 ec80 | 0000 0048 | 8944 2478 
  0x000001e0bc4dd0a0: 4889 4c24 | 7048 8954 | 2468 4889 | 5c24 6048 | 896c 2450 | 4889 7424 | 4848 897c | 2440 4c89 
  0x000001e0bc4dd0c0: 4424 384c | 894c 2430 | 4c89 5424 | 284c 895c | 2420 4c89 | 6424 184c | 896c 2410 | 4c89 7424 
  0x000001e0bc4dd0e0: 084c 893c | 244c 8be4 | 4883 ec20 | 4883 e4f0 | 48b8 6074 | 5ede f87f | 0000 ffd0 | 498b e44c 
  0x000001e0bc4dd100: 8b3c 244c | 8b74 2408 | 4c8b 6c24 | 104c 8b64 | 2418 4c8b | 5c24 204c | 8b54 2428 | 4c8b 4c24 
  0x000001e0bc4dd120: 304c 8b44 | 2438 488b | 7c24 4048 | 8b74 2448 | 488b 6c24 | 5048 8b5c | 2460 488b | 5424 6848 
  0x000001e0bc4dd140: 8b4c 2470 | 488b 4424 | 7848 81c4 | 8000 0000 | 4d33 e448 | 8b5d e84c | 8b6b 084d | 8d6d 3849 
  0x000001e0bc4dd160: 837f 0800 | 0f84 bb00 | 0000 e805 | 0000 00e9 | 9600 0000 | 488d 4424 | 084c 896d | c049 8bcf 
  0x000001e0bc4dd180: c5f8 7749 | 89af b803 | 0000 4989 | 87a8 0300 | 0048 83ec | 2040 f6c4 | 0f0f 8419 | 0000 0048 
  0x000001e0bc4dd1a0: 83ec 0848 | b8a0 5f25 | def8 7f00 | 00ff d048 | 83c4 08e9 | 0c00 0000 | 48b8 a05f | 25de f87f 
  0x000001e0bc4dd1c0: 0000 ffd0 | 4883 c420 | 49c7 87a8 | 0300 0000 | 0000 0049 | c787 b803 | 0000 0000 | 0000 49c7 
  0x000001e0bc4dd1e0: 87b0 0300 | 0000 0000 | 00c5 f877 | 4983 7f08 | 000f 8405 | 0000 00e9 | c43c ffff | 4c8b 6dc0 
  0x000001e0bc4dd200: 4c8b 75c8 | 4e8d 74f5 | 00c3 48b9 | e034 8ede | f87f 0000 | 4883 e4f0 | 48b8 1090 | 4bde f87f 
  0x000001e0bc4dd220: 0000 ffd0 | f444 8b5b | 2841 f6c3 | 200f 8472 | 0100 0048 | 8d55 a84c | 8b5a 084d | 85db 0f85 
  0x000001e0bc4dd240: bb00 0000 | e805 0000 | 00e9 9600 | 0000 488d | 4424 084c | 896d c049 | 8bcf c5f8 | 7749 89af 
  0x000001e0bc4dd260: b803 0000 | 4989 87a8 | 0300 0048 | 83ec 2040 | f6c4 0f0f | 8419 0000 | 0048 83ec | 0848 b8d0 
  0x000001e0bc4dd280: 5e25 def8 | 7f00 00ff | d048 83c4 | 08e9 0c00 | 0000 48b8 | d05e 25de | f87f 0000 | ffd0 4883 
  0x000001e0bc4dd2a0: c420 49c7 | 87a8 0300 | 0000 0000 | 0049 c787 | b803 0000 | 0000 0000 | 49c7 87b0 | 0300 0000 
  0x000001e0bc4dd2c0: 0000 00c5 | f877 4983 | 7f08 000f | 8405 0000 | 00e9 ea3b | ffff 4c8b | 6dc0 4c8b | 75c8 4e8d 
  0x000001e0bc4dd2e0: 74f5 00c3 | 48b9 e034 | 8ede f87f | 0000 4883 | e4f0 48b8 | 1090 4bde | f87f 0000 | ffd0 f44c 
  0x000001e0bc4dd300: 896d c04c | 8b4a 0848 | c742 0800 | 0000 0045 | 8b87 5806 | 0000 4f3b | 4c07 f80f | 8542 0000 
  0x000001e0bc4dd320: 0041 83af | 5806 0000 | 084f 3b4c | 07f0 0f84 | 2a00 0000 | 498b 01a8 | 020f 8512 | 0000 004c 
  0x000001e0bc4dd340: 8bc0 4983 | c801 f04d | 0fb1 010f | 840d 0000 | 0041 8387 | 5806 0000 | 08e9 0500 | 0000 e93e 
  0x000001e0bc4dd360: 0000 004c | 894a 0848 | 8bca 4883 | ec20 40f6 | c40f 0f84 | 1900 0000 | 4883 ec08 | 48b8 f030 
  0x000001e0bc4dd380: 25de f87f | 0000 ffd0 | 4883 c408 | e90c 0000 | 0048 b8f0 | 3025 def8 | 7f00 00ff | d048 83c4 
  0x000001e0bc4dd3a0: 204c 8b6d | c048 8b04 | 2448 83c4 | 10c5 fb10 | 0424 4883 | c410 4c8b | 5d18 41ff | d34c 8b5d 
  0x000001e0bc4dd3c0: f8c9 5f49 | 8be3 ffe7 | ba00 0000 | 00e8 0500 | 0000 e996 | 0000 0048 | 8d44 2408 | 4c89 6dc0 
  0x000001e0bc4dd3e0: 498b cfc5 | f877 4989 | afb8 0300 | 0049 8987 | a803 0000 | 4883 ec20 | 40f6 c40f | 0f84 1900 
  0x000001e0bc4dd400: 0000 4883 | ec08 48b8 | a025 25de | f87f 0000 | ffd0 4883 | c408 e90c | 0000 0048 | b8a0 2525 
  0x000001e0bc4dd420: def8 7f00 | 00ff d048 | 83c4 2049 | c787 a803 | 0000 0000 | 0000 49c7 | 87b8 0300 | 0000 0000 
  0x000001e0bc4dd440: 0049 c787 | b003 0000 | 0000 0000 | c5f8 7749 | 837f 0800 | 0f84 0500 | 0000 e961 | 3aff ff4c 
  0x000001e0bc4dd460: 8b6d c04c | 8b75 c84e | 8d74 f500 | c348 8b5d | e8e9 40f7 | ffff 6690 
[/MachCode]

Compiled method (c1) 10731244 1374   !   3       java.awt.event.InvocationEvent::dispatch (69 bytes)
 total in heap  [0x000001e0b527a408,0x000001e0b527ac00] = 2040
 relocation     [0x000001e0b527a4e0,0x000001e0b527a568] = 136
 main code      [0x000001e0b527a580,0x000001e0b527ab90] = 1552
 stub code      [0x000001e0b527ab90,0x000001e0b527abf8] = 104
 metadata       [0x000001e0b527abf8,0x000001e0b527ac00] = 8
 immutable data [0x000001e1125bcca0,0x000001e1125bce48] = 424
 dependencies   [0x000001e1125bcca0,0x000001e1125bcca8] = 8
 nul chk table  [0x000001e1125bcca8,0x000001e1125bccc0] = 24
 handler table  [0x000001e1125bccc0,0x000001e1125bcd50] = 144
 scopes pcs     [0x000001e1125bcd50,0x000001e1125bcdf0] = 160
 scopes data    [0x000001e1125bcdf0,0x000001e1125bce48] = 88

[Constant Pool (empty)]

[MachCode]
[Instructions begin]
  0x000001e0b527a580: 6666 660f | 1f84 0000 | 0000 0066 | 6666 9066 | 6690 448b | 5208 443b 

  0x000001e0b527a598: ;   {runtime_call Shared Runtime ic_miss_blob}
  0x000001e0b527a598: 5008 0f85 | c041 2a07 
[Verified Entry Point]
  0x000001e0b527a5a0: 8984 2400 | 80ff ff55 | 4883 ec30 | 4181 7f20 | 0100 0000 

  0x000001e0b527a5b4: ;   {runtime_call StubRoutines (final stubs)}
  0x000001e0b527a5b4: 7405 e845 | b328 0748 | 8954 2418 

  0x000001e0b527a5c0: ;   {metadata(method data for {method} {0x000001e10e69ec98} 'dispatch' '()V' in 'java/awt/event/InvocationEvent')}
  0x000001e0b527a5c0: 48be f07a | 830e e101 | 0000 8bbe | cc00 0000 | 83c7 0289 | becc 0000 | 0081 e7fe | 0700 0085 
  0x000001e0b527a5e0: ff0f 84c7 | 0400 000f | be72 1d85 

  0x000001e0b527a5ec: ;   {metadata(method data for {method} {0x000001e10e69ec98} 'dispatch' '()V' in 'java/awt/event/InvocationEvent')}
  0x000001e0b527a5ec: f648 bef0 | 7a83 0ee1 | 0100 00bf | 1001 0000 | 7405 bf20 | 0100 0048 | 8b1c 3e48 | 8d5b 0148 
  0x000001e0b527a60c: 891c 3e0f | 84d1 0000 | 008b 7228 | 48c1 e603 

  0x000001e0b527a61c: ; implicit exception: dispatches to 0x000001e0b527aacf
  0x000001e0b527a61c: 483b 0648 

  0x000001e0b527a620: ;   {metadata(method data for {method} {0x000001e10e69ec98} 'dispatch' '()V' in 'java/awt/event/InvocationEvent')}
  0x000001e0b527a620: 8bfe 48bb | f07a 830e | e101 0000 | 8b7f 0849 | ba00 0000 | cde0 0100 | 0049 03fa | 483b bb38 
  0x000001e0b527a640: 0100 0075 | 0d48 8383 | 4001 0000 | 01e9 6000 | 0000 483b | bb48 0100 | 0075 0d48 | 8383 5001 
  0x000001e0b527a660: 0000 01e9 | 4a00 0000 | 4883 bb38 | 0100 0000 | 7517 4889 | bb38 0100 | 0048 c783 | 4001 0000 
  0x000001e0b527a680: 0100 0000 | e929 0000 | 0048 83bb | 4801 0000 | 0075 1748 | 89bb 4801 | 0000 48c7 | 8350 0100 
  0x000001e0b527a6a0: 0001 0000 | 00e9 0800 | 0000 4883 | 8330 0100 | 0001 488b | d648 b830 | 495b 12e1 

  0x000001e0b527a6bc: ;   {virtual_call}
  0x000001e0b527a6bc: 0100 00e8 

  0x000001e0b527a6c0: ; ImmutableOopMap {[24]=Oop }
                      ;*invokeinterface run {reexecute=0 rethrow=0 return_oop=0}
                      ; - java.awt.event.InvocationEvent::dispatch@11 (line 308)
  0x000001e0b527a6c0: 9c46 2a07 

  0x000001e0b527a6c4: ;   {post_call_nop}
  0x000001e0b527a6c4: 0f1f 8400 | bc02 0000 

  0x000001e0b527a6cc: ;   {metadata(method data for {method} {0x000001e10e69ec98} 'dispatch' '()V' in 'java/awt/event/InvocationEvent')}
  0x000001e0b527a6cc: 48ba f07a | 830e e101 | 0000 ff82 | 6001 0000 | 488b 5424 | 18e9 1f03 | 0000 8b72 | 2848 c1e6 
  0x000001e0b527a6ec: 0348 3b06 

  0x000001e0b527a6f0: ;   {metadata(method data for {method} {0x000001e10e69ec98} 'dispatch' '()V' in 'java/awt/event/InvocationEvent')}
  0x000001e0b527a6f0: 488b fe48 | bbf0 7a83 | 0ee1 0100 | 008b 7f08 | 49ba 0000 | 00cd e001 | 0000 4903 | fa48 3bbb 
  0x000001e0b527a710: 1802 0000 | 750d 4883 | 8320 0200 | 0001 e960 | 0000 0048 | 3bbb 2802 | 0000 750d | 4883 8330 
  0x000001e0b527a730: 0200 0001 | e94a 0000 | 0048 83bb | 1802 0000 | 0075 1748 | 89bb 1802 | 0000 48c7 | 8320 0200 
  0x000001e0b527a750: 0001 0000 | 00e9 2900 | 0000 4883 | bb28 0200 | 0000 7517 | 4889 bb28 | 0200 0048 | c783 3002 
  0x000001e0b527a770: 0000 0100 | 0000 e908 | 0000 0048 | 8383 1002 | 0000 0148 | 8bd6 0f1f | 8000 0000 | 0048 b858 
  0x000001e0b527a790: 495b 12e1 

  0x000001e0b527a794: ;   {virtual_call}
  0x000001e0b527a794: 0100 00e8 

  0x000001e0b527a798: ; ImmutableOopMap {[24]=Oop }
                      ;*invokeinterface run {reexecute=0 rethrow=0 return_oop=0}
                      ; - java.awt.event.InvocationEvent::dispatch@47 (line 318)
  0x000001e0b527a798: 3400 3707 

  0x000001e0b527a79c: ;   {post_call_nop}
  0x000001e0b527a79c: 0f1f 8400 | 9403 0001 | 488b 5424 | 18e9 5702 | 0000 498b | 8708 0500 | 004d 33d2 | 4d89 9708 
  0x000001e0b527a7bc: 0500 004d | 33d2 4d89 | 9710 0500 | 0048 85c0 

  0x000001e0b527a7cc: ;   {metadata(method data for {method} {0x000001e10e69ec98} 'dispatch' '()V' in 'java/awt/event/InvocationEvent')}
  0x000001e0b527a7cc: 48be f07a | 830e e101 | 0000 750c | 808e 7101 | 0000 01e9 | af00 0000 | 8b78 0849 | ba00 0000 
  0x000001e0b527a7ec: cde0 0100 | 0049 03fa | 483b be80 | 0100 0075 | 0d48 8386 | 8801 0000 | 01e9 6000 | 0000 483b 
  0x000001e0b527a80c: be90 0100 | 0075 0d48 | 8386 9801 | 0000 01e9 | 4a00 0000 | 4883 be80 | 0100 0000 | 7517 4889 
  0x000001e0b527a82c: be80 0100 | 0048 c786 | 8801 0000 | 0100 0000 | e929 0000 | 0048 83be | 9001 0000 | 0075 1748 
  0x000001e0b527a84c: 89be 9001 | 0000 48c7 | 8698 0100 | 0001 0000 | 00e9 0800 | 0000 4883 | 8678 0100 

  0x000001e0b527a868: ;   {metadata('java/lang/Exception')}
  0x000001e0b527a868: 0001 48bf | e8f4 1bcd | e001 0000 | 8b70 0849 | ba00 0000 | cde0 0100 | 0049 03f2 | 483b 7e40 
  0x000001e0b527a888: 0f85 0500 | 0000 e905 | 0000 004d | 33c0 eb06 | 41b8 0100 | 0000 4585 

  0x000001e0b527a8a0: ;   {metadata(method data for {method} {0x000001e10e69ec98} 'dispatch' '()V' in 'java/awt/event/InvocationEvent')}
  0x000001e0b527a8a0: c049 b8f0 | 7a83 0ee1 | 0100 00ba | a801 0000 | 7405 bab8 | 0100 0049 | 8b34 1048 | 8d76 0149 
  0x000001e0b527a8c0: 8934 1048 | 8b54 2418 | 0f84 f900 | 0000 4885 

  0x000001e0b527a8d0: ;   {metadata(method data for {method} {0x000001e10e69ec98} 'dispatch' '()V' in 'java/awt/event/InvocationEvent')}
  0x000001e0b527a8d0: c048 bff0 | 7a83 0ee1 | 0100 0075 | 0c80 8fc1 | 0100 0001 | e9af 0000 | 008b 5808 | 49ba 0000 
  0x000001e0b527a8f0: 00cd e001 | 0000 4903 | da48 3b9f | d001 0000 | 750d 4883 | 87d8 0100 | 0001 e960 | 0000 0048 
  0x000001e0b527a910: 3b9f e001 | 0000 750d | 4883 87e8 | 0100 0001 | e94a 0000 | 0048 83bf | d001 0000 | 0075 1748 
  0x000001e0b527a930: 899f d001 | 0000 48c7 | 87d8 0100 | 0001 0000 | 00e9 2900 | 0000 4883 | bfe0 0100 | 0000 7517 
  0x000001e0b527a950: 4889 9fe0 | 0100 0048 | c787 e801 | 0000 0100 | 0000 e908 | 0000 0048 | 8387 c801 

  0x000001e0b527a96c: ;   {metadata('java/lang/Exception')}
  0x000001e0b527a96c: 0000 0148 | bbe8 f41b | cde0 0100 | 008b 7808 | 49ba 0000 | 00cd e001 | 0000 4903 | fa48 3b5f 
  0x000001e0b527a98c: 400f 8546 | 0100 00e9 | 0000 0000 | 4c8b c041 | 0fbe 7748 | 85f6 0f85 | 3a01 0000 | 4d8b d049 
  0x000001e0b527a9ac: c1ea 0344 | 8952 3448 | 8bf2 4933 | f048 c1ee | 1548 83fe | 000f 853a | 0100 0045 | 0fbe 4748 
  0x000001e0b527a9cc: 4585 c00f | 8544 0100 | 004c 8bd0 | 49c1 ea03 | 4489 5238 | 4c8b c24c | 33c0 49c1 | e815 4983 
  0x000001e0b527a9ec: f800 0f85 | 4501 0000 

  0x000001e0b527a9f4: ;   {metadata(method data for {method} {0x000001e10e69ec98} 'dispatch' '()V' in 'java/awt/event/InvocationEvent')}
  0x000001e0b527a9f4: 49b8 f07a | 830e e101 | 0000 41ff | 80f8 0100 | 004c 8bc2 

  0x000001e0b527aa08: ;   {metadata(method data for {method} {0x000001e10e69ec98} 'dispatch' '()V' in 'java/awt/event/InvocationEvent')}
  0x000001e0b527aa08: 48be f07a | 830e e101 | 0000 4883 | 8640 0200 | 0001 41b8 | 0100 0000 | 0f1f 8000 

  0x000001e0b527aa24: ;   {optimized virtual_call}
  0x000001e0b527aa24: 0000 00e8 

  0x000001e0b527aa28: ; ImmutableOopMap {}
                      ;*invokevirtual finishedDispatching {reexecute=0 rethrow=0 return_oop=0}
                      ; - java.awt.event.InvocationEvent::dispatch@54 (line 321)
  0x000001e0b527aa28: 3482 0f00 

  0x000001e0b527aa2c: ;   {post_call_nop}
  0x000001e0b527aa2c: 0f1f 8400 | 2406 0002 

  0x000001e0b527aa34: ;   {metadata(method data for {method} {0x000001e10e69ec98} 'dispatch' '()V' in 'java/awt/event/InvocationEvent')}
  0x000001e0b527aa34: 48b8 f07a | 830e e101 | 0000 ff80 | 7002 0000 | 4883 c430 

  0x000001e0b527aa48: ;   {poll_return}
  0x000001e0b527aa48: 5d49 3b67 | 280f 87fe | 0000 00c3 | 488b 5424 | 1849 8b87 | 0805 0000 | 4d33 d24d | 8997 0805 
  0x000001e0b527aa68: 0000 4d33 | d24d 8997 | 1005 0000 

  0x000001e0b527aa74: ;   {metadata(method data for {method} {0x000001e10e69ec98} 'dispatch' '()V' in 'java/awt/event/InvocationEvent')}
  0x000001e0b527aa74: 4c8b c248 | bef0 7a83 | 0ee1 0100 | 0048 8386 | 8802 0000 | 0141 b801 | 0000 0048 | 8944 2420 
  0x000001e0b527aa94: ;   {optimized virtual_call}
  0x000001e0b527aa94: 6666 90e8 

  0x000001e0b527aa98: ; ImmutableOopMap {[32]=Oop }
                      ;*invokevirtual finishedDispatching {reexecute=0 rethrow=0 return_oop=0}
                      ; - java.awt.event.InvocationEvent::dispatch@63 (line 321)
  0x000001e0b527aa98: c43f 2a07 

  0x000001e0b527aa9c: ;   {post_call_nop}
  0x000001e0b527aa9c: 0f1f 8400 | 9406 0003 | 488b 4424 | 20e9 d600 

  0x000001e0b527aaac: ;   {metadata({method} {0x000001e10e69ec98} 'dispatch' '()V' in 'java/awt/event/InvocationEvent')}
  0x000001e0b527aaac: 0000 49ba | 90ec 690e | e101 0000 | 4c89 5424 | 0848 c704 | 24ff ffff 

  0x000001e0b527aac4: ;   {runtime_call C1 Runtime counter_overflow_blob}
  0x000001e0b527aac4: ffe8 968b 

  0x000001e0b527aac8: ; ImmutableOopMap {rdx=Oop [24]=Oop }
                      ;*synchronization entry
                      ; - java.awt.event.InvocationEvent::dispatch@-1 (line 306)
  0x000001e0b527aac8: 3607 e918 

  0x000001e0b527aacc: ;   {runtime_call C1 Runtime throw_null_pointer_exception_blob}
  0x000001e0b527aacc: fbff ffe8 

  0x000001e0b527aad0: ; ImmutableOopMap {rdx=Oop rsi=Oop [24]=Oop }
                      ;*invokeinterface run {reexecute=0 rethrow=0 return_oop=0}
                      ; - java.awt.event.InvocationEvent::dispatch@11 (line 308)
  0x000001e0b527aad0: 8c3a 3607 

  0x000001e0b527aad4: ;   {runtime_call C1 Runtime throw_null_pointer_exception_blob}
  0x000001e0b527aad4: e887 3a36 

  0x000001e0b527aad8: ; ImmutableOopMap {rdx=Oop rsi=Oop [24]=Oop }
                      ;*invokeinterface run {reexecute=0 rethrow=0 return_oop=0}
                      ; - java.awt.event.InvocationEvent::dispatch@47 (line 318)
  0x000001e0b527aad8: 0748 8904 

  0x000001e0b527aadc: ;   {runtime_call C1 Runtime throw_class_cast_exception_blob}
  0x000001e0b527aadc: 24e8 7e5e 

  0x000001e0b527aae0: ; ImmutableOopMap {rax=Oop rdx=Oop [24]=Oop }
                      ;*checkcast {reexecute=0 rethrow=0 return_oop=0}
                      ; - java.awt.event.InvocationEvent::dispatch@29 (line 312)
  0x000001e0b527aae0: 3607 8b72 | 3448 c1e6 | 0348 83fe | 000f 84b5 | feff ff48 

  0x000001e0b527aaf4: ;   {runtime_call g1_pre_barrier_slow}
  0x000001e0b527aaf4: 8934 24e8 | 6491 3607 | e9a7 feff | ff49 83f8 | 000f 84bc | feff ff48 

  0x000001e0b527ab0c: ;   {runtime_call g1_post_barrier_slow}
  0x000001e0b527ab0c: 8914 24e8 | 4c94 3607 | e9ae feff | ff44 8b42 | 3849 c1e0 | 0349 83f8 | 000f 84aa | feff ff4c 
  0x000001e0b527ab2c: ;   {runtime_call g1_pre_barrier_slow}
  0x000001e0b527ab2c: 8904 24e8 | 2c91 3607 | e99c feff | ff48 83f8 | 000f 84b1 | feff ff48 

  0x000001e0b527ab44: ;   {runtime_call g1_post_barrier_slow}
  0x000001e0b527ab44: 8914 24e8 | 1494 3607 | e9a3 feff 

  0x000001e0b527ab50: ;   {internal_word}
  0x000001e0b527ab50: ff49 ba49 | aa27 b5e0 | 0100 004d | 8997 6004 

  0x000001e0b527ab60: ;   {runtime_call SafepointBlob}
  0x000001e0b527ab60: 0000 e979 | b12a 0749 | 8b87 0805 | 0000 49c7 | 8708 0500 | 0000 0000 | 0049 c787 | 1005 0000 
  0x000001e0b527ab80: 0000 0000 | 4883 c430 

  0x000001e0b527ab88: ;   {runtime_call C1 Runtime unwind_exception_blob}
  0x000001e0b527ab88: 5de9 5210 | 3507 f4f4 
[Stub Code]
  0x000001e0b527ab90: ;   {no_reloc}
  0x000001e0b527ab90: 0f1f 4400 

  0x000001e0b527ab94: ;   {static_stub}
  0x000001e0b527ab94: 0048 bb00 | 0000 0000 

  0x000001e0b527ab9c: ;   {runtime_call nmethod}
  0x000001e0b527ab9c: 0000 00e9 | fbff ffff 

  0x000001e0b527aba4: ;   {static_stub}
  0x000001e0b527aba4: 9048 bb00 | 0000 0000 

  0x000001e0b527abac: ;   {runtime_call nmethod}
  0x000001e0b527abac: 0000 00e9 | fbff ffff 

  0x000001e0b527abb4: ;   {static_stub}
  0x000001e0b527abb4: 48bb 90f0 | 690e e101 

  0x000001e0b527abbc: ;   {runtime_call I2C/C2I adapters}
  0x000001e0b527abbc: 0000 e9f3 

  0x000001e0b527abc0: ;   {runtime_call C1 Runtime handle_exception_from_callee_blob}
  0x000001e0b527abc0: 9b2a 07e8 | 9857 3607 

  0x000001e0b527abc8: ;   {external_word}
  0x000001e0b527abc8: 48b9 e034 | 8ede f87f | 0000 4883 

  0x000001e0b527abd4: ;   {runtime_call}
  0x000001e0b527abd4: e4f0 48b8 | 1090 4bde | f87f 0000 

  0x000001e0b527abe0: ;   {section_word}
  0x000001e0b527abe0: ffd0 f449 | bae3 ab27 | b5e0 0100 

  0x000001e0b527abec: ;   {runtime_call DeoptimizationBlob}
  0x000001e0b527abec: 0041 52e9 | 8ca6 2a07 | f4f4 f4f4 
[/MachCode]


Compiled method (c1) 10731263 1875       3       java.awt.EventQueue::dispatchEventImpl (139 bytes)
 total in heap  [0x000001e0b534a388,0x000001e0b534c8c0] = 9528
 relocation     [0x000001e0b534a460,0x000001e0b534a708] = 680
 main code      [0x000001e0b534a720,0x000001e0b534c6d8] = 8120
 stub code      [0x000001e0b534c6d8,0x000001e0b534c7e8] = 272
 oops           [0x000001e0b534c7e8,0x000001e0b534c7f8] = 16
 metadata       [0x000001e0b534c7f8,0x000001e0b534c8c0] = 200
 immutable data [0x000001e1124c28b0,0x000001e1124c3038] = 1928
 dependencies   [0x000001e1124c28b0,0x000001e1124c28e8] = 56
 nul chk table  [0x000001e1124c28e8,0x000001e1124c2968] = 128
 handler table  [0x000001e1124c2968,0x000001e1124c2a28] = 192
 scopes pcs     [0x000001e1124c2a28,0x000001e1124c2e08] = 992
 scopes data    [0x000001e1124c2e08,0x000001e1124c3038] = 560

[Constant Pool (empty)]

[MachCode]
[Instructions begin]
  0x000001e0b534a720: 6666 660f | 1f84 0000 | 0000 0066 | 6666 9066 | 6690 448b | 5208 443b 

  0x000001e0b534a738: ;   {runtime_call Shared Runtime ic_miss_blob}
  0x000001e0b534a738: 5008 0f85 | 2040 1d07 
[Verified Entry Point]
  0x000001e0b534a740: 8984 2400 | 80ff ff55 | 4881 ecd0 | 0000 0090 | 4181 7f20 | 0100 0000 

  0x000001e0b534a758: ;   {runtime_call StubRoutines (final stubs)}
  0x000001e0b534a758: 7405 e8a1 | b11b 074c | 8984 24a8 

  0x000001e0b534a764: ;   {metadata(method data for {method} {0x000001e10e18c100} 'dispatchEventImpl' '(Ljava/awt/AWTEvent;Ljava/lang/Object;)V' in 'java/awt/EventQueue')}
  0x000001e0b534a764: 0000 0048 | be38 4291 | 0ee1 0100 | 008b becc | 0000 0083 | c702 89be | cc00 0000 | 81e7 fe07 
  0x000001e0b534a784: 0000 85ff | 0f84 121b | 0000 41c6 | 4016 014d 

  0x000001e0b534a794: ;   {metadata(method data for {method} {0x000001e10e18c100} 'dispatchEventImpl' '(Ljava/awt/AWTEvent;Ljava/lang/Object;)V' in 'java/awt/EventQueue')}
  0x000001e0b534a794: 85c0 48bb | 3842 910e | e101 0000 | 750c 808b | 0901 0000 | 01e9 cb00 | 0000 418b | 4008 49ba 
  0x000001e0b534a7b4: 0000 00cd | e001 0000 | 4903 c248 | 3b83 1801 | 0000 750d | 4883 8320 | 0100 0001 | e960 0000 
  0x000001e0b534a7d4: 0048 3b83 | 2801 0000 | 750d 4883 | 8330 0100 | 0001 e94a | 0000 0048 | 83bb 1801 | 0000 0075 
  0x000001e0b534a7f4: 1748 8983 | 1801 0000 | 48c7 8320 | 0100 0001 | 0000 00e9 | 2900 0000 | 4883 bb28 | 0100 0000 
  0x000001e0b534a814: 7517 4889 | 8328 0100 | 0048 c783 | 3001 0000 | 0100 0000 | e908 0000 | 0048 8383 | 1001 0000 
  0x000001e0b534a834: ;   {metadata('java/awt/ActiveEvent')}
  0x000001e0b534a834: 0148 b898 | e469 0ee1 | 0100 0041 | 8b58 0849 | ba00 0000 | cde0 0100 | 0049 03da | 483b 4320 
  0x000001e0b534a854: 0f84 2400 | 0000 483b | d80f 841b | 0000 0053 

  0x000001e0b534a864: ;   {runtime_call C1 Runtime slow_subtype_check_blob}
  0x000001e0b534a864: 50e8 d666 | 2907 5b5b | 85db 0f84 | 0500 0000 | e905 0000 | 0048 33f6 | eb05 be01 | 0000 0085 
  0x000001e0b534a884: ;   {metadata(method data for {method} {0x000001e10e18c100} 'dispatchEventImpl' '(Ljava/awt/AWTEvent;Ljava/lang/Object;)V' in 'java/awt/EventQueue')}
  0x000001e0b534a884: f648 be38 | 4291 0ee1 | 0100 00bf | 5001 0000 | 7505 bf40 | 0100 0048 | 8b1c 3e48 | 8d5b 0148 
  0x000001e0b534a8a4: 891c 3e0f | 85ab 1500 | 004d 85c9 

  0x000001e0b534a8b0: ;   {metadata(method data for {method} {0x000001e10e18c100} 'dispatchEventImpl' '(Ljava/awt/AWTEvent;Ljava/lang/Object;)V' in 'java/awt/EventQueue')}
  0x000001e0b534a8b0: 48bb 3842 | 910e e101 | 0000 750c | 808b 0102 | 0000 01e9 | b100 0000 | 418b 4108 | 49ba 0000 
  0x000001e0b534a8d0: 00cd e001 | 0000 4903 | c248 3b83 | 1002 0000 | 750d 4883 | 8318 0200 | 0001 e960 | 0000 0048 
  0x000001e0b534a8f0: 3b83 2002 | 0000 750d | 4883 8328 | 0200 0001 | e94a 0000 | 0048 83bb | 1002 0000 | 0075 1748 
  0x000001e0b534a910: 8983 1002 | 0000 48c7 | 8318 0200 | 0001 0000 | 00e9 2900 | 0000 4883 | bb20 0200 | 0000 7517 
  0x000001e0b534a930: 4889 8320 | 0200 0048 | c783 2802 | 0000 0100 | 0000 e908 | 0000 0048 | 8383 0802 

  0x000001e0b534a94c: ;   {metadata('java/awt/Component')}
  0x000001e0b534a94c: 0000 0148 | b8c8 5709 | 0ee1 0100 | 0041 8b59 | 0849 ba00 | 0000 cde0 | 0100 0049 | 03da 483b 
  0x000001e0b534a96c: 4338 0f85 | 0500 0000 | e905 0000 | 0048 33f6 | eb05 be01 | 0000 0085 

  0x000001e0b534a984: ;   {metadata(method data for {method} {0x000001e10e18c100} 'dispatchEventImpl' '(Ljava/awt/AWTEvent;Ljava/lang/Object;)V' in 'java/awt/EventQueue')}
  0x000001e0b534a984: f648 be38 | 4291 0ee1 | 0100 00bf | 3802 0000 | 7405 bf48 | 0200 0048 | 8b1c 3e48 | 8d5b 0148 
  0x000001e0b534a9a4: 891c 3e0f | 84e4 0600 | 004d 85c9 

  0x000001e0b534a9b0: ;   {metadata(method data for {method} {0x000001e10e18c100} 'dispatchEventImpl' '(Ljava/awt/AWTEvent;Ljava/lang/Object;)V' in 'java/awt/EventQueue')}
  0x000001e0b534a9b0: 48bf 3842 | 910e e101 | 0000 750c | 808f 5102 | 0000 01e9 | b100 0000 | 418b 5908 | 49ba 0000 
  0x000001e0b534a9d0: 00cd e001 | 0000 4903 | da48 3b9f | 6002 0000 | 750d 4883 | 8768 0200 | 0001 e960 | 0000 0048 
  0x000001e0b534a9f0: 3b9f 7002 | 0000 750d | 4883 8778 | 0200 0001 | e94a 0000 | 0048 83bf | 6002 0000 | 0075 1748 
  0x000001e0b534aa10: 899f 6002 | 0000 48c7 | 8768 0200 | 0001 0000 | 00e9 2900 | 0000 4883 | bf70 0200 | 0000 7517 
  0x000001e0b534aa30: 4889 9f70 | 0200 0048 | c787 7802 | 0000 0100 | 0000 e908 | 0000 0048 | 8387 5802 

  0x000001e0b534aa4c: ;   {metadata('java/awt/Component')}
  0x000001e0b534aa4c: 0000 0148 | bbc8 5709 | 0ee1 0100 | 0041 8b79 | 0849 ba00 | 0000 cde0 | 0100 0049 | 03fa 483b 
  0x000001e0b534aa6c: 5f38 0f85 | 5218 0000 | e900 0000 | 0049 8bd1 

  0x000001e0b534aa7c: ; implicit exception: dispatches to 0x000001e0b534c2cf
  0x000001e0b534aa7c: 483b 0248 

  0x000001e0b534aa80: ;   {metadata(method data for {method} {0x000001e10e18c100} 'dispatchEventImpl' '(Ljava/awt/AWTEvent;Ljava/lang/Object;)V' in 'java/awt/EventQueue')}
  0x000001e0b534aa80: 8bf2 48bf | 3842 910e | e101 0000 | 8b76 0849 | ba00 0000 | cde0 0100 | 0049 03f2 | 483b b790 
  0x000001e0b534aaa0: 0200 0075 | 0d48 8387 | 9802 0000 | 01e9 6000 | 0000 483b | b7a0 0200 | 0075 0d48 | 8387 a802 
  0x000001e0b534aac0: 0000 01e9 | 4a00 0000 | 4883 bf90 | 0200 0000 | 7517 4889 | b790 0200 | 0048 c787 | 9802 0000 
  0x000001e0b534aae0: 0100 0000 | e929 0000 | 0048 83bf | a002 0000 | 0075 1748 | 89b7 a002 | 0000 48c7 | 87a8 0200 
  0x000001e0b534ab00: 0001 0000 | 00e9 0800 | 0000 4883 | 8788 0200 

  0x000001e0b534ab10: ;   {metadata(method data for {method} {0x000001e10e088c58} 'dispatchEvent' '(Ljava/awt/AWTEvent;)V' in 'java/awt/Component')}
  0x000001e0b534ab10: 0001 48be | 8049 910e | e101 0000 | 8bbe cc00 | 0000 83c7 | 0289 becc | 0000 0081 | e7fe ff1f 
  0x000001e0b534ab30: 0085 ff0f | 849b 1700 | 0048 8bf2 

  0x000001e0b534ab3c: ;   {metadata(method data for {method} {0x000001e10e088c58} 'dispatchEvent' '(Ljava/awt/AWTEvent;)V' in 'java/awt/Component')}
  0x000001e0b534ab3c: 48bf 8049 | 910e e101 | 0000 8b76 | 0849 ba00 | 0000 cde0 | 0100 0049 | 03f2 483b | b718 0100 
  0x000001e0b534ab5c: 0075 0d48 | 8387 2001 | 0000 01e9 | 6000 0000 | 483b b728 | 0100 0075 | 0d48 8387 | 3001 0000 
  0x000001e0b534ab7c: 01e9 4a00 | 0000 4883 | bf18 0100 | 0000 7517 | 4889 b718 | 0100 0048 | c787 2001 | 0000 0100 
  0x000001e0b534ab9c: 0000 e929 | 0000 0048 | 83bf 2801 | 0000 0075 | 1748 89b7 | 2801 0000 | 48c7 8730 | 0100 0001 
  0x000001e0b534abbc: 0000 00e9 | 0800 0000 | 4883 8710 | 0100 0001 | 498b f04c | 8bc6 6666 | 9048 b830 | ba06 13e1 
  0x000001e0b534abdc: ;   {virtual_call}
  0x000001e0b534abdc: 0100 00e8 

  0x000001e0b534abe0: ; ImmutableOopMap {[168]=Oop }
                      ;*invokevirtual dispatchEventImpl {reexecute=0 rethrow=0 return_oop=0}
                      ; - java.awt.Component::dispatchEvent@2 (line 4790)
                      ; - java.awt.EventQueue::dispatchEventImpl@41 (line 725)
  0x000001e0b534abe0: 6c60 4907 

  0x000001e0b534abe4: ;   {post_call_nop}
  0x000001e0b534abe4: 0f1f 8400 | 5c08 0000 | 4c8b 8424 | a800 0000 

  0x000001e0b534abf4: ;   {metadata(method data for {method} {0x000001e10e18c100} 'dispatchEventImpl' '(Ljava/awt/AWTEvent;Ljava/lang/Object;)V' in 'java/awt/EventQueue')}
  0x000001e0b534abf4: 48be 3842 | 910e e101 | 0000 458b | 4008 49ba | 0000 00cd | e001 0000 | 4d03 c24c | 3b86 c002 
  0x000001e0b534ac14: 0000 750d | 4883 86c8 | 0200 0001 | e960 0000 | 004c 3b86 | d002 0000 | 750d 4883 | 86d8 0200 
  0x000001e0b534ac34: 0001 e94a | 0000 0048 | 83be c002 | 0000 0075 | 174c 8986 | c002 0000 | 48c7 86c8 | 0200 0001 
  0x000001e0b534ac54: 0000 00e9 | 2900 0000 | 4883 bed0 | 0200 0000 | 7517 4c89 | 86d0 0200 | 0048 c786 | d802 0000 
  0x000001e0b534ac74: 0100 0000 | e908 0000 | 0048 8386 | b802 0000 

  0x000001e0b534ac84: ;   {metadata(method data for {method} {0x000001e10e0dbab0} 'dispatched' '()V' in 'java/awt/AWTEvent')}
  0x000001e0b534ac84: 0148 be08 | 4b91 0ee1 | 0100 008b | becc 0000 | 0083 c702 | 89be cc00 | 0000 81e7 | feff 1f00 
  0x000001e0b534aca4: 85ff 0f84 | 4916 0000 | 4c8b 8424 | a800 0000 

  0x000001e0b534acb4: ;   {metadata(method data for {method} {0x000001e10e0dbab0} 'dispatched' '()V' in 'java/awt/AWTEvent')}
  0x000001e0b534acb4: 4d85 c048 | bb08 4b91 | 0ee1 0100 | 0075 0c80 | 8b09 0100 | 0001 e9b1 | 0000 0041 | 8b40 0849 
  0x000001e0b534acd4: ba00 0000 | cde0 0100 | 0049 03c2 | 483b 8318 | 0100 0075 | 0d48 8383 | 2001 0000 | 01e9 6000 
  0x000001e0b534acf4: 0000 483b | 8328 0100 | 0075 0d48 | 8383 3001 | 0000 01e9 | 4a00 0000 | 4883 bb18 | 0100 0000 
  0x000001e0b534ad14: 7517 4889 | 8318 0100 | 0048 c783 | 2001 0000 | 0100 0000 | e929 0000 | 0048 83bb | 2801 0000 
  0x000001e0b534ad34: 0075 1748 | 8983 2801 | 0000 48c7 | 8330 0100 | 0001 0000 | 00e9 0800 | 0000 4883 | 8310 0100 
  0x000001e0b534ad54: ;   {metadata('java/awt/event/InputEvent')}
  0x000001e0b534ad54: 0001 48b8 | 5012 110e | e101 0000 | 418b 5808 | 49ba 0000 | 00cd e001 | 0000 4903 | da48 3b43 
  0x000001e0b534ad74: 500f 8505 | 0000 00e9 | 0500 0000 | 4833 f6eb | 05be 0100 | 0000 85f6 

  0x000001e0b534ad8c: ;   {metadata(method data for {method} {0x000001e10e0dbab0} 'dispatched' '()V' in 'java/awt/AWTEvent')}
  0x000001e0b534ad8c: 48be 084b | 910e e101 | 0000 bf40 | 0100 0074 | 05bf 5001 | 0000 488b | 1c3e 488d | 5b01 4889 
  0x000001e0b534adac: 1c3e 0f84 | c914 0000 

  0x000001e0b534adb4: ;   {metadata(method data for {method} {0x000001e10e0dbab0} 'dispatched' '()V' in 'java/awt/AWTEvent')}
  0x000001e0b534adb4: 48be 084b | 910e e101 | 0000 4883 | 8660 0100 

  0x000001e0b534adc4: ;   {metadata(method data for {method} {0x000001e10e0f5a90} 'getInputEventAccessor' '()Lsun/awt/AWTAccessor$InputEventAccessor;' in 'sun/awt/AWTAccessor')}
  0x000001e0b534adc4: 0001 48be | 184d 910e | e101 0000 | 8bbe cc00 | 0000 83c7 | 0289 becc | 0000 0081 | e7fe ff1f 
  0x000001e0b534ade4: 0085 ff0f | 8429 1500 

  0x000001e0b534adec: ;   {oop(a 'java/lang/Class'{0x00000007157a3910} = 'sun/awt/AWTAccessor')}
  0x000001e0b534adec: 0048 be10 | 397a 1507 | 0000 008b | b684 0000 | 0048 c1e6 | 0348 85f6 

  0x000001e0b534ae04: ;   {metadata(method data for {method} {0x000001e10e0f5a90} 'getInputEventAccessor' '()Lsun/awt/AWTAccessor$InputEventAccessor;' in 'sun/awt/AWTAccessor')}
  0x000001e0b534ae04: 48bf 184d | 910e e101 | 0000 bb10 | 0100 0075 | 05bb 2001 | 0000 488b | 041f 488d | 4001 4889 
  0x000001e0b534ae24: 041f 0f85 | f412 0000 

  0x000001e0b534ae2c: ;   {metadata(method data for {method} {0x000001e10e0f5a90} 'getInputEventAccessor' '()Lsun/awt/AWTAccessor$InputEventAccessor;' in 'sun/awt/AWTAccessor')}
  0x000001e0b534ae2c: 48be 184d | 910e e101 | 0000 4883 | 8630 0100 

  0x000001e0b534ae3c: ;   {metadata(method data for {method} {0x000001e10e0f8250} 'ensureClassInitialized' '(Ljava/lang/Class;)V' in 'sun/awt/AWTAccessor')}
  0x000001e0b534ae3c: 0001 48be | 509a 6b0e | e101 0000 | 8bbe cc00 | 0000 83c7 | 0289 becc | 0000 0081 | e7fe ff1f 
  0x000001e0b534ae5c: 0085 ff0f | 84d2 1400 

  0x000001e0b534ae64: ;   {metadata(method data for {method} {0x000001e10e0f8250} 'ensureClassInitialized' '(Ljava/lang/Class;)V' in 'sun/awt/AWTAccessor')}
  0x000001e0b534ae64: 0048 be50 | 9a6b 0ee1 | 0100 0048 | 8386 1001 

  0x000001e0b534ae74: ;   {metadata(method data for {method} {0x000001e0cd44ab28} 'lookup' '()Ljava/lang/invoke/MethodHandles$Lookup;' in 'java/lang/invoke/MethodHandles')}
  0x000001e0b534ae74: 0000 0148 | be00 9c6b | 0ee1 0100 | 008b becc | 0000 0083 | c702 89be | cc00 0000 | 81e7 feff 
  0x000001e0b534ae94: 1f00 85ff | 0f84 ba14 

  0x000001e0b534ae9c: ;   {metadata(method data for {method} {0x000001e0cd44ab28} 'lookup' '()Ljava/lang/invoke/MethodHandles$Lookup;' in 'java/lang/invoke/MethodHandles')}
  0x000001e0b534ae9c: 0000 48be | 009c 6b0e | e101 0000 | 4883 8610 | 0100 0001 | 0f1f 8000 

  0x000001e0b534aeb4: ;   {static_call}
  0x000001e0b534aeb4: 0000 00e8 

  0x000001e0b534aeb8: ; ImmutableOopMap {[168]=Oop }
                      ;*invokestatic getCallerClass {reexecute=0 rethrow=0 return_oop=0}
                      ; - java.lang.invoke.MethodHandles::lookup@0 (line 126)
                      ; - sun.awt.AWTAccessor::ensureClassInitialized@0 (line 1464)
                      ; - sun.awt.AWTAccessor::getInputEventAccessor@10 (line 963)
                      ; - java.awt.AWTEvent::dispatched@7 (line 571)
                      ; - java.awt.EventQueue::dispatchEventImpl@45 (line 726)
  0x000001e0b534aeb8: a441 1d07 

  0x000001e0b534aebc: ;   {post_call_nop}
  0x000001e0b534aebc: 0f1f 8400 | 340b 0001 | 4c8b c04d 

  0x000001e0b534aec8: ;   {metadata(method data for {method} {0x000001e0cd44ab28} 'lookup' '()Ljava/lang/invoke/MethodHandles$Lookup;' in 'java/lang/invoke/MethodHandles')}
  0x000001e0b534aec8: 85c0 48ba | 009c 6b0e | e101 0000 | be30 0100 | 0074 05be | 2001 0000 | 488b 3c32 | 488d 7f01 
  0x000001e0b534aee8: 4889 3c32 | 0f84 5511 

  0x000001e0b534aef0: ;   {metadata('java/lang/invoke/MethodHandles$Lookup')}
  0x000001e0b534aef0: 0000 48ba | b8a5 1ecd | e001 0000 | 498b 87c8 | 0100 0048 | 8d78 2049 | 3bbf d801 | 0000 0f87 
  0x000001e0b534af10: 6514 0000 | 4989 bfc8 | 0100 0048 | c700 0100 | 0000 488b | ca49 ba00 | 0000 cde0 | 0100 0049 
  0x000001e0b534af30: 2bca 8948 | 0848 33c9 | 8948 0c48 | 33c9 4889 | 4810 4889 | 4818 4c8b 

  0x000001e0b534af48: ;   {metadata(method data for {method} {0x000001e0cd44ab28} 'lookup' '()Ljava/lang/invoke/MethodHandles$Lookup;' in 'java/lang/invoke/MethodHandles')}
  0x000001e0b534af48: c848 bf00 | 9c6b 0ee1 | 0100 0048 | 8387 5001 

  0x000001e0b534af58: ;   {metadata(method data for {method} {0x000001e0cd44edd8} '<init>' '(Ljava/lang/Class;)V' in 'java/lang/invoke/MethodHandles$Lookup')}
  0x000001e0b534af58: 0000 0149 | b950 9f6b | 0ee1 0100 | 0041 8bb9 | cc00 0000 | 83c7 0241 | 89b9 cc00 | 0000 81e7 
  0x000001e0b534af78: feff 1f00 | 85ff 0f84 | 0214 0000 

  0x000001e0b534af84: ;   {metadata(method data for {method} {0x000001e0cd44edd8} '<init>' '(Ljava/lang/Class;)V' in 'java/lang/invoke/MethodHandles$Lookup')}
  0x000001e0b534af84: 4c8b c848 | bf50 9f6b | 0ee1 0100 | 0048 8387 | 1001 0000 

  0x000001e0b534af98: ;   {oop(nullptr)}
  0x000001e0b534af98: 0149 b900 | 0000 0000 | 0000 00bf | 5f00 0000 | 488b d048 | 8984 24b0 | 0000 000f 

  0x000001e0b534afb4: ;   {optimized virtual_call}
  0x000001e0b534afb4: 1f40 00e8 

  0x000001e0b534afb8: ; ImmutableOopMap {[168]=Oop [176]=Oop }
                      ;*invokespecial <init> {reexecute=0 rethrow=0 return_oop=0}
                      ; - java.lang.invoke.MethodHandles$Lookup::<init>@5 (line 1534)
                      ; - java.lang.invoke.MethodHandles::lookup@23 (line 130)
                      ; - sun.awt.AWTAccessor::ensureClassInitialized@0 (line 1464)
                      ; - sun.awt.AWTAccessor::getInputEventAccessor@10 (line 963)
                      ; - java.awt.AWTEvent::dispatched@7 (line 571)
                      ; - java.awt.EventQueue::dispatchEventImpl@45 (line 726)
  0x000001e0b534afb8: a43a 1d07 

  0x000001e0b534afbc: ;   {post_call_nop}
  0x000001e0b534afbc: 0f1f 8400 | 340c 0002 | 488b 8424 | b000 0000 

  0x000001e0b534afcc: ;   {metadata(method data for {method} {0x000001e10e0f8250} 'ensureClassInitialized' '(Ljava/lang/Class;)V' in 'sun/awt/AWTAccessor')}
  0x000001e0b534afcc: 4c8b c048 | ba50 9a6b | 0ee1 0100 | 0045 8b40 | 0849 ba00 | 0000 cde0 | 0100 004d | 03c2 4c3b 
  0x000001e0b534afec: 8228 0100 | 0075 0d48 | 8382 3001 | 0000 01e9 | 6000 0000 | 4c3b 8238 | 0100 0075 | 0d48 8382 
  0x000001e0b534b00c: 4001 0000 | 01e9 4a00 | 0000 4883 | ba28 0100 | 0000 7517 | 4c89 8228 | 0100 0048 | c782 3001 
  0x000001e0b534b02c: 0000 0100 | 0000 e929 | 0000 0048 | 83ba 3801 | 0000 0075 | 174c 8982 | 3801 0000 | 48c7 8240 
  0x000001e0b534b04c: 0100 0001 | 0000 00e9 | 0800 0000 | 4883 8220 | 0100 0001 

  0x000001e0b534b060: ;   {oop(a 'java/lang/Class'{0x00000007157e3de0} = 'java/awt/event/InputEvent')}
  0x000001e0b534b060: 49b8 e03d | 7e15 0700 | 0000 488b 

  0x000001e0b534b06c: ;   {optimized virtual_call}
  0x000001e0b534b06c: d066 90e8 

  0x000001e0b534b070: ; ImmutableOopMap {[168]=Oop }
                      ;*invokevirtual ensureInitialized {reexecute=0 rethrow=0 return_oop=0}
                      ; - sun.awt.AWTAccessor::ensureClassInitialized@4 (line 1464)
                      ; - sun.awt.AWTAccessor::getInputEventAccessor@10 (line 963)
                      ; - java.awt.AWTEvent::dispatched@7 (line 571)
                      ; - java.awt.EventQueue::dispatchEventImpl@45 (line 726)
  0x000001e0b534b070: ec39 1d07 

  0x000001e0b534b074: ;   {post_call_nop}
  0x000001e0b534b074: 0f1f 8400 | ec0c 0003 

  0x000001e0b534b07c: ;   {metadata(method data for {method} {0x000001e10e0f8250} 'ensureClassInitialized' '(Ljava/lang/Class;)V' in 'sun/awt/AWTAccessor')}
  0x000001e0b534b07c: 48ba 509a | 6b0e e101 | 0000 ff82 | 5001 0000 | e97b 1000 | 004d 85c9 

  0x000001e0b534b094: ;   {metadata(method data for {method} {0x000001e10e18c100} 'dispatchEventImpl' '(Ljava/awt/AWTEvent;Ljava/lang/Object;)V' in 'java/awt/EventQueue')}
  0x000001e0b534b094: 48bb 3842 | 910e e101 | 0000 750c | 808b f902 | 0000 01e9 | b000 0000 | 418b 4108 | 49ba 0000 
  0x000001e0b534b0b4: 00cd e001 | 0000 4903 | c248 3b83 | 0803 0000 | 750d 4883 | 8310 0300 | 0001 e960 | 0000 0048 
  0x000001e0b534b0d4: 3b83 1803 | 0000 750d | 4883 8320 | 0300 0001 | e94a 0000 | 0048 83bb | 0803 0000 | 0075 1748 
  0x000001e0b534b0f4: 8983 0803 | 0000 48c7 | 8310 0300 | 0001 0000 | 00e9 2900 | 0000 4883 | bb18 0300 | 0000 7517 
  0x000001e0b534b114: 4889 8318 | 0300 0048 | c783 2003 | 0000 0100 | 0000 e908 | 0000 0048 | 8383 0003 

  0x000001e0b534b130: ;   {metadata('java/awt/MenuComponent')}
  0x000001e0b534b130: 0000 0148 | b810 da8e | 0ee1 0100 | 0041 8b79 | 0849 ba00 | 0000 cde0 | 0100 0049 | 03fa 483b 
  0x000001e0b534b150: c70f 8505 | 0000 00e9 | 0500 0000 | 4833 f6eb | 05be 0100 | 0000 85f6 

  0x000001e0b534b168: ;   {metadata(method data for {method} {0x000001e10e18c100} 'dispatchEventImpl' '(Ljava/awt/AWTEvent;Ljava/lang/Object;)V' in 'java/awt/EventQueue')}
  0x000001e0b534b168: 48be 3842 | 910e e101 | 0000 bf40 | 0300 0075 | 05bf 3003 | 0000 488b | 1c3e 488d | 5b01 4889 
  0x000001e0b534b188: 1c3e 0f85 | 280b 0000 

  0x000001e0b534b190: ;   {metadata(method data for {method} {0x000001e10e18c100} 'dispatchEventImpl' '(Ljava/awt/AWTEvent;Ljava/lang/Object;)V' in 'java/awt/EventQueue')}
  0x000001e0b534b190: 4d85 c948 | bb38 4291 | 0ee1 0100 | 0075 0c80 | 8bc1 0300 | 0001 e9dd | 0000 0041 | 8b41 0849 
  0x000001e0b534b1b0: ba00 0000 | cde0 0100 | 0049 03c2 | 483b 83d0 | 0300 0075 | 0d48 8383 | d803 0000 | 01e9 6000 
  0x000001e0b534b1d0: 0000 483b | 83e0 0300 | 0075 0d48 | 8383 e803 | 0000 01e9 | 4a00 0000 | 4883 bbd0 | 0300 0000 
  0x000001e0b534b1f0: 7517 4889 | 83d0 0300 | 0048 c783 | d803 0000 | 0100 0000 | e929 0000 | 0048 83bb | e003 0000 
  0x000001e0b534b210: 0075 1748 | 8983 e003 | 0000 48c7 | 83e8 0300 | 0001 0000 | 00e9 0800 | 0000 4883 | 83c8 0300 
  0x000001e0b534b230: 0001 660f | 1f44 0000 

  0x000001e0b534b238: ;   {no_reloc}
  0x000001e0b534b238: e979 1100 | 0000 0000 | 0000 418b | 5908 49ba | 0000 00cd | e001 0000 | 4903 da48 | 3bd8 0f84 
  0x000001e0b534b258: 3100 0000 | 8b78 1448 | 3b04 3b0f | 8424 0000 | 0083 ff20 | 0f85 1600 | 0000 5350 

  0x000001e0b534b274: ;   {runtime_call C1 Runtime slow_subtype_check_blob}
  0x000001e0b534b274: e8c7 5c29 | 075b 5885 | c00f 8405 | 0000 00e9 | 0500 0000 | 4833 f6eb | 05be 0100 | 0000 85f6 
  0x000001e0b534b294: ;   {metadata(method data for {method} {0x000001e10e18c100} 'dispatchEventImpl' '(Ljava/awt/AWTEvent;Ljava/lang/Object;)V' in 'java/awt/EventQueue')}
  0x000001e0b534b294: 48be 3842 | 910e e101 | 0000 bf08 | 0400 0075 | 05bf f803 | 0000 488b | 1c3e 488d | 5b01 4889 
  0x000001e0b534b2b4: 1c3e 0f85 | be08 0000 

  0x000001e0b534b2bc: ;   {metadata(method data for {method} {0x000001e10e18c100} 'dispatchEventImpl' '(Ljava/awt/AWTEvent;Ljava/lang/Object;)V' in 'java/awt/EventQueue')}
  0x000001e0b534b2bc: 4d85 c948 | bb38 4291 | 0ee1 0100 | 0075 0c80 | 8b89 0400 | 0001 e9b0 | 0000 0041 | 8b41 0849 
  0x000001e0b534b2dc: ba00 0000 | cde0 0100 | 0049 03c2 | 483b 8398 | 0400 0075 | 0d48 8383 | a004 0000 | 01e9 6000 
  0x000001e0b534b2fc: 0000 483b | 83a8 0400 | 0075 0d48 | 8383 b004 | 0000 01e9 | 4a00 0000 | 4883 bb98 | 0400 0000 
  0x000001e0b534b31c: 7517 4889 | 8398 0400 | 0048 c783 | a004 0000 | 0100 0000 | e929 0000 | 0048 83bb | a804 0000 
  0x000001e0b534b33c: 0075 1748 | 8983 a804 | 0000 48c7 | 83b0 0400 | 0001 0000 | 00e9 0800 | 0000 4883 | 8390 0400 
  0x000001e0b534b35c: ;   {metadata('sun/awt/AWTAutoShutdown')}
  0x000001e0b534b35c: 0001 48b8 | 18c2 06ce | e001 0000 | 418b 7908 | 49ba 0000 | 00cd e001 | 0000 4903 | fa48 3bc7 
  0x000001e0b534b37c: 0f85 0500 | 0000 e905 | 0000 0048 | 33f6 eb05 | be01 0000 

  0x000001e0b534b390: ;   {metadata(method data for {method} {0x000001e10e18c100} 'dispatchEventImpl' '(Ljava/awt/AWTEvent;Ljava/lang/Object;)V' in 'java/awt/EventQueue')}
  0x000001e0b534b390: 0085 f648 | be38 4291 | 0ee1 0100 | 00bf c004 | 0000 7405 | bfd0 0400 | 0048 8b1c | 3e48 8d5b 
  0x000001e0b534b3b0: 0148 891c | 3e0f 8448 | 0100 0048 

  0x000001e0b534b3bc: ;   {metadata(method data for {method} {0x000001e10e18c100} 'dispatchEventImpl' '(Ljava/awt/AWTEvent;Ljava/lang/Object;)V' in 'java/awt/EventQueue')}
  0x000001e0b534b3bc: 8bf2 48bf | 3842 910e | e101 0000 | 4883 87e0 | 0400 0001 

  0x000001e0b534b3d0: ;   {metadata(method data for {method} {0x000001e10e18b738} 'noEvents' '()Z' in 'java/awt/EventQueue')}
  0x000001e0b534b3d0: 48be d04f | 910e e101 | 0000 8bbe | cc00 0000 | 83c7 0289 | becc 0000 | 0081 e7fe | ff1f 0085 
  0x000001e0b534b3f0: ff0f 84c9 | 0f00 00be | 0000 0000 | e994 0000 | 000f 1f80 | 0000 0000 | 8b7a 2048 | c1e7 033b 
  0x000001e0b534b410: 770c 0f83 | d30f 0000 | 4863 de8b | 7c9f 1048 | c1e7 038b | 7f0c 48c1 | e703 4885 

  0x000001e0b534b42c: ;   {metadata(method data for {method} {0x000001e10e18b738} 'noEvents' '()Z' in 'java/awt/EventQueue')}
  0x000001e0b534b42c: ff48 bfd0 | 4f91 0ee1 | 0100 00bb | 4001 0000 | 7505 bb30 | 0100 0048 | 8b04 1f48 | 8d40 0148 
  0x000001e0b534b44c: 8904 1f0f | 8570 0000 

  0x000001e0b534b454: ;   {metadata(method data for {method} {0x000001e10e18b738} 'noEvents' '()Z' in 'java/awt/EventQueue')}
  0x000001e0b534b454: 00ff c648 | bfd0 4f91 | 0ee1 0100 | 008b 9fd0 | 0000 0083 | c302 899f | d000 0000 | 81e3 fe3f 
  0x000001e0b534b474: 0000 85db | 0f84 800f | 0000 4d8b 

  0x000001e0b534b480: ; ImmutableOopMap {rdx=Oop }
                      ;*goto {reexecute=1 rethrow=0 return_oop=0}
                      ; - (reexecute) java.awt.EventQueue::noEvents@24 (line 520)
                      ; - java.awt.EventQueue::dispatchEventImpl@95 (line 732)
                      ;   {poll}
  0x000001e0b534b480: 5730 4185 

  0x000001e0b534b484: ;   {metadata(method data for {method} {0x000001e10e18b738} 'noEvents' '()Z' in 'java/awt/EventQueue')}
  0x000001e0b534b484: 0248 bfd0 | 4f91 0ee1 | 0100 00ff | 8750 0100 | 0083 fe04 

  0x000001e0b534b498: ;   {metadata(method data for {method} {0x000001e10e18b738} 'noEvents' '()Z' in 'java/awt/EventQueue')}
  0x000001e0b534b498: 48bf d04f | 910e e101 | 0000 bb10 | 0100 007d | 05bb 2001 | 0000 488b | 041f 488d | 4001 4889 
  0x000001e0b534b4b8: 041f 0f8d | 0f00 0000 | e943 ffff | ffbe 0000 | 0000 e905 | 0000 00be | 0100 0000 

  0x000001e0b534b4d4: ;   {metadata(method data for {method} {0x000001e10e18c100} 'dispatchEventImpl' '(Ljava/awt/AWTEvent;Ljava/lang/Object;)V' in 'java/awt/EventQueue')}
  0x000001e0b534b4d4: 85f6 48be | 3842 910e | e101 0000 | bf10 0500 | 0074 05bf | 2005 0000 | 488b 1c3e | 488d 5b01 
  0x000001e0b534b4f4: 4889 1c3e | 0f84 8f0d | 0000 e9ec 

  0x000001e0b534b500: ;   {metadata(method data for {method} {0x000001e10e18c100} 'dispatchEventImpl' '(Ljava/awt/AWTEvent;Ljava/lang/Object;)V' in 'java/awt/EventQueue')}
  0x000001e0b534b500: 0500 0048 | ba38 4291 | 0ee1 0100 | 0048 8382 | 7805 0000 

  0x000001e0b534b514: ;   {metadata(method data for {method} {0x000001e10e18a508} 'getEventLog' '()Lsun/util/logging/PlatformLogger;' in 'java/awt/EventQueue')}
  0x000001e0b534b514: 0148 bab0 | 5291 0ee1 | 0100 008b | b2cc 0000 | 0083 c602 | 89b2 cc00 | 0000 81e6 | feff 1f00 
  0x000001e0b534b534: 85f6 0f84 | e30e 0000 

  0x000001e0b534b53c: ;   {oop(a 'java/lang/Class'{0x000000071540bb18} = 'java/awt/EventQueue')}
  0x000001e0b534b53c: 48ba 18bb | 4015 0700 | 0000 8b52 | 7848 c1e2 | 0348 85d2 

  0x000001e0b534b550: ;   {metadata(method data for {method} {0x000001e10e18a508} 'getEventLog' '()Lsun/util/logging/PlatformLogger;' in 'java/awt/EventQueue')}
  0x000001e0b534b550: 48ba b052 | 910e e101 | 0000 be10 | 0100 0075 | 05be 2001 | 0000 488b | 3c32 488d | 7f01 4889 
  0x000001e0b534b570: 3c32 0f85 | 6800 0000 

  0x000001e0b534b578: ;   {metadata(method data for {method} {0x000001e10e18a508} 'getEventLog' '()Lsun/util/logging/PlatformLogger;' in 'java/awt/EventQueue')}
  0x000001e0b534b578: 48ba b052 | 910e e101 | 0000 4883 | 8230 0100 

  0x000001e0b534b588: ;   {oop("java.awt.event.EventQueue"{0x0000000714af5ce8})}
  0x000001e0b534b588: 0001 48ba | e85c af14 | 0700 0000 

  0x000001e0b534b594: ;   {static_call}
  0x000001e0b534b594: 6666 90e8 

  0x000001e0b534b598: ; ImmutableOopMap {[168]=Oop }
                      ;*invokestatic getLogger {reexecute=0 rethrow=0 return_oop=0}
                      ; - java.awt.EventQueue::getEventLog@8 (line 181)
                      ; - java.awt.EventQueue::dispatchEventImpl@111 (line 736)
  0x000001e0b534b598: c43a 1d07 

  0x000001e0b534b59c: ;   {post_call_nop}
  0x000001e0b534b59c: 0f1f 8400 | 1412 0005 

  0x000001e0b534b5a4: ;   {oop(a 'java/lang/Class'{0x000000071540bb18} = 'java/awt/EventQueue')}
  0x000001e0b534b5a4: 49b8 18bb | 4015 0700 | 0000 410f | be57 4885 | d20f 8585 | 0e00 004c | 8bd0 49c1 | ea03 4589 
  0x000001e0b534b5c4: 5078 f083 | 4424 c000 | 498b d048 | 33d0 48c1 | ea15 4883 | fa00 0f85 | 800e 0000 

  0x000001e0b534b5e0: ;   {oop(a 'java/lang/Class'{0x000000071540bb18} = 'java/awt/EventQueue')}
  0x000001e0b534b5e0: 49b8 18bb | 4015 0700 | 0000 458b | 4078 49c1 | e003 493b | 0049 8bd0 

  0x000001e0b534b5f8: ;   {metadata(method data for {method} {0x000001e10e18c100} 'dispatchEventImpl' '(Ljava/awt/AWTEvent;Ljava/lang/Object;)V' in 'java/awt/EventQueue')}
  0x000001e0b534b5f8: 48be 3842 | 910e e101 

  0x000001e0b534b600: ;   {metadata('sun/util/logging/PlatformLogger')}
  0x000001e0b534b600: 0000 49ba | 30f2 04ce | e001 0000 | 4c89 9690 | 0500 0048 | 8386 9805 

  0x000001e0b534b618: ;   {metadata(method data for {method} {0x000001e10e0dd2c0} 'isLoggable' '(Lsun/util/logging/PlatformLogger$Level;)Z' in 'sun/util/logging/PlatformLogger')}
  0x000001e0b534b618: 0000 0148 | ba78 533e | 0ee1 0100 | 008b b2cc | 0000 0083 | c602 89b2 | cc00 0000 | 81e6 feff 
  0x000001e0b534b638: 1f00 85f6 | 0f84 3b0e 

  0x000001e0b534b640: ;   {metadata(method data for {method} {0x000001e10e0dd2c0} 'isLoggable' '(Lsun/util/logging/PlatformLogger$Level;)Z' in 'sun/util/logging/PlatformLogger')}
  0x000001e0b534b640: 0000 48ba | 7853 3e0e | e101 0000 | ff82 1001 | 0000 418b | 500c 48c1 | e203 483b | 024c 8bc2 
  0x000001e0b534b660: ;   {metadata(method data for {method} {0x000001e10e0dd2c0} 'isLoggable' '(Lsun/util/logging/PlatformLogger$Level;)Z' in 'sun/util/logging/PlatformLogger')}
  0x000001e0b534b660: 48be 7853 | 3e0e e101 | 0000 458b | 4008 49ba | 0000 00cd | e001 0000 | 4d03 c24c | 3b86 4801 
  0x000001e0b534b680: 0000 750d | 4883 8650 | 0100 0001 | e960 0000 | 004c 3b86 | 5801 0000 | 750d 4883 | 8660 0100 
  0x000001e0b534b6a0: 0001 e94a | 0000 0048 | 83be 4801 | 0000 0075 | 174c 8986 | 4801 0000 | 48c7 8650 | 0100 0001 
  0x000001e0b534b6c0: 0000 00e9 | 2900 0000 | 4883 be58 | 0100 0000 | 7517 4c89 | 8658 0100 | 0048 c786 | 6001 0000 
  0x000001e0b534b6e0: 0100 0000 | e908 0000 | 0048 8386 | 4001 0000 

  0x000001e0b534b6f0: ;   {oop(a 'sun/util/logging/PlatformLogger$Level'{0x000000071579c028})}
  0x000001e0b534b6f0: 0149 b828 | c079 1507 | 0000 0066 | 9048 b858 | ba06 13e1 

  0x000001e0b534b704: ;   {virtual_call}
  0x000001e0b534b704: 0100 00e8 

  0x000001e0b534b708: ; ImmutableOopMap {[168]=Oop }
                      ;*invokeinterface isLoggable {reexecute=0 rethrow=0 return_oop=0}
                      ; - sun.util.logging.PlatformLogger::isLoggable@17 (line 340)
                      ; - java.awt.EventQueue::dispatchEventImpl@117 (line 736)
  0x000001e0b534b708: 5436 1d07 

  0x000001e0b534b70c: ;   {post_call_nop}
  0x000001e0b534b70c: 0f1f 8400 | 8413 0006 | 83e0 0185 

  0x000001e0b534b718: ;   {metadata(method data for {method} {0x000001e10e18c100} 'dispatchEventImpl' '(Ljava/awt/AWTEvent;Ljava/lang/Object;)V' in 'java/awt/EventQueue')}
  0x000001e0b534b718: c048 ba38 | 4291 0ee1 | 0100 00be | b805 0000 | 7405 bec8 | 0500 0048 | 8b3c 3248 | 8d7f 0148 
  0x000001e0b534b738: 893c 320f | 844c 0b00 

  0x000001e0b534b740: ;   {metadata(method data for {method} {0x000001e10e18c100} 'dispatchEventImpl' '(Ljava/awt/AWTEvent;Ljava/lang/Object;)V' in 'java/awt/EventQueue')}
  0x000001e0b534b740: 0048 ba38 | 4291 0ee1 | 0100 0048 | 8382 d805 

  0x000001e0b534b750: ;   {metadata(method data for {method} {0x000001e10e18a508} 'getEventLog' '()Lsun/util/logging/PlatformLogger;' in 'java/awt/EventQueue')}
  0x000001e0b534b750: 0000 0148 | bab0 5291 | 0ee1 0100 | 008b b2cc | 0000 0083 | c602 89b2 | cc00 0000 | 81e6 feff 
  0x000001e0b534b770: 1f00 85f6 | 0f84 290d 

  0x000001e0b534b778: ;   {oop(a 'java/lang/Class'{0x000000071540bb18} = 'java/awt/EventQueue')}
  0x000001e0b534b778: 0000 48ba | 18bb 4015 | 0700 0000 | 8b52 7848 | c1e2 0348 

  0x000001e0b534b78c: ;   {metadata(method data for {method} {0x000001e10e18a508} 'getEventLog' '()Lsun/util/logging/PlatformLogger;' in 'java/awt/EventQueue')}
  0x000001e0b534b78c: 85d2 48ba | b052 910e | e101 0000 | be10 0100 | 0075 05be | 2001 0000 | 488b 3c32 | 488d 7f01 
  0x000001e0b534b7ac: 4889 3c32 | 0f85 6a00 

  0x000001e0b534b7b4: ;   {metadata(method data for {method} {0x000001e10e18a508} 'getEventLog' '()Lsun/util/logging/PlatformLogger;' in 'java/awt/EventQueue')}
  0x000001e0b534b7b4: 0000 48ba | b052 910e | e101 0000 | 4883 8230 | 0100 0001 

  0x000001e0b534b7c8: ;   {oop("java.awt.event.EventQueue"{0x0000000714af5ce8})}
  0x000001e0b534b7c8: 48ba e85c | af14 0700 | 0000 0f1f 

  0x000001e0b534b7d4: ;   {static_call}
  0x000001e0b534b7d4: 4400 00e8 

  0x000001e0b534b7d8: ; ImmutableOopMap {[168]=Oop }
                      ;*invokestatic getLogger {reexecute=0 rethrow=0 return_oop=0}
                      ; - java.awt.EventQueue::getEventLog@8 (line 181)
                      ; - java.awt.EventQueue::dispatchEventImpl@123 (line 737)
  0x000001e0b534b7d8: 8438 1d07 

  0x000001e0b534b7dc: ;   {post_call_nop}
  0x000001e0b534b7dc: 0f1f 8400 | 5414 0007 

  0x000001e0b534b7e4: ;   {oop(a 'java/lang/Class'{0x000000071540bb18} = 'java/awt/EventQueue')}
  0x000001e0b534b7e4: 48ba 18bb | 4015 0700 | 0000 410f | be77 4885 | f60f 85c9 | 0c00 004c | 8bd0 49c1 | ea03 4489 
  0x000001e0b534b804: 5278 f083 | 4424 c000 | 488b f248 | 33f0 48c1 | ee15 4883 | fe00 0f85 | c30c 0000 

  0x000001e0b534b820: ;   {oop(a 'java/lang/Class'{0x000000071540bb18} = 'java/awt/EventQueue')}
  0x000001e0b534b820: 48ba 18bb | 4015 0700 | 0000 8b72 | 7848 c1e6 | 0348 89b4 | 24b8 0000 | 004c 8b84 | 24a8 0000 
  0x000001e0b534b840: ;   {metadata(method data for {method} {0x000001e10e18c100} 'dispatchEventImpl' '(Ljava/awt/AWTEvent;Ljava/lang/Object;)V' in 'java/awt/EventQueue')}
  0x000001e0b534b840: 0048 ba38 | 4291 0ee1 | 0100 0048 | 8382 e805 

  0x000001e0b534b850: ;   {metadata(method data for {method} {0x000001e0cd47e890} 'valueOf' '(Ljava/lang/Object;)Ljava/lang/String;' in 'java/lang/String')}
  0x000001e0b534b850: 0000 0148 | bae0 8020 | 0ee1 0100 | 008b bacc | 0000 0083 | c702 89ba | cc00 0000 | 81e7 feff 
  0x000001e0b534b870: 1f00 85ff | 0f84 810c | 0000 4d85 

  0x000001e0b534b87c: ;   {metadata(method data for {method} {0x000001e0cd47e890} 'valueOf' '(Ljava/lang/Object;)Ljava/lang/String;' in 'java/lang/String')}
  0x000001e0b534b87c: c048 bae0 | 8020 0ee1 | 0100 00bf | 1001 0000 | 7505 bf20 | 0100 0048 | 8b1c 3a48 | 8d5b 0148 
  0x000001e0b534b89c: 891c 3a0f | 851f 0000 

  0x000001e0b534b8a4: ;   {metadata(method data for {method} {0x000001e0cd47e890} 'valueOf' '(Ljava/lang/Object;)Ljava/lang/String;' in 'java/lang/String')}
  0x000001e0b534b8a4: 0048 bae0 | 8020 0ee1 | 0100 00ff | 8230 0100 

  0x000001e0b534b8b4: ;   {oop("null"{0x00000007ffe1c918})}
  0x000001e0b534b8b4: 0048 bf18 | c9e1 ff07 | 0000 00e9 | ab00 0000 

  0x000001e0b534b8c4: ;   {metadata(method data for {method} {0x000001e0cd47e890} 'valueOf' '(Ljava/lang/Object;)Ljava/lang/String;' in 'java/lang/String')}
  0x000001e0b534b8c4: 498b d048 | bfe0 8020 | 0ee1 0100 | 008b 5208 | 49ba 0000 | 00cd e001 | 0000 4903 | d248 3b97 
  0x000001e0b534b8e4: 5001 0000 | 750d 4883 | 8758 0100 | 0001 e960 | 0000 0048 | 3b97 6001 | 0000 750d | 4883 8768 
  0x000001e0b534b904: 0100 0001 | e94a 0000 | 0048 83bf | 5001 0000 | 0075 1748 | 8997 5001 | 0000 48c7 | 8758 0100 
  0x000001e0b534b924: 0001 0000 | 00e9 2900 | 0000 4883 | bf60 0100 | 0000 7517 | 4889 9760 | 0100 0048 | c787 6801 
  0x000001e0b534b944: 0000 0100 | 0000 e908 | 0000 0048 | 8387 4801 | 0000 0149 | 8bd0 0f1f 

  0x000001e0b534b95c: ;   {optimized virtual_call}
  0x000001e0b534b95c: 4400 00e8 

  0x000001e0b534b960: ; ImmutableOopMap {[184]=Oop }
                      ;*invokevirtual toString {reexecute=0 rethrow=0 return_oop=0}
                      ; - java.lang.String::valueOf@11 (line 4543)
                      ; - java.awt.EventQueue::dispatchEventImpl@127 (line 737)
  0x000001e0b534b960: fc30 1d07 

  0x000001e0b534b964: ;   {post_call_nop}
  0x000001e0b534b964: 0f1f 8400 | dc15 0008 | 488b f890 

  0x000001e0b534b970: ;   {no_reloc}
  0x000001e0b534b970: e9b6 0b00 | 0090 9090 | 9090 488b 

  0x000001e0b534b97c: ;   {static_call}
  0x000001e0b534b97c: d766 90e8 

  0x000001e0b534b980: ; ImmutableOopMap {[184]=Oop }
                      ;*invokedynamic {reexecute=0 rethrow=0 return_oop=0}
                      ; - java.awt.EventQueue::dispatchEventImpl@130 (line 737)
  0x000001e0b534b980: dc36 1d07 

  0x000001e0b534b984: ;   {post_call_nop}
  0x000001e0b534b984: 0f1f 8400 | fc15 0009 

  0x000001e0b534b98c: ;   {metadata(method data for {method} {0x000001e10e18c100} 'dispatchEventImpl' '(Ljava/awt/AWTEvent;Ljava/lang/Object;)V' in 'java/awt/EventQueue')}
  0x000001e0b534b98c: 49b8 3842 | 910e e101 | 0000 4d8d | 8018 0600 | 0048 85c0 | 750b 41f6 | 0001 7505 | f049 8308 
  0x000001e0b534b9ac: 0148 8bb4 | 24b8 0000 | 0048 3b06 

  0x000001e0b534b9b8: ;   {metadata(method data for {method} {0x000001e10e18c100} 'dispatchEventImpl' '(Ljava/awt/AWTEvent;Ljava/lang/Object;)V' in 'java/awt/EventQueue')}
  0x000001e0b534b9b8: 4c8b c649 | b938 4291 | 0ee1 0100 

  0x000001e0b534b9c4: ;   {metadata('sun/util/logging/PlatformLogger')}
  0x000001e0b534b9c4: 0049 ba30 | f204 cee0 | 0100 004d | 8991 3006 | 0000 4983 | 8138 0600 

  0x000001e0b534b9dc: ;   {metadata(method data for {method} {0x000001e10e0ddf18} 'fine' '(Ljava/lang/String;)V' in 'sun/util/logging/PlatformLogger')}
  0x000001e0b534b9dc: 0001 49b8 | 78b3 840e | e101 0000 | 458b 88cc | 0000 0041 | 83c1 0245 | 8988 cc00 | 0000 4181 
  0x000001e0b534b9fc: e1fe ff1f | 0045 85c9 | 0f84 300b | 0000 8b56 | 0c48 c1e2 | 0348 3b02 

  0x000001e0b534ba14: ;   {metadata(method data for {method} {0x000001e10e0ddf18} 'fine' '(Ljava/lang/String;)V' in 'sun/util/logging/PlatformLogger')}
  0x000001e0b534ba14: 4c8b c249 | b978 b384 | 0ee1 0100 | 0045 8b40 | 0849 ba00 | 0000 cde0 | 0100 004d | 03c2 4d3b 
  0x000001e0b534ba34: 8148 0100 | 0075 0d49 | 8381 5001 | 0000 01e9 | 6000 0000 | 4d3b 8158 | 0100 0075 | 0d49 8381 
  0x000001e0b534ba54: 6001 0000 | 01e9 4a00 | 0000 4983 | b948 0100 | 0000 7517 | 4d89 8148 | 0100 0049 | c781 5001 
  0x000001e0b534ba74: 0000 0100 | 0000 e929 | 0000 0049 | 83b9 5801 | 0000 0075 | 174d 8981 | 5801 0000 | 49c7 8160 
  0x000001e0b534ba94: 0100 0001 | 0000 00e9 | 0800 0000 | 4983 8140 | 0100 0001 

  0x000001e0b534baa8: ;   {oop(a 'sun/util/logging/PlatformLogger$Level'{0x000000071579c028})}
  0x000001e0b534baa8: 49b8 28c0 | 7915 0700 | 0000 4c8b 

  0x000001e0b534bab4: ;   {oop(nullptr)}
  0x000001e0b534bab4: c848 bf00 | 0000 0000 | 0000 0066 | 0f1f 4400 | 0048 b880 | ba06 13e1 

  0x000001e0b534bacc: ;   {virtual_call}
  0x000001e0b534bacc: 0100 00e8 

  0x000001e0b534bad0: ; ImmutableOopMap {}
                      ;*invokeinterface log {reexecute=0 rethrow=0 return_oop=0}
                      ; - sun.util.logging.PlatformLogger::fine@12 (line 449)
                      ; - java.awt.EventQueue::dispatchEventImpl@135 (line 737)
  0x000001e0b534bad0: 8c32 1d07 

  0x000001e0b534bad4: ;   {post_call_nop}
  0x000001e0b534bad4: 0f1f 8400 | 4c17 000a | 4881 c4d0 | 0000 005d 

  0x000001e0b534bae4: ;   {poll_return}
  0x000001e0b534bae4: 493b 6728 | 0f87 720a | 0000 c344 | 8b42 3449 | c1e0 0349 | 3b00 498b 

  0x000001e0b534bafc: ;   {metadata(method data for {method} {0x000001e10e18c100} 'dispatchEventImpl' '(Ljava/awt/AWTEvent;Ljava/lang/Object;)V' in 'java/awt/EventQueue')}
  0x000001e0b534bafc: d048 be38 | 4291 0ee1 

  0x000001e0b534bb04: ;   {metadata('java/awt/EventDispatchThread')}
  0x000001e0b534bb04: 0100 0049 | bac0 920e | cee0 0100 | 004c 8996 | 3805 0000 | 4883 8640 | 0500 0001 

  0x000001e0b534bb20: ;   {metadata(method data for {method} {0x000001e10e6a3db8} 'stopDispatching' '()V' in 'java/awt/EventDispatchThread')}
  0x000001e0b534bb20: 48ba 7851 | 910e e101 | 0000 8bb2 | cc00 0000 | 83c6 0289 | b2cc 0000 | 0081 e6fe | ff1f 0085 
  0x000001e0b534bb40: f60f 8434 | 0a00 00ba | 0000 0000 | 4188 5070 | f083 4424 

  0x000001e0b534bb54: ;   {metadata(method data for {method} {0x000001e10e18c100} 'dispatchEventImpl' '(Ljava/awt/AWTEvent;Ljava/lang/Object;)V' in 'java/awt/EventQueue')}
  0x000001e0b534bb54: c000 49b8 | 3842 910e | e101 0000 | 41ff 8060 | 0500 0048 | 81c4 d000 

  0x000001e0b534bb6c: ;   {poll_return}
  0x000001e0b534bb6c: 0000 5d49 | 3b67 280f | 8723 0a00 | 00c3 4c8b | 8424 a800 | 0000 4d85 

  0x000001e0b534bb84: ;   {metadata(method data for {method} {0x000001e10e18c100} 'dispatchEventImpl' '(Ljava/awt/AWTEvent;Ljava/lang/Object;)V' in 'java/awt/EventQueue')}
  0x000001e0b534bb84: c948 bf38 | 4291 0ee1 | 0100 0075 | 0c80 8f11 | 0400 0001 | e9db 0000 | 0041 8b59 | 0849 ba00 
  0x000001e0b534bba4: 0000 cde0 | 0100 0049 | 03da 483b | 9f20 0400 | 0075 0d48 | 8387 2804 | 0000 01e9 | 6000 0000 
  0x000001e0b534bbc4: 483b 9f30 | 0400 0075 | 0d48 8387 | 3804 0000 | 01e9 4a00 | 0000 4883 | bf20 0400 | 0000 7517 
  0x000001e0b534bbe4: 4889 9f20 | 0400 0048 | c787 2804 | 0000 0100 | 0000 e929 | 0000 0048 | 83bf 3004 | 0000 0075 
  0x000001e0b534bc04: 1748 899f | 3004 0000 | 48c7 8738 | 0400 0001 | 0000 00e9 | 0800 0000 | 4883 8718 | 0400 0001 
  0x000001e0b534bc24: 0f1f 4000 

  0x000001e0b534bc28: ;   {no_reloc}
  0x000001e0b534bc28: e994 0900 | 0000 0000 | 0000 418b | 7908 49ba | 0000 00cd | e001 0000 | 4903 fa48 | 3bfb 0f84 
  0x000001e0b534bc48: 2c00 0000 | 8b73 1448 | 3b1c 370f | 841f 0000 | 0083 fe20 | 0f85 6909 | 0000 5753 

  0x000001e0b534bc64: ;   {runtime_call C1 Runtime slow_subtype_check_blob}
  0x000001e0b534bc64: e8d7 5229 | 075f 5b85 | db0f 8458 | 0900 00e9 | 0000 0000 | 498b d166 | 9048 b8a8 | ba06 13e1 
  0x000001e0b534bc84: ;   {virtual_call}
  0x000001e0b534bc84: 0100 00e8 

  0x000001e0b534bc88: ; ImmutableOopMap {}
                      ;*invokevirtual dispatchEvent {reexecute=0 rethrow=0 return_oop=0}
                      ; - java.awt.EventQueue::dispatchEventImpl@81 (line 730)
  0x000001e0b534bc88: d430 1d07 

  0x000001e0b534bc8c: ;   {post_call_nop}
  0x000001e0b534bc8c: 0f1f 8400 | 0419 000b 

  0x000001e0b534bc94: ;   {metadata(method data for {method} {0x000001e10e18c100} 'dispatchEventImpl' '(Ljava/awt/AWTEvent;Ljava/lang/Object;)V' in 'java/awt/EventQueue')}
  0x000001e0b534bc94: 49b8 3842 | 910e e101 | 0000 41ff | 8078 0400 | 0048 81c4 | d000 0000 

  0x000001e0b534bcac: ;   {poll_return}
  0x000001e0b534bcac: 5d49 3b67 | 280f 871d | 0900 00c3 | 4c8b 8424 | a800 0000 

  0x000001e0b534bcc0: ;   {metadata(method data for {method} {0x000001e10e18c100} 'dispatchEventImpl' '(Ljava/awt/AWTEvent;Ljava/lang/Object;)V' in 'java/awt/EventQueue')}
  0x000001e0b534bcc0: 4d85 c948 | bf38 4291 | 0ee1 0100 | 0075 0c80 | 8f49 0300 | 0001 e9b0 | 0000 0041 | 8b59 0849 
  0x000001e0b534bce0: ba00 0000 | cde0 0100 | 0049 03da | 483b 9f58 | 0300 0075 | 0d48 8387 | 6003 0000 | 01e9 6000 
  0x000001e0b534bd00: 0000 483b | 9f68 0300 | 0075 0d48 | 8387 7003 | 0000 01e9 | 4a00 0000 | 4883 bf58 | 0300 0000 
  0x000001e0b534bd20: 7517 4889 | 9f58 0300 | 0048 c787 | 6003 0000 | 0100 0000 | e929 0000 | 0048 83bf | 6803 0000 
  0x000001e0b534bd40: 0075 1748 | 899f 6803 | 0000 48c7 | 8770 0300 | 0001 0000 | 00e9 0800 | 0000 4883 | 8750 0300 
  0x000001e0b534bd60: ;   {metadata('java/awt/MenuComponent')}
  0x000001e0b534bd60: 0001 48bb | 10da 8e0e | e101 0000 | 418b 7108 | 49ba 0000 | 00cd e001 | 0000 4903 | f248 3bde 
  0x000001e0b534bd80: 0f85 6408 | 0000 e900 | 0000 0049 | 8bd1 483b | 0248 8bf2 

  0x000001e0b534bd94: ;   {metadata(method data for {method} {0x000001e10e18c100} 'dispatchEventImpl' '(Ljava/awt/AWTEvent;Ljava/lang/Object;)V' in 'java/awt/EventQueue')}
  0x000001e0b534bd94: 48bf 3842 | 910e e101 | 0000 8b76 | 0849 ba00 | 0000 cde0 | 0100 0049 | 03f2 483b | b788 0300 
  0x000001e0b534bdb4: 0075 0d48 | 8387 9003 | 0000 01e9 | 6000 0000 | 483b b798 | 0300 0075 | 0d48 8387 | a003 0000 
  0x000001e0b534bdd4: 01e9 4a00 | 0000 4883 | bf88 0300 | 0000 7517 | 4889 b788 | 0300 0048 | c787 9003 | 0000 0100 
  0x000001e0b534bdf4: 0000 e929 | 0000 0048 | 83bf 9803 | 0000 0075 | 1748 89b7 | 9803 0000 | 48c7 87a0 | 0300 0001 
  0x000001e0b534be14: 0000 00e9 | 0800 0000 | 4883 8780 | 0300 0001 

  0x000001e0b534be24: ;   {optimized virtual_call}
  0x000001e0b534be24: 6666 90e8 

  0x000001e0b534be28: ; ImmutableOopMap {}
                      ;*invokevirtual dispatchEvent {reexecute=0 rethrow=0 return_oop=0}
                      ; - java.awt.EventQueue::dispatchEventImpl@63 (line 728)
  0x000001e0b534be28: 342c 1d07 

  0x000001e0b534be2c: ;   {post_call_nop}
  0x000001e0b534be2c: 0f1f 8400 | a41a 000c 

  0x000001e0b534be34: ;   {metadata(method data for {method} {0x000001e10e18c100} 'dispatchEventImpl' '(Ljava/awt/AWTEvent;Ljava/lang/Object;)V' in 'java/awt/EventQueue')}
  0x000001e0b534be34: 49b8 3842 | 910e e101 | 0000 41ff | 80b0 0300 | 0048 81c4 | d000 0000 

  0x000001e0b534be4c: ;   {poll_return}
  0x000001e0b534be4c: 5d49 3b67 | 280f 87a1 | 0700 00c3 

  0x000001e0b534be58: ;   {metadata(method data for {method} {0x000001e10e18c100} 'dispatchEventImpl' '(Ljava/awt/AWTEvent;Ljava/lang/Object;)V' in 'java/awt/EventQueue')}
  0x000001e0b534be58: 488b f248 | bf38 4291 | 0ee1 0100 | 0048 8387 | 6001 0000 | 0149 8bf0 | 4c8b c60f 

  0x000001e0b534be74: ;   {optimized virtual_call}
  0x000001e0b534be74: 1f40 00e8 

  0x000001e0b534be78: ; ImmutableOopMap {[168]=Oop }
                      ;*invokevirtual setCurrentEventAndMostRecentTimeImpl {reexecute=0 rethrow=0 return_oop=0}
                      ; - java.awt.EventQueue::dispatchEventImpl@14 (line 722)
  0x000001e0b534be78: c4c8 ffff 

  0x000001e0b534be7c: ;   {post_call_nop}
  0x000001e0b534be7c: 0f1f 8400 | f41a 000d | 4c8b 8424 | a800 0000 

  0x000001e0b534be8c: ;   {metadata(method data for {method} {0x000001e10e18c100} 'dispatchEventImpl' '(Ljava/awt/AWTEvent;Ljava/lang/Object;)V' in 'java/awt/EventQueue')}
  0x000001e0b534be8c: 4d85 c048 | bf38 4291 | 0ee1 0100 | 0075 0c80 | 8f89 0100 | 0001 e9cb | 0000 0041 | 8b58 0849 
  0x000001e0b534beac: ba00 0000 | cde0 0100 | 0049 03da | 483b 9f98 | 0100 0075 | 0d48 8387 | a001 0000 | 01e9 6000 
  0x000001e0b534becc: 0000 483b | 9fa8 0100 | 0075 0d48 | 8387 b001 | 0000 01e9 | 4a00 0000 | 4883 bf98 | 0100 0000 
  0x000001e0b534beec: 7517 4889 | 9f98 0100 | 0048 c787 | a001 0000 | 0100 0000 | e929 0000 | 0048 83bf | a801 0000 
  0x000001e0b534bf0c: 0075 1748 | 899f a801 | 0000 48c7 | 87b0 0100 | 0001 0000 | 00e9 0800 | 0000 4883 | 8790 0100 
  0x000001e0b534bf2c: ;   {metadata('java/awt/ActiveEvent')}
  0x000001e0b534bf2c: 0001 48bb | 98e4 690e | e101 0000 | 418b 7808 | 49ba 0000 | 00cd e001 | 0000 4903 | fa48 3b5f 
  0x000001e0b534bf4c: 200f 841f | 0000 0048 | 3bfb 0f84 | 1600 0000 

  0x000001e0b534bf5c: ;   {runtime_call C1 Runtime slow_subtype_check_blob}
  0x000001e0b534bf5c: 5753 e8dd | 4f29 075f | 5f85 ff0f | 84a1 0600 | 00e9 0000 | 0000 498b | d048 3b02 

  0x000001e0b534bf78: ;   {metadata(method data for {method} {0x000001e10e18c100} 'dispatchEventImpl' '(Ljava/awt/AWTEvent;Ljava/lang/Object;)V' in 'java/awt/EventQueue')}
  0x000001e0b534bf78: 488b f248 | bf38 4291 | 0ee1 0100 | 008b 7608 | 49ba 0000 | 00cd e001 | 0000 4903 | f248 3bb7 
  0x000001e0b534bf98: c801 0000 | 750d 4883 | 87d0 0100 | 0001 e960 | 0000 0048 | 3bb7 d801 | 0000 750d | 4883 87e0 
  0x000001e0b534bfb8: 0100 0001 | e94a 0000 | 0048 83bf | c801 0000 | 0075 1748 | 89b7 c801 | 0000 48c7 | 87d0 0100 
  0x000001e0b534bfd8: 0001 0000 | 00e9 2900 | 0000 4883 | bfd8 0100 | 0000 7517 | 4889 b7d8 | 0100 0048 | c787 e001 
  0x000001e0b534bff8: 0000 0100 | 0000 e908 | 0000 0048 | 8387 c001 | 0000 0166 | 9048 b8d0 | ba06 13e1 

  0x000001e0b534c014: ;   {virtual_call}
  0x000001e0b534c014: 0100 00e8 

  0x000001e0b534c018: ; ImmutableOopMap {}
                      ;*invokeinterface dispatch {reexecute=0 rethrow=0 return_oop=0}
                      ; - java.awt.EventQueue::dispatchEventImpl@21 (line 723)
  0x000001e0b534c018: b4e7 2907 

  0x000001e0b534c01c: ;   {post_call_nop}
  0x000001e0b534c01c: 0f1f 8400 | 941c 000e 

  0x000001e0b534c024: ;   {metadata(method data for {method} {0x000001e10e18c100} 'dispatchEventImpl' '(Ljava/awt/AWTEvent;Ljava/lang/Object;)V' in 'java/awt/EventQueue')}
  0x000001e0b534c024: 48ba 3842 | 910e e101 | 0000 ff82 | f001 0000 | 4881 c4d0 | 0000 005d 

  0x000001e0b534c03c: ;   {poll_return}
  0x000001e0b534c03c: 493b 6728 | 0f87 d605 | 0000 c390 

  0x000001e0b534c048: ;   {no_reloc}
  0x000001e0b534c048: e9f4 0500 | 0000 0000 | 0000 80ba | 4001 0000 | 040f 85f1 | 0500 0049 | 8b87 c801 | 0000 488d 
  0x000001e0b534c068: 7828 493b | bfd8 0100 | 000f 87d9 | 0500 0049 | 89bf c801 | 0000 48c7 | 0001 0000 | 0048 8bca 
  0x000001e0b534c088: 49ba 0000 | 00cd e001 | 0000 492b | ca89 4808 | 4833 c989 | 480c 4833 | c948 8948 | 1048 8948 
  0x000001e0b534c0a8: 1848 8948 | 2048 8bd0 

  0x000001e0b534c0b0: ;   {metadata(method data for {method} {0x000001e0cd44ab28} 'lookup' '()Ljava/lang/invoke/MethodHandles$Lookup;' in 'java/lang/invoke/MethodHandles')}
  0x000001e0b534c0b0: 48be 009c | 6b0e e101 | 0000 4883 | 8640 0100 

  0x000001e0b534c0c0: ;   {oop("no caller frame"{0x00000007ffe27160})}
  0x000001e0b534c0c0: 0001 49b8 | 6071 e2ff | 0700 0000 | 488b d048 | 8984 24c0 

  0x000001e0b534c0d4: ;   {optimized virtual_call}
  0x000001e0b534c0d4: 0000 00e8 

  0x000001e0b534c0d8: ; ImmutableOopMap {[168]=Oop [192]=Oop }
                      ;*invokespecial <init> {reexecute=0 rethrow=0 return_oop=0}
                      ; - java.lang.invoke.MethodHandles::lookup@14 (line 128)
                      ; - sun.awt.AWTAccessor::ensureClassInitialized@0 (line 1464)
                      ; - sun.awt.AWTAccessor::getInputEventAccessor@10 (line 963)
                      ; - java.awt.AWTEvent::dispatched@7 (line 571)
                      ; - java.awt.EventQueue::dispatchEventImpl@45 (line 726)
  0x000001e0b534c0d8: 8429 1d07 

  0x000001e0b534c0dc: ;   {post_call_nop}
  0x000001e0b534c0dc: 0f1f 8400 | 541d 000f | 488b 8424 | c000 0000 | e9d8 0500 | 0049 8b87 | 0805 0000 | 4d33 d24d 
  0x000001e0b534c0fc: 8997 0805 | 0000 4d33 | d24d 8997 | 1005 0000 

  0x000001e0b534c10c: ;   {oop(a 'java/lang/Class'{0x00000007157a3910} = 'sun/awt/AWTAccessor')}
  0x000001e0b534c10c: 48be 1039 | 7a15 0700 | 0000 8bb6 | 8400 0000 | 48c1 e603 | 4c8b 8424 | a800 0000 

  0x000001e0b534c128: ;   {metadata(method data for {method} {0x000001e10e0dbab0} 'dispatched' '()V' in 'java/awt/AWTEvent')}
  0x000001e0b534c128: 4d85 c048 | b808 4b91 | 0ee1 0100 | 0075 0c80 | 8869 0100 | 0001 e9b1 | 0000 0041 | 8b50 0849 
  0x000001e0b534c148: ba00 0000 | cde0 0100 | 0049 03d2 | 483b 9078 | 0100 0075 | 0d48 8380 | 8001 0000 | 01e9 6000 
  0x000001e0b534c168: 0000 483b | 9088 0100 | 0075 0d48 | 8380 9001 | 0000 01e9 | 4a00 0000 | 4883 b878 | 0100 0000 
  0x000001e0b534c188: 7517 4889 | 9078 0100 | 0048 c780 | 8001 0000 | 0100 0000 | e929 0000 | 0048 83b8 | 8801 0000 
  0x000001e0b534c1a8: 0075 1748 | 8990 8801 | 0000 48c7 | 8090 0100 | 0001 0000 | 00e9 0800 | 0000 4883 | 8070 0100 
  0x000001e0b534c1c8: ;   {metadata('java/awt/event/InputEvent')}
  0x000001e0b534c1c8: 0001 48ba | 5012 110e | e101 0000 | 418b 4008 | 49ba 0000 | 00cd e001 | 0000 4903 | c248 3b50 
  0x000001e0b534c1e8: 500f 856e | 0400 00e9 | 0000 0000 | 498b f848 | 85f6 0f84 | 2900 0000 

  0x000001e0b534c200: ;   {metadata('java/awt/event/InputEvent$1')}
  0x000001e0b534c200: 48b9 1837 | 05ce e001 | 0000 8b56 | 0849 ba00 | 0000 cde0 | 0100 0049 | 03d2 483b | 4a38 0f85 
  0x000001e0b534c220: 4204 0000 | e900 0000 | 0048 8bde 

  0x000001e0b534c22c: ; implicit exception: dispatches to 0x000001e0b534c66b
                      ;   {metadata(method data for {method} {0x000001e10e0dbab0} 'dispatched' '()V' in 'java/awt/AWTEvent')}
  0x000001e0b534c22c: 483b 0648 | bb08 4b91 | 0ee1 0100 

  0x000001e0b534c238: ;   {metadata('java/awt/event/InputEvent$1')}
  0x000001e0b534c238: 0049 ba18 | 3705 cee0 | 0100 004c | 8993 a801 | 0000 4883 | 83b0 0100 

  0x000001e0b534c250: ;   {metadata(method data for {method} {0x000001e10e113cc8} 'setCanAccessSystemClipboard' '(Ljava/awt/event/InputEvent;Z)V' in 'java/awt/event/InputEvent$1')}
  0x000001e0b534c250: 0001 48be | 904e 910e | e101 0000 | 8b9e cc00 | 0000 83c3 | 0289 9ecc | 0000 0081 | e3fe ff1f 
  0x000001e0b534c270: 0085 db0f | 84f7 0300 | 00c6 4728 

  0x000001e0b534c27c: ;   {metadata(method data for {method} {0x000001e10e18c100} 'dispatchEventImpl' '(Ljava/awt/AWTEvent;Ljava/lang/Object;)V' in 'java/awt/EventQueue')}
  0x000001e0b534c27c: 0048 be38 | 4291 0ee1 | 0100 00ff | 86e8 0200 | 0048 81c4 | d000 0000 

  0x000001e0b534c294: ;   {poll_return}
  0x000001e0b534c294: 5d49 3b67 | 280f 87f7 | 0300 00c3 

  0x000001e0b534c2a0: ;   {metadata({method} {0x000001e10e18c100} 'dispatchEventImpl' '(Ljava/awt/AWTEvent;Ljava/lang/Object;)V' in 'java/awt/EventQueue')}
  0x000001e0b534c2a0: 49ba f8c0 | 180e e101 | 0000 4c89 | 5424 0848 | c704 24ff 

  0x000001e0b534c2b4: ;   {runtime_call C1 Runtime counter_overflow_blob}
  0x000001e0b534c2b4: ffff ffe8 

  0x000001e0b534c2b8: ; ImmutableOopMap {rdx=Oop r8=Oop r9=Oop [168]=Oop }
                      ;*synchronization entry
                      ; - java.awt.EventQueue::dispatchEventImpl@-1 (line 719)
  0x000001e0b534c2b8: a473 2907 | e9cd e4ff 

  0x000001e0b534c2c0: ;   {runtime_call C1 Runtime throw_null_pointer_exception_blob}
  0x000001e0b534c2c0: ffe8 9a22 

  0x000001e0b534c2c4: ; ImmutableOopMap {rdx=Oop r8=Oop r9=Oop [168]=Oop }
                      ;*putfield isPosted {reexecute=1 rethrow=0 return_oop=0}
                      ; - (reexecute) java.awt.EventQueue::dispatchEventImpl@2 (line 719)
  0x000001e0b534c2c4: 2907 4c89 

  0x000001e0b534c2c8: ;   {runtime_call C1 Runtime throw_class_cast_exception_blob}
  0x000001e0b534c2c8: 0c24 e891 

  0x000001e0b534c2cc: ; ImmutableOopMap {r8=Oop [168]=Oop }
                      ;*checkcast {reexecute=0 rethrow=0 return_oop=0}
                      ; - java.awt.EventQueue::dispatchEventImpl@37 (line 725)
                      ;   {runtime_call C1 Runtime throw_null_pointer_exception_blob}
  0x000001e0b534c2cc: 4629 07e8 

  0x000001e0b534c2d0: ; ImmutableOopMap {r8=Oop rdx=Oop [168]=Oop }
                      ;*invokevirtual dispatchEvent {reexecute=0 rethrow=0 return_oop=0}
                      ; - java.awt.EventQueue::dispatchEventImpl@41 (line 725)
  0x000001e0b534c2d0: 8c22 2907 

  0x000001e0b534c2d4: ;   {metadata({method} {0x000001e10e088c58} 'dispatchEvent' '(Ljava/awt/AWTEvent;)V' in 'java/awt/Component')}
  0x000001e0b534c2d4: 49ba 508c | 080e e101 | 0000 4c89 | 5424 0848 | c704 24ff 

  0x000001e0b534c2e8: ;   {runtime_call C1 Runtime counter_overflow_blob}
  0x000001e0b534c2e8: ffff ffe8 

  0x000001e0b534c2ec: ; ImmutableOopMap {r8=Oop rdx=Oop [168]=Oop }
                      ;*synchronization entry
                      ; - java.awt.Component::dispatchEvent@-1 (line 4790)
                      ; - java.awt.EventQueue::dispatchEventImpl@41 (line 725)
  0x000001e0b534c2ec: 7073 2907 | e944 e8ff 

  0x000001e0b534c2f4: ;   {metadata({method} {0x000001e10e0dbab0} 'dispatched' '()V' in 'java/awt/AWTEvent')}
  0x000001e0b534c2f4: ff49 baa8 | ba0d 0ee1 | 0100 004c | 8954 2408 | 48c7 0424 | ffff ffff 

  0x000001e0b534c30c: ;   {runtime_call C1 Runtime counter_overflow_blob}
  0x000001e0b534c30c: e84f 7329 

  0x000001e0b534c310: ; ImmutableOopMap {[168]=Oop }
                      ;*synchronization entry
                      ; - java.awt.AWTEvent::dispatched@-1 (line 570)
                      ; - java.awt.EventQueue::dispatchEventImpl@45 (line 726)
  0x000001e0b534c310: 07e9 96e9 

  0x000001e0b534c314: ;   {metadata({method} {0x000001e10e0f5a90} 'getInputEventAccessor' '()Lsun/awt/AWTAccessor$InputEventAccessor;' in 'sun/awt/AWTAccessor')}
  0x000001e0b534c314: ffff 49ba | 885a 0f0e | e101 0000 | 4c89 5424 | 0848 c704 | 24ff ffff 

  0x000001e0b534c32c: ;   {runtime_call C1 Runtime counter_overflow_blob}
  0x000001e0b534c32c: ffe8 2e73 

  0x000001e0b534c330: ; ImmutableOopMap {r8=Oop [168]=Oop }
                      ;*synchronization entry
                      ; - sun.awt.AWTAccessor::getInputEventAccessor@-1 (line 961)
                      ; - java.awt.AWTEvent::dispatched@7 (line 571)
                      ; - java.awt.EventQueue::dispatchEventImpl@45 (line 726)
  0x000001e0b534c330: 2907 e9b6 

  0x000001e0b534c334: ;   {metadata({method} {0x000001e10e0f8250} 'ensureClassInitialized' '(Ljava/lang/Class;)V' in 'sun/awt/AWTAccessor')}
  0x000001e0b534c334: eaff ff49 | ba48 820f | 0ee1 0100 | 004c 8954 | 2408 48c7 | 0424 ffff 

  0x000001e0b534c34c: ;   {runtime_call C1 Runtime counter_overflow_blob}
  0x000001e0b534c34c: ffff e80d 

  0x000001e0b534c350: ; ImmutableOopMap {[168]=Oop }
                      ;*synchronization entry
                      ; - sun.awt.AWTAccessor::ensureClassInitialized@-1 (line 1464)
                      ; - sun.awt.AWTAccessor::getInputEventAccessor@10 (line 963)
                      ; - java.awt.AWTEvent::dispatched@7 (line 571)
                      ; - java.awt.EventQueue::dispatchEventImpl@45 (line 726)
  0x000001e0b534c350: 7329 07e9 | 0deb ffff 

  0x000001e0b534c358: ;   {metadata({method} {0x000001e0cd44ab28} 'lookup' '()Ljava/lang/invoke/MethodHandles$Lookup;' in 'java/lang/invoke/MethodHandles')}
  0x000001e0b534c358: 49ba 20ab | 44cd e001 | 0000 4c89 | 5424 0848 | c704 24ff 

  0x000001e0b534c36c: ;   {runtime_call C1 Runtime counter_overflow_blob}
  0x000001e0b534c36c: ffff ffe8 

  0x000001e0b534c370: ; ImmutableOopMap {[168]=Oop }
                      ;*synchronization entry
                      ; - java.lang.invoke.MethodHandles::lookup@-1 (line 126)
                      ; - sun.awt.AWTAccessor::ensureClassInitialized@0 (line 1464)
                      ; - sun.awt.AWTAccessor::getInputEventAccessor@10 (line 963)
                      ; - java.awt.AWTEvent::dispatched@7 (line 571)
                      ; - java.awt.EventQueue::dispatchEventImpl@45 (line 726)
  0x000001e0b534c370: ec72 2907 | e925 ebff | ff48 8bd2 

  0x000001e0b534c37c: ;   {runtime_call C1 Runtime fast_new_instance_blob}
  0x000001e0b534c37c: e8df 2a29 

  0x000001e0b534c380: ; ImmutableOopMap {r8=Oop [168]=Oop }
                      ;*new {reexecute=0 rethrow=0 return_oop=0}
                      ; - java.lang.invoke.MethodHandles::lookup@18 (line 130)
                      ; - sun.awt.AWTAccessor::ensureClassInitialized@0 (line 1464)
                      ; - sun.awt.AWTAccessor::getInputEventAccessor@10 (line 963)
                      ; - java.awt.AWTEvent::dispatched@7 (line 571)
                      ; - java.awt.EventQueue::dispatchEventImpl@45 (line 726)
  0x000001e0b534c380: 07e9 c0eb 

  0x000001e0b534c384: ;   {metadata({method} {0x000001e0cd44edd8} '<init>' '(Ljava/lang/Class;)V' in 'java/lang/invoke/MethodHandles$Lookup')}
  0x000001e0b534c384: ffff 49ba | d0ed 44cd | e001 0000 | 4c89 5424 | 0848 c704 | 24ff ffff 

  0x000001e0b534c39c: ;   {runtime_call C1 Runtime counter_overflow_blob}
  0x000001e0b534c39c: ffe8 be72 

  0x000001e0b534c3a0: ; ImmutableOopMap {r8=Oop rax=Oop [168]=Oop }
                      ;*synchronization entry
                      ; - java.lang.invoke.MethodHandles$Lookup::<init>@-1 (line 1534)
                      ; - java.lang.invoke.MethodHandles::lookup@23 (line 130)
                      ; - sun.awt.AWTAccessor::ensureClassInitialized@0 (line 1464)
                      ; - sun.awt.AWTAccessor::getInputEventAccessor@10 (line 963)
                      ; - java.awt.AWTEvent::dispatched@7 (line 571)
                      ; - java.awt.EventQueue::dispatchEventImpl@45 (line 726)
  0x000001e0b534c3a0: 2907 e9dd 

  0x000001e0b534c3a4: ;   {metadata(nullptr)}
  0x000001e0b534c3a4: ebff ff48 | b800 0000 | 0000 0000 | 00b8 000f 

  0x000001e0b534c3b4: ;   {runtime_call C1 Runtime load_klass_patching_blob}
  0x000001e0b534c3b4: 050a e825 

  0x000001e0b534c3b8: ; ImmutableOopMap {rdx=Oop r9=Oop [168]=Oop }
                      ;*instanceof {reexecute=1 rethrow=0 return_oop=0}
                      ; - (reexecute) java.awt.EventQueue::dispatchEventImpl@70 (line 729)
  0x000001e0b534c3b8: 6229 07e9 | 78ee ffff 

  0x000001e0b534c3c0: ;   {metadata({method} {0x000001e10e18b738} 'noEvents' '()Z' in 'java/awt/EventQueue')}
  0x000001e0b534c3c0: 49ba 30b7 | 180e e101 | 0000 4c89 | 5424 0848 | c704 24ff 

  0x000001e0b534c3d4: ;   {runtime_call C1 Runtime counter_overflow_blob}
  0x000001e0b534c3d4: ffff ffe8 

  0x000001e0b534c3d8: ; ImmutableOopMap {rdx=Oop }
                      ;*synchronization entry
                      ; - java.awt.EventQueue::noEvents@-1 (line 520)
                      ; - java.awt.EventQueue::dispatchEventImpl@95 (line 732)
  0x000001e0b534c3d8: 8472 2907 | e916 f0ff 

  0x000001e0b534c3e0: ;   {runtime_call C1 Runtime throw_null_pointer_exception_blob}
  0x000001e0b534c3e0: ffe8 7a21 

  0x000001e0b534c3e4: ; ImmutableOopMap {rdx=Oop rdi=Oop }
                      ;*aaload {reexecute=0 rethrow=0 return_oop=0}
                      ; - java.awt.EventQueue::noEvents@12 (line 521)
                      ; - java.awt.EventQueue::dispatchEventImpl@95 (line 732)
                      ;   {runtime_call C1 Runtime throw_null_pointer_exception_blob}
  0x000001e0b534c3e4: 2907 e875 

  0x000001e0b534c3e8: ; ImmutableOopMap {rdx=Oop rdi=Oop }
                      ;*aaload {reexecute=0 rethrow=0 return_oop=0}
                      ; - java.awt.EventQueue::noEvents@12 (line 521)
                      ; - java.awt.EventQueue::dispatchEventImpl@95 (line 732)
  0x000001e0b534c3e8: 2129 0748 | 8934 2448 | 897c 2408 

  0x000001e0b534c3f4: ;   {runtime_call C1 Runtime throw_range_check_failed_blob}
  0x000001e0b534c3f4: e8e7 fd27 

  0x000001e0b534c3f8: ; ImmutableOopMap {rdx=Oop rdi=Oop }
                      ;*aaload {reexecute=0 rethrow=0 return_oop=0}
                      ; - java.awt.EventQueue::noEvents@12 (line 521)
                      ; - java.awt.EventQueue::dispatchEventImpl@95 (line 732)
                      ;   {runtime_call C1 Runtime throw_null_pointer_exception_blob}
  0x000001e0b534c3f8: 07e8 6221 

  0x000001e0b534c3fc: ; ImmutableOopMap {rdx=Oop }
                      ;*getfield head {reexecute=1 rethrow=0 return_oop=0}
                      ; - (reexecute) java.awt.EventQueue::noEvents@13 (line 521)
                      ; - java.awt.EventQueue::dispatchEventImpl@95 (line 732)
                      ;   {metadata({method} {0x000001e10e18b738} 'noEvents' '()Z' in 'java/awt/EventQueue')}
  0x000001e0b534c3fc: 2907 49ba | 30b7 180e | e101 0000 | 4c89 5424 | 0848 c704 | 2418 0000 

  0x000001e0b534c414: ;   {runtime_call C1 Runtime counter_overflow_blob}
  0x000001e0b534c414: 00e8 4672 

  0x000001e0b534c418: ; ImmutableOopMap {rdx=Oop }
                      ;*goto {reexecute=1 rethrow=0 return_oop=0}
                      ; - (reexecute) java.awt.EventQueue::noEvents@24 (line 520)
                      ; - java.awt.EventQueue::dispatchEventImpl@95 (line 732)
  0x000001e0b534c418: 2907 e95f 

  0x000001e0b534c41c: ;   {metadata({method} {0x000001e10e18a508} 'getEventLog' '()Lsun/util/logging/PlatformLogger;' in 'java/awt/EventQueue')}
  0x000001e0b534c41c: f0ff ff49 | ba00 a518 | 0ee1 0100 | 004c 8954 | 2408 48c7 | 0424 ffff 

  0x000001e0b534c434: ;   {runtime_call C1 Runtime counter_overflow_blob}
  0x000001e0b534c434: ffff e825 

  0x000001e0b534c438: ; ImmutableOopMap {[168]=Oop }
                      ;*synchronization entry
                      ; - java.awt.EventQueue::getEventLog@-1 (line 180)
                      ; - java.awt.EventQueue::dispatchEventImpl@111 (line 736)
  0x000001e0b534c438: 7229 07e9 | fcf0 ffff | 418b 5078 | 48c1 e203 | 4883 fa00 | 0f84 69f1 | ffff 4889 

  0x000001e0b534c454: ;   {runtime_call g1_pre_barrier_slow}
  0x000001e0b534c454: 1424 e805 | 7829 07e9 | 5bf1 ffff | 4883 f800 | 0f84 76f1 | ffff 4c89 

  0x000001e0b534c46c: ;   {runtime_call g1_post_barrier_slow}
  0x000001e0b534c46c: 0424 e8ed | 7a29 07e9 | 68f1 ffff 

  0x000001e0b534c478: ;   {runtime_call C1 Runtime throw_null_pointer_exception_blob}
  0x000001e0b534c478: e8e3 2029 

  0x000001e0b534c47c: ; ImmutableOopMap {r8=Oop [168]=Oop }
                      ;*invokevirtual isLoggable {reexecute=0 rethrow=0 return_oop=0}
                      ; - java.awt.EventQueue::dispatchEventImpl@117 (line 736)
                      ;   {metadata({method} {0x000001e10e0dd2c0} 'isLoggable' '(Lsun/util/logging/PlatformLogger$Level;)Z' in 'sun/util/logging/PlatformLogger')}
  0x000001e0b534c47c: 0749 bab8 | d20d 0ee1 | 0100 004c | 8954 2408 | 48c7 0424 | ffff ffff 

  0x000001e0b534c494: ;   {runtime_call C1 Runtime counter_overflow_blob}
  0x000001e0b534c494: e8c7 7129 

  0x000001e0b534c498: ; ImmutableOopMap {r8=Oop [168]=Oop }
                      ;*synchronization entry
                      ; - sun.util.logging.PlatformLogger::isLoggable@-1 (line 336)
                      ; - java.awt.EventQueue::dispatchEventImpl@117 (line 736)
  0x000001e0b534c498: 07e9 a4f1 

  0x000001e0b534c49c: ;   {runtime_call C1 Runtime throw_null_pointer_exception_blob}
  0x000001e0b534c49c: ffff e8bd 

  0x000001e0b534c4a0: ; ImmutableOopMap {rdx=Oop [168]=Oop }
                      ;*invokeinterface isLoggable {reexecute=0 rethrow=0 return_oop=0}
                      ; - sun.util.logging.PlatformLogger::isLoggable@17 (line 340)
                      ; - java.awt.EventQueue::dispatchEventImpl@117 (line 736)
                      ;   {metadata({method} {0x000001e10e18a508} 'getEventLog' '()Lsun/util/logging/PlatformLogger;' in 'java/awt/EventQueue')}
  0x000001e0b534c4a0: 2029 0749 | ba00 a518 | 0ee1 0100 | 004c 8954 | 2408 48c7 | 0424 ffff 

  0x000001e0b534c4b8: ;   {runtime_call C1 Runtime counter_overflow_blob}
  0x000001e0b534c4b8: ffff e8a1 

  0x000001e0b534c4bc: ; ImmutableOopMap {[168]=Oop }
                      ;*synchronization entry
                      ; - java.awt.EventQueue::getEventLog@-1 (line 180)
                      ; - java.awt.EventQueue::dispatchEventImpl@123 (line 737)
  0x000001e0b534c4bc: 7129 07e9 | b6f2 ffff | 8b72 7848 | c1e6 0348 | 83fe 000f | 8426 f3ff | ff48 8934 

  0x000001e0b534c4d8: ;   {runtime_call g1_pre_barrier_slow}
  0x000001e0b534c4d8: 24e8 8277 | 2907 e918 | f3ff ff48 | 83f8 000f | 8433 f3ff | ff48 8914 

  0x000001e0b534c4f0: ;   {runtime_call g1_post_barrier_slow}
  0x000001e0b534c4f0: 24e8 6a7a | 2907 e925 

  0x000001e0b534c4f8: ;   {metadata({method} {0x000001e0cd47e890} 'valueOf' '(Ljava/lang/Object;)Ljava/lang/String;' in 'java/lang/String')}
  0x000001e0b534c4f8: f3ff ff49 | ba88 e847 | cde0 0100 | 004c 8954 | 2408 48c7 | 0424 ffff 

  0x000001e0b534c510: ;   {runtime_call C1 Runtime counter_overflow_blob}
  0x000001e0b534c510: ffff e849 

  0x000001e0b534c514: ; ImmutableOopMap {rsi=Oop r8=Oop [168]=Oop [184]=Oop }
                      ;*synchronization entry
                      ; - java.lang.String::valueOf@-1 (line 4543)
                      ; - java.awt.EventQueue::dispatchEventImpl@127 (line 737)
  0x000001e0b534c514: 7129 07e9 | 5ef3 ffff | 49b8 0000 | 0000 0000 | 0000 b800 

  0x000001e0b534c528: ;   {runtime_call C1 Runtime load_appendix_patching_blob}
  0x000001e0b534c528: 0f05 0ae8 

  0x000001e0b534c52c: ; ImmutableOopMap {rdi=Oop [184]=Oop }
                      ;*invokedynamic {reexecute=1 rethrow=0 return_oop=0}
                      ; - (reexecute) java.awt.EventQueue::dispatchEventImpl@130 (line 737)
  0x000001e0b534c52c: b069 2907 | e93b f4ff 

  0x000001e0b534c534: ;   {runtime_call C1 Runtime throw_null_pointer_exception_blob}
  0x000001e0b534c534: ffe8 2620 

  0x000001e0b534c538: ; ImmutableOopMap {rax=Oop rsi=Oop [184]=Oop }
                      ;*invokevirtual fine {reexecute=0 rethrow=0 return_oop=0}
                      ; - java.awt.EventQueue::dispatchEventImpl@135 (line 737)
                      ;   {metadata({method} {0x000001e10e0ddf18} 'fine' '(Ljava/lang/String;)V' in 'sun/util/logging/PlatformLogger')}
  0x000001e0b534c538: 2907 49ba | 10df 0d0e | e101 0000 | 4c89 5424 | 0848 c704 | 24ff ffff 

  0x000001e0b534c550: ;   {runtime_call C1 Runtime counter_overflow_blob}
  0x000001e0b534c550: ffe8 0a71 

  0x000001e0b534c554: ; ImmutableOopMap {rax=Oop rsi=Oop [184]=Oop }
                      ;*synchronization entry
                      ; - sun.util.logging.PlatformLogger::fine@-1 (line 449)
                      ; - java.awt.EventQueue::dispatchEventImpl@135 (line 737)
  0x000001e0b534c554: 2907 e9af 

  0x000001e0b534c558: ;   {runtime_call C1 Runtime throw_null_pointer_exception_blob}
  0x000001e0b534c558: f4ff ffe8 

  0x000001e0b534c55c: ; ImmutableOopMap {rax=Oop rdx=Oop }
                      ;*invokeinterface log {reexecute=0 rethrow=0 return_oop=0}
                      ; - sun.util.logging.PlatformLogger::fine@12 (line 449)
                      ; - java.awt.EventQueue::dispatchEventImpl@135 (line 737)
  0x000001e0b534c55c: 0020 2907 

  0x000001e0b534c560: ;   {internal_word}
  0x000001e0b534c560: 49ba e4ba | 34b5 e001 | 0000 4d89 | 9760 0400 

  0x000001e0b534c570: ;   {runtime_call SafepointBlob}
  0x000001e0b534c570: 00e9 6a97 

  0x000001e0b534c574: ;   {runtime_call C1 Runtime throw_null_pointer_exception_blob}
  0x000001e0b534c574: 1d07 e8e5 

  0x000001e0b534c578: ; ImmutableOopMap {r8=Oop }
                      ;*invokevirtual stopDispatching {reexecute=0 rethrow=0 return_oop=0}
                      ; - java.awt.EventQueue::dispatchEventImpl@105 (line 733)
                      ;   {metadata({method} {0x000001e10e6a3db8} 'stopDispatching' '()V' in 'java/awt/EventDispatchThread')}
  0x000001e0b534c578: 1f29 0749 | bab0 3d6a | 0ee1 0100 | 004c 8954 | 2408 48c7 | 0424 ffff 

  0x000001e0b534c590: ;   {runtime_call C1 Runtime counter_overflow_blob}
  0x000001e0b534c590: ffff e8c9 

  0x000001e0b534c594: ; ImmutableOopMap {r8=Oop }
                      ;*synchronization entry
                      ; - java.awt.EventDispatchThread::stopDispatching@-1 (line 85)
                      ; - java.awt.EventQueue::dispatchEventImpl@105 (line 733)
  0x000001e0b534c594: 7029 07e9 | abf5 ffff 

  0x000001e0b534c59c: ;   {internal_word}
  0x000001e0b534c59c: 49ba 6fbb | 34b5 e001 | 0000 4d89 | 9760 0400 

  0x000001e0b534c5ac: ;   {runtime_call SafepointBlob}
  0x000001e0b534c5ac: 00e9 2e97 

  0x000001e0b534c5b0: ;   {metadata(nullptr)}
  0x000001e0b534c5b0: 1d07 48bb | 0000 0000 | 0000 0000 | b800 0f05 

  0x000001e0b534c5c0: ;   {runtime_call C1 Runtime load_klass_patching_blob}
  0x000001e0b534c5c0: 0ae8 1a60 

  0x000001e0b534c5c4: ; ImmutableOopMap {r9=Oop r8=Oop [168]=Oop }
                      ;*checkcast {reexecute=1 rethrow=0 return_oop=0}
                      ; - (reexecute) java.awt.EventQueue::dispatchEventImpl@77 (line 730)
  0x000001e0b534c5c4: 2907 e95d | f6ff ff4c 

  0x000001e0b534c5cc: ;   {runtime_call C1 Runtime throw_class_cast_exception_blob}
  0x000001e0b534c5cc: 890c 24e8 

  0x000001e0b534c5d0: ; ImmutableOopMap {r9=Oop r8=Oop [168]=Oop }
                      ;*checkcast {reexecute=0 rethrow=0 return_oop=0}
                      ; - java.awt.EventQueue::dispatchEventImpl@77 (line 730)
  0x000001e0b534c5d0: 8c43 2907 

  0x000001e0b534c5d4: ;   {internal_word}
  0x000001e0b534c5d4: 49ba adbc | 34b5 e001 | 0000 4d89 | 9760 0400 

  0x000001e0b534c5e4: ;   {runtime_call SafepointBlob}
  0x000001e0b534c5e4: 00e9 f696 | 1d07 4c89 

  0x000001e0b534c5ec: ;   {runtime_call C1 Runtime throw_class_cast_exception_blob}
  0x000001e0b534c5ec: 0c24 e86d 

  0x000001e0b534c5f0: ; ImmutableOopMap {r8=Oop [168]=Oop }
                      ;*checkcast {reexecute=0 rethrow=0 return_oop=0}
                      ; - java.awt.EventQueue::dispatchEventImpl@59 (line 728)
                      ;   {runtime_call C1 Runtime throw_null_pointer_exception_blob}
  0x000001e0b534c5f0: 4329 07e8 

  0x000001e0b534c5f4: ; ImmutableOopMap {r8=Oop rdx=Oop [168]=Oop }
                      ;*invokevirtual dispatchEvent {reexecute=0 rethrow=0 return_oop=0}
                      ; - java.awt.EventQueue::dispatchEventImpl@63 (line 728)
  0x000001e0b534c5f4: 681f 2907 

  0x000001e0b534c5f8: ;   {internal_word}
  0x000001e0b534c5f8: 49ba 4dbe | 34b5 e001 | 0000 4d89 | 9760 0400 

  0x000001e0b534c608: ;   {runtime_call SafepointBlob}
  0x000001e0b534c608: 00e9 d296 | 1d07 4c89 

  0x000001e0b534c610: ;   {runtime_call C1 Runtime throw_class_cast_exception_blob}
  0x000001e0b534c610: 0424 e849 

  0x000001e0b534c614: ; ImmutableOopMap {}
                      ;*checkcast {reexecute=0 rethrow=0 return_oop=0}
                      ; - java.awt.EventQueue::dispatchEventImpl@18 (line 723)
                      ;   {runtime_call C1 Runtime throw_null_pointer_exception_blob}
  0x000001e0b534c614: 4329 07e8 

  0x000001e0b534c618: ; ImmutableOopMap {rdx=Oop }
                      ;*invokeinterface dispatch {reexecute=0 rethrow=0 return_oop=0}
                      ; - java.awt.EventQueue::dispatchEventImpl@21 (line 723)
  0x000001e0b534c618: 441f 2907 

  0x000001e0b534c61c: ;   {internal_word}
  0x000001e0b534c61c: 49ba 3cc0 | 34b5 e001 | 0000 4d89 | 9760 0400 

  0x000001e0b534c62c: ;   {runtime_call SafepointBlob}
  0x000001e0b534c62c: 00e9 ae96 

  0x000001e0b534c630: ;   {metadata(nullptr)}
  0x000001e0b534c630: 1d07 48ba | 0000 0000 | 0000 0000 | b800 0f05 

  0x000001e0b534c640: ;   {runtime_call C1 Runtime load_klass_patching_blob}
  0x000001e0b534c640: 0ae8 9a5f 

  0x000001e0b534c644: ; ImmutableOopMap {[168]=Oop }
                      ;*new {reexecute=1 rethrow=0 return_oop=0}
                      ; - (reexecute) java.lang.invoke.MethodHandles::lookup@8 (line 128)
                      ; - sun.awt.AWTAccessor::ensureClassInitialized@0 (line 1464)
                      ; - sun.awt.AWTAccessor::getInputEventAccessor@10 (line 963)
                      ; - java.awt.AWTEvent::dispatched@7 (line 571)
                      ; - java.awt.EventQueue::dispatchEventImpl@45 (line 726)
  0x000001e0b534c644: 2907 e9fd 

  0x000001e0b534c648: ;   {runtime_call C1 Runtime throw_null_pointer_exception_blob}
  0x000001e0b534c648: f9ff ffe8 

  0x000001e0b534c64c: ; ImmutableOopMap {[168]=Oop }
                      ;*new {reexecute=0 rethrow=0 return_oop=0}
                      ; - java.lang.invoke.MethodHandles::lookup@8 (line 128)
                      ; - sun.awt.AWTAccessor::ensureClassInitialized@0 (line 1464)
                      ; - sun.awt.AWTAccessor::getInputEventAccessor@10 (line 963)
                      ; - java.awt.AWTEvent::dispatched@7 (line 571)
                      ; - java.awt.EventQueue::dispatchEventImpl@45 (line 726)
  0x000001e0b534c64c: 101f 2907 

  0x000001e0b534c650: ;   {runtime_call C1 Runtime fast_new_instance_init_check_blob}
  0x000001e0b534c650: 488b d2e8 

  0x000001e0b534c654: ; ImmutableOopMap {[168]=Oop }
                      ;*new {reexecute=0 rethrow=0 return_oop=0}
                      ; - java.lang.invoke.MethodHandles::lookup@8 (line 128)
                      ; - sun.awt.AWTAccessor::ensureClassInitialized@0 (line 1464)
                      ; - sun.awt.AWTAccessor::getInputEventAccessor@10 (line 963)
                      ; - java.awt.AWTEvent::dispatched@7 (line 571)
                      ; - java.awt.EventQueue::dispatchEventImpl@45 (line 726)
  0x000001e0b534c654: 082b 2907 | e950 faff | ff4c 8904 

  0x000001e0b534c660: ;   {runtime_call C1 Runtime throw_class_cast_exception_blob}
  0x000001e0b534c660: 24e8 fa42 

  0x000001e0b534c664: ; ImmutableOopMap {rsi=Oop }
                      ;*checkcast {reexecute=0 rethrow=0 return_oop=0}
                      ; - java.awt.AWTEvent::dispatched@11 (line 571)
                      ; - java.awt.EventQueue::dispatchEventImpl@45 (line 726)
                      ;   {runtime_call C1 Runtime throw_incompatible_class_change_error_blob}
  0x000001e0b534c664: 2907 e8f5 

  0x000001e0b534c668: ; ImmutableOopMap {rsi=Oop rdi=Oop }
                      ;*invokeinterface setCanAccessSystemClipboard {reexecute=0 rethrow=0 return_oop=0}
                      ; - java.awt.AWTEvent::dispatched@15 (line 572)
                      ; - java.awt.EventQueue::dispatchEventImpl@45 (line 726)
                      ;   {runtime_call C1 Runtime throw_null_pointer_exception_blob}
  0x000001e0b534c668: 4529 07e8 

  0x000001e0b534c66c: ; ImmutableOopMap {rsi=Oop rdi=Oop }
                      ;*invokeinterface setCanAccessSystemClipboard {reexecute=0 rethrow=0 return_oop=0}
                      ; - java.awt.AWTEvent::dispatched@15 (line 572)
                      ; - java.awt.EventQueue::dispatchEventImpl@45 (line 726)
  0x000001e0b534c66c: f01e 2907 

  0x000001e0b534c670: ;   {metadata({method} {0x000001e10e113cc8} 'setCanAccessSystemClipboard' '(Ljava/awt/event/InputEvent;Z)V' in 'java/awt/event/InputEvent$1')}
  0x000001e0b534c670: 49ba c03c | 110e e101 | 0000 4c89 | 5424 0848 | c704 24ff 

  0x000001e0b534c684: ;   {runtime_call C1 Runtime counter_overflow_blob}
  0x000001e0b534c684: ffff ffe8 

  0x000001e0b534c688: ; ImmutableOopMap {rdi=Oop }
                      ;*synchronization entry
                      ; - java.awt.event.InputEvent$1::setCanAccessSystemClipboard@-1 (line 338)
                      ; - java.awt.AWTEvent::dispatched@15 (line 572)
                      ; - java.awt.EventQueue::dispatchEventImpl@45 (line 726)
  0x000001e0b534c688: d46f 2907 | e9e8 fbff 

  0x000001e0b534c690: ;   {runtime_call C1 Runtime throw_null_pointer_exception_blob}
  0x000001e0b534c690: ffe8 ca1e 

  0x000001e0b534c694: ; ImmutableOopMap {}
                      ;*putfield canAccessSystemClipboard {reexecute=1 rethrow=0 return_oop=0}
                      ; - (reexecute) java.awt.event.InputEvent$1::setCanAccessSystemClipboard@2 (line 338)
                      ; - java.awt.AWTEvent::dispatched@15 (line 572)
                      ; - java.awt.EventQueue::dispatchEventImpl@45 (line 726)
                      ;   {internal_word}
  0x000001e0b534c694: 2907 49ba | 95c2 34b5 | e001 0000 | 4d89 9760 

  0x000001e0b534c6a4: ;   {runtime_call SafepointBlob}
  0x000001e0b534c6a4: 0400 00e9 | 3496 1d07 | 498b 8708 | 0500 0049 | c787 0805 | 0000 0000 | 0000 49c7 | 8710 0500 
  0x000001e0b534c6c4: 0000 0000 | 0048 81c4 | d000 0000 

  0x000001e0b534c6d0: ;   {runtime_call C1 Runtime unwind_exception_blob}
  0x000001e0b534c6d0: 5de9 0af5 | 2707 f4f4 
[Stub Code]
  0x000001e0b534c6d8: ;   {no_reloc}
  0x000001e0b534c6d8: 0f1f 4400 

  0x000001e0b534c6dc: ;   {static_stub}
  0x000001e0b534c6dc: 0048 bb00 | 0000 0000 

  0x000001e0b534c6e4: ;   {runtime_call nmethod}
  0x000001e0b534c6e4: 0000 00e9 | fbff ffff 

  0x000001e0b534c6ec: ;   {static_stub}
  0x000001e0b534c6ec: 9048 bb00 | 0000 0000 

  0x000001e0b534c6f4: ;   {runtime_call nmethod}
  0x000001e0b534c6f4: 0000 00e9 | fbff ffff 

  0x000001e0b534c6fc: ;   {static_stub}
  0x000001e0b534c6fc: 9048 bb00 | 0000 0000 

  0x000001e0b534c704: ;   {runtime_call nmethod}
  0x000001e0b534c704: 0000 00e9 | fbff ffff 

  0x000001e0b534c70c: ;   {static_stub}
  0x000001e0b534c70c: 9048 bb00 | 0000 0000 

  0x000001e0b534c714: ;   {runtime_call nmethod}
  0x000001e0b534c714: 0000 00e9 | fbff ffff 

  0x000001e0b534c71c: ;   {static_stub}
  0x000001e0b534c71c: 9048 bb00 | 0000 0000 

  0x000001e0b534c724: ;   {runtime_call nmethod}
  0x000001e0b534c724: 0000 00e9 | fbff ffff 

  0x000001e0b534c72c: ;   {static_stub}
  0x000001e0b534c72c: 9048 bb00 | 0000 0000 

  0x000001e0b534c734: ;   {runtime_call nmethod}
  0x000001e0b534c734: 0000 00e9 | fbff ffff 

  0x000001e0b534c73c: ;   {static_stub}
  0x000001e0b534c73c: 9048 bb00 | 0000 0000 

  0x000001e0b534c744: ;   {runtime_call nmethod}
  0x000001e0b534c744: 0000 00e9 | fbff ffff 

  0x000001e0b534c74c: ;   {static_stub}
  0x000001e0b534c74c: 9048 bb00 | 0000 0000 

  0x000001e0b534c754: ;   {runtime_call nmethod}
  0x000001e0b534c754: 0000 00e9 | fbff ffff 

  0x000001e0b534c75c: ;   {static_stub}
  0x000001e0b534c75c: 9048 bb00 | 0000 0000 

  0x000001e0b534c764: ;   {runtime_call nmethod}
  0x000001e0b534c764: 0000 00e9 | fbff ffff 

  0x000001e0b534c76c: ;   {static_stub}
  0x000001e0b534c76c: 48bb 0000 | 0000 0000 

  0x000001e0b534c774: ;   {runtime_call nmethod}
  0x000001e0b534c774: 0000 e9fb 

  0x000001e0b534c778: ;   {static_stub}
  0x000001e0b534c778: ffff ff48 | bb00 0000 | 0000 0000 

  0x000001e0b534c784: ;   {runtime_call nmethod}
  0x000001e0b534c784: 00e9 fbff 

  0x000001e0b534c788: ;   {static_stub}
  0x000001e0b534c788: ffff 48bb | 0000 0000 | 0000 0000 

  0x000001e0b534c794: ;   {runtime_call nmethod}
  0x000001e0b534c794: e9fb ffff 

  0x000001e0b534c798: ;   {static_stub}
  0x000001e0b534c798: ff48 bb00 | 0000 0000 

  0x000001e0b534c7a0: ;   {runtime_call nmethod}
  0x000001e0b534c7a0: 0000 00e9 | fbff ffff 

  0x000001e0b534c7a8: ;   {static_stub}
  0x000001e0b534c7a8: 48bb 0000 | 0000 0000 

  0x000001e0b534c7b0: ;   {runtime_call nmethod}
  0x000001e0b534c7b0: 0000 e9fb 

  0x000001e0b534c7b4: ;   {runtime_call C1 Runtime handle_exception_from_callee_blob}
  0x000001e0b534c7b4: ffff ffe8 | a43b 2907 

  0x000001e0b534c7bc: ;   {external_word}
  0x000001e0b534c7bc: 48b9 e034 | 8ede f87f | 0000 4883 

  0x000001e0b534c7c8: ;   {runtime_call}
  0x000001e0b534c7c8: e4f0 48b8 | 1090 4bde | f87f 0000 

  0x000001e0b534c7d4: ;   {section_word}
  0x000001e0b534c7d4: ffd0 f449 | bad7 c734 | b5e0 0100 

  0x000001e0b534c7e0: ;   {runtime_call DeoptimizationBlob}
  0x000001e0b534c7e0: 0041 52e9 | 988a 1d07 
[/MachCode]


---------------  P R O C E S S  ---------------

Threads class SMR info:
_java_thread_list=0x000001e0cc889950, length=16, elements={
0x000001e0cc7c4140, 0x000001e0cc7c4a80, 0x000001e0cc7c9440, 0x000001e0cc7cc0f0,
0x000001e0cc7ccc20, 0x000001e0cc7cd750, 0x000001e0cc7ca690, 0x000001e0cc7cb210,
0x000001e0cc8b84a0, 0x000001e0cca1ad20, 0x000001e112326070, 0x000001e0ccbc0a50,
0x000001e112105eb0, 0x000001e112496ac0, 0x000001e0aa2eef70, 0x000001e11271ccb0
}

Java Threads: ( => current thread )
  0x000001e0cc7c4140 JavaThread "Reference Handler"          daemon [_thread_blocked, id=41492, stack(0x00000047a6a00000,0x00000047a6b00000) (1024K)]
  0x000001e0cc7c4a80 JavaThread "Finalizer"                  daemon [_thread_blocked, id=19008, stack(0x00000047a6b00000,0x00000047a6c00000) (1024K)]
  0x000001e0cc7c9440 JavaThread "Signal Dispatcher"          daemon [_thread_blocked, id=33504, stack(0x00000047a6c00000,0x00000047a6d00000) (1024K)]
  0x000001e0cc7cc0f0 JavaThread "Attach Listener"            daemon [_thread_blocked, id=38284, stack(0x00000047a6d00000,0x00000047a6e00000) (1024K)]
  0x000001e0cc7ccc20 JavaThread "Service Thread"             daemon [_thread_blocked, id=18524, stack(0x00000047a6e00000,0x00000047a6f00000) (1024K)]
  0x000001e0cc7cd750 JavaThread "Monitor Deflation Thread"   daemon [_thread_blocked, id=13064, stack(0x00000047a6f00000,0x00000047a7000000) (1024K)]
  0x000001e0cc7ca690 JavaThread "C2 CompilerThread0"         daemon [_thread_blocked, id=41512, stack(0x00000047a7000000,0x00000047a7100000) (1024K)]
  0x000001e0cc7cb210 JavaThread "C1 CompilerThread0"         daemon [_thread_blocked, id=4424, stack(0x00000047a7100000,0x00000047a7200000) (1024K)]
  0x000001e0cc8b84a0 JavaThread "Common-Cleaner"             daemon [_thread_blocked, id=38032, stack(0x00000047a7200000,0x00000047a7300000) (1024K)]
  0x000001e0cca1ad20 JavaThread "Notification Thread"        daemon [_thread_blocked, id=40860, stack(0x00000047a7700000,0x00000047a7800000) (1024K)]
  0x000001e112326070 JavaThread "Java2D Disposer"            daemon [_thread_blocked, id=34164, stack(0x00000047a7800000,0x00000047a7900000) (1024K)]
  0x000001e0ccbc0a50 JavaThread "AWT-Shutdown"                      [_thread_blocked, id=38240, stack(0x00000047a7900000,0x00000047a7a00000) (1024K)]
  0x000001e112105eb0 JavaThread "AWT-Windows"                daemon [_thread_in_native, id=30124, stack(0x00000047a7a00000,0x00000047a7b00000) (1024K)]
=>0x000001e112496ac0 JavaThread "AWT-EventQueue-0"                  [_thread_in_native, id=24656, stack(0x00000047a7c00000,0x00000047a7d00000) (1024K)]
  0x000001e0aa2eef70 JavaThread "DestroyJavaVM"                     [_thread_blocked, id=10848, stack(0x00000047a6200000,0x00000047a6300000) (1024K)]
  0x000001e11271ccb0 JavaThread "TimerQueue"                 daemon [_thread_blocked, id=39596, stack(0x00000047a8100000,0x00000047a8200000) (1024K)]
Total: 16

Other Threads:
  0x000001e0cc7b5850 VMThread "VM Thread"                           [id=30740, stack(0x00000047a6900000,0x00000047a6a00000) (1024K)]
  0x000001e0cc7aadf0 WatcherThread "VM Periodic Task Thread"        [id=26132, stack(0x00000047a6800000,0x00000047a6900000) (1024K)]
  0x000001e0ac5e1090 WorkerThread "GC Thread#0"                     [id=38624, stack(0x00000047a6300000,0x00000047a6400000) (1024K)]
  0x000001e0ac5f5a10 ConcurrentGCThread "G1 Main Marker"            [id=39560, stack(0x00000047a6400000,0x00000047a6500000) (1024K)]
  0x000001e0ac5f7370 WorkerThread "G1 Conc#0"                       [id=39072, stack(0x00000047a6500000,0x00000047a6600000) (1024K)]
  0x000001e0cc65eab0 ConcurrentGCThread "G1 Refine#0"               [id=36648, stack(0x00000047a6600000,0x00000047a6700000) (1024K)]
  0x000001e0cc6604e0 ConcurrentGCThread "G1 Service"                [id=40620, stack(0x00000047a6700000,0x00000047a6800000) (1024K)]
Total: 7

Threads with active compile tasks:
Total: 0

VM state: not at safepoint (normal execution)

VM Mutex/Monitor currently owned by a thread: None

Heap address: 0x0000000705e00000, size: 4002 MB, Compressed Oops mode: Zero based, Oop shift amount: 3

CDS archive(s) mapped at: [0x000001e0cd000000-0x000001e0cdd40000-0x000001e0cdd40000), size 13893632, SharedBaseAddress: 0x000001e0cd000000, ArchiveRelocationMode: 1.
Compressed class space mapped at: 0x000001e0ce000000-0x000001e10e000000, reserved size: 1073741824
UseCompressedClassPointers 1, UseCompactObjectHeaders 0
Narrow klass pointer bits 32, Max shift 3
Narrow klass base: 0x000001e0cd000000, Narrow klass shift: 0
Encoding Range: [0x000001e0cd000000 - 0x000001e1cd000000), (4294967296 bytes)
Klass Range:    [0x000001e0cd000000 - 0x000001e10e000000), (1090519040 bytes)
Klass ID Range:  [8 - 1090519033) (1090519025)

GC Precious Log:
 CardTable entry size: 512
 Card Set container configuration: InlinePtr #cards 4 size 8 Array Of Cards #cards 16 size 48 Howl #buckets 8 coarsen threshold 3686 Howl Bitmap #cards 512 size 80 coarsen threshold 460 Card regions per heap region 1 cards per card region 4096
 CPUs: 16 total, 16 available
 Memory: 16004M
 Large Page Support: Disabled
 NUMA Support: Disabled
 Compressed Oops: Enabled (Zero based)
 Heap Region Size: 2M
 Heap Min Capacity: 8M
 Heap Initial Capacity: 252M
 Heap Max Capacity: 4002M
 Pre-touch: Disabled
 Parallel Workers: 13
 Concurrent Workers: 3
 Concurrent Refinement Workers: 13
 Periodic GC: Disabled

Heap:
 garbage-first heap   total reserved 4098048K, committed 260096K, used 35952K [0x0000000705e00000, 0x0000000800000000)
  region size 2048K, 16 young (32768K), 0 survivors (0K)
 Metaspace       used 12194K, committed 12480K, reserved 1114112K
  class space    used 1145K, committed 1280K, reserved 1048576K

Heap Regions: E=young(eden), S=young(survivor), O=old, HS=humongous(starts), HC=humongous(continues), CS=collection set, F=free, TAMS=top-at-mark-start, PB=parsable bottom
|   0|0x0000000705e00000, 0x0000000706000000, 0x0000000706000000|100%|HS|  |TAMS 0x0000000705e00000| PB 0x0000000705e00000| Complete |  0
|   1|0x0000000706000000, 0x0000000706200000, 0x0000000706200000|100%|HC|  |TAMS 0x0000000706000000| PB 0x0000000706000000| Complete |  0
|   2|0x0000000706200000, 0x0000000706200000, 0x0000000706400000|  0%| F|  |TAMS 0x0000000706200000| PB 0x0000000706200000| Untracked |  0
|   3|0x0000000706400000, 0x0000000706400000, 0x0000000706600000|  0%| F|  |TAMS 0x0000000706400000| PB 0x0000000706400000| Untracked |  0
|   4|0x0000000706600000, 0x0000000706600000, 0x0000000706800000|  0%| F|  |TAMS 0x0000000706600000| PB 0x0000000706600000| Untracked |  0
|   5|0x0000000706800000, 0x0000000706800000, 0x0000000706a00000|  0%| F|  |TAMS 0x0000000706800000| PB 0x0000000706800000| Untracked |  0
|   6|0x0000000706a00000, 0x0000000706a00000, 0x0000000706c00000|  0%| F|  |TAMS 0x0000000706a00000| PB 0x0000000706a00000| Untracked |  0
|   7|0x0000000706c00000, 0x0000000706c00000, 0x0000000706e00000|  0%| F|  |TAMS 0x0000000706c00000| PB 0x0000000706c00000| Untracked |  0
|   8|0x0000000706e00000, 0x0000000706e00000, 0x0000000707000000|  0%| F|  |TAMS 0x0000000706e00000| PB 0x0000000706e00000| Untracked |  0
|   9|0x0000000707000000, 0x0000000707000000, 0x0000000707200000|  0%| F|  |TAMS 0x0000000707000000| PB 0x0000000707000000| Untracked |  0
|  10|0x0000000707200000, 0x0000000707200000, 0x0000000707400000|  0%| F|  |TAMS 0x0000000707200000| PB 0x0000000707200000| Untracked |  0
|  11|0x0000000707400000, 0x0000000707400000, 0x0000000707600000|  0%| F|  |TAMS 0x0000000707400000| PB 0x0000000707400000| Untracked |  0
|  12|0x0000000707600000, 0x0000000707600000, 0x0000000707800000|  0%| F|  |TAMS 0x0000000707600000| PB 0x0000000707600000| Untracked |  0
|  13|0x0000000707800000, 0x0000000707800000, 0x0000000707a00000|  0%| F|  |TAMS 0x0000000707800000| PB 0x0000000707800000| Untracked |  0
|  14|0x0000000707a00000, 0x0000000707a00000, 0x0000000707c00000|  0%| F|  |TAMS 0x0000000707a00000| PB 0x0000000707a00000| Untracked |  0
|  15|0x0000000707c00000, 0x0000000707c00000, 0x0000000707e00000|  0%| F|  |TAMS 0x0000000707c00000| PB 0x0000000707c00000| Untracked |  0
|  16|0x0000000707e00000, 0x0000000707e00000, 0x0000000708000000|  0%| F|  |TAMS 0x0000000707e00000| PB 0x0000000707e00000| Untracked |  0
|  17|0x0000000708000000, 0x0000000708000000, 0x0000000708200000|  0%| F|  |TAMS 0x0000000708000000| PB 0x0000000708000000| Untracked |  0
|  18|0x0000000708200000, 0x0000000708200000, 0x0000000708400000|  0%| F|  |TAMS 0x0000000708200000| PB 0x0000000708200000| Untracked |  0
|  19|0x0000000708400000, 0x0000000708400000, 0x0000000708600000|  0%| F|  |TAMS 0x0000000708400000| PB 0x0000000708400000| Untracked |  0
|  20|0x0000000708600000, 0x0000000708600000, 0x0000000708800000|  0%| F|  |TAMS 0x0000000708600000| PB 0x0000000708600000| Untracked |  0
|  21|0x0000000708800000, 0x0000000708800000, 0x0000000708a00000|  0%| F|  |TAMS 0x0000000708800000| PB 0x0000000708800000| Untracked |  0
|  22|0x0000000708a00000, 0x0000000708a00000, 0x0000000708c00000|  0%| F|  |TAMS 0x0000000708a00000| PB 0x0000000708a00000| Untracked |  0
|  23|0x0000000708c00000, 0x0000000708c00000, 0x0000000708e00000|  0%| F|  |TAMS 0x0000000708c00000| PB 0x0000000708c00000| Untracked |  0
|  24|0x0000000708e00000, 0x0000000708e00000, 0x0000000709000000|  0%| F|  |TAMS 0x0000000708e00000| PB 0x0000000708e00000| Untracked |  0
|  25|0x0000000709000000, 0x0000000709000000, 0x0000000709200000|  0%| F|  |TAMS 0x0000000709000000| PB 0x0000000709000000| Untracked |  0
|  26|0x0000000709200000, 0x0000000709200000, 0x0000000709400000|  0%| F|  |TAMS 0x0000000709200000| PB 0x0000000709200000| Untracked |  0
|  27|0x0000000709400000, 0x0000000709400000, 0x0000000709600000|  0%| F|  |TAMS 0x0000000709400000| PB 0x0000000709400000| Untracked |  0
|  28|0x0000000709600000, 0x0000000709600000, 0x0000000709800000|  0%| F|  |TAMS 0x0000000709600000| PB 0x0000000709600000| Untracked |  0
|  29|0x0000000709800000, 0x0000000709800000, 0x0000000709a00000|  0%| F|  |TAMS 0x0000000709800000| PB 0x0000000709800000| Untracked |  0
|  30|0x0000000709a00000, 0x0000000709a00000, 0x0000000709c00000|  0%| F|  |TAMS 0x0000000709a00000| PB 0x0000000709a00000| Untracked |  0
|  31|0x0000000709c00000, 0x0000000709c00000, 0x0000000709e00000|  0%| F|  |TAMS 0x0000000709c00000| PB 0x0000000709c00000| Untracked |  0
|  32|0x0000000709e00000, 0x0000000709e00000, 0x000000070a000000|  0%| F|  |TAMS 0x0000000709e00000| PB 0x0000000709e00000| Untracked |  0
|  33|0x000000070a000000, 0x000000070a000000, 0x000000070a200000|  0%| F|  |TAMS 0x000000070a000000| PB 0x000000070a000000| Untracked |  0
|  34|0x000000070a200000, 0x000000070a200000, 0x000000070a400000|  0%| F|  |TAMS 0x000000070a200000| PB 0x000000070a200000| Untracked |  0
|  35|0x000000070a400000, 0x000000070a400000, 0x000000070a600000|  0%| F|  |TAMS 0x000000070a400000| PB 0x000000070a400000| Untracked |  0
|  36|0x000000070a600000, 0x000000070a600000, 0x000000070a800000|  0%| F|  |TAMS 0x000000070a600000| PB 0x000000070a600000| Untracked |  0
|  37|0x000000070a800000, 0x000000070a800000, 0x000000070aa00000|  0%| F|  |TAMS 0x000000070a800000| PB 0x000000070a800000| Untracked |  0
|  38|0x000000070aa00000, 0x000000070aa00000, 0x000000070ac00000|  0%| F|  |TAMS 0x000000070aa00000| PB 0x000000070aa00000| Untracked |  0
|  39|0x000000070ac00000, 0x000000070ac00000, 0x000000070ae00000|  0%| F|  |TAMS 0x000000070ac00000| PB 0x000000070ac00000| Untracked |  0
|  40|0x000000070ae00000, 0x000000070ae00000, 0x000000070b000000|  0%| F|  |TAMS 0x000000070ae00000| PB 0x000000070ae00000| Untracked |  0
|  41|0x000000070b000000, 0x000000070b000000, 0x000000070b200000|  0%| F|  |TAMS 0x000000070b000000| PB 0x000000070b000000| Untracked |  0
|  42|0x000000070b200000, 0x000000070b200000, 0x000000070b400000|  0%| F|  |TAMS 0x000000070b200000| PB 0x000000070b200000| Untracked |  0
|  43|0x000000070b400000, 0x000000070b400000, 0x000000070b600000|  0%| F|  |TAMS 0x000000070b400000| PB 0x000000070b400000| Untracked |  0
|  44|0x000000070b600000, 0x000000070b600000, 0x000000070b800000|  0%| F|  |TAMS 0x000000070b600000| PB 0x000000070b600000| Untracked |  0
|  45|0x000000070b800000, 0x000000070b800000, 0x000000070ba00000|  0%| F|  |TAMS 0x000000070b800000| PB 0x000000070b800000| Untracked |  0
|  46|0x000000070ba00000, 0x000000070ba00000, 0x000000070bc00000|  0%| F|  |TAMS 0x000000070ba00000| PB 0x000000070ba00000| Untracked |  0
|  47|0x000000070bc00000, 0x000000070bc00000, 0x000000070be00000|  0%| F|  |TAMS 0x000000070bc00000| PB 0x000000070bc00000| Untracked |  0
|  48|0x000000070be00000, 0x000000070be00000, 0x000000070c000000|  0%| F|  |TAMS 0x000000070be00000| PB 0x000000070be00000| Untracked |  0
|  49|0x000000070c000000, 0x000000070c000000, 0x000000070c200000|  0%| F|  |TAMS 0x000000070c000000| PB 0x000000070c000000| Untracked |  0
|  50|0x000000070c200000, 0x000000070c200000, 0x000000070c400000|  0%| F|  |TAMS 0x000000070c200000| PB 0x000000070c200000| Untracked |  0
|  51|0x000000070c400000, 0x000000070c400000, 0x000000070c600000|  0%| F|  |TAMS 0x000000070c400000| PB 0x000000070c400000| Untracked |  0
|  52|0x000000070c600000, 0x000000070c600000, 0x000000070c800000|  0%| F|  |TAMS 0x000000070c600000| PB 0x000000070c600000| Untracked |  0
|  53|0x000000070c800000, 0x000000070c800000, 0x000000070ca00000|  0%| F|  |TAMS 0x000000070c800000| PB 0x000000070c800000| Untracked |  0
|  54|0x000000070ca00000, 0x000000070ca00000, 0x000000070cc00000|  0%| F|  |TAMS 0x000000070ca00000| PB 0x000000070ca00000| Untracked |  0
|  55|0x000000070cc00000, 0x000000070cc00000, 0x000000070ce00000|  0%| F|  |TAMS 0x000000070cc00000| PB 0x000000070cc00000| Untracked |  0
|  56|0x000000070ce00000, 0x000000070ce00000, 0x000000070d000000|  0%| F|  |TAMS 0x000000070ce00000| PB 0x000000070ce00000| Untracked |  0
|  57|0x000000070d000000, 0x000000070d000000, 0x000000070d200000|  0%| F|  |TAMS 0x000000070d000000| PB 0x000000070d000000| Untracked |  0
|  58|0x000000070d200000, 0x000000070d200000, 0x000000070d400000|  0%| F|  |TAMS 0x000000070d200000| PB 0x000000070d200000| Untracked |  0
|  59|0x000000070d400000, 0x000000070d400000, 0x000000070d600000|  0%| F|  |TAMS 0x000000070d400000| PB 0x000000070d400000| Untracked |  0
|  60|0x000000070d600000, 0x000000070d600000, 0x000000070d800000|  0%| F|  |TAMS 0x000000070d600000| PB 0x000000070d600000| Untracked |  0
|  61|0x000000070d800000, 0x000000070d800000, 0x000000070da00000|  0%| F|  |TAMS 0x000000070d800000| PB 0x000000070d800000| Untracked |  0
|  62|0x000000070da00000, 0x000000070da00000, 0x000000070dc00000|  0%| F|  |TAMS 0x000000070da00000| PB 0x000000070da00000| Untracked |  0
|  63|0x000000070dc00000, 0x000000070dc00000, 0x000000070de00000|  0%| F|  |TAMS 0x000000070dc00000| PB 0x000000070dc00000| Untracked |  0
|  64|0x000000070de00000, 0x000000070de00000, 0x000000070e000000|  0%| F|  |TAMS 0x000000070de00000| PB 0x000000070de00000| Untracked |  0
|  65|0x000000070e000000, 0x000000070e000000, 0x000000070e200000|  0%| F|  |TAMS 0x000000070e000000| PB 0x000000070e000000| Untracked |  0
|  66|0x000000070e200000, 0x000000070e200000, 0x000000070e400000|  0%| F|  |TAMS 0x000000070e200000| PB 0x000000070e200000| Untracked |  0
|  67|0x000000070e400000, 0x000000070e400000, 0x000000070e600000|  0%| F|  |TAMS 0x000000070e400000| PB 0x000000070e400000| Untracked |  0
|  68|0x000000070e600000, 0x000000070e600000, 0x000000070e800000|  0%| F|  |TAMS 0x000000070e600000| PB 0x000000070e600000| Untracked |  0
|  69|0x000000070e800000, 0x000000070e800000, 0x000000070ea00000|  0%| F|  |TAMS 0x000000070e800000| PB 0x000000070e800000| Untracked |  0
|  70|0x000000070ea00000, 0x000000070ea00000, 0x000000070ec00000|  0%| F|  |TAMS 0x000000070ea00000| PB 0x000000070ea00000| Untracked |  0
|  71|0x000000070ec00000, 0x000000070ec00000, 0x000000070ee00000|  0%| F|  |TAMS 0x000000070ec00000| PB 0x000000070ec00000| Untracked |  0
|  72|0x000000070ee00000, 0x000000070ee00000, 0x000000070f000000|  0%| F|  |TAMS 0x000000070ee00000| PB 0x000000070ee00000| Untracked |  0
|  73|0x000000070f000000, 0x000000070f000000, 0x000000070f200000|  0%| F|  |TAMS 0x000000070f000000| PB 0x000000070f000000| Untracked |  0
|  74|0x000000070f200000, 0x000000070f200000, 0x000000070f400000|  0%| F|  |TAMS 0x000000070f200000| PB 0x000000070f200000| Untracked |  0
|  75|0x000000070f400000, 0x000000070f400000, 0x000000070f600000|  0%| F|  |TAMS 0x000000070f400000| PB 0x000000070f400000| Untracked |  0
|  76|0x000000070f600000, 0x000000070f600000, 0x000000070f800000|  0%| F|  |TAMS 0x000000070f600000| PB 0x000000070f600000| Untracked |  0
|  77|0x000000070f800000, 0x000000070f800000, 0x000000070fa00000|  0%| F|  |TAMS 0x000000070f800000| PB 0x000000070f800000| Untracked |  0
|  78|0x000000070fa00000, 0x000000070fa00000, 0x000000070fc00000|  0%| F|  |TAMS 0x000000070fa00000| PB 0x000000070fa00000| Untracked |  0
|  79|0x000000070fc00000, 0x000000070fc00000, 0x000000070fe00000|  0%| F|  |TAMS 0x000000070fc00000| PB 0x000000070fc00000| Untracked |  0
|  80|0x000000070fe00000, 0x000000070fe00000, 0x0000000710000000|  0%| F|  |TAMS 0x000000070fe00000| PB 0x000000070fe00000| Untracked |  0
|  81|0x0000000710000000, 0x0000000710000000, 0x0000000710200000|  0%| F|  |TAMS 0x0000000710000000| PB 0x0000000710000000| Untracked |  0
|  82|0x0000000710200000, 0x0000000710200000, 0x0000000710400000|  0%| F|  |TAMS 0x0000000710200000| PB 0x0000000710200000| Untracked |  0
|  83|0x0000000710400000, 0x0000000710400000, 0x0000000710600000|  0%| F|  |TAMS 0x0000000710400000| PB 0x0000000710400000| Untracked |  0
|  84|0x0000000710600000, 0x0000000710600000, 0x0000000710800000|  0%| F|  |TAMS 0x0000000710600000| PB 0x0000000710600000| Untracked |  0
|  85|0x0000000710800000, 0x0000000710800000, 0x0000000710a00000|  0%| F|  |TAMS 0x0000000710800000| PB 0x0000000710800000| Untracked |  0
|  86|0x0000000710a00000, 0x0000000710a00000, 0x0000000710c00000|  0%| F|  |TAMS 0x0000000710a00000| PB 0x0000000710a00000| Untracked |  0
|  87|0x0000000710c00000, 0x0000000710c00000, 0x0000000710e00000|  0%| F|  |TAMS 0x0000000710c00000| PB 0x0000000710c00000| Untracked |  0
|  88|0x0000000710e00000, 0x0000000710e00000, 0x0000000711000000|  0%| F|  |TAMS 0x0000000710e00000| PB 0x0000000710e00000| Untracked |  0
|  89|0x0000000711000000, 0x0000000711000000, 0x0000000711200000|  0%| F|  |TAMS 0x0000000711000000| PB 0x0000000711000000| Untracked |  0
|  90|0x0000000711200000, 0x0000000711200000, 0x0000000711400000|  0%| F|  |TAMS 0x0000000711200000| PB 0x0000000711200000| Untracked |  0
|  91|0x0000000711400000, 0x0000000711400000, 0x0000000711600000|  0%| F|  |TAMS 0x0000000711400000| PB 0x0000000711400000| Untracked |  0
|  92|0x0000000711600000, 0x0000000711600000, 0x0000000711800000|  0%| F|  |TAMS 0x0000000711600000| PB 0x0000000711600000| Untracked |  0
|  93|0x0000000711800000, 0x0000000711800000, 0x0000000711a00000|  0%| F|  |TAMS 0x0000000711800000| PB 0x0000000711800000| Untracked |  0
|  94|0x0000000711a00000, 0x0000000711a00000, 0x0000000711c00000|  0%| F|  |TAMS 0x0000000711a00000| PB 0x0000000711a00000| Untracked |  0
|  95|0x0000000711c00000, 0x0000000711c00000, 0x0000000711e00000|  0%| F|  |TAMS 0x0000000711c00000| PB 0x0000000711c00000| Untracked |  0
|  96|0x0000000711e00000, 0x0000000711e00000, 0x0000000712000000|  0%| F|  |TAMS 0x0000000711e00000| PB 0x0000000711e00000| Untracked |  0
|  97|0x0000000712000000, 0x0000000712000000, 0x0000000712200000|  0%| F|  |TAMS 0x0000000712000000| PB 0x0000000712000000| Untracked |  0
|  98|0x0000000712200000, 0x0000000712200000, 0x0000000712400000|  0%| F|  |TAMS 0x0000000712200000| PB 0x0000000712200000| Untracked |  0
|  99|0x0000000712400000, 0x0000000712400000, 0x0000000712600000|  0%| F|  |TAMS 0x0000000712400000| PB 0x0000000712400000| Untracked |  0
| 100|0x0000000712600000, 0x0000000712600000, 0x0000000712800000|  0%| F|  |TAMS 0x0000000712600000| PB 0x0000000712600000| Untracked |  0
| 101|0x0000000712800000, 0x0000000712800000, 0x0000000712a00000|  0%| F|  |TAMS 0x0000000712800000| PB 0x0000000712800000| Untracked |  0
| 102|0x0000000712a00000, 0x0000000712a00000, 0x0000000712c00000|  0%| F|  |TAMS 0x0000000712a00000| PB 0x0000000712a00000| Untracked |  0
| 103|0x0000000712c00000, 0x0000000712c00000, 0x0000000712e00000|  0%| F|  |TAMS 0x0000000712c00000| PB 0x0000000712c00000| Untracked |  0
| 104|0x0000000712e00000, 0x0000000712e00000, 0x0000000713000000|  0%| F|  |TAMS 0x0000000712e00000| PB 0x0000000712e00000| Untracked |  0
| 105|0x0000000713000000, 0x0000000713000000, 0x0000000713200000|  0%| F|  |TAMS 0x0000000713000000| PB 0x0000000713000000| Untracked |  0
| 106|0x0000000713200000, 0x0000000713200000, 0x0000000713400000|  0%| F|  |TAMS 0x0000000713200000| PB 0x0000000713200000| Untracked |  0
| 107|0x0000000713400000, 0x0000000713400000, 0x0000000713600000|  0%| F|  |TAMS 0x0000000713400000| PB 0x0000000713400000| Untracked |  0
| 108|0x0000000713600000, 0x0000000713600000, 0x0000000713800000|  0%| F|  |TAMS 0x0000000713600000| PB 0x0000000713600000| Untracked |  0
| 109|0x0000000713800000, 0x0000000713800000, 0x0000000713a00000|  0%| F|  |TAMS 0x0000000713800000| PB 0x0000000713800000| Untracked |  0
| 110|0x0000000713a00000, 0x0000000713beb890, 0x0000000713c00000| 96%| E|  |TAMS 0x0000000713a00000| PB 0x0000000713a00000| Complete |  0
| 111|0x0000000713c00000, 0x0000000713e00000, 0x0000000713e00000|100%| E|CS|TAMS 0x0000000713c00000| PB 0x0000000713c00000| Complete |  0
| 112|0x0000000713e00000, 0x0000000714000000, 0x0000000714000000|100%| E|CS|TAMS 0x0000000713e00000| PB 0x0000000713e00000| Complete |  0
| 113|0x0000000714000000, 0x0000000714200000, 0x0000000714200000|100%| E|CS|TAMS 0x0000000714000000| PB 0x0000000714000000| Complete |  0
| 114|0x0000000714200000, 0x0000000714400000, 0x0000000714400000|100%| E|CS|TAMS 0x0000000714200000| PB 0x0000000714200000| Complete |  0
| 115|0x0000000714400000, 0x0000000714600000, 0x0000000714600000|100%| E|CS|TAMS 0x0000000714400000| PB 0x0000000714400000| Complete |  0
| 116|0x0000000714600000, 0x0000000714800000, 0x0000000714800000|100%| E|CS|TAMS 0x0000000714600000| PB 0x0000000714600000| Complete |  0
| 117|0x0000000714800000, 0x0000000714a00000, 0x0000000714a00000|100%| E|CS|TAMS 0x0000000714800000| PB 0x0000000714800000| Complete |  0
| 118|0x0000000714a00000, 0x0000000714c00000, 0x0000000714c00000|100%| E|CS|TAMS 0x0000000714a00000| PB 0x0000000714a00000| Complete |  0
| 119|0x0000000714c00000, 0x0000000714e00000, 0x0000000714e00000|100%| E|CS|TAMS 0x0000000714c00000| PB 0x0000000714c00000| Complete |  0
| 120|0x0000000714e00000, 0x0000000715000000, 0x0000000715000000|100%| E|CS|TAMS 0x0000000714e00000| PB 0x0000000714e00000| Complete |  0
| 121|0x0000000715000000, 0x0000000715200000, 0x0000000715200000|100%| E|CS|TAMS 0x0000000715000000| PB 0x0000000715000000| Complete |  0
| 122|0x0000000715200000, 0x0000000715400000, 0x0000000715400000|100%| E|CS|TAMS 0x0000000715200000| PB 0x0000000715200000| Complete |  0
| 123|0x0000000715400000, 0x0000000715600000, 0x0000000715600000|100%| E|CS|TAMS 0x0000000715400000| PB 0x0000000715400000| Complete |  0
| 124|0x0000000715600000, 0x0000000715800000, 0x0000000715800000|100%| E|CS|TAMS 0x0000000715600000| PB 0x0000000715600000| Complete |  0
| 125|0x0000000715800000, 0x0000000715a00000, 0x0000000715a00000|100%| E|CS|TAMS 0x0000000715800000| PB 0x0000000715800000| Complete |  0
|2000|0x00000007ffe00000, 0x00000007fff1c318, 0x0000000800000000| 55%| O|  |TAMS 0x00000007ffe00000| PB 0x00000007ffe00000| Untracked |  0

Card table byte_map: [0x000001e0c50f0000,0x000001e0c58d0000] _byte_map_base: 0x000001e0c18c1000

Marking Bits: (CMBitMap*) 0x000001e0ac5e17a0
 Bits: [0x000001e0c58d0000, 0x000001e0c9758000)

Polling page: 0x000001e0aa800000

Metaspace:

Usage:
  Non-class:     10.79 MB used.
      Class:      1.12 MB used.
       Both:     11.91 MB used.

Virtual space:
  Non-class space:       64.00 MB reserved,      10.94 MB ( 17%) committed,  1 nodes.
      Class space:        1.00 GB reserved,       1.25 MB ( <1%) committed,  1 nodes.
             Both:        1.06 GB reserved,      12.19 MB (  1%) committed. 

Chunk freelists:
   Non-Class:  4.98 MB
       Class:  14.74 MB
        Both:  19.72 MB

MaxMetaspaceSize: unlimited
CompressedClassSpaceSize: 1.00 GB
Initial GC threshold: 21.00 MB
Current GC threshold: 21.00 MB
CDS: on
 - commit_granule_bytes: 65536.
 - commit_granule_words: 8192.
 - virtual_space_node_default_size: 8388608.
 - enlarge_chunks_in_place: 1.
UseCompressedClassPointers 1, UseCompactObjectHeaders 0
Narrow klass pointer bits 32, Max shift 3
Narrow klass base: 0x000001e0cd000000, Narrow klass shift: 0
Encoding Range: [0x000001e0cd000000 - 0x000001e1cd000000), (4294967296 bytes)
Klass Range:    [0x000001e0cd000000 - 0x000001e10e000000), (1090519040 bytes)
Klass ID Range:  [8 - 1090519033) (1090519025)


Internal statistics:

num_allocs_failed_limit: 0.
num_arena_births: 132.
num_arena_deaths: 0.
num_vsnodes_births: 2.
num_vsnodes_deaths: 0.
num_space_committed: 195.
num_space_uncommitted: 0.
num_chunks_returned_to_freelist: 0.
num_chunks_taken_from_freelist: 185.
num_chunk_merges: 0.
num_chunk_splits: 112.
num_chunks_enlarged: 65.
num_inconsistent_stats: 0.

CodeHeap 'non-profiled nmethods': size=119232Kb used=715Kb max_used=715Kb free=118516Kb
 bounds [0x000001e0bcc10000, 0x000001e0bce80000, 0x000001e0c4080000]
CodeHeap 'profiled nmethods': size=119104Kb used=4327Kb max_used=4327Kb free=114777Kb
 bounds [0x000001e0b5080000, 0x000001e0b54c0000, 0x000001e0bc4d0000]
CodeHeap 'non-nmethods': size=7424Kb used=1534Kb max_used=3265Kb free=5889Kb
 bounds [0x000001e0bc4d0000, 0x000001e0bc810000, 0x000001e0bcc10000]
CodeCache: size=245760Kb, used=6576Kb, max_used=8307Kb, free=239182Kb
 total_blobs=3374, nmethods=2666, adapters=613, full_count=0
Compilation: enabled, stopped_count=0, restarted_count=0

Compilation events (20 events):
Event: 21.418 Thread 0x000001e0cc7cb210 2657       3       sun.java2d.marlin.Stroker::isCW (18 bytes)
Event: 21.418 Thread 0x000001e0cc7cb210 nmethod 2657 0x000001e0b54b5808 code [0x000001e0b54b5920, 0x000001e0b54b5a80]
Event: 21.418 Thread 0x000001e0cc7cb210 2658       3       sun.java2d.marlin.Stroker::drawMiter (197 bytes)
Event: 21.418 Thread 0x000001e0cc7ca690 2660 %     4       sun.java2d.marlin.Renderer::_endRendering @ 808 (2646 bytes)
Event: 21.418 Thread 0x000001e0cc7cb210 nmethod 2658 0x000001e0b54b5b08 code [0x000001e0b54b5c60, 0x000001e0b54b6220]
Event: 21.418 Thread 0x000001e0cc7cb210 2659       3       sun.java2d.marlin.Stroker::emitLineTo (21 bytes)
Event: 21.419 Thread 0x000001e0cc7cb210 nmethod 2659 0x000001e0b54b6288 code [0x000001e0b54b63c0, 0x000001e0b54b6588]
Event: 21.432 Thread 0x000001e0cc7cb210 2661       3       java.awt.image.SinglePixelPackedSampleModel::<init> (243 bytes)
Event: 21.433 Thread 0x000001e0cc7cb210 nmethod 2661 0x000001e0b54b6608 code [0x000001e0b54b6820, 0x000001e0b54b7530]
Event: 21.433 Thread 0x000001e0cc7cb210 2662       3       sun.java2d.SunGraphics2D::makeHints (183 bytes)
Event: 21.434 Thread 0x000001e0cc7cb210 nmethod 2662 0x000001e0b54b7588 code [0x000001e0b54b7820, 0x000001e0b54b8620]
Event: 21.496 Thread 0x000001e0cc7ca690 nmethod 2660% 0x000001e0bccbd208 code [0x000001e0bccbd4c0, 0x000001e0bccc2968]
Event: 21.595 Thread 0x000001e0cc7ca690 2663       4       java.awt.EventQueue::eventToCacheIndex (80 bytes)
Event: 21.596 Thread 0x000001e0cc7ca690 nmethod 2663 0x000001e0bccc2a08 code [0x000001e0bccc2b00, 0x000001e0bccc2c08]
Event: 22.614 Thread 0x000001e0cc7cb210 2664       3       sun.awt.AWTAccessor::getAWTEventAccessor (19 bytes)
Event: 22.615 Thread 0x000001e0cc7cb210 nmethod 2664 0x000001e0b54b8708 code [0x000001e0b54b8880, 0x000001e0b54b8dd8]
Event: 2760.388 Thread 0x000001e0cc7cb210 2665   !   3       java.lang.Object::wait (59 bytes)
Event: 2760.389 Thread 0x000001e0cc7cb210 nmethod 2665 0x000001e0b54b8e08 code [0x000001e0b54b8f80, 0x000001e0b54b9500]
Event: 7560.871 Thread 0x000001e0cc7cb210 2666       3       java.lang.ref.ReferenceQueue::poll0 (65 bytes)
Event: 7560.874 Thread 0x000001e0cc7cb210 nmethod 2666 0x000001e0b54b9588 code [0x000001e0b54b96c0, 0x000001e0b54b9ba0]

GC Heap History (0 events):
No events

Dll operation events (10 events):
Event: 0.007 Loaded shared library C:\Program Files\Apache NetBeans\jdk\bin\java.dll
Event: 0.030 Loaded shared library C:\Program Files\Apache NetBeans\jdk\bin\jsvml.dll
Event: 0.051 Loaded shared library C:\Program Files\Apache NetBeans\jdk\bin\net.dll
Event: 0.052 Loaded shared library C:\Program Files\Apache NetBeans\jdk\bin\nio.dll
Event: 0.074 Loaded shared library C:\Program Files\Apache NetBeans\jdk\bin\zip.dll
Event: 0.085 Loaded shared library C:\Program Files\Apache NetBeans\jdk\bin\jimage.dll
Event: 0.092 Loaded shared library C:\Program Files\Apache NetBeans\jdk\bin\awt.dll
Event: 0.246 Loaded shared library C:\Program Files\Apache NetBeans\jdk\bin\verify.dll
Event: 0.306 Loaded shared library C:\Program Files\Apache NetBeans\jdk\bin\freetype.dll
Event: 0.307 Loaded shared library C:\Program Files\Apache NetBeans\jdk\bin\fontmanager.dll

Deoptimization events (20 events):
Event: 6.499 Thread 0x000001e112496ac0 Uncommon trap: trap_request=0xffffff4d fr.pc=0x000001e0bcc77c80 relative=0x0000000000000940
Event: 6.499 Thread 0x000001e112496ac0 Uncommon trap: reason=unstable_if action=reinterpret pc=0x000001e0bcc77c80 method=java.util.concurrent.ConcurrentHashMap.putVal(Ljava/lang/Object;Ljava/lang/Object;Z)Ljava/lang/Object; @ 219 c2
Event: 6.499 Thread 0x000001e112496ac0 DEOPT PACKING pc=0x000001e0bcc77c80 sp=0x00000047a7cfdac0
Event: 6.499 Thread 0x000001e112496ac0 DEOPT UNPACKING pc=0x000001e0bc5e8582 sp=0x00000047a7cfda10 mode 2
Event: 6.512 Thread 0x000001e112496ac0 Uncommon trap: trap_request=0xffffff5c fr.pc=0x000001e0bcc5a564 relative=0x0000000000000064
Event: 6.512 Thread 0x000001e112496ac0 Uncommon trap: reason=speculate_null_check action=make_not_entrant pc=0x000001e0bcc5a564 method=jdk.internal.misc.Unsafe.getCharUnaligned(Ljava/lang/Object;JZ)C @ 5 c2
Event: 6.512 Thread 0x000001e112496ac0 DEOPT PACKING pc=0x000001e0bcc5a564 sp=0x00000047a7cfd5d0
Event: 6.512 Thread 0x000001e112496ac0 DEOPT UNPACKING pc=0x000001e0bc5e8582 sp=0x00000047a7cfd528 mode 2
Event: 6.539 Thread 0x000001e112496ac0 DEOPT PACKING pc=0x000001e0b529e920 sp=0x00000047a7cfdd90
Event: 6.539 Thread 0x000001e112496ac0 DEOPT UNPACKING pc=0x000001e0bc525722 sp=0x00000047a7cfd218 mode 0
Event: 6.857 Thread 0x000001e112496ac0 DEOPT PACKING pc=0x000001e0b53db554 sp=0x00000047a7cfd7a0
Event: 6.857 Thread 0x000001e112496ac0 DEOPT UNPACKING pc=0x000001e0bc525722 sp=0x00000047a7cfcc10 mode 0
Event: 6.863 Thread 0x000001e112496ac0 Uncommon trap: trap_request=0xffffff4d fr.pc=0x000001e0bcc99930 relative=0x0000000000000dd0
Event: 6.863 Thread 0x000001e112496ac0 Uncommon trap: reason=unstable_if action=reinterpret pc=0x000001e0bcc99930 method=java.awt.Container.findComponentAtImpl(IIZ)Ljava/awt/Component; @ 131 c2
Event: 6.863 Thread 0x000001e112496ac0 DEOPT PACKING pc=0x000001e0bcc99930 sp=0x00000047a7cfefb0
Event: 6.863 Thread 0x000001e112496ac0 DEOPT UNPACKING pc=0x000001e0bc5e8582 sp=0x00000047a7cfef60 mode 2
Event: 22.623 Thread 0x000001e112496ac0 Uncommon trap: trap_request=0xffffff4d fr.pc=0x000001e0bccb57e4 relative=0x0000000000002fe4
Event: 22.623 Thread 0x000001e112496ac0 Uncommon trap: reason=unstable_if action=reinterpret pc=0x000001e0bccb57e4 method=java.awt.EventQueue.getPriority(Ljava/awt/AWTEvent;)I @ 22 c2
Event: 22.623 Thread 0x000001e112496ac0 DEOPT PACKING pc=0x000001e0bccb57e4 sp=0x00000047a7cff330
Event: 22.623 Thread 0x000001e112496ac0 DEOPT UNPACKING pc=0x000001e0bc5e8582 sp=0x00000047a7cff1e8 mode 2

Classes loaded (20 events):
Event: 6.586 Loading class javax/swing/event/AncestorEvent
Event: 6.586 Loading class javax/swing/event/AncestorEvent done
Event: 7.352 Loading class java/text/DecimalFormat$NumericPosition
Event: 7.354 Loading class java/text/DecimalFormat$NumericPosition done
Event: 7.360 Loading class java/awt/KeyboardFocusManager$2
Event: 7.360 Loading class java/awt/KeyboardFocusManager$2 done
Event: 10.143 Loading class javax/swing/JToggleButton$1
Event: 10.143 Loading class javax/swing/JToggleButton$1 done
Event: 10.145 Loading class java/awt/geom/Arc2D$Float
Event: 10.145 Loading class java/awt/geom/Arc2D
Event: 10.145 Loading class java/awt/geom/Arc2D done
Event: 10.145 Loading class java/awt/geom/Arc2D$Float done
Event: 10.145 Loading class java/awt/geom/ArcIterator
Event: 10.146 Loading class java/awt/geom/ArcIterator done
Event: 21.696 Loading class java/awt/Canvas
Event: 21.696 Loading class java/awt/Canvas done
Event: 21.696 Loading class java/awt/Scrollbar
Event: 21.696 Loading class java/awt/Scrollbar done
Event: 22.602 Loading class sun/awt/SunToolkit$1
Event: 22.602 Loading class sun/awt/SunToolkit$1 done

Classes unloaded (0 events):
No events

Classes redefined (0 events):
No events

Internal exceptions (20 events):
Event: 0.186 Thread 0x000001e0aa2eef70 Exception <a 'java/lang/NoSuchMethodError'{0x000000071523a6a8}: 'java.lang.Object java.lang.invoke.DirectMethodHandle$Holder.newInvokeSpecial(java.lang.Object, java.lang.Object, java.lang.Object, java.lang.Object, java.lang.Object)'> (0x000000071523a6a8) 
thrown [s\src\hotspot\share\interpreter\linkResolver.cpp, line 805]
Event: 0.192 Thread 0x000001e0aa2eef70 Exception <a 'java/lang/NoSuchMethodError'{0x00000007152a27f0}: 'java.lang.Object java.lang.invoke.DirectMethodHandle$Holder.invokeStatic(java.lang.Object, int, java.lang.Object)'> (0x00000007152a27f0) 
thrown [s\src\hotspot\share\interpreter\linkResolver.cpp, line 805]
Event: 0.216 Thread 0x000001e0aa2eef70 Exception <a 'java/lang/ClassNotFoundException'{0x00000007150d0ed8}: com/sun/swing/internal/plaf/metal/resources/spi/metalProvider> (0x00000007150d0ed8) 
thrown [s\src\hotspot\share\classfile\systemDictionary.cpp, line 327]
Event: 0.216 Thread 0x000001e0aa2eef70 Exception <a 'java/lang/ClassNotFoundException'{0x00000007150d48e8}: com/sun/swing/internal/plaf/basic/resources/spi/basicProvider> (0x00000007150d48e8) 
thrown [s\src\hotspot\share\classfile\systemDictionary.cpp, line 327]
Event: 0.225 Thread 0x000001e0aa2eef70 Exception <a 'java/lang/NoSuchMethodError'{0x00000007151025f0}: 'int java.lang.invoke.Invokers$Holder.invokeExact_MT(java.lang.Object, java.lang.Object)'> (0x00000007151025f0) 
thrown [s\src\hotspot\share\interpreter\linkResolver.cpp, line 805]
Event: 0.314 Thread 0x000001e0aa2eef70 Exception <a 'java/lang/NoSuchMethodError'{0x0000000714fcb080}: 'long java.lang.invoke.DirectMethodHandle$Holder.invokeStaticInit(java.lang.Object, long, long, long, long)'> (0x0000000714fcb080) 
thrown [s\src\hotspot\share\interpreter\linkResolver.cpp, line 805]
Event: 0.314 Thread 0x000001e0aa2eef70 Exception <a 'java/lang/NoSuchMethodError'{0x0000000714fd3a88}: 'java.lang.Object java.lang.invoke.DirectMethodHandle$Holder.invokeInterface(java.lang.Object, java.lang.Object, long, long)'> (0x0000000714fd3a88) 
thrown [s\src\hotspot\share\interpreter\linkResolver.cpp, line 805]
Event: 0.315 Thread 0x000001e0aa2eef70 Exception <a 'java/lang/NoSuchMethodError'{0x0000000714fec600}: 'void java.lang.invoke.DirectMethodHandle$Holder.invokeStaticInit(java.lang.Object, java.lang.Object, long, java.lang.Object)'> (0x0000000714fec600) 
thrown [s\src\hotspot\share\interpreter\linkResolver.cpp, line 805]
Event: 0.316 Thread 0x000001e0aa2eef70 Exception <a 'java/lang/NoSuchMethodError'{0x0000000714ff51e8}: 'long java.lang.invoke.DirectMethodHandle$Holder.invokeStatic(java.lang.Object, long, long)'> (0x0000000714ff51e8) 
thrown [s\src\hotspot\share\interpreter\linkResolver.cpp, line 805]
Event: 0.319 Thread 0x000001e0aa2eef70 Exception <a 'java/lang/NoSuchMethodError'{0x0000000714c1f5e0}: 'java.lang.Object java.lang.invoke.DirectMethodHandle$Holder.newInvokeSpecial(java.lang.Object, int, java.lang.Object)'> (0x0000000714c1f5e0) 
thrown [s\src\hotspot\share\interpreter\linkResolver.cpp, line 805]
Event: 0.344 Thread 0x000001e0aa2eef70 Exception <a 'java/lang/NoSuchMethodError'{0x0000000714c92d18}: 'void java.lang.invoke.DelegatingMethodHandle$Holder.reinvoke_L(java.lang.Object, java.lang.Object, java.lang.Object, java.lang.Object, long, long, float)'> (0x0000000714c92d18) 
thrown [s\src\hotspot\share\interpreter\linkResolver.cpp, line 805]
Event: 0.346 Thread 0x000001e0aa2eef70 Exception <a 'java/lang/NoSuchMethodError'{0x0000000714cb3368}: 'java.lang.Object java.lang.invoke.DirectMethodHandle$Holder.invokeStatic(java.lang.Object, java.lang.Object, java.lang.Object, java.lang.Object, java.lang.Object, long)'> (0x0000000714cb3368) 
thrown [s\src\hotspot\share\interpreter\linkResolver.cpp, line 805]
Event: 0.350 Thread 0x000001e0aa2eef70 Exception <a 'java/lang/NoSuchMethodError'{0x0000000714cf6ac8}: 'float java.lang.invoke.DelegatingMethodHandle$Holder.reinvoke_L(java.lang.Object, java.lang.Object, java.lang.Object, java.lang.Object, long, long)'> (0x0000000714cf6ac8) 
thrown [s\src\hotspot\share\interpreter\linkResolver.cpp, line 805]
Event: 0.461 Thread 0x000001e112105eb0 Exception <a 'java/lang/NoSuchMethodError'{0x0000000715509bf8}: 'void java.lang.invoke.DirectMethodHandle$Holder.invokeVirtual(java.lang.Object, java.lang.Object)'> (0x0000000715509bf8) 
thrown [s\src\hotspot\share\interpreter\linkResolver.cpp, line 805]
Event: 0.474 Thread 0x000001e0aa2eef70 Exception <a 'java/lang/NoSuchMethodError'{0x000000071487d9a0}: 'void java.lang.invoke.DirectMethodHandle$Holder.invokeStaticInit(java.lang.Object)'> (0x000000071487d9a0) 
thrown [s\src\hotspot\share\interpreter\linkResolver.cpp, line 805]
Event: 0.556 Thread 0x000001e112496ac0 Exception <a 'java/io/FileNotFoundException'{0x0000000714656de8}> (0x0000000714656de8) 
thrown [s\src\hotspot\share\prims\jni.cpp, line 518]
Event: 0.562 Thread 0x000001e112496ac0 Exception <a 'java/io/FileNotFoundException'{0x00000007146707a0}> (0x00000007146707a0) 
thrown [s\src\hotspot\share\prims\jni.cpp, line 518]
Event: 0.761 Thread 0x000001e112496ac0 Implicit null exception at 0x000001e0bcc79575 to 0x000001e0bcc79628
Event: 6.510 Thread 0x000001e112496ac0 Exception <a 'java/lang/NoSuchMethodError'{0x0000000713c19dc8}: 'int java.lang.invoke.DelegatingMethodHandle$Holder.reinvoke_L(java.lang.Object, java.lang.Object, java.lang.Object, java.lang.Object, long, long)'> (0x0000000713c19dc8) 
thrown [s\src\hotspot\share\interpreter\linkResolver.cpp, line 805]
Event: 6.532 Thread 0x000001e112496ac0 Exception <a 'java/lang/NoSuchMethodError'{0x0000000713c86608}: 'void java.lang.invoke.DirectMethodHandle$Holder.invokeStatic(java.lang.Object, java.lang.Object)'> (0x0000000713c86608) 
thrown [s\src\hotspot\share\interpreter\linkResolver.cpp, line 805]

VM Operations (20 events):
Event: 0.300 Executing VM operation: HandshakeAllThreads (Deoptimize)
Event: 0.300 Executing VM operation: HandshakeAllThreads (Deoptimize) done
Event: 0.300 Executing VM operation: HandshakeAllThreads (Deoptimize)
Event: 0.300 Executing VM operation: HandshakeAllThreads (Deoptimize) done
Event: 0.318 Executing VM operation: HandshakeAllThreads (Deoptimize)
Event: 0.318 Executing VM operation: HandshakeAllThreads (Deoptimize) done
Event: 0.436 Executing VM operation: HandshakeAllThreads (Deoptimize)
Event: 0.437 Executing VM operation: HandshakeAllThreads (Deoptimize) done
Event: 0.455 Executing VM operation: HandshakeAllThreads (Deoptimize)
Event: 0.455 Executing VM operation: HandshakeAllThreads (Deoptimize) done
Event: 0.464 Executing VM operation: HandshakeAllThreads (Deoptimize)
Event: 0.464 Executing VM operation: HandshakeAllThreads (Deoptimize) done
Event: 0.521 Executing VM operation: HandshakeAllThreads (Deoptimize)
Event: 0.521 Executing VM operation: HandshakeAllThreads (Deoptimize) done
Event: 6.528 Executing VM operation: HandshakeAllThreads (Deoptimize)
Event: 6.528 Executing VM operation: HandshakeAllThreads (Deoptimize) done
Event: 60.158 Executing VM operation: HandshakeAllThreads (HandshakeForDeflation)
Event: 60.158 Executing VM operation: HandshakeAllThreads (HandshakeForDeflation) done
Event: 60.158 Executing VM operation: RendezvousGCThreads
Event: 60.158 Executing VM operation: RendezvousGCThreads done

Memory protections (0 events):
No events

Nmethod flushes (0 events):
No events

Events (20 events):
Event: 0.067 Thread 0x000001e0aa2eef70 Thread added: 0x000001e0cca1ad20
Event: 0.139 Thread 0x000001e0aa2eef70 Thread added: 0x000001e112326070
Event: 0.139 Thread 0x000001e0aa2eef70 Thread added: 0x000001e0ccbc0a50
Event: 0.140 Thread 0x000001e0aa2eef70 Thread added: 0x000001e112105eb0
Event: 0.187 Thread 0x000001e0cc945700 Thread exited: 0x000001e0cc945700
Event: 0.263 Thread 0x000001e0cc7ca690 Thread added: 0x000001e1124c1600
Event: 0.295 Thread 0x000001e1124c1600 Thread added: 0x000001e1124d3600
Event: 0.355 Thread 0x000001e0aa2eef70 Thread added: 0x000001e112496ac0
Event: 0.439 Thread 0x000001e0aa2eef70 Thread added: 0x000001e1125c8680
Event: 0.533 Thread 0x000001e0aa2eef70 Thread exited: 0x000001e0aa2eef70
Event: 0.533 Thread 0x000001e0aa2eef70 Thread added: 0x000001e0aa2eef70
Event: 0.806 Thread 0x000001e112496ac0 Thread added: 0x000001e11271ccb0
Event: 1.104 Thread 0x000001e1124d3600 Thread exited: 0x000001e1124d3600
Event: 1.104 Thread 0x000001e1124c1600 Thread exited: 0x000001e1124c1600
Event: 1.905 Thread 0x000001e0cc8c7ae0 Thread exited: 0x000001e0cc8c7ae0
Event: 5.445 Thread 0x000001e1125c8680 Thread exited: 0x000001e1125c8680
Event: 6.512 Thread 0x000001e0cc8c6bc0 Thread added: 0x000001e0cc874860
Event: 8.753 Thread 0x000001e0cc874860 Thread exited: 0x000001e0cc874860
Event: 8.753 Thread 0x000001e0cc8c7350 Thread exited: 0x000001e0cc8c7350
Event: 8.753 Thread 0x000001e0cc8c6bc0 Thread exited: 0x000001e0cc8c6bc0


Dynamic libraries:
0x00007ff635500000 - 0x00007ff63550e000 	C:\Program Files\Apache NetBeans\jdk\bin\java.exe
0x00007ff9d5f00000 - 0x00007ff9d6169000 	C:\WINDOWS\SYSTEM32\ntdll.dll
0x00007ff9d5090000 - 0x00007ff9d5159000 	C:\WINDOWS\System32\KERNEL32.DLL
0x00007ff9d3370000 - 0x00007ff9d3763000 	C:\WINDOWS\System32\KERNELBASE.dll
0x00007ff9d3ad0000 - 0x00007ff9d3c1b000 	C:\WINDOWS\System32\ucrtbase.dll
0x00007ff9a0910000 - 0x00007ff9a0926000 	C:\Program Files\Apache NetBeans\jdk\bin\jli.dll
0x00007ff9aca80000 - 0x00007ff9aca9e000 	C:\Program Files\Apache NetBeans\jdk\bin\VCRUNTIME140.dll
0x00007ff9d4690000 - 0x00007ff9d4854000 	C:\WINDOWS\System32\USER32.dll
0x00007ff9d32b0000 - 0x00007ff9d32d7000 	C:\WINDOWS\System32\win32u.dll
0x00007ff9b99e0000 - 0x00007ff9b9c73000 	C:\WINDOWS\WinSxS\amd64_microsoft.windows.common-controls_6595b64144ccf1df_6.0.26100.5074_none_3e0d6f78e32fd63f\COMCTL32.dll
0x00007ff9d55f0000 - 0x00007ff9d561b000 	C:\WINDOWS\System32\GDI32.dll
0x00007ff9d5e10000 - 0x00007ff9d5eb9000 	C:\WINDOWS\System32\msvcrt.dll
0x00007ff9d3770000 - 0x00007ff9d389d000 	C:\WINDOWS\System32\gdi32full.dll
0x00007ff9d3c20000 - 0x00007ff9d3cc3000 	C:\WINDOWS\System32\msvcp_win.dll
0x00007ff9d4600000 - 0x00007ff9d462f000 	C:\WINDOWS\System32\IMM32.DLL
0x00007ff9ac280000 - 0x00007ff9ac28c000 	C:\Program Files\Apache NetBeans\jdk\bin\vcruntime140_1.dll
0x00007ff995080000 - 0x00007ff99510d000 	C:\Program Files\Apache NetBeans\jdk\bin\msvcp140.dll
0x00007ff8dde30000 - 0x00007ff8decac000 	C:\Program Files\Apache NetBeans\jdk\bin\server\jvm.dll
0x00007ff9d4860000 - 0x00007ff9d4914000 	C:\WINDOWS\System32\ADVAPI32.dll
0x00007ff9d5b00000 - 0x00007ff9d5ba6000 	C:\WINDOWS\System32\sechost.dll
0x00007ff9d5840000 - 0x00007ff9d5958000 	C:\WINDOWS\System32\RPCRT4.dll
0x00007ff9d5620000 - 0x00007ff9d5694000 	C:\WINDOWS\System32\WS2_32.dll
0x00007ff9d1ca0000 - 0x00007ff9d1cfe000 	C:\WINDOWS\SYSTEM32\POWRPROF.dll
0x00007ff9c8120000 - 0x00007ff9c8155000 	C:\WINDOWS\SYSTEM32\WINMM.dll
0x00007ff9cba50000 - 0x00007ff9cba5b000 	C:\WINDOWS\SYSTEM32\VERSION.dll
0x00007ff9d1c80000 - 0x00007ff9d1c94000 	C:\WINDOWS\SYSTEM32\UMPDC.dll
0x00007ff9d1f90000 - 0x00007ff9d1fab000 	C:\WINDOWS\SYSTEM32\kernel.appcore.dll
0x00007ff9ac270000 - 0x00007ff9ac27a000 	C:\Program Files\Apache NetBeans\jdk\bin\jimage.dll
0x00007ff9d08c0000 - 0x00007ff9d0b02000 	C:\WINDOWS\SYSTEM32\DBGHELP.DLL
0x00007ff9d4920000 - 0x00007ff9d4c9b000 	C:\WINDOWS\System32\combase.dll
0x00007ff9d4f10000 - 0x00007ff9d4fe7000 	C:\WINDOWS\System32\OLEAUT32.dll
0x00007ff9a1490000 - 0x00007ff9a14cd000 	C:\WINDOWS\SYSTEM32\dbgcore.DLL
0x00007ff9d3090000 - 0x00007ff9d3129000 	C:\WINDOWS\System32\bcryptPrimitives.dll
0x00007ff9a1d60000 - 0x00007ff9a1d7e000 	C:\Program Files\Apache NetBeans\jdk\bin\java.dll
0x00007ff9d56a0000 - 0x00007ff9d5838000 	C:\WINDOWS\System32\ole32.dll
0x00007ff9d3e30000 - 0x00007ff9d457d000 	C:\WINDOWS\System32\SHELL32.dll
0x00007ff9d38a0000 - 0x00007ff9d3a0c000 	C:\WINDOWS\System32\wintypes.dll
0x00007ff9d0cd0000 - 0x00007ff9d1529000 	C:\WINDOWS\SYSTEM32\windows.storage.dll
0x00007ff9d5960000 - 0x00007ff9d5a50000 	C:\WINDOWS\System32\SHCORE.dll
0x00007ff9d5bb0000 - 0x00007ff9d5c12000 	C:\WINDOWS\System32\shlwapi.dll
0x00007ff9d2fb0000 - 0x00007ff9d2fd9000 	C:\WINDOWS\SYSTEM32\profapi.dll
0x00007ff9433d0000 - 0x00007ff9434a7000 	C:\Program Files\Apache NetBeans\jdk\bin\jsvml.dll
0x00007ff9a1d50000 - 0x00007ff9a1d60000 	C:\Program Files\Apache NetBeans\jdk\bin\net.dll
0x00007ff9d2510000 - 0x00007ff9d257b000 	C:\WINDOWS\system32\mswsock.dll
0x00007ff99d250000 - 0x00007ff99d266000 	C:\Program Files\Apache NetBeans\jdk\bin\nio.dll
0x00007ff99e060000 - 0x00007ff99e077000 	C:\Program Files\Apache NetBeans\jdk\bin\zip.dll
0x00007ff92b200000 - 0x00007ff92b37e000 	C:\Program Files\Apache NetBeans\jdk\bin\awt.dll
0x00007ff9cf950000 - 0x00007ff9cf9ee000 	C:\WINDOWS\SYSTEM32\apphelp.dll
0x00007ff9cfb20000 - 0x00007ff9cfb4b000 	C:\WINDOWS\system32\DWMAPI.DLL
0x00007ff9cfa70000 - 0x00007ff9cfb18000 	C:\WINDOWS\system32\uxtheme.dll
0x00007ff92add0000 - 0x00007ff92aedc000 	C:\WINDOWS\system32\opengl32.dll
0x00007ff92ad80000 - 0x00007ff92adad000 	C:\WINDOWS\SYSTEM32\GLU32.dll
0x00007ff9d0130000 - 0x00007ff9d0174000 	C:\WINDOWS\SYSTEM32\dxcore.dll
0x00007ff9d3cd0000 - 0x00007ff9d3e28000 	C:\WINDOWS\System32\MSCTF.dll
0x00007ff9a0bd0000 - 0x00007ff9a0be0000 	C:\Program Files\Apache NetBeans\jdk\bin\verify.dll
0x00007ff988140000 - 0x00007ff9881c7000 	C:\Program Files\Apache NetBeans\jdk\bin\freetype.dll
0x00007ff938a40000 - 0x00007ff938b29000 	C:\Program Files\Apache NetBeans\jdk\bin\fontmanager.dll
0x00007ff9d5c20000 - 0x00007ff9d5cd1000 	C:\WINDOWS\System32\clbcatq.dll
0x00007ff9cde30000 - 0x00007ff9ce05f000 	C:\WINDOWS\SYSTEM32\WindowsCodecs.dll
0x00007ff99eca0000 - 0x00007ff99ecfa000 	C:\WINDOWS\system32\dataexchange.dll
0x00007ff9c30f0000 - 0x00007ff9c3329000 	C:\WINDOWS\system32\twinapi.appcore.dll
0x00007ff9ca660000 - 0x00007ff9ca7a9000 	C:\WINDOWS\SYSTEM32\textinputframework.dll
0x00007ff9cf690000 - 0x00007ff9cf7b5000 	C:\WINDOWS\SYSTEM32\CoreMessaging.dll
0x00007ff9cb4d0000 - 0x00007ff9cb7b3000 	C:\WINDOWS\SYSTEM32\CoreUIComponents.dll
0x00007ff9d27d0000 - 0x00007ff9d27dc000 	C:\WINDOWS\SYSTEM32\CRYPTBASE.DLL

JVMTI agents: none

dbghelp: loaded successfully - version: 4.0.5 - missing functions: none
symbol engine: initialized successfully - sym options: 0x614 - pdb path: .;C:\Program Files\Apache NetBeans\jdk\bin;C:\WINDOWS\SYSTEM32;C:\WINDOWS\WinSxS\amd64_microsoft.windows.common-controls_6595b64144ccf1df_6.0.26100.5074_none_3e0d6f78e32fd63f;C:\Program Files\Apache NetBeans\jdk\bin\server

VM Arguments:
jvm_args: -Dfile.encoding=UTF-8 --module-path=C:\Users\Istiak\Documents\NetBeansProjects\Bank Management System\build\classes 
java_command: bank.management.system.SignupOne
java_class_path (initial): C:\Users\Istiak\Downloads\jcalendar-1.4\lib\jcalendar-1.4.jar;C:\Users\Istiak\Downloads\mysql-connector-java-8.0.28.jar;C:\Users\Istiak\Documents\NetBeansProjects\Bank Management System\build\classes
Launcher Type: SUN_STANDARD

[Global flags]
     intx CICompilerCount                          = 12                                        {product} {ergonomic}
     uint ConcGCThreads                            = 3                                         {product} {ergonomic}
     uint G1ConcRefinementThreads                  = 13                                        {product} {ergonomic}
   size_t G1HeapRegionSize                         = 2097152                                   {product} {ergonomic}
   size_t InitialHeapSize                          = 264241152                                 {product} {ergonomic}
   size_t MarkStackSize                            = 4194304                                   {product} {ergonomic}
   size_t MarkStackSizeMax                         = 536870912                                 {product} {ergonomic}
   size_t MaxHeapSize                              = 4196401152                                {product} {ergonomic}
   size_t MaxNewSize                               = 2516582400                                {product} {ergonomic}
   size_t MinHeapDeltaBytes                        = 2097152                                   {product} {ergonomic}
   size_t MinHeapSize                              = 8388608                                   {product} {ergonomic}
    uintx NonNMethodCodeHeapSize                   = 7602176                                {pd product} {ergonomic}
    uintx NonProfiledCodeHeapSize                  = 122093568                              {pd product} {ergonomic}
     bool PerfDisableSharedMem                     = true                                      {product} {ergonomic}
    uintx ProfiledCodeHeapSize                     = 121962496                              {pd product} {ergonomic}
    uintx ReservedCodeCacheSize                    = 251658240                              {pd product} {ergonomic}
     bool SegmentedCodeCache                       = true                                      {product} {ergonomic}
   size_t SoftMaxHeapSize                          = 4196401152                             {manageable} {ergonomic}
     bool UseCompressedOops                        = true                           {product lp64_product} {ergonomic}
     bool UseG1GC                                  = true                                      {product} {ergonomic}
     bool UseLargePagesIndividualAllocation        = false                                  {pd product} {ergonomic}

Logging:
Log output configuration:
 #0: stdout all=warning uptime,level,tags foldmultilines=false
 #1: stderr all=off uptime,level,tags foldmultilines=false

Environment Variables:
JAVA_HOME=C:\Program Files\Eclipse Adoptium\jdk-17.0.15.6-hotspot\
PATH=C:\Program Files\Eclipse Adoptium\jdk-17.0.15.6-hotspot\bin;C:\Program Files (x86)\Common Files\Oracle\Java\java8path;C:\Program Files (x86)\Common Files\Oracle\Java\javapath;C:\Program Files (x86)\Common Files\Intel\Shared Libraries\redist\intel64\compiler;C:\Windows\system32;C:\Windows;C:\Windows\System32\Wbem;C:\Windows\System32\WindowsPowerShell\v1.0\;C:\Windows\System32\OpenSSH\;C:\Program Files (x86)\NVIDIA Corporation\PhysX\Common;C:\Program Files\steghide;C:\WINDOWS\system32;C:\WINDOWS;C:\WINDOWS\System32\Wbem;C:\WINDOWS\System32\WindowsPowerShell\v1.0\;C:\WINDOWS\System32\OpenSSH\;C:\Program Files\NVIDIA Corporation\NVIDIA app\NvDLISR;C:\Program Files\Git\cmd;C:\Program Files\dotnet\;C:\Users\Istiak\AppData\Local\Programs\Python\Python39\Scripts\;C:\Users\Istiak\AppData\Local\Programs\Python\Python39\;C:\Users\Istiak\AppData\Local\Microsoft\WindowsApps;C:\Users\Istiak\AppData\Local\Programs\Microsoft VS Code\bin;C:\msys64\ucrt64\bin;C:\Users\Istiak\AppData\Local\Programs\Microsoft VS Code\bin;C:\Users\Istiak\AppData\Local\GitHubDesktop\bin
USERNAME=Istiak
OS=Windows_NT
PROCESSOR_IDENTIFIER=Intel64 Family 6 Model 154 Stepping 3, GenuineIntel
TMP=C:\Users\Istiak\AppData\Local\Temp
TEMP=C:\Users\Istiak\AppData\Local\Temp




Periodic native trim disabled

---------------  S Y S T E M  ---------------

OS:
 Windows 11 , 64 bit Build 26100 (10.0.26100.5074)
OS uptime: 2 days 15:46 hours
Hyper-V role detected

CPU: total 16 (initial active 16) (8 cores per cpu, 2 threads per core) family 6 model 154 stepping 3 microcode 0x434, cx8, cmov, fxsr, ht, mmx, 3dnowpref, sse, sse2, sse3, ssse3, sse4.1, sse4.2, popcnt, lzcnt, tsc, tscinvbit, avx, avx2, aes, erms, clmul, bmi1, bmi2, adx, sha, fma, vzeroupper, clflush, clflushopt, clwb, hv, serialize, rdtscp, rdpid, fsrm, gfni, f16c, cet_ibt, cet_ss
Processor Information for the first 16 processors :
  Max Mhz: 2500, Current Mhz: 2500, Mhz Limit: 2500

Memory: 4k page, system-wide physical 16004M (2920M free)
TotalPageFile size 48550M (AvailPageFile size 767M)
current process WorkingSet (physical memory assigned to process): 19M, peak: 116M
current process commit charge ("private bytes"): 375M, peak: 388M

vm_info: OpenJDK 64-Bit Server VM (24.0.2+12) for windows-amd64 JRE (24.0.2+12) (Zulu24.32+13-CA), built on 2025-07-11T12:45:44Z with MS VC++ 17.1 (VS2022)

END.
