#
# A fatal error has been detected by the Java Runtime Environment:
#
#  EXCEPTION_ACCESS_VIOLATION (0xc0000005) at pc=0x00007ff92b2dad89, pid=5556, tid=10868
#
# JRE version: OpenJDK Runtime Environment Zulu24.32+13-CA (24.0.2+12) (build 24.0.2+12)
# Java VM: OpenJDK 64-Bit Server VM Zulu24.32+13-CA (24.0.2+12, mixed mode, sharing, tiered, compressed oops, compressed class ptrs, g1 gc, windows-amd64)
# Problematic frame:
# C  [awt.dll+0xdad89]
#
# No core dump will be written. Minidumps are not enabled by default on client versions of Windows
#
# If you would like to submit a bug report, please visit:
#   http://www.azul.com/support/
# The crash happened outside the Java Virtual Machine in native code.
# See problematic frame for where to report the bug.
#

---------------  S U M M A R Y ------------

Command Line: -Dfile.encoding=UTF-8 --module-path=C:\Users\Istiak\Documents\NetBeansProjects\Bank Management System\build\classes bank.management.system.SignupOne

Host: 12th Gen Intel(R) Core(TM) i5-12500H, 16 cores, 15G,  Windows 11 , 64 bit Build 26100 (10.0.26100.5074)
Time: Sat Sep 13 06:20:53 2025 Bangladesh Standard Time elapsed time: 32414.686099 seconds (0d 9h 0m 14s)

---------------  T H R E A D  ---------------

Current thread (0x0000020afe4ae580):  JavaThread "AWT-EventQueue-0"        [_thread_in_native, id=10868, stack(0x0000007a04c00000,0x0000007a04d00000) (1024K)]

Stack: [0x0000007a04c00000,0x0000007a04d00000],  sp=0x0000007a04cfe9e0,  free space=1018k
Native frames: (J=compiled Java code, j=interpreted, Vv=VM code, C=native code)
C  [awt.dll+0xdad89]  (no source info available)
C  [awt.dll+0xda148]  (no source info available)
C  0x0000020aa829ce20  (no source info available)

The last pc belongs to native method entry point (kind = native) (printed below).
Java frames: (J=compiled Java code, j=interpreted, Vv=VM code)
j  sun.awt.Win32GraphicsConfig.getBounds(I)Ljava/awt/Rectangle;+0 java.desktop@24.0.2
j  sun.awt.Win32GraphicsConfig.getBounds()Ljava/awt/Rectangle;+8 java.desktop@24.0.2
j  sun.awt.Win32GraphicsDevice.displayChanged()V+23 java.desktop@24.0.2
j  sun.awt.Win32GraphicsEnvironment.displayChanged()V+271 java.desktop@24.0.2
j  sun.awt.windows.WToolkit.lambda$displayChanged$0()V+15 java.desktop@24.0.2
j  sun.awt.windows.WToolkit$$Lambda+0x0000020aba0b7318.run()V+0 java.desktop@24.0.2
J 1650 c1 java.awt.event.InvocationEvent.dispatch()V java.desktop@24.0.2 (69 bytes) @ 0x0000020aa108a11c [0x0000020aa1089f00+0x000000000000021c]
J 1475 c1 java.awt.EventQueue.dispatchEventImpl(Ljava/awt/AWTEvent;Ljava/lang/Object;)V java.desktop@24.0.2 (139 bytes) @ 0x0000020aa103d91c [0x0000020aa103c020+0x00000000000018fc]
J 1474 c1 java.awt.EventQueue.dispatchEvent(Ljava/awt/AWTEvent;)V java.desktop@24.0.2 (48 bytes) @ 0x0000020aa103ba34 [0x0000020aa103b7e0+0x0000000000000254]
J 1479 c1 java.awt.EventDispatchThread.pumpOneEventForFilters(I)V java.desktop@24.0.2 (106 bytes) @ 0x0000020aa1040bd4 [0x0000020aa10403c0+0x0000000000000814]
j  java.awt.EventDispatchThread.pumpEventsForFilter(ILjava/awt/Conditional;Ljava/awt/EventFilter;)V+35 java.desktop@24.0.2
j  java.awt.EventDispatchThread.pumpEventsForHierarchy(ILjava/awt/Conditional;Ljava/awt/Component;)V+11 java.desktop@24.0.2
j  java.awt.EventDispatchThread.pumpEvents(ILjava/awt/Conditional;)V+4 java.desktop@24.0.2
j  java.awt.EventDispatchThread.pumpEvents(Ljava/awt/Conditional;)V+3 java.desktop@24.0.2
j  java.awt.EventDispatchThread.run()V+9 java.desktop@24.0.2
v  ~StubRoutines::call_stub 0x0000020aa8290fcd

siginfo: EXCEPTION_ACCESS_VIOLATION (0xc0000005), reading address 0x0000000000000028


Registers:
RAX=0x0000000000000000, RBX=0x0000020ab85550d0, RCX=0x0000000000000000, RDX=0x0000000000000000
RSP=0x0000007a04cfe9e0, RBP=0x0000000000000000, RSI=0x0000000000000000, RDI=0x0000000000000000
R8 =0x0000000000000001, R9 =0x0000007a02e1a000, R10=0x0000020afe4ad310, R11=0x0000020afa294f78
R12=0x0000000000000000, R13=0x0000020ab88c8610, R14=0x0000020ab883ac00, R15=0x0000000000000000
RIP=0x00007ff92b2dad89, EFLAGS=0x0000000000010246

XMM[0]=0x0000000000000000 0x0000000000000000
XMM[1]=0x0000000000000000 0x0000007a04cfeab0
XMM[2]=0x0000000000000003 0x0000007a04cfea30
XMM[3]=0x0000007a00000003 0x0000007a00000100
XMM[4]=0x0000000000000000 0x00007ff8debc3cc8
XMM[5]=0x0000020afe4ae580 0x00007ff8debc3c01
XMM[6]=0x0000000000000000 0xbff1e3779b97f4a8
XMM[7]=0x0000000000000000 0xbfe1e3779b97f4a8
XMM[8]=0x0000000000000000 0xbff8f1bbcdcbfa54
XMM[9]=0x0000000000000000 0x4008f1bbcdcbfa54
XMM[10]=0x0000000000000000 0x000000007a228066
XMM[11]=0x0000000000000000 0x0f3bf6a5bb3537cf
XMM[12]=0x0000000000000000 0x00000000abf9412a
XMM[13]=0x0000000000000000 0x0000000000000000
XMM[14]=0x0000000000000000 0x0000000000000000
XMM[15]=0x0000000000000000 0x0000000000000000
  MXCSR=0x00001fa2


Register to memory mapping:

RAX=0x0 is null
RBX=0x0000020ab85550d0 points into unknown readable memory: 0x0000020afe068310 | 10 83 06 fe 0a 02 00 00
RCX=0x0 is null
RDX=0x0 is null
RSP=0x0000007a04cfe9e0 is pointing into the stack for thread: 0x0000020afe4ae580
RBP=0x0 is null
RSI=0x0 is null
RDI=0x0 is null
R8 =0x0000000000000001 is an unknown value
R9 =0x0000007a02e1a000 points into unknown readable memory: 0x0000000000000000 | 00 00 00 00 00 00 00 00
R10=0x0000020afe4ad310 points into unknown readable memory: 0x0000001e00000003 | 03 00 00 00 1e 00 00 00
R11={method} {0x0000020afa294f80} '<init>' '(IIII)V' in 'java/awt/Rectangle'
R12=0x0 is null
R13=0x0000020ab88c8610 points into unknown readable memory: 0x0000020afa294f78 | 78 4f 29 fa 0a 02 00 00
R14=0x0000020ab883ac00 points into unknown readable memory: 0x000000071546d8f0 | f0 d8 46 15 07 00 00 00
R15=0x0 is null

Top of Stack: (sp=0x0000007a04cfe9e0)
0x0000007a04cfe9e0:   00007ff92b337838 0000020ab85550d0   8x3+.....PU.....
0x0000007a04cfe9f0:   0000020afe4ae948 0000020ab85550d0   H.J......PU.....
0x0000007a04cfea00:   0000020afe4ae948 00007ff92b2da148   H.J.....H.-+....
0x0000007a04cfea10:   0000020ab85550d0 0000020ab85550d0   .PU......PU.....
0x0000007a04cfea20:   00000007145edc58 0000020afe4ae948   X.^.....H.J.....
0x0000007a04cfea30:   000000071541c820 0000020afa230b48    .A.....H.#.....
0x0000007a04cfea40:   0000000000000000 0000007a04cfea60   ........`...z...
0x0000007a04cfea50:   0000000000000000 0000000000000000   ................
0x0000007a04cfea60:   0000066560a9217f 00000007145ed9c8   .!.`e.....^.....
0x0000007a04cfea70:   0000020afe4ae580 0000007a04cfeb58   ..J.....X...z...
0x0000007a04cfea80:   0000020afa28d490 0000000000000000   ..(.............
0x0000007a04cfea90:   0000020afa695be0 00000007145edc58   .[i.....X.^.....
0x0000007a04cfeaa0:   0000007a04cfeb30 0000020aa829ce20   0...z... .).....
0x0000007a04cfeab0:   0000007a04cfeac8 0000020afa28d490   ....z.....(.....
0x0000007a04cfeac0:   0000020aa8298800 0000000000000000   ..).............
0x0000007a04cfead0:   00000007145ed9c8 00000007145ee3a0   ..^.......^.....
0x0000007a04cfeae0:   00000007145ee3a0 fffffffffffffff7   ..^.............
0x0000007a04cfeaf0:   0000000000000000 0000000000000005   ................
0x0000007a04cfeb00:   0000020afa28ff18 0000000000000000   ..(.............
0x0000007a04cfeb10:   000000071546d068 0000020afa28d490   h.F.......(.....
0x0000007a04cfeb20:   0000000000000000 0000007a04cfeb50   ........P...z...
0x0000007a04cfeb30:   0000007a04cfeba8 0000020aa829899a   ....z.....).....
0x0000007a04cfeb40:   0000000000000000 0000020aa829a43a   ........:.).....
0x0000007a04cfeb50:   0000000000000000 00000007145ee3a0   ..........^.....
0x0000007a04cfeb60:   fffffffffffffff7 0000020afa28d538   ........8.(.....
0x0000007a04cfeb70:   0000000000000002 0000020afa28ff18   ..........(.....
0x0000007a04cfeb80:   0000000000000000 000000071546d068   ........h.F.....
0x0000007a04cfeb90:   0000020afa28d550 fffffffffffffff5   P.(.............
0x0000007a04cfeba0:   0000007a04cfebb8 0000007a04cfec08   ....z.......z...
0x0000007a04cfebb0:   0000020aa829899a 00000007145ee3a0   ..).......^.....
0x0000007a04cfebc0:   fffffffffffffff7 0000020afa23099f   ..........#.....
0x0000007a04cfebd0:   0000000000000003 0000020afa232120   ........ !#.....

Instructions: (pc=0x00007ff92b2dad89)
  0x00007ff92b2dac89:   cc cc cc cc cc cc cc 48 89 5c 24 08 48 89 6c 24
  0x00007ff92b2dac99:   10 48 89 74 24 18 57 48 83 ec 20 41 8b f8 0f b6
  0x00007ff92b2daca9:   f2 48 8b e9 e8 1e d3 f4 ff 48 8b d8 48 89 44 24
  0x00007ff92b2dacb9:   48 41 b8 01 00 00 00 8b d7 48 8b c8 e8 86 d2 f4
  0x00007ff92b2dacc9:   ff 48 8b c8 44 0f b6 c6 48 8b d5 e8 97 fa ff ff
  0x00007ff92b2dacd9:   48 8b f8 48 8b cb e8 ac d4 f4 ff 90 48 8b c7 48
  0x00007ff92b2dace9:   8b 5c 24 30 48 8b 6c 24 38 48 8b 74 24 40 48 83
  0x00007ff92b2dacf9:   c4 20 5f c3 cc cc cc 48 8b 49 28 e9 07 07 00 00
  0x00007ff92b2dad09:   cc cc cc cc cc cc cc 48 89 5c 24 08 57 48 83 ec
  0x00007ff92b2dad19:   20 8b f9 e8 af d2 f4 ff 48 8b d8 48 89 44 24 38
  0x00007ff92b2dad29:   41 b8 01 00 00 00 8b d7 48 8b c8 e8 17 d2 f4 ff
  0x00007ff92b2dad39:   48 8b 08 8b 39 48 8b cb e8 4a d4 f4 ff 90 8b c7
  0x00007ff92b2dad49:   48 8b 5c 24 30 48 83 c4 20 5f c3 cc cc cc cc cc
  0x00007ff92b2dad59:   cc cc cc cc cc cc cc 48 89 5c 24 08 57 48 83 ec
  0x00007ff92b2dad69:   20 8b f9 e8 5f d2 f4 ff 48 8b d8 48 89 44 24 38
  0x00007ff92b2dad79:   41 b8 01 00 00 00 8b d7 48 8b c8 e8 c7 d1 f4 ff
=>0x00007ff92b2dad89:   48 8b 78 28 48 8b cb e8 fb d3 f4 ff 90 48 8b c7
  0x00007ff92b2dad99:   48 8b 5c 24 30 48 83 c4 20 5f c3 cc cc cc cc cc
  0x00007ff92b2dada9:   cc cc cc cc cc cc cc 48 89 5c 24 08 57 48 83 ec
  0x00007ff92b2dadb9:   20 8b f9 e8 0f d2 f4 ff 48 8b d8 48 89 44 24 38
  0x00007ff92b2dadc9:   41 b8 01 00 00 00 8b d7 48 8b c8 e8 77 d1 f4 ff
  0x00007ff92b2dadd9:   48 8b 78 30 48 8b cb e8 ab d3 f4 ff 90 48 8b c7
  0x00007ff92b2dade9:   48 8b 5c 24 30 48 83 c4 20 5f c3 cc cc cc cc cc
  0x00007ff92b2dadf9:   cc cc cc cc cc cc cc 48 89 5c 24 08 57 48 83 ec
  0x00007ff92b2dae09:   20 8b f9 e8 bf d1 f4 ff 48 8b d8 48 89 44 24 38
  0x00007ff92b2dae19:   41 b8 01 00 00 00 8b d7 48 8b c8 e8 27 d1 f4 ff
  0x00007ff92b2dae29:   48 8b 78 08 48 85 ff 74 07 48 8b bf 08 0c 00 00
  0x00007ff92b2dae39:   48 8b cb e8 4f d3 f4 ff 90 48 8b c7 48 8b 5c 24
  0x00007ff92b2dae49:   30 48 83 c4 20 5f c3 f3 0f 10 41 48 c3 cc cc cc
  0x00007ff92b2dae59:   cc cc cc cc cc cc cc f3 0f 10 41 4c c3 cc cc cc
  0x00007ff92b2dae69:   cc cc cc cc cc cc cc 48 89 5c 24 10 48 89 74 24
  0x00007ff92b2dae79:   18 55 57 41 56 48 8d 6c 24 e0 48 81 ec 20 01 00


Stack slot to memory mapping:

stack at sp + 0 slots: 0x00007ff92b337838 awt.dll
stack at sp + 1 slots: 0x0000020ab85550d0 points into unknown readable memory: 0x0000020afe068310 | 10 83 06 fe 0a 02 00 00
stack at sp + 2 slots: 0x0000020afe4ae948 points into unknown readable memory: 0x00007ff8deb2c9d0 | d0 c9 b2 de f8 7f 00 00
stack at sp + 3 slots: 0x0000020ab85550d0 points into unknown readable memory: 0x0000020afe068310 | 10 83 06 fe 0a 02 00 00
stack at sp + 4 slots: 0x0000020afe4ae948 points into unknown readable memory: 0x00007ff8deb2c9d0 | d0 c9 b2 de f8 7f 00 00
stack at sp + 5 slots: 0x00007ff92b2da148 awt.dll
stack at sp + 6 slots: 0x0000020ab85550d0 points into unknown readable memory: 0x0000020afe068310 | 10 83 06 fe 0a 02 00 00
stack at sp + 7 slots: 0x0000020ab85550d0 points into unknown readable memory: 0x0000020afe068310 | 10 83 06 fe 0a 02 00 00

Lock stack of current Java thread (top to bottom):

native method entry point (kind = native)  [0x0000020aa829ca40, 0x0000020aa829d478]  2616 bytes
[MachCode]
  0x0000020aa829ca40: 488b 4b08 | 0fb7 492e | 584c 8d74 | ccf8 6800 | 0000 0068 | 0000 0000 | 5055 488b | ec41 5568 
  0x0000020aa829ca60: 0000 0000 | 4c8b 6b08 | 4d8d 6d38 | 5348 8b53 | 0848 8b52 | 0848 8b52 | 1848 8b52 | 7048 8b12 
  0x0000020aa829ca80: 5248 8b53 | 1048 85d2 | 0f84 0700 | 0000 4881 | c208 0100 | 0052 488b | 5308 488b | 5208 488b 
  0x0000020aa829caa0: 5210 5249 | 8bc6 482b | c548 c1e8 | 0350 6800 | 0000 0068 | f7ff ffff | 41c6 8771 | 0400 0001 
  0x0000020aa829cac0: 488b 4310 | 4885 c074 | 208b 88cc | 0000 0083 | c102 8988 | cc00 0000 | 2388 e000 | 0000 0f84 
  0x0000020aa829cae0: e408 0000 | e9cd 0000 | 0048 8b43 | 1848 85c0 | 0f85 b000 | 0000 e805 | 0000 00e9 | 9900 0000 
  0x0000020aa829cb00: 488b d348 | 8d44 2408 | 4c89 6dc0 | 498b cfc5 | f877 4989 | afb8 0300 | 0049 8987 | a803 0000 
  0x0000020aa829cb20: 4883 ec20 | 40f6 c40f | 0f84 1900 | 0000 4883 | ec08 48b8 | e016 25de | f87f 0000 | ffd0 4883 
  0x0000020aa829cb40: c408 e90c | 0000 0048 | b8e0 1625 | def8 7f00 | 00ff d048 | 83c4 2049 | c787 a803 | 0000 0000 
  0x0000020aa829cb60: 0000 49c7 | 87b8 0300 | 0000 0000 | 0049 c787 | b003 0000 | 0000 0000 | c5f8 7749 | 837f 0800 
  0x0000020aa829cb80: 0f84 0500 | 0000 e935 | 43ff ff4c | 8b6d c04c | 8b75 c84e | 8d74 f500 | c348 8b43 | 1848 85c0 
  0x0000020aa829cba0: 0f84 1000 | 0000 8b08 | 83c1 0289 | 0823 4814 | 0f84 1208 | 0000 493b | a7f0 0400 | 000f 8748 
  0x0000020aa829cbc0: 0000 0089 | 8424 00f0 | ffff 8984 | 2400 e0ff | ff89 8424 | 00d0 ffff | 8984 2400 | c0ff ff89 
  0x0000020aa829cbe0: 8424 00b0 | ffff 8984 | 2400 a0ff | ff89 8424 | 0090 ffff | 8984 2400 | 80ff ff49 | 3ba7 e804 
  0x0000020aa829cc00: 0000 7607 | 4989 a7f0 | 0400 0041 | c687 7104 | 0000 0048 | 8b5d e84c | 8b5b 0845 | 0fb7 5b2e 
  0x0000020aa829cc20: 41c1 e303 | 492b e348 | 83ec 2048 | 83e4 f04c | 8b5b 604d | 85db 0f85 | ab00 0000 | e805 0000 
  0x0000020aa829cc40: 00e9 9900 | 0000 488b | d348 8d44 | 2408 4c89 | 6dc0 498b | cfc5 f877 | 4989 afb8 | 0300 0049 
  0x0000020aa829cc60: 8987 a803 | 0000 4883 | ec20 40f6 | c40f 0f84 | 1900 0000 | 4883 ec08 | 48b8 0041 | 25de f87f 
  0x0000020aa829cc80: 0000 ffd0 | 4883 c408 | e90c 0000 | 0048 b800 | 4125 def8 | 7f00 00ff | d048 83c4 | 2049 c787 
  0x0000020aa829cca0: a803 0000 | 0000 0000 | 49c7 87b8 | 0300 0000 | 0000 0049 | c787 b003 | 0000 0000 | 0000 c5f8 
  0x0000020aa829ccc0: 7749 837f | 0800 0f84 | 0500 0000 | e9ef 41ff | ff4c 8b6d | c04c 8b75 | c84e 8d74 | f500 c348 
  0x0000020aa829cce0: 8b5d e84c | 8b5b 6041 | ffd3 488b | 5de8 4889 | 4518 448b | 5b28 41f6 | c308 0f84 | 1b00 0000 
  0x0000020aa829cd00: 4c8b 5b08 | 4d8b 5b08 | 4d8b 5b18 | 4d8b 5b70 | 4d8b 1b4c | 895d 1048 | 8d55 1048 | 8b43 5849 
  0x0000020aa829cd20: ba70 8c5e | def8 7f00 | 0049 3bc2 | 0f85 ab00 | 0000 e805 | 0000 00e9 | 9900 0000 | 488b d348 
  0x0000020aa829cd40: 8d44 2408 | 4c89 6dc0 | 498b cfc5 | f877 4989 | afb8 0300 | 0049 8987 | a803 0000 | 4883 ec20 
  0x0000020aa829cd60: 40f6 c40f | 0f84 1900 | 0000 4883 | ec08 48b8 | 0041 25de | f87f 0000 | ffd0 4883 | c408 e90c 
  0x0000020aa829cd80: 0000 0048 | b800 4125 | def8 7f00 | 00ff d048 | 83c4 2049 | c787 a803 | 0000 0000 | 0000 49c7 
  0x0000020aa829cda0: 87b8 0300 | 0000 0000 | 0049 c787 | b003 0000 | 0000 0000 | c5f8 7749 | 837f 0800 | 0f84 0500 
  0x0000020aa829cdc0: 0000 e9f9 | 40ff ff4c | 8b6d c04c | 8b75 c84e | 8d74 f500 | c348 8b5d | e848 8b43 | 5849 8d8f 
  0x0000020aa829cde0: c803 0000 | 4c8d 15d5 | 0000 004d | 8997 b003 | 0000 c5f8 | 7749 89af | b803 0000 | 4989 a7a8 
  0x0000020aa829ce00: 0300 0041 | c787 5404 | 0000 0400 | 0000 493b | a748 0500 | 0076 0749 | 89a7 4805 | 0000 ffd0 
  0x0000020aa829ce20: 493b a748 | 0500 0072 | 0b49 c787 | 4805 0000 | 0000 0000 | c5f8 7748 | 83ec 10c5 | fb11 0424 
  0x0000020aa829ce40: 4883 ec10 | 4889 0424 | 48c7 4424 | 0800 0000 | 0041 c787 | 5404 0000 | 0500 0000 | f083 4424 
  0x0000020aa829ce60: c000 493b | 6f28 0f87 | 0e00 0000 | 4183 bf50 | 0400 0000 | 0f84 2000 | 0000 498b | cf4c 8be4 
  0x0000020aa829ce80: 4883 ec20 | 4883 e4f0 | 48b8 f0a5 | 26de f87f | 0000 ffd0 | 498b e44d | 33e4 41c7 | 8754 0400 
  0x0000020aa829cea0: 0008 0000 | 004d 8b97 | 7005 0000 | 4983 fa00 | 7435 49c7 | 8770 0500 | 0000 0000 | 0041 ffe2 
  0x0000020aa829cec0: 49ba 00bb | 29a8 0a02 | 0000 41ff | d248 83ec | 10c5 fb11 | 0424 4883 | ec10 4889 | 0424 48c7 
  0x0000020aa829cee0: 4424 0800 | 0000 0049 | c787 a803 | 0000 0000 | 0000 49c7 | 87b8 0300 | 0000 0000 | 0049 c787 
  0x0000020aa829cf00: b003 0000 | 0000 0000 | c5f8 774d | 8b9f 3804 | 0000 41c7 | 8300 0100 | 0000 0000 | 0049 bb3a 
  0x0000020aa829cf20: a429 a80a | 0200 004c | 3b5d 180f | 8555 0100 | 0048 8b04 | 2448 83c4 | 1048 85c0 | 0f84 2f01 
  0x0000020aa829cf40: 0000 a803 | 0f85 0800 | 0000 488b | 00e9 1f01 | 0000 a801 | 0f85 0900 | 0000 488b | 40fe e90e 
  0x0000020aa829cf60: 0100 0048 | 8b40 ff41 | 807f 4800 | 0f84 ff00 | 0000 4883 | f800 0f84 | f500 0000 | 4d8b 5f38 
  0x0000020aa829cf80: 4d85 db0f | 8414 0000 | 0049 83eb | 084d 895f | 384d 035f | 4049 8903 | e9d4 0000 | 0048 83ec 
  0x0000020aa829cfa0: 7048 8904 | 2448 894c | 2408 4889 | 5424 104c | 8944 2418 | 4c89 4c24 | 204c 8954 | 2428 4c89 
  0x0000020aa829cfc0: 5c24 30c5 | fb11 4424 | 40c5 fb11 | 4c24 48c5 | fb11 5424 | 50c5 fb11 | 5c24 58c5 | fb11 6424 
  0x0000020aa829cfe0: 60c5 fb11 | 6c24 6849 | 8bd7 488b | c848 83ec | 2040 f6c4 | 0f0f 8419 | 0000 0048 | 83ec 0848 
  0x0000020aa829d000: b8e0 1819 | def8 7f00 | 00ff d048 | 83c4 08e9 | 0c00 0000 | 48b8 e018 | 19de f87f | 0000 ffd0 
  0x0000020aa829d020: 4883 c420 | c5fb 106c | 2468 c5fb | 1064 2460 | c5fb 105c | 2458 c5fb | 1054 2450 | c5fb 104c 
  0x0000020aa829d040: 2448 c5fb | 1044 2440 | 4c8b 5c24 | 304c 8b54 | 2428 4c8b | 4c24 204c | 8b44 2418 | 488b 5424 
  0x0000020aa829d060: 1048 8b4c | 2408 488b | 0424 4883 | c470 c5f8 | 7748 8945 | 1048 83ec | 1048 8904 | 2448 c744 
  0x0000020aa829d080: 2408 0000 | 0000 4183 | bfd0 0400 | 0002 0f85 | bf00 0000 | 4881 ec80 | 0000 0048 | 8944 2478 
  0x0000020aa829d0a0: 4889 4c24 | 7048 8954 | 2468 4889 | 5c24 6048 | 896c 2450 | 4889 7424 | 4848 897c | 2440 4c89 
  0x0000020aa829d0c0: 4424 384c | 894c 2430 | 4c89 5424 | 284c 895c | 2420 4c89 | 6424 184c | 896c 2410 | 4c89 7424 
  0x0000020aa829d0e0: 084c 893c | 244c 8be4 | 4883 ec20 | 4883 e4f0 | 48b8 6074 | 5ede f87f | 0000 ffd0 | 498b e44c 
  0x0000020aa829d100: 8b3c 244c | 8b74 2408 | 4c8b 6c24 | 104c 8b64 | 2418 4c8b | 5c24 204c | 8b54 2428 | 4c8b 4c24 
  0x0000020aa829d120: 304c 8b44 | 2438 488b | 7c24 4048 | 8b74 2448 | 488b 6c24 | 5048 8b5c | 2460 488b | 5424 6848 
  0x0000020aa829d140: 8b4c 2470 | 488b 4424 | 7848 81c4 | 8000 0000 | 4d33 e448 | 8b5d e84c | 8b6b 084d | 8d6d 3849 
  0x0000020aa829d160: 837f 0800 | 0f84 bb00 | 0000 e805 | 0000 00e9 | 9600 0000 | 488d 4424 | 084c 896d | c049 8bcf 
  0x0000020aa829d180: c5f8 7749 | 89af b803 | 0000 4989 | 87a8 0300 | 0048 83ec | 2040 f6c4 | 0f0f 8419 | 0000 0048 
  0x0000020aa829d1a0: 83ec 0848 | b8a0 5f25 | def8 7f00 | 00ff d048 | 83c4 08e9 | 0c00 0000 | 48b8 a05f | 25de f87f 
  0x0000020aa829d1c0: 0000 ffd0 | 4883 c420 | 49c7 87a8 | 0300 0000 | 0000 0049 | c787 b803 | 0000 0000 | 0000 49c7 
  0x0000020aa829d1e0: 87b0 0300 | 0000 0000 | 00c5 f877 | 4983 7f08 | 000f 8405 | 0000 00e9 | c43c ffff | 4c8b 6dc0 
  0x0000020aa829d200: 4c8b 75c8 | 4e8d 74f5 | 00c3 48b9 | e034 8ede | f87f 0000 | 4883 e4f0 | 48b8 1090 | 4bde f87f 
  0x0000020aa829d220: 0000 ffd0 | f444 8b5b | 2841 f6c3 | 200f 8472 | 0100 0048 | 8d55 a84c | 8b5a 084d | 85db 0f85 
  0x0000020aa829d240: bb00 0000 | e805 0000 | 00e9 9600 | 0000 488d | 4424 084c | 896d c049 | 8bcf c5f8 | 7749 89af 
  0x0000020aa829d260: b803 0000 | 4989 87a8 | 0300 0048 | 83ec 2040 | f6c4 0f0f | 8419 0000 | 0048 83ec | 0848 b8d0 
  0x0000020aa829d280: 5e25 def8 | 7f00 00ff | d048 83c4 | 08e9 0c00 | 0000 48b8 | d05e 25de | f87f 0000 | ffd0 4883 
  0x0000020aa829d2a0: c420 49c7 | 87a8 0300 | 0000 0000 | 0049 c787 | b803 0000 | 0000 0000 | 49c7 87b0 | 0300 0000 
  0x0000020aa829d2c0: 0000 00c5 | f877 4983 | 7f08 000f | 8405 0000 | 00e9 ea3b | ffff 4c8b | 6dc0 4c8b | 75c8 4e8d 
  0x0000020aa829d2e0: 74f5 00c3 | 48b9 e034 | 8ede f87f | 0000 4883 | e4f0 48b8 | 1090 4bde | f87f 0000 | ffd0 f44c 
  0x0000020aa829d300: 896d c04c | 8b4a 0848 | c742 0800 | 0000 0045 | 8b87 5806 | 0000 4f3b | 4c07 f80f | 8542 0000 
  0x0000020aa829d320: 0041 83af | 5806 0000 | 084f 3b4c | 07f0 0f84 | 2a00 0000 | 498b 01a8 | 020f 8512 | 0000 004c 
  0x0000020aa829d340: 8bc0 4983 | c801 f04d | 0fb1 010f | 840d 0000 | 0041 8387 | 5806 0000 | 08e9 0500 | 0000 e93e 
  0x0000020aa829d360: 0000 004c | 894a 0848 | 8bca 4883 | ec20 40f6 | c40f 0f84 | 1900 0000 | 4883 ec08 | 48b8 f030 
  0x0000020aa829d380: 25de f87f | 0000 ffd0 | 4883 c408 | e90c 0000 | 0048 b8f0 | 3025 def8 | 7f00 00ff | d048 83c4 
  0x0000020aa829d3a0: 204c 8b6d | c048 8b04 | 2448 83c4 | 10c5 fb10 | 0424 4883 | c410 4c8b | 5d18 41ff | d34c 8b5d 
  0x0000020aa829d3c0: f8c9 5f49 | 8be3 ffe7 | ba00 0000 | 00e8 0500 | 0000 e996 | 0000 0048 | 8d44 2408 | 4c89 6dc0 
  0x0000020aa829d3e0: 498b cfc5 | f877 4989 | afb8 0300 | 0049 8987 | a803 0000 | 4883 ec20 | 40f6 c40f | 0f84 1900 
  0x0000020aa829d400: 0000 4883 | ec08 48b8 | a025 25de | f87f 0000 | ffd0 4883 | c408 e90c | 0000 0048 | b8a0 2525 
  0x0000020aa829d420: def8 7f00 | 00ff d048 | 83c4 2049 | c787 a803 | 0000 0000 | 0000 49c7 | 87b8 0300 | 0000 0000 
  0x0000020aa829d440: 0049 c787 | b003 0000 | 0000 0000 | c5f8 7749 | 837f 0800 | 0f84 0500 | 0000 e961 | 3aff ff4c 
  0x0000020aa829d460: 8b6d c04c | 8b75 c84e | 8d74 f500 | c348 8b5d | e8e9 40f7 | ffff 6690 
[/MachCode]

Compiled method (c1) 32416108 1650   !   3       java.awt.event.InvocationEvent::dispatch (69 bytes)
 total in heap  [0x0000020aa1089d88,0x0000020aa108a580] = 2040
 relocation     [0x0000020aa1089e60,0x0000020aa1089ee8] = 136
 main code      [0x0000020aa1089f00,0x0000020aa108a510] = 1552
 stub code      [0x0000020aa108a510,0x0000020aa108a578] = 104
 metadata       [0x0000020aa108a578,0x0000020aa108a580] = 8
 immutable data [0x0000020afe5c90f0,0x0000020afe5c9298] = 424
 dependencies   [0x0000020afe5c90f0,0x0000020afe5c90f8] = 8
 nul chk table  [0x0000020afe5c90f8,0x0000020afe5c9110] = 24
 handler table  [0x0000020afe5c9110,0x0000020afe5c91a0] = 144
 scopes pcs     [0x0000020afe5c91a0,0x0000020afe5c9240] = 160
 scopes data    [0x0000020afe5c9240,0x0000020afe5c9298] = 88

[Constant Pool (empty)]

[MachCode]
[Instructions begin]
  0x0000020aa1089f00: 6666 660f | 1f84 0000 | 0000 0066 | 6666 9066 | 6690 448b | 5208 443b 

  0x0000020aa1089f18: ;   {runtime_call Shared Runtime ic_miss_blob}
  0x0000020aa1089f18: 5008 0f85 | 4048 2507 
[Verified Entry Point]
  0x0000020aa1089f20: 8984 2400 | 80ff ff55 | 4883 ec30 | 4181 7f20 | 0100 0000 

  0x0000020aa1089f34: ;   {runtime_call StubRoutines (final stubs)}
  0x0000020aa1089f34: 7405 e8c5 | b923 0748 | 8954 2418 

  0x0000020aa1089f40: ;   {metadata(method data for {method} {0x0000020afa5cd480} 'dispatch' '()V' in 'java/awt/event/InvocationEvent')}
  0x0000020aa1089f40: 48be 707c | 77fa 0a02 | 0000 8bbe | cc00 0000 | 83c7 0289 | becc 0000 | 0081 e7fe | 0700 0085 
  0x0000020aa1089f60: ff0f 84c7 | 0400 000f | be72 1d85 

  0x0000020aa1089f6c: ;   {metadata(method data for {method} {0x0000020afa5cd480} 'dispatch' '()V' in 'java/awt/event/InvocationEvent')}
  0x0000020aa1089f6c: f648 be70 | 7c77 fa0a | 0200 00bf | 1001 0000 | 7405 bf20 | 0100 0048 | 8b1c 3e48 | 8d5b 0148 
  0x0000020aa1089f8c: 891c 3e0f | 84d1 0000 | 008b 7228 | 48c1 e603 

  0x0000020aa1089f9c: ; implicit exception: dispatches to 0x0000020aa108a44f
  0x0000020aa1089f9c: 483b 0648 

  0x0000020aa1089fa0: ;   {metadata(method data for {method} {0x0000020afa5cd480} 'dispatch' '()V' in 'java/awt/event/InvocationEvent')}
  0x0000020aa1089fa0: 8bfe 48bb | 707c 77fa | 0a02 0000 | 8b7f 0849 | ba00 0000 | b90a 0200 | 0049 03fa | 483b bb38 
  0x0000020aa1089fc0: 0100 0075 | 0d48 8383 | 4001 0000 | 01e9 6000 | 0000 483b | bb48 0100 | 0075 0d48 | 8383 5001 
  0x0000020aa1089fe0: 0000 01e9 | 4a00 0000 | 4883 bb38 | 0100 0000 | 7517 4889 | bb38 0100 | 0048 c783 | 4001 0000 
  0x0000020aa108a000: 0100 0000 | e929 0000 | 0048 83bb | 4801 0000 | 0075 1748 | 89bb 4801 | 0000 48c7 | 8350 0100 
  0x0000020aa108a020: 0001 0000 | 00e9 0800 | 0000 4883 | 8330 0100 | 0001 488b | d648 b820 | 518d b80a 

  0x0000020aa108a03c: ;   {virtual_call}
  0x0000020aa108a03c: 0200 00e8 

  0x0000020aa108a040: ; ImmutableOopMap {[24]=Oop }
                      ;*invokeinterface run {reexecute=0 rethrow=0 return_oop=0}
                      ; - java.awt.event.InvocationEvent::dispatch@11 (line 308)
  0x0000020aa108a040: 1c4d 2507 

  0x0000020aa108a044: ;   {post_call_nop}
  0x0000020aa108a044: 0f1f 8400 | bc02 0000 

  0x0000020aa108a04c: ;   {metadata(method data for {method} {0x0000020afa5cd480} 'dispatch' '()V' in 'java/awt/event/InvocationEvent')}
  0x0000020aa108a04c: 48ba 707c | 77fa 0a02 | 0000 ff82 | 6001 0000 | 488b 5424 | 18e9 1f03 | 0000 8b72 | 2848 c1e6 
  0x0000020aa108a06c: 0348 3b06 

  0x0000020aa108a070: ;   {metadata(method data for {method} {0x0000020afa5cd480} 'dispatch' '()V' in 'java/awt/event/InvocationEvent')}
  0x0000020aa108a070: 488b fe48 | bb70 7c77 | fa0a 0200 | 008b 7f08 | 49ba 0000 | 00b9 0a02 | 0000 4903 | fa48 3bbb 
  0x0000020aa108a090: 1802 0000 | 750d 4883 | 8320 0200 | 0001 e960 | 0000 0048 | 3bbb 2802 | 0000 750d | 4883 8330 
  0x0000020aa108a0b0: 0200 0001 | e94a 0000 | 0048 83bb | 1802 0000 | 0075 1748 | 89bb 1802 | 0000 48c7 | 8320 0200 
  0x0000020aa108a0d0: 0001 0000 | 00e9 2900 | 0000 4883 | bb28 0200 | 0000 7517 | 4889 bb28 | 0200 0048 | c783 3002 
  0x0000020aa108a0f0: 0000 0100 | 0000 e908 | 0000 0048 | 8383 1002 | 0000 0148 | 8bd6 0f1f | 8000 0000 | 0048 b848 
  0x0000020aa108a110: 518d b80a 

  0x0000020aa108a114: ;   {virtual_call}
  0x0000020aa108a114: 0200 00e8 

  0x0000020aa108a118: ; ImmutableOopMap {[24]=Oop }
                      ;*invokeinterface run {reexecute=0 rethrow=0 return_oop=0}
                      ; - java.awt.event.InvocationEvent::dispatch@47 (line 318)
  0x0000020aa108a118: b41c 3207 

  0x0000020aa108a11c: ;   {post_call_nop}
  0x0000020aa108a11c: 0f1f 8400 | 9403 0001 | 488b 5424 | 18e9 5702 | 0000 498b | 8708 0500 | 004d 33d2 | 4d89 9708 
  0x0000020aa108a13c: 0500 004d | 33d2 4d89 | 9710 0500 | 0048 85c0 

  0x0000020aa108a14c: ;   {metadata(method data for {method} {0x0000020afa5cd480} 'dispatch' '()V' in 'java/awt/event/InvocationEvent')}
  0x0000020aa108a14c: 48be 707c | 77fa 0a02 | 0000 750c | 808e 7101 | 0000 01e9 | af00 0000 | 8b78 0849 | ba00 0000 
  0x0000020aa108a16c: b90a 0200 | 0049 03fa | 483b be80 | 0100 0075 | 0d48 8386 | 8801 0000 | 01e9 6000 | 0000 483b 
  0x0000020aa108a18c: be90 0100 | 0075 0d48 | 8386 9801 | 0000 01e9 | 4a00 0000 | 4883 be80 | 0100 0000 | 7517 4889 
  0x0000020aa108a1ac: be80 0100 | 0048 c786 | 8801 0000 | 0100 0000 | e929 0000 | 0048 83be | 9001 0000 | 0075 1748 
  0x0000020aa108a1cc: 89be 9001 | 0000 48c7 | 8698 0100 | 0001 0000 | 00e9 0800 | 0000 4883 | 8678 0100 

  0x0000020aa108a1e8: ;   {metadata('java/lang/Exception')}
  0x0000020aa108a1e8: 0001 48bf | e8f4 1bb9 | 0a02 0000 | 8b70 0849 | ba00 0000 | b90a 0200 | 0049 03f2 | 483b 7e40 
  0x0000020aa108a208: 0f85 0500 | 0000 e905 | 0000 004d | 33c0 eb06 | 41b8 0100 | 0000 4585 

  0x0000020aa108a220: ;   {metadata(method data for {method} {0x0000020afa5cd480} 'dispatch' '()V' in 'java/awt/event/InvocationEvent')}
  0x0000020aa108a220: c049 b870 | 7c77 fa0a | 0200 00ba | a801 0000 | 7405 bab8 | 0100 0049 | 8b34 1048 | 8d76 0149 
  0x0000020aa108a240: 8934 1048 | 8b54 2418 | 0f84 f900 | 0000 4885 

  0x0000020aa108a250: ;   {metadata(method data for {method} {0x0000020afa5cd480} 'dispatch' '()V' in 'java/awt/event/InvocationEvent')}
  0x0000020aa108a250: c048 bf70 | 7c77 fa0a | 0200 0075 | 0c80 8fc1 | 0100 0001 | e9af 0000 | 008b 5808 | 49ba 0000 
  0x0000020aa108a270: 00b9 0a02 | 0000 4903 | da48 3b9f | d001 0000 | 750d 4883 | 87d8 0100 | 0001 e960 | 0000 0048 
  0x0000020aa108a290: 3b9f e001 | 0000 750d | 4883 87e8 | 0100 0001 | e94a 0000 | 0048 83bf | d001 0000 | 0075 1748 
  0x0000020aa108a2b0: 899f d001 | 0000 48c7 | 87d8 0100 | 0001 0000 | 00e9 2900 | 0000 4883 | bfe0 0100 | 0000 7517 
  0x0000020aa108a2d0: 4889 9fe0 | 0100 0048 | c787 e801 | 0000 0100 | 0000 e908 | 0000 0048 | 8387 c801 

  0x0000020aa108a2ec: ;   {metadata('java/lang/Exception')}
  0x0000020aa108a2ec: 0000 0148 | bbe8 f41b | b90a 0200 | 008b 7808 | 49ba 0000 | 00b9 0a02 | 0000 4903 | fa48 3b5f 
  0x0000020aa108a30c: 400f 8546 | 0100 00e9 | 0000 0000 | 4c8b c041 | 0fbe 7748 | 85f6 0f85 | 3a01 0000 | 4d8b d049 
  0x0000020aa108a32c: c1ea 0344 | 8952 3448 | 8bf2 4933 | f048 c1ee | 1548 83fe | 000f 853a | 0100 0045 | 0fbe 4748 
  0x0000020aa108a34c: 4585 c00f | 8544 0100 | 004c 8bd0 | 49c1 ea03 | 4489 5238 | 4c8b c24c | 33c0 49c1 | e815 4983 
  0x0000020aa108a36c: f800 0f85 | 4501 0000 

  0x0000020aa108a374: ;   {metadata(method data for {method} {0x0000020afa5cd480} 'dispatch' '()V' in 'java/awt/event/InvocationEvent')}
  0x0000020aa108a374: 49b8 707c | 77fa 0a02 | 0000 41ff | 80f8 0100 | 004c 8bc2 

  0x0000020aa108a388: ;   {metadata(method data for {method} {0x0000020afa5cd480} 'dispatch' '()V' in 'java/awt/event/InvocationEvent')}
  0x0000020aa108a388: 48be 707c | 77fa 0a02 | 0000 4883 | 8640 0200 | 0001 41b8 | 0100 0000 | 0f1f 8000 

  0x0000020aa108a3a4: ;   {optimized virtual_call}
  0x0000020aa108a3a4: 0000 00e8 

  0x0000020aa108a3a8: ; ImmutableOopMap {}
                      ;*invokevirtual finishedDispatching {reexecute=0 rethrow=0 return_oop=0}
                      ; - java.awt.event.InvocationEvent::dispatch@54 (line 321)
  0x0000020aa108a3a8: 8801 0000 

  0x0000020aa108a3ac: ;   {post_call_nop}
  0x0000020aa108a3ac: 0f1f 8400 | 2406 0002 

  0x0000020aa108a3b4: ;   {metadata(method data for {method} {0x0000020afa5cd480} 'dispatch' '()V' in 'java/awt/event/InvocationEvent')}
  0x0000020aa108a3b4: 48b8 707c | 77fa 0a02 | 0000 ff80 | 7002 0000 | 4883 c430 

  0x0000020aa108a3c8: ;   {poll_return}
  0x0000020aa108a3c8: 5d49 3b67 | 280f 87fe | 0000 00c3 | 488b 5424 | 1849 8b87 | 0805 0000 | 4d33 d24d | 8997 0805 
  0x0000020aa108a3e8: 0000 4d33 | d24d 8997 | 1005 0000 

  0x0000020aa108a3f4: ;   {metadata(method data for {method} {0x0000020afa5cd480} 'dispatch' '()V' in 'java/awt/event/InvocationEvent')}
  0x0000020aa108a3f4: 4c8b c248 | be70 7c77 | fa0a 0200 | 0048 8386 | 8802 0000 | 0141 b801 | 0000 0048 | 8944 2420 
  0x0000020aa108a414: ;   {optimized virtual_call}
  0x0000020aa108a414: 6666 90e8 

  0x0000020aa108a418: ; ImmutableOopMap {[32]=Oop }
                      ;*invokevirtual finishedDispatching {reexecute=0 rethrow=0 return_oop=0}
                      ; - java.awt.event.InvocationEvent::dispatch@63 (line 321)
  0x0000020aa108a418: 4446 2507 

  0x0000020aa108a41c: ;   {post_call_nop}
  0x0000020aa108a41c: 0f1f 8400 | 9406 0003 | 488b 4424 | 20e9 d600 

  0x0000020aa108a42c: ;   {metadata({method} {0x0000020afa5cd480} 'dispatch' '()V' in 'java/awt/event/InvocationEvent')}
  0x0000020aa108a42c: 0000 49ba | 78d4 5cfa | 0a02 0000 | 4c89 5424 | 0848 c704 | 24ff ffff 

  0x0000020aa108a444: ;   {runtime_call C1 Runtime counter_overflow_blob}
  0x0000020aa108a444: ffe8 1692 

  0x0000020aa108a448: ; ImmutableOopMap {rdx=Oop [24]=Oop }
                      ;*synchronization entry
                      ; - java.awt.event.InvocationEvent::dispatch@-1 (line 306)
  0x0000020aa108a448: 3107 e918 

  0x0000020aa108a44c: ;   {runtime_call C1 Runtime throw_null_pointer_exception_blob}
  0x0000020aa108a44c: fbff ffe8 

  0x0000020aa108a450: ; ImmutableOopMap {rdx=Oop rsi=Oop [24]=Oop }
                      ;*invokeinterface run {reexecute=0 rethrow=0 return_oop=0}
                      ; - java.awt.event.InvocationEvent::dispatch@11 (line 308)
  0x0000020aa108a450: 0c41 3107 

  0x0000020aa108a454: ;   {runtime_call C1 Runtime throw_null_pointer_exception_blob}
  0x0000020aa108a454: e807 4131 

  0x0000020aa108a458: ; ImmutableOopMap {rdx=Oop rsi=Oop [24]=Oop }
                      ;*invokeinterface run {reexecute=0 rethrow=0 return_oop=0}
                      ; - java.awt.event.InvocationEvent::dispatch@47 (line 318)
  0x0000020aa108a458: 0748 8904 

  0x0000020aa108a45c: ;   {runtime_call C1 Runtime throw_class_cast_exception_blob}
  0x0000020aa108a45c: 24e8 fe64 

  0x0000020aa108a460: ; ImmutableOopMap {rax=Oop rdx=Oop [24]=Oop }
                      ;*checkcast {reexecute=0 rethrow=0 return_oop=0}
                      ; - java.awt.event.InvocationEvent::dispatch@29 (line 312)
  0x0000020aa108a460: 3107 8b72 | 3448 c1e6 | 0348 83fe | 000f 84b5 | feff ff48 

  0x0000020aa108a474: ;   {runtime_call g1_pre_barrier_slow}
  0x0000020aa108a474: 8934 24e8 | 649b 3107 | e9a7 feff | ff49 83f8 | 000f 84bc | feff ff48 

  0x0000020aa108a48c: ;   {runtime_call g1_post_barrier_slow}
  0x0000020aa108a48c: 8914 24e8 | cca1 3107 | e9ae feff | ff44 8b42 | 3849 c1e0 | 0349 83f8 | 000f 84aa | feff ff4c 
  0x0000020aa108a4ac: ;   {runtime_call g1_pre_barrier_slow}
  0x0000020aa108a4ac: 8904 24e8 | 2c9b 3107 | e99c feff | ff48 83f8 | 000f 84b1 | feff ff48 

  0x0000020aa108a4c4: ;   {runtime_call g1_post_barrier_slow}
  0x0000020aa108a4c4: 8914 24e8 | 94a1 3107 | e9a3 feff 

  0x0000020aa108a4d0: ;   {internal_word}
  0x0000020aa108a4d0: ff49 bac9 | a308 a10a | 0200 004d | 8997 6004 

  0x0000020aa108a4e0: ;   {runtime_call SafepointBlob}
  0x0000020aa108a4e0: 0000 e9f9 | b725 0749 | 8b87 0805 | 0000 49c7 | 8708 0500 | 0000 0000 | 0049 c787 | 1005 0000 
  0x0000020aa108a500: 0000 0000 | 4883 c430 

  0x0000020aa108a508: ;   {runtime_call C1 Runtime unwind_exception_blob}
  0x0000020aa108a508: 5de9 5231 | 3107 f4f4 
[Stub Code]
  0x0000020aa108a510: ;   {no_reloc}
  0x0000020aa108a510: 0f1f 4400 

  0x0000020aa108a514: ;   {static_stub}
  0x0000020aa108a514: 0048 bb00 | 0000 0000 

  0x0000020aa108a51c: ;   {runtime_call nmethod}
  0x0000020aa108a51c: 0000 00e9 | fbff ffff 

  0x0000020aa108a524: ;   {static_stub}
  0x0000020aa108a524: 9048 bb00 | 0000 0000 

  0x0000020aa108a52c: ;   {runtime_call nmethod}
  0x0000020aa108a52c: 0000 00e9 | fbff ffff 

  0x0000020aa108a534: ;   {static_stub}
  0x0000020aa108a534: 48bb 78d8 | 5cfa 0a02 

  0x0000020aa108a53c: ;   {runtime_call I2C/C2I adapters}
  0x0000020aa108a53c: 0000 e973 

  0x0000020aa108a540: ;   {runtime_call C1 Runtime handle_exception_from_callee_blob}
  0x0000020aa108a540: a225 07e8 | 185e 3107 

  0x0000020aa108a548: ;   {external_word}
  0x0000020aa108a548: 48b9 e034 | 8ede f87f | 0000 4883 

  0x0000020aa108a554: ;   {runtime_call}
  0x0000020aa108a554: e4f0 48b8 | 1090 4bde | f87f 0000 

  0x0000020aa108a560: ;   {section_word}
  0x0000020aa108a560: ffd0 f449 | ba63 a508 | a10a 0200 

  0x0000020aa108a56c: ;   {runtime_call DeoptimizationBlob}
  0x0000020aa108a56c: 0041 52e9 | 0cad 2507 | f4f4 f4f4 
[/MachCode]


Compiled method (c1) 32416368 1475       3       java.awt.EventQueue::dispatchEventImpl (139 bytes)
 total in heap  [0x0000020aa103bc88,0x0000020aa103e1c0] = 9528
 relocation     [0x0000020aa103bd60,0x0000020aa103c008] = 680
 main code      [0x0000020aa103c020,0x0000020aa103dfd8] = 8120
 stub code      [0x0000020aa103dfd8,0x0000020aa103e0e8] = 272
 oops           [0x0000020aa103e0e8,0x0000020aa103e0f8] = 16
 metadata       [0x0000020aa103e0f8,0x0000020aa103e1c0] = 200
 immutable data [0x0000020ab8595420,0x0000020ab8595ba8] = 1928
 dependencies   [0x0000020ab8595420,0x0000020ab8595458] = 56
 nul chk table  [0x0000020ab8595458,0x0000020ab85954d8] = 128
 handler table  [0x0000020ab85954d8,0x0000020ab8595598] = 192
 scopes pcs     [0x0000020ab8595598,0x0000020ab8595978] = 992
 scopes data    [0x0000020ab8595978,0x0000020ab8595ba8] = 560

[Constant Pool (empty)]

[MachCode]
[Instructions begin]
  0x0000020aa103c020: 6666 660f | 1f84 0000 | 0000 0066 | 6666 9066 | 6690 448b | 5208 443b 

  0x0000020aa103c038: ;   {runtime_call Shared Runtime ic_miss_blob}
  0x0000020aa103c038: 5008 0f85 | 2027 2a07 
[Verified Entry Point]
  0x0000020aa103c040: 8984 2400 | 80ff ff55 | 4881 ecd0 | 0000 0090 | 4181 7f20 | 0100 0000 

  0x0000020aa103c058: ;   {runtime_call StubRoutines (final stubs)}
  0x0000020aa103c058: 7405 e8a1 | 9828 074c | 8984 24a8 

  0x0000020aa103c064: ;   {metadata(method data for {method} {0x0000020afa1720f8} 'dispatchEventImpl' '(Ljava/awt/AWTEvent;Ljava/lang/Object;)V' in 'java/awt/EventQueue')}
  0x0000020aa103c064: 0000 0048 | beb0 eb74 | fa0a 0200 | 008b becc | 0000 0083 | c702 89be | cc00 0000 | 81e7 fe07 
  0x0000020aa103c084: 0000 85ff | 0f84 121b | 0000 41c6 | 4016 014d 

  0x0000020aa103c094: ;   {metadata(method data for {method} {0x0000020afa1720f8} 'dispatchEventImpl' '(Ljava/awt/AWTEvent;Ljava/lang/Object;)V' in 'java/awt/EventQueue')}
  0x0000020aa103c094: 85c0 48bb | b0eb 74fa | 0a02 0000 | 750c 808b | 0901 0000 | 01e9 cb00 | 0000 418b | 4008 49ba 
  0x0000020aa103c0b4: 0000 00b9 | 0a02 0000 | 4903 c248 | 3b83 1801 | 0000 750d | 4883 8320 | 0100 0001 | e960 0000 
  0x0000020aa103c0d4: 0048 3b83 | 2801 0000 | 750d 4883 | 8330 0100 | 0001 e94a | 0000 0048 | 83bb 1801 | 0000 0075 
  0x0000020aa103c0f4: 1748 8983 | 1801 0000 | 48c7 8320 | 0100 0001 | 0000 00e9 | 2900 0000 | 4883 bb28 | 0100 0000 
  0x0000020aa103c114: 7517 4889 | 8328 0100 | 0048 c783 | 3001 0000 | 0100 0000 | e908 0000 | 0048 8383 | 1001 0000 
  0x0000020aa103c134: ;   {metadata('java/awt/ActiveEvent')}
  0x0000020aa103c134: 0148 b880 | cc5c fa0a | 0200 0041 | 8b58 0849 | ba00 0000 | b90a 0200 | 0049 03da | 483b 4320 
  0x0000020aa103c154: 0f84 2400 | 0000 483b | d80f 841b | 0000 0053 

  0x0000020aa103c164: ;   {runtime_call C1 Runtime slow_subtype_check_blob}
  0x0000020aa103c164: 50e8 d64d | 3607 5b5b | 85db 0f84 | 0500 0000 | e905 0000 | 0048 33f6 | eb05 be01 | 0000 0085 
  0x0000020aa103c184: ;   {metadata(method data for {method} {0x0000020afa1720f8} 'dispatchEventImpl' '(Ljava/awt/AWTEvent;Ljava/lang/Object;)V' in 'java/awt/EventQueue')}
  0x0000020aa103c184: f648 beb0 | eb74 fa0a | 0200 00bf | 5001 0000 | 7505 bf40 | 0100 0048 | 8b1c 3e48 | 8d5b 0148 
  0x0000020aa103c1a4: 891c 3e0f | 85ab 1500 | 004d 85c9 

  0x0000020aa103c1b0: ;   {metadata(method data for {method} {0x0000020afa1720f8} 'dispatchEventImpl' '(Ljava/awt/AWTEvent;Ljava/lang/Object;)V' in 'java/awt/EventQueue')}
  0x0000020aa103c1b0: 48bb b0eb | 74fa 0a02 | 0000 750c | 808b 0102 | 0000 01e9 | b100 0000 | 418b 4108 | 49ba 0000 
  0x0000020aa103c1d0: 00b9 0a02 | 0000 4903 | c248 3b83 | 1002 0000 | 750d 4883 | 8318 0200 | 0001 e960 | 0000 0048 
  0x0000020aa103c1f0: 3b83 2002 | 0000 750d | 4883 8328 | 0200 0001 | e94a 0000 | 0048 83bb | 1002 0000 | 0075 1748 
  0x0000020aa103c210: 8983 1002 | 0000 48c7 | 8318 0200 | 0001 0000 | 00e9 2900 | 0000 4883 | bb20 0200 | 0000 7517 
  0x0000020aa103c230: 4889 8320 | 0200 0048 | c783 2802 | 0000 0100 | 0000 e908 | 0000 0048 | 8383 0802 

  0x0000020aa103c24c: ;   {metadata('java/awt/Component')}
  0x0000020aa103c24c: 0000 0148 | b8f8 c808 | fa0a 0200 | 0041 8b59 | 0849 ba00 | 0000 b90a | 0200 0049 | 03da 483b 
  0x0000020aa103c26c: 4338 0f85 | 0500 0000 | e905 0000 | 0048 33f6 | eb05 be01 | 0000 0085 

  0x0000020aa103c284: ;   {metadata(method data for {method} {0x0000020afa1720f8} 'dispatchEventImpl' '(Ljava/awt/AWTEvent;Ljava/lang/Object;)V' in 'java/awt/EventQueue')}
  0x0000020aa103c284: f648 beb0 | eb74 fa0a | 0200 00bf | 3802 0000 | 7405 bf48 | 0200 0048 | 8b1c 3e48 | 8d5b 0148 
  0x0000020aa103c2a4: 891c 3e0f | 84e4 0600 | 004d 85c9 

  0x0000020aa103c2b0: ;   {metadata(method data for {method} {0x0000020afa1720f8} 'dispatchEventImpl' '(Ljava/awt/AWTEvent;Ljava/lang/Object;)V' in 'java/awt/EventQueue')}
  0x0000020aa103c2b0: 48bf b0eb | 74fa 0a02 | 0000 750c | 808f 5102 | 0000 01e9 | b100 0000 | 418b 5908 | 49ba 0000 
  0x0000020aa103c2d0: 00b9 0a02 | 0000 4903 | da48 3b9f | 6002 0000 | 750d 4883 | 8768 0200 | 0001 e960 | 0000 0048 
  0x0000020aa103c2f0: 3b9f 7002 | 0000 750d | 4883 8778 | 0200 0001 | e94a 0000 | 0048 83bf | 6002 0000 | 0075 1748 
  0x0000020aa103c310: 899f 6002 | 0000 48c7 | 8768 0200 | 0001 0000 | 00e9 2900 | 0000 4883 | bf70 0200 | 0000 7517 
  0x0000020aa103c330: 4889 9f70 | 0200 0048 | c787 7802 | 0000 0100 | 0000 e908 | 0000 0048 | 8387 5802 

  0x0000020aa103c34c: ;   {metadata('java/awt/Component')}
  0x0000020aa103c34c: 0000 0148 | bbf8 c808 | fa0a 0200 | 0041 8b79 | 0849 ba00 | 0000 b90a | 0200 0049 | 03fa 483b 
  0x0000020aa103c36c: 5f38 0f85 | 5218 0000 | e900 0000 | 0049 8bd1 

  0x0000020aa103c37c: ; implicit exception: dispatches to 0x0000020aa103dbcf
  0x0000020aa103c37c: 483b 0248 

  0x0000020aa103c380: ;   {metadata(method data for {method} {0x0000020afa1720f8} 'dispatchEventImpl' '(Ljava/awt/AWTEvent;Ljava/lang/Object;)V' in 'java/awt/EventQueue')}
  0x0000020aa103c380: 8bf2 48bf | b0eb 74fa | 0a02 0000 | 8b76 0849 | ba00 0000 | b90a 0200 | 0049 03f2 | 483b b790 
  0x0000020aa103c3a0: 0200 0075 | 0d48 8387 | 9802 0000 | 01e9 6000 | 0000 483b | b7a0 0200 | 0075 0d48 | 8387 a802 
  0x0000020aa103c3c0: 0000 01e9 | 4a00 0000 | 4883 bf90 | 0200 0000 | 7517 4889 | b790 0200 | 0048 c787 | 9802 0000 
  0x0000020aa103c3e0: 0100 0000 | e929 0000 | 0048 83bf | a002 0000 | 0075 1748 | 89b7 a002 | 0000 48c7 | 87a8 0200 
  0x0000020aa103c400: 0001 0000 | 00e9 0800 | 0000 4883 | 8788 0200 

  0x0000020aa103c410: ;   {metadata(method data for {method} {0x0000020afa07fd88} 'dispatchEvent' '(Ljava/awt/AWTEvent;)V' in 'java/awt/Component')}
  0x0000020aa103c410: 0001 48be | 58f2 74fa | 0a02 0000 | 8bbe cc00 | 0000 83c7 | 0289 becc | 0000 0081 | e7fe ff1f 
  0x0000020aa103c430: 0085 ff0f | 849b 1700 | 0048 8bf2 

  0x0000020aa103c43c: ;   {metadata(method data for {method} {0x0000020afa07fd88} 'dispatchEvent' '(Ljava/awt/AWTEvent;)V' in 'java/awt/Component')}
  0x0000020aa103c43c: 48bf 58f2 | 74fa 0a02 | 0000 8b76 | 0849 ba00 | 0000 b90a | 0200 0049 | 03f2 483b | b718 0100 
  0x0000020aa103c45c: 0075 0d48 | 8387 2001 | 0000 01e9 | 6000 0000 | 483b b728 | 0100 0075 | 0d48 8387 | 3001 0000 
  0x0000020aa103c47c: 01e9 4a00 | 0000 4883 | bf18 0100 | 0000 7517 | 4889 b718 | 0100 0048 | c787 2001 | 0000 0100 
  0x0000020aa103c49c: 0000 e929 | 0000 0048 | 83bf 2801 | 0000 0075 | 1748 89b7 | 2801 0000 | 48c7 8730 | 0100 0001 
  0x0000020aa103c4bc: 0000 00e9 | 0800 0000 | 4883 8710 | 0100 0001 | 498b f04c | 8bc6 6666 | 9048 b8a0 | 9859 fe0a 
  0x0000020aa103c4dc: ;   {virtual_call}
  0x0000020aa103c4dc: 0200 00e8 

  0x0000020aa103c4e0: ; ImmutableOopMap {[168]=Oop }
                      ;*invokevirtual dispatchEventImpl {reexecute=0 rethrow=0 return_oop=0}
                      ; - java.awt.Component::dispatchEvent@2 (line 4790)
                      ; - java.awt.EventQueue::dispatchEventImpl@41 (line 725)
  0x0000020aa103c4e0: bc00 3707 

  0x0000020aa103c4e4: ;   {post_call_nop}
  0x0000020aa103c4e4: 0f1f 8400 | 5c08 0000 | 4c8b 8424 | a800 0000 

  0x0000020aa103c4f4: ;   {metadata(method data for {method} {0x0000020afa1720f8} 'dispatchEventImpl' '(Ljava/awt/AWTEvent;Ljava/lang/Object;)V' in 'java/awt/EventQueue')}
  0x0000020aa103c4f4: 48be b0eb | 74fa 0a02 | 0000 458b | 4008 49ba | 0000 00b9 | 0a02 0000 | 4d03 c24c | 3b86 c002 
  0x0000020aa103c514: 0000 750d | 4883 86c8 | 0200 0001 | e960 0000 | 004c 3b86 | d002 0000 | 750d 4883 | 86d8 0200 
  0x0000020aa103c534: 0001 e94a | 0000 0048 | 83be c002 | 0000 0075 | 174c 8986 | c002 0000 | 48c7 86c8 | 0200 0001 
  0x0000020aa103c554: 0000 00e9 | 2900 0000 | 4883 bed0 | 0200 0000 | 7517 4c89 | 86d0 0200 | 0048 c786 | d802 0000 
  0x0000020aa103c574: 0100 0000 | e908 0000 | 0048 8386 | b802 0000 

  0x0000020aa103c584: ;   {metadata(method data for {method} {0x0000020afa0c19b0} 'dispatched' '()V' in 'java/awt/AWTEvent')}
  0x0000020aa103c584: 0148 bee0 | f374 fa0a | 0200 008b | becc 0000 | 0083 c702 | 89be cc00 | 0000 81e7 | feff 1f00 
  0x0000020aa103c5a4: 85ff 0f84 | 4916 0000 | 4c8b 8424 | a800 0000 

  0x0000020aa103c5b4: ;   {metadata(method data for {method} {0x0000020afa0c19b0} 'dispatched' '()V' in 'java/awt/AWTEvent')}
  0x0000020aa103c5b4: 4d85 c048 | bbe0 f374 | fa0a 0200 | 0075 0c80 | 8b09 0100 | 0001 e9b1 | 0000 0041 | 8b40 0849 
  0x0000020aa103c5d4: ba00 0000 | b90a 0200 | 0049 03c2 | 483b 8318 | 0100 0075 | 0d48 8383 | 2001 0000 | 01e9 6000 
  0x0000020aa103c5f4: 0000 483b | 8328 0100 | 0075 0d48 | 8383 3001 | 0000 01e9 | 4a00 0000 | 4883 bb18 | 0100 0000 
  0x0000020aa103c614: 7517 4889 | 8318 0100 | 0048 c783 | 2001 0000 | 0100 0000 | e929 0000 | 0048 83bb | 2801 0000 
  0x0000020aa103c634: 0075 1748 | 8983 2801 | 0000 48c7 | 8330 0100 | 0001 0000 | 00e9 0800 | 0000 4883 | 8310 0100 
  0x0000020aa103c654: ;   {metadata('java/awt/event/InputEvent')}
  0x0000020aa103c654: 0001 48b8 | 606e 0ffa | 0a02 0000 | 418b 5808 | 49ba 0000 | 00b9 0a02 | 0000 4903 | da48 3b43 
  0x0000020aa103c674: 500f 8505 | 0000 00e9 | 0500 0000 | 4833 f6eb | 05be 0100 | 0000 85f6 

  0x0000020aa103c68c: ;   {metadata(method data for {method} {0x0000020afa0c19b0} 'dispatched' '()V' in 'java/awt/AWTEvent')}
  0x0000020aa103c68c: 48be e0f3 | 74fa 0a02 | 0000 bf40 | 0100 0074 | 05bf 5001 | 0000 488b | 1c3e 488d | 5b01 4889 
  0x0000020aa103c6ac: 1c3e 0f84 | c914 0000 

  0x0000020aa103c6b4: ;   {metadata(method data for {method} {0x0000020afa0c19b0} 'dispatched' '()V' in 'java/awt/AWTEvent')}
  0x0000020aa103c6b4: 48be e0f3 | 74fa 0a02 | 0000 4883 | 8660 0100 

  0x0000020aa103c6c4: ;   {metadata(method data for {method} {0x0000020afa0dc340} 'getInputEventAccessor' '()Lsun/awt/AWTAccessor$InputEventAccessor;' in 'sun/awt/AWTAccessor')}
  0x0000020aa103c6c4: 0001 48be | f0f5 74fa | 0a02 0000 | 8bbe cc00 | 0000 83c7 | 0289 becc | 0000 0081 | e7fe ff1f 
  0x0000020aa103c6e4: 0085 ff0f | 8429 1500 

  0x0000020aa103c6ec: ;   {oop(a 'java/lang/Class'{0x00000007157734a0} = 'sun/awt/AWTAccessor')}
  0x0000020aa103c6ec: 0048 bea0 | 3477 1507 | 0000 008b | b684 0000 | 0048 c1e6 | 0348 85f6 

  0x0000020aa103c704: ;   {metadata(method data for {method} {0x0000020afa0dc340} 'getInputEventAccessor' '()Lsun/awt/AWTAccessor$InputEventAccessor;' in 'sun/awt/AWTAccessor')}
  0x0000020aa103c704: 48bf f0f5 | 74fa 0a02 | 0000 bb10 | 0100 0075 | 05bb 2001 | 0000 488b | 041f 488d | 4001 4889 
  0x0000020aa103c724: 041f 0f85 | f412 0000 

  0x0000020aa103c72c: ;   {metadata(method data for {method} {0x0000020afa0dc340} 'getInputEventAccessor' '()Lsun/awt/AWTAccessor$InputEventAccessor;' in 'sun/awt/AWTAccessor')}
  0x0000020aa103c72c: 48be f0f5 | 74fa 0a02 | 0000 4883 | 8630 0100 

  0x0000020aa103c73c: ;   {metadata(method data for {method} {0x0000020afa0deb00} 'ensureClassInitialized' '(Ljava/lang/Class;)V' in 'sun/awt/AWTAccessor')}
  0x0000020aa103c73c: 0001 48be | 3029 61fa | 0a02 0000 | 8bbe cc00 | 0000 83c7 | 0289 becc | 0000 0081 | e7fe ff1f 
  0x0000020aa103c75c: 0085 ff0f | 84d2 1400 

  0x0000020aa103c764: ;   {metadata(method data for {method} {0x0000020afa0deb00} 'ensureClassInitialized' '(Ljava/lang/Class;)V' in 'sun/awt/AWTAccessor')}
  0x0000020aa103c764: 0048 be30 | 2961 fa0a | 0200 0048 | 8386 1001 

  0x0000020aa103c774: ;   {metadata(method data for {method} {0x0000020ab944ab28} 'lookup' '()Ljava/lang/invoke/MethodHandles$Lookup;' in 'java/lang/invoke/MethodHandles')}
  0x0000020aa103c774: 0000 0148 | bef8 2a61 | fa0a 0200 | 008b becc | 0000 0083 | c702 89be | cc00 0000 | 81e7 feff 
  0x0000020aa103c794: 1f00 85ff | 0f84 ba14 

  0x0000020aa103c79c: ;   {metadata(method data for {method} {0x0000020ab944ab28} 'lookup' '()Ljava/lang/invoke/MethodHandles$Lookup;' in 'java/lang/invoke/MethodHandles')}
  0x0000020aa103c79c: 0000 48be | f82a 61fa | 0a02 0000 | 4883 8610 | 0100 0001 | 0f1f 8000 

  0x0000020aa103c7b4: ;   {static_call}
  0x0000020aa103c7b4: 0000 00e8 

  0x0000020aa103c7b8: ; ImmutableOopMap {[168]=Oop }
                      ;*invokestatic getCallerClass {reexecute=0 rethrow=0 return_oop=0}
                      ; - java.lang.invoke.MethodHandles::lookup@0 (line 126)
                      ; - sun.awt.AWTAccessor::ensureClassInitialized@0 (line 1464)
                      ; - sun.awt.AWTAccessor::getInputEventAccessor@10 (line 963)
                      ; - java.awt.AWTEvent::dispatched@7 (line 571)
                      ; - java.awt.EventQueue::dispatchEventImpl@45 (line 726)
  0x0000020aa103c7b8: a428 2a07 

  0x0000020aa103c7bc: ;   {post_call_nop}
  0x0000020aa103c7bc: 0f1f 8400 | 340b 0001 | 4c8b c04d 

  0x0000020aa103c7c8: ;   {metadata(method data for {method} {0x0000020ab944ab28} 'lookup' '()Ljava/lang/invoke/MethodHandles$Lookup;' in 'java/lang/invoke/MethodHandles')}
  0x0000020aa103c7c8: 85c0 48ba | f82a 61fa | 0a02 0000 | be30 0100 | 0074 05be | 2001 0000 | 488b 3c32 | 488d 7f01 
  0x0000020aa103c7e8: 4889 3c32 | 0f84 5511 

  0x0000020aa103c7f0: ;   {metadata('java/lang/invoke/MethodHandles$Lookup')}
  0x0000020aa103c7f0: 0000 48ba | b8a5 1eb9 | 0a02 0000 | 498b 87c8 | 0100 0048 | 8d78 2049 | 3bbf d801 | 0000 0f87 
  0x0000020aa103c810: 6514 0000 | 4989 bfc8 | 0100 0048 | c700 0100 | 0000 488b | ca49 ba00 | 0000 b90a | 0200 0049 
  0x0000020aa103c830: 2bca 8948 | 0848 33c9 | 8948 0c48 | 33c9 4889 | 4810 4889 | 4818 4c8b 

  0x0000020aa103c848: ;   {metadata(method data for {method} {0x0000020ab944ab28} 'lookup' '()Ljava/lang/invoke/MethodHandles$Lookup;' in 'java/lang/invoke/MethodHandles')}
  0x0000020aa103c848: c848 bff8 | 2a61 fa0a | 0200 0048 | 8387 5001 

  0x0000020aa103c858: ;   {metadata(method data for {method} {0x0000020ab944edd8} '<init>' '(Ljava/lang/Class;)V' in 'java/lang/invoke/MethodHandles$Lookup')}
  0x0000020aa103c858: 0000 0149 | b928 3361 | fa0a 0200 | 0041 8bb9 | cc00 0000 | 83c7 0241 | 89b9 cc00 | 0000 81e7 
  0x0000020aa103c878: feff 1f00 | 85ff 0f84 | 0214 0000 

  0x0000020aa103c884: ;   {metadata(method data for {method} {0x0000020ab944edd8} '<init>' '(Ljava/lang/Class;)V' in 'java/lang/invoke/MethodHandles$Lookup')}
  0x0000020aa103c884: 4c8b c848 | bf28 3361 | fa0a 0200 | 0048 8387 | 1001 0000 

  0x0000020aa103c898: ;   {oop(nullptr)}
  0x0000020aa103c898: 0149 b900 | 0000 0000 | 0000 00bf | 5f00 0000 | 488b d048 | 8984 24b0 | 0000 000f 

  0x0000020aa103c8b4: ;   {optimized virtual_call}
  0x0000020aa103c8b4: 1f40 00e8 

  0x0000020aa103c8b8: ; ImmutableOopMap {[168]=Oop [176]=Oop }
                      ;*invokespecial <init> {reexecute=0 rethrow=0 return_oop=0}
                      ; - java.lang.invoke.MethodHandles$Lookup::<init>@5 (line 1534)
                      ; - java.lang.invoke.MethodHandles::lookup@23 (line 130)
                      ; - sun.awt.AWTAccessor::ensureClassInitialized@0 (line 1464)
                      ; - sun.awt.AWTAccessor::getInputEventAccessor@10 (line 963)
                      ; - java.awt.AWTEvent::dispatched@7 (line 571)
                      ; - java.awt.EventQueue::dispatchEventImpl@45 (line 726)
  0x0000020aa103c8b8: a421 2a07 

  0x0000020aa103c8bc: ;   {post_call_nop}
  0x0000020aa103c8bc: 0f1f 8400 | 340c 0002 | 488b 8424 | b000 0000 

  0x0000020aa103c8cc: ;   {metadata(method data for {method} {0x0000020afa0deb00} 'ensureClassInitialized' '(Ljava/lang/Class;)V' in 'sun/awt/AWTAccessor')}
  0x0000020aa103c8cc: 4c8b c048 | ba30 2961 | fa0a 0200 | 0045 8b40 | 0849 ba00 | 0000 b90a | 0200 004d | 03c2 4c3b 
  0x0000020aa103c8ec: 8228 0100 | 0075 0d48 | 8382 3001 | 0000 01e9 | 6000 0000 | 4c3b 8238 | 0100 0075 | 0d48 8382 
  0x0000020aa103c90c: 4001 0000 | 01e9 4a00 | 0000 4883 | ba28 0100 | 0000 7517 | 4c89 8228 | 0100 0048 | c782 3001 
  0x0000020aa103c92c: 0000 0100 | 0000 e929 | 0000 0048 | 83ba 3801 | 0000 0075 | 174c 8982 | 3801 0000 | 48c7 8240 
  0x0000020aa103c94c: 0100 0001 | 0000 00e9 | 0800 0000 | 4883 8220 | 0100 0001 

  0x0000020aa103c960: ;   {oop(a 'java/lang/Class'{0x00000007157b4078} = 'java/awt/event/InputEvent')}
  0x0000020aa103c960: 49b8 7840 | 7b15 0700 | 0000 488b 

  0x0000020aa103c96c: ;   {optimized virtual_call}
  0x0000020aa103c96c: d066 90e8 

  0x0000020aa103c970: ; ImmutableOopMap {[168]=Oop }
                      ;*invokevirtual ensureInitialized {reexecute=0 rethrow=0 return_oop=0}
                      ; - sun.awt.AWTAccessor::ensureClassInitialized@4 (line 1464)
                      ; - sun.awt.AWTAccessor::getInputEventAccessor@10 (line 963)
                      ; - java.awt.AWTEvent::dispatched@7 (line 571)
                      ; - java.awt.EventQueue::dispatchEventImpl@45 (line 726)
  0x0000020aa103c970: ec20 2a07 

  0x0000020aa103c974: ;   {post_call_nop}
  0x0000020aa103c974: 0f1f 8400 | ec0c 0003 

  0x0000020aa103c97c: ;   {metadata(method data for {method} {0x0000020afa0deb00} 'ensureClassInitialized' '(Ljava/lang/Class;)V' in 'sun/awt/AWTAccessor')}
  0x0000020aa103c97c: 48ba 3029 | 61fa 0a02 | 0000 ff82 | 5001 0000 | e97b 1000 | 004d 85c9 

  0x0000020aa103c994: ;   {metadata(method data for {method} {0x0000020afa1720f8} 'dispatchEventImpl' '(Ljava/awt/AWTEvent;Ljava/lang/Object;)V' in 'java/awt/EventQueue')}
  0x0000020aa103c994: 48bb b0eb | 74fa 0a02 | 0000 750c | 808b f902 | 0000 01e9 | b000 0000 | 418b 4108 | 49ba 0000 
  0x0000020aa103c9b4: 00b9 0a02 | 0000 4903 | c248 3b83 | 0803 0000 | 750d 4883 | 8310 0300 | 0001 e960 | 0000 0048 
  0x0000020aa103c9d4: 3b83 1803 | 0000 750d | 4883 8320 | 0300 0001 | e94a 0000 | 0048 83bb | 0803 0000 | 0075 1748 
  0x0000020aa103c9f4: 8983 0803 | 0000 48c7 | 8310 0300 | 0001 0000 | 00e9 2900 | 0000 4883 | bb18 0300 | 0000 7517 
  0x0000020aa103ca14: 4889 8318 | 0300 0048 | c783 2003 | 0000 0100 | 0000 e908 | 0000 0048 | 8383 0003 

  0x0000020aa103ca30: ;   {metadata('java/awt/MenuComponent')}
  0x0000020aa103ca30: 0000 0148 | b8c8 6061 | fa0a 0200 | 0041 8b79 | 0849 ba00 | 0000 b90a | 0200 0049 | 03fa 483b 
  0x0000020aa103ca50: c70f 8505 | 0000 00e9 | 0500 0000 | 4833 f6eb | 05be 0100 | 0000 85f6 

  0x0000020aa103ca68: ;   {metadata(method data for {method} {0x0000020afa1720f8} 'dispatchEventImpl' '(Ljava/awt/AWTEvent;Ljava/lang/Object;)V' in 'java/awt/EventQueue')}
  0x0000020aa103ca68: 48be b0eb | 74fa 0a02 | 0000 bf40 | 0300 0075 | 05bf 3003 | 0000 488b | 1c3e 488d | 5b01 4889 
  0x0000020aa103ca88: 1c3e 0f85 | 280b 0000 

  0x0000020aa103ca90: ;   {metadata(method data for {method} {0x0000020afa1720f8} 'dispatchEventImpl' '(Ljava/awt/AWTEvent;Ljava/lang/Object;)V' in 'java/awt/EventQueue')}
  0x0000020aa103ca90: 4d85 c948 | bbb0 eb74 | fa0a 0200 | 0075 0c80 | 8bc1 0300 | 0001 e9dd | 0000 0041 | 8b41 0849 
  0x0000020aa103cab0: ba00 0000 | b90a 0200 | 0049 03c2 | 483b 83d0 | 0300 0075 | 0d48 8383 | d803 0000 | 01e9 6000 
  0x0000020aa103cad0: 0000 483b | 83e0 0300 | 0075 0d48 | 8383 e803 | 0000 01e9 | 4a00 0000 | 4883 bbd0 | 0300 0000 
  0x0000020aa103caf0: 7517 4889 | 83d0 0300 | 0048 c783 | d803 0000 | 0100 0000 | e929 0000 | 0048 83bb | e003 0000 
  0x0000020aa103cb10: 0075 1748 | 8983 e003 | 0000 48c7 | 83e8 0300 | 0001 0000 | 00e9 0800 | 0000 4883 | 83c8 0300 
  0x0000020aa103cb30: 0001 660f | 1f44 0000 

  0x0000020aa103cb38: ;   {no_reloc}
  0x0000020aa103cb38: e979 1100 | 0000 0000 | 0000 418b | 5908 49ba | 0000 00b9 | 0a02 0000 | 4903 da48 | 3bd8 0f84 
  0x0000020aa103cb58: 3100 0000 | 8b78 1448 | 3b04 3b0f | 8424 0000 | 0083 ff20 | 0f85 1600 | 0000 5350 

  0x0000020aa103cb74: ;   {runtime_call C1 Runtime slow_subtype_check_blob}
  0x0000020aa103cb74: e8c7 4336 | 075b 5885 | c00f 8405 | 0000 00e9 | 0500 0000 | 4833 f6eb | 05be 0100 | 0000 85f6 
  0x0000020aa103cb94: ;   {metadata(method data for {method} {0x0000020afa1720f8} 'dispatchEventImpl' '(Ljava/awt/AWTEvent;Ljava/lang/Object;)V' in 'java/awt/EventQueue')}
  0x0000020aa103cb94: 48be b0eb | 74fa 0a02 | 0000 bf08 | 0400 0075 | 05bf f803 | 0000 488b | 1c3e 488d | 5b01 4889 
  0x0000020aa103cbb4: 1c3e 0f85 | be08 0000 

  0x0000020aa103cbbc: ;   {metadata(method data for {method} {0x0000020afa1720f8} 'dispatchEventImpl' '(Ljava/awt/AWTEvent;Ljava/lang/Object;)V' in 'java/awt/EventQueue')}
  0x0000020aa103cbbc: 4d85 c948 | bbb0 eb74 | fa0a 0200 | 0075 0c80 | 8b89 0400 | 0001 e9b0 | 0000 0041 | 8b41 0849 
  0x0000020aa103cbdc: ba00 0000 | b90a 0200 | 0049 03c2 | 483b 8398 | 0400 0075 | 0d48 8383 | a004 0000 | 01e9 6000 
  0x0000020aa103cbfc: 0000 483b | 83a8 0400 | 0075 0d48 | 8383 b004 | 0000 01e9 | 4a00 0000 | 4883 bb98 | 0400 0000 
  0x0000020aa103cc1c: 7517 4889 | 8398 0400 | 0048 c783 | a004 0000 | 0100 0000 | e929 0000 | 0048 83bb | a804 0000 
  0x0000020aa103cc3c: 0075 1748 | 8983 a804 | 0000 48c7 | 83b0 0400 | 0001 0000 | 00e9 0800 | 0000 4883 | 8390 0400 
  0x0000020aa103cc5c: ;   {metadata('sun/awt/AWTAutoShutdown')}
  0x0000020aa103cc5c: 0001 48b8 | 8075 06ba | 0a02 0000 | 418b 7908 | 49ba 0000 | 00b9 0a02 | 0000 4903 | fa48 3bc7 
  0x0000020aa103cc7c: 0f85 0500 | 0000 e905 | 0000 0048 | 33f6 eb05 | be01 0000 

  0x0000020aa103cc90: ;   {metadata(method data for {method} {0x0000020afa1720f8} 'dispatchEventImpl' '(Ljava/awt/AWTEvent;Ljava/lang/Object;)V' in 'java/awt/EventQueue')}
  0x0000020aa103cc90: 0085 f648 | beb0 eb74 | fa0a 0200 | 00bf c004 | 0000 7405 | bfd0 0400 | 0048 8b1c | 3e48 8d5b 
  0x0000020aa103ccb0: 0148 891c | 3e0f 8448 | 0100 0048 

  0x0000020aa103ccbc: ;   {metadata(method data for {method} {0x0000020afa1720f8} 'dispatchEventImpl' '(Ljava/awt/AWTEvent;Ljava/lang/Object;)V' in 'java/awt/EventQueue')}
  0x0000020aa103ccbc: 8bf2 48bf | b0eb 74fa | 0a02 0000 | 4883 87e0 | 0400 0001 

  0x0000020aa103ccd0: ;   {metadata(method data for {method} {0x0000020afa171730} 'noEvents' '()Z' in 'java/awt/EventQueue')}
  0x0000020aa103ccd0: 48be a8f8 | 74fa 0a02 | 0000 8bbe | cc00 0000 | 83c7 0289 | becc 0000 | 0081 e7fe | ff1f 0085 
  0x0000020aa103ccf0: ff0f 84c9 | 0f00 00be | 0000 0000 | e994 0000 | 000f 1f80 | 0000 0000 | 8b7a 2048 | c1e7 033b 
  0x0000020aa103cd10: 770c 0f83 | d30f 0000 | 4863 de8b | 7c9f 1048 | c1e7 038b | 7f0c 48c1 | e703 4885 

  0x0000020aa103cd2c: ;   {metadata(method data for {method} {0x0000020afa171730} 'noEvents' '()Z' in 'java/awt/EventQueue')}
  0x0000020aa103cd2c: ff48 bfa8 | f874 fa0a | 0200 00bb | 4001 0000 | 7505 bb30 | 0100 0048 | 8b04 1f48 | 8d40 0148 
  0x0000020aa103cd4c: 8904 1f0f | 8570 0000 

  0x0000020aa103cd54: ;   {metadata(method data for {method} {0x0000020afa171730} 'noEvents' '()Z' in 'java/awt/EventQueue')}
  0x0000020aa103cd54: 00ff c648 | bfa8 f874 | fa0a 0200 | 008b 9fd0 | 0000 0083 | c302 899f | d000 0000 | 81e3 fe3f 
  0x0000020aa103cd74: 0000 85db | 0f84 800f | 0000 4d8b 

  0x0000020aa103cd80: ; ImmutableOopMap {rdx=Oop }
                      ;*goto {reexecute=1 rethrow=0 return_oop=0}
                      ; - (reexecute) java.awt.EventQueue::noEvents@24 (line 520)
                      ; - java.awt.EventQueue::dispatchEventImpl@95 (line 732)
                      ;   {poll}
  0x0000020aa103cd80: 5730 4185 

  0x0000020aa103cd84: ;   {metadata(method data for {method} {0x0000020afa171730} 'noEvents' '()Z' in 'java/awt/EventQueue')}
  0x0000020aa103cd84: 0248 bfa8 | f874 fa0a | 0200 00ff | 8750 0100 | 0083 fe04 

  0x0000020aa103cd98: ;   {metadata(method data for {method} {0x0000020afa171730} 'noEvents' '()Z' in 'java/awt/EventQueue')}
  0x0000020aa103cd98: 48bf a8f8 | 74fa 0a02 | 0000 bb10 | 0100 007d | 05bb 2001 | 0000 488b | 041f 488d | 4001 4889 
  0x0000020aa103cdb8: 041f 0f8d | 0f00 0000 | e943 ffff | ffbe 0000 | 0000 e905 | 0000 00be | 0100 0000 

  0x0000020aa103cdd4: ;   {metadata(method data for {method} {0x0000020afa1720f8} 'dispatchEventImpl' '(Ljava/awt/AWTEvent;Ljava/lang/Object;)V' in 'java/awt/EventQueue')}
  0x0000020aa103cdd4: 85f6 48be | b0eb 74fa | 0a02 0000 | bf10 0500 | 0074 05bf | 2005 0000 | 488b 1c3e | 488d 5b01 
  0x0000020aa103cdf4: 4889 1c3e | 0f84 8f0d | 0000 e9ec 

  0x0000020aa103ce00: ;   {metadata(method data for {method} {0x0000020afa1720f8} 'dispatchEventImpl' '(Ljava/awt/AWTEvent;Ljava/lang/Object;)V' in 'java/awt/EventQueue')}
  0x0000020aa103ce00: 0500 0048 | bab0 eb74 | fa0a 0200 | 0048 8382 | 7805 0000 

  0x0000020aa103ce14: ;   {metadata(method data for {method} {0x0000020afa170500} 'getEventLog' '()Lsun/util/logging/PlatformLogger;' in 'java/awt/EventQueue')}
  0x0000020aa103ce14: 0148 ba88 | fb74 fa0a | 0200 008b | b2cc 0000 | 0083 c602 | 89b2 cc00 | 0000 81e6 | feff 1f00 
  0x0000020aa103ce34: 85f6 0f84 | e30e 0000 

  0x0000020aa103ce3c: ;   {oop(a 'java/lang/Class'{0x00000007157db118} = 'java/awt/EventQueue')}
  0x0000020aa103ce3c: 48ba 18b1 | 7d15 0700 | 0000 8b52 | 7848 c1e2 | 0348 85d2 

  0x0000020aa103ce50: ;   {metadata(method data for {method} {0x0000020afa170500} 'getEventLog' '()Lsun/util/logging/PlatformLogger;' in 'java/awt/EventQueue')}
  0x0000020aa103ce50: 48ba 88fb | 74fa 0a02 | 0000 be10 | 0100 0075 | 05be 2001 | 0000 488b | 3c32 488d | 7f01 4889 
  0x0000020aa103ce70: 3c32 0f85 | 6800 0000 

  0x0000020aa103ce78: ;   {metadata(method data for {method} {0x0000020afa170500} 'getEventLog' '()Lsun/util/logging/PlatformLogger;' in 'java/awt/EventQueue')}
  0x0000020aa103ce78: 48ba 88fb | 74fa 0a02 | 0000 4883 | 8230 0100 

  0x0000020aa103ce88: ;   {oop("java.awt.event.EventQueue"{0x0000000715600210})}
  0x0000020aa103ce88: 0001 48ba | 1002 6015 | 0700 0000 

  0x0000020aa103ce94: ;   {static_call}
  0x0000020aa103ce94: 6666 90e8 

  0x0000020aa103ce98: ; ImmutableOopMap {[168]=Oop }
                      ;*invokestatic getLogger {reexecute=0 rethrow=0 return_oop=0}
                      ; - java.awt.EventQueue::getEventLog@8 (line 181)
                      ; - java.awt.EventQueue::dispatchEventImpl@111 (line 736)
  0x0000020aa103ce98: c421 2a07 

  0x0000020aa103ce9c: ;   {post_call_nop}
  0x0000020aa103ce9c: 0f1f 8400 | 1412 0005 

  0x0000020aa103cea4: ;   {oop(a 'java/lang/Class'{0x00000007157db118} = 'java/awt/EventQueue')}
  0x0000020aa103cea4: 49b8 18b1 | 7d15 0700 | 0000 410f | be57 4885 | d20f 8585 | 0e00 004c | 8bd0 49c1 | ea03 4589 
  0x0000020aa103cec4: 5078 f083 | 4424 c000 | 498b d048 | 33d0 48c1 | ea15 4883 | fa00 0f85 | 800e 0000 

  0x0000020aa103cee0: ;   {oop(a 'java/lang/Class'{0x00000007157db118} = 'java/awt/EventQueue')}
  0x0000020aa103cee0: 49b8 18b1 | 7d15 0700 | 0000 458b | 4078 49c1 | e003 493b | 0049 8bd0 

  0x0000020aa103cef8: ;   {metadata(method data for {method} {0x0000020afa1720f8} 'dispatchEventImpl' '(Ljava/awt/AWTEvent;Ljava/lang/Object;)V' in 'java/awt/EventQueue')}
  0x0000020aa103cef8: 48be b0eb | 74fa 0a02 

  0x0000020aa103cf00: ;   {metadata('sun/util/logging/PlatformLogger')}
  0x0000020aa103cf00: 0000 49ba | 98a5 04ba | 0a02 0000 | 4c89 9690 | 0500 0048 | 8386 9805 

  0x0000020aa103cf18: ;   {metadata(method data for {method} {0x0000020afa0c31c0} 'isLoggable' '(Lsun/util/logging/PlatformLogger$Level;)Z' in 'sun/util/logging/PlatformLogger')}
  0x0000020aa103cf18: 0000 0148 | ba30 d33c | fa0a 0200 | 008b b2cc | 0000 0083 | c602 89b2 | cc00 0000 | 81e6 feff 
  0x0000020aa103cf38: 1f00 85f6 | 0f84 3b0e 

  0x0000020aa103cf40: ;   {metadata(method data for {method} {0x0000020afa0c31c0} 'isLoggable' '(Lsun/util/logging/PlatformLogger$Level;)Z' in 'sun/util/logging/PlatformLogger')}
  0x0000020aa103cf40: 0000 48ba | 30d3 3cfa | 0a02 0000 | ff82 1001 | 0000 418b | 500c 48c1 | e203 483b | 024c 8bc2 
  0x0000020aa103cf60: ;   {metadata(method data for {method} {0x0000020afa0c31c0} 'isLoggable' '(Lsun/util/logging/PlatformLogger$Level;)Z' in 'sun/util/logging/PlatformLogger')}
  0x0000020aa103cf60: 48be 30d3 | 3cfa 0a02 | 0000 458b | 4008 49ba | 0000 00b9 | 0a02 0000 | 4d03 c24c | 3b86 4801 
  0x0000020aa103cf80: 0000 750d | 4883 8650 | 0100 0001 | e960 0000 | 004c 3b86 | 5801 0000 | 750d 4883 | 8660 0100 
  0x0000020aa103cfa0: 0001 e94a | 0000 0048 | 83be 4801 | 0000 0075 | 174c 8986 | 4801 0000 | 48c7 8650 | 0100 0001 
  0x0000020aa103cfc0: 0000 00e9 | 2900 0000 | 4883 be58 | 0100 0000 | 7517 4c89 | 8658 0100 | 0048 c786 | 6001 0000 
  0x0000020aa103cfe0: 0100 0000 | e908 0000 | 0048 8386 | 4001 0000 

  0x0000020aa103cff0: ;   {oop(a 'sun/util/logging/PlatformLogger$Level'{0x000000071576bba8})}
  0x0000020aa103cff0: 0149 b8a8 | bb76 1507 | 0000 0066 | 9048 b8c8 | 9859 fe0a 

  0x0000020aa103d004: ;   {virtual_call}
  0x0000020aa103d004: 0200 00e8 

  0x0000020aa103d008: ; ImmutableOopMap {[168]=Oop }
                      ;*invokeinterface isLoggable {reexecute=0 rethrow=0 return_oop=0}
                      ; - sun.util.logging.PlatformLogger::isLoggable@17 (line 340)
                      ; - java.awt.EventQueue::dispatchEventImpl@117 (line 736)
  0x0000020aa103d008: 541d 2a07 

  0x0000020aa103d00c: ;   {post_call_nop}
  0x0000020aa103d00c: 0f1f 8400 | 8413 0006 | 83e0 0185 

  0x0000020aa103d018: ;   {metadata(method data for {method} {0x0000020afa1720f8} 'dispatchEventImpl' '(Ljava/awt/AWTEvent;Ljava/lang/Object;)V' in 'java/awt/EventQueue')}
  0x0000020aa103d018: c048 bab0 | eb74 fa0a | 0200 00be | b805 0000 | 7405 bec8 | 0500 0048 | 8b3c 3248 | 8d7f 0148 
  0x0000020aa103d038: 893c 320f | 844c 0b00 

  0x0000020aa103d040: ;   {metadata(method data for {method} {0x0000020afa1720f8} 'dispatchEventImpl' '(Ljava/awt/AWTEvent;Ljava/lang/Object;)V' in 'java/awt/EventQueue')}
  0x0000020aa103d040: 0048 bab0 | eb74 fa0a | 0200 0048 | 8382 d805 

  0x0000020aa103d050: ;   {metadata(method data for {method} {0x0000020afa170500} 'getEventLog' '()Lsun/util/logging/PlatformLogger;' in 'java/awt/EventQueue')}
  0x0000020aa103d050: 0000 0148 | ba88 fb74 | fa0a 0200 | 008b b2cc | 0000 0083 | c602 89b2 | cc00 0000 | 81e6 feff 
  0x0000020aa103d070: 1f00 85f6 | 0f84 290d 

  0x0000020aa103d078: ;   {oop(a 'java/lang/Class'{0x00000007157db118} = 'java/awt/EventQueue')}
  0x0000020aa103d078: 0000 48ba | 18b1 7d15 | 0700 0000 | 8b52 7848 | c1e2 0348 

  0x0000020aa103d08c: ;   {metadata(method data for {method} {0x0000020afa170500} 'getEventLog' '()Lsun/util/logging/PlatformLogger;' in 'java/awt/EventQueue')}
  0x0000020aa103d08c: 85d2 48ba | 88fb 74fa | 0a02 0000 | be10 0100 | 0075 05be | 2001 0000 | 488b 3c32 | 488d 7f01 
  0x0000020aa103d0ac: 4889 3c32 | 0f85 6a00 

  0x0000020aa103d0b4: ;   {metadata(method data for {method} {0x0000020afa170500} 'getEventLog' '()Lsun/util/logging/PlatformLogger;' in 'java/awt/EventQueue')}
  0x0000020aa103d0b4: 0000 48ba | 88fb 74fa | 0a02 0000 | 4883 8230 | 0100 0001 

  0x0000020aa103d0c8: ;   {oop("java.awt.event.EventQueue"{0x0000000715600210})}
  0x0000020aa103d0c8: 48ba 1002 | 6015 0700 | 0000 0f1f 

  0x0000020aa103d0d4: ;   {static_call}
  0x0000020aa103d0d4: 4400 00e8 

  0x0000020aa103d0d8: ; ImmutableOopMap {[168]=Oop }
                      ;*invokestatic getLogger {reexecute=0 rethrow=0 return_oop=0}
                      ; - java.awt.EventQueue::getEventLog@8 (line 181)
                      ; - java.awt.EventQueue::dispatchEventImpl@123 (line 737)
  0x0000020aa103d0d8: 841f 2a07 

  0x0000020aa103d0dc: ;   {post_call_nop}
  0x0000020aa103d0dc: 0f1f 8400 | 5414 0007 

  0x0000020aa103d0e4: ;   {oop(a 'java/lang/Class'{0x00000007157db118} = 'java/awt/EventQueue')}
  0x0000020aa103d0e4: 48ba 18b1 | 7d15 0700 | 0000 410f | be77 4885 | f60f 85c9 | 0c00 004c | 8bd0 49c1 | ea03 4489 
  0x0000020aa103d104: 5278 f083 | 4424 c000 | 488b f248 | 33f0 48c1 | ee15 4883 | fe00 0f85 | c30c 0000 

  0x0000020aa103d120: ;   {oop(a 'java/lang/Class'{0x00000007157db118} = 'java/awt/EventQueue')}
  0x0000020aa103d120: 48ba 18b1 | 7d15 0700 | 0000 8b72 | 7848 c1e6 | 0348 89b4 | 24b8 0000 | 004c 8b84 | 24a8 0000 
  0x0000020aa103d140: ;   {metadata(method data for {method} {0x0000020afa1720f8} 'dispatchEventImpl' '(Ljava/awt/AWTEvent;Ljava/lang/Object;)V' in 'java/awt/EventQueue')}
  0x0000020aa103d140: 0048 bab0 | eb74 fa0a | 0200 0048 | 8382 e805 

  0x0000020aa103d150: ;   {metadata(method data for {method} {0x0000020ab947e890} 'valueOf' '(Ljava/lang/Object;)Ljava/lang/String;' in 'java/lang/String')}
  0x0000020aa103d150: 0000 0148 | bac8 ec1e | fa0a 0200 | 008b bacc | 0000 0083 | c702 89ba | cc00 0000 | 81e7 feff 
  0x0000020aa103d170: 1f00 85ff | 0f84 810c | 0000 4d85 

  0x0000020aa103d17c: ;   {metadata(method data for {method} {0x0000020ab947e890} 'valueOf' '(Ljava/lang/Object;)Ljava/lang/String;' in 'java/lang/String')}
  0x0000020aa103d17c: c048 bac8 | ec1e fa0a | 0200 00bf | 1001 0000 | 7505 bf20 | 0100 0048 | 8b1c 3a48 | 8d5b 0148 
  0x0000020aa103d19c: 891c 3a0f | 851f 0000 

  0x0000020aa103d1a4: ;   {metadata(method data for {method} {0x0000020ab947e890} 'valueOf' '(Ljava/lang/Object;)Ljava/lang/String;' in 'java/lang/String')}
  0x0000020aa103d1a4: 0048 bac8 | ec1e fa0a | 0200 00ff | 8230 0100 

  0x0000020aa103d1b4: ;   {oop("null"{0x00000007ffe1c918})}
  0x0000020aa103d1b4: 0048 bf18 | c9e1 ff07 | 0000 00e9 | ab00 0000 

  0x0000020aa103d1c4: ;   {metadata(method data for {method} {0x0000020ab947e890} 'valueOf' '(Ljava/lang/Object;)Ljava/lang/String;' in 'java/lang/String')}
  0x0000020aa103d1c4: 498b d048 | bfc8 ec1e | fa0a 0200 | 008b 5208 | 49ba 0000 | 00b9 0a02 | 0000 4903 | d248 3b97 
  0x0000020aa103d1e4: 5001 0000 | 750d 4883 | 8758 0100 | 0001 e960 | 0000 0048 | 3b97 6001 | 0000 750d | 4883 8768 
  0x0000020aa103d204: 0100 0001 | e94a 0000 | 0048 83bf | 5001 0000 | 0075 1748 | 8997 5001 | 0000 48c7 | 8758 0100 
  0x0000020aa103d224: 0001 0000 | 00e9 2900 | 0000 4883 | bf60 0100 | 0000 7517 | 4889 9760 | 0100 0048 | c787 6801 
  0x0000020aa103d244: 0000 0100 | 0000 e908 | 0000 0048 | 8387 4801 | 0000 0149 | 8bd0 0f1f 

  0x0000020aa103d25c: ;   {optimized virtual_call}
  0x0000020aa103d25c: 4400 00e8 

  0x0000020aa103d260: ; ImmutableOopMap {[184]=Oop }
                      ;*invokevirtual toString {reexecute=0 rethrow=0 return_oop=0}
                      ; - java.lang.String::valueOf@11 (line 4543)
                      ; - java.awt.EventQueue::dispatchEventImpl@127 (line 737)
  0x0000020aa103d260: fc17 2a07 

  0x0000020aa103d264: ;   {post_call_nop}
  0x0000020aa103d264: 0f1f 8400 | dc15 0008 | 488b f890 

  0x0000020aa103d270: ;   {no_reloc}
  0x0000020aa103d270: e9b6 0b00 | 0090 9090 | 9090 488b 

  0x0000020aa103d27c: ;   {static_call}
  0x0000020aa103d27c: d766 90e8 

  0x0000020aa103d280: ; ImmutableOopMap {[184]=Oop }
                      ;*invokedynamic {reexecute=0 rethrow=0 return_oop=0}
                      ; - java.awt.EventQueue::dispatchEventImpl@130 (line 737)
  0x0000020aa103d280: dc1d 2a07 

  0x0000020aa103d284: ;   {post_call_nop}
  0x0000020aa103d284: 0f1f 8400 | fc15 0009 

  0x0000020aa103d28c: ;   {metadata(method data for {method} {0x0000020afa1720f8} 'dispatchEventImpl' '(Ljava/awt/AWTEvent;Ljava/lang/Object;)V' in 'java/awt/EventQueue')}
  0x0000020aa103d28c: 49b8 b0eb | 74fa 0a02 | 0000 4d8d | 8018 0600 | 0048 85c0 | 750b 41f6 | 0001 7505 | f049 8308 
  0x0000020aa103d2ac: 0148 8bb4 | 24b8 0000 | 0048 3b06 

  0x0000020aa103d2b8: ;   {metadata(method data for {method} {0x0000020afa1720f8} 'dispatchEventImpl' '(Ljava/awt/AWTEvent;Ljava/lang/Object;)V' in 'java/awt/EventQueue')}
  0x0000020aa103d2b8: 4c8b c649 | b9b0 eb74 | fa0a 0200 

  0x0000020aa103d2c4: ;   {metadata('sun/util/logging/PlatformLogger')}
  0x0000020aa103d2c4: 0049 ba98 | a504 ba0a | 0200 004d | 8991 3006 | 0000 4983 | 8138 0600 

  0x0000020aa103d2dc: ;   {metadata(method data for {method} {0x0000020afa0c3e18} 'fine' '(Ljava/lang/String;)V' in 'sun/util/logging/PlatformLogger')}
  0x0000020aa103d2dc: 0001 49b8 | d003 75fa | 0a02 0000 | 458b 88cc | 0000 0041 | 83c1 0245 | 8988 cc00 | 0000 4181 
  0x0000020aa103d2fc: e1fe ff1f | 0045 85c9 | 0f84 300b | 0000 8b56 | 0c48 c1e2 | 0348 3b02 

  0x0000020aa103d314: ;   {metadata(method data for {method} {0x0000020afa0c3e18} 'fine' '(Ljava/lang/String;)V' in 'sun/util/logging/PlatformLogger')}
  0x0000020aa103d314: 4c8b c249 | b9d0 0375 | fa0a 0200 | 0045 8b40 | 0849 ba00 | 0000 b90a | 0200 004d | 03c2 4d3b 
  0x0000020aa103d334: 8148 0100 | 0075 0d49 | 8381 5001 | 0000 01e9 | 6000 0000 | 4d3b 8158 | 0100 0075 | 0d49 8381 
  0x0000020aa103d354: 6001 0000 | 01e9 4a00 | 0000 4983 | b948 0100 | 0000 7517 | 4d89 8148 | 0100 0049 | c781 5001 
  0x0000020aa103d374: 0000 0100 | 0000 e929 | 0000 0049 | 83b9 5801 | 0000 0075 | 174d 8981 | 5801 0000 | 49c7 8160 
  0x0000020aa103d394: 0100 0001 | 0000 00e9 | 0800 0000 | 4983 8140 | 0100 0001 

  0x0000020aa103d3a8: ;   {oop(a 'sun/util/logging/PlatformLogger$Level'{0x000000071576bba8})}
  0x0000020aa103d3a8: 49b8 a8bb | 7615 0700 | 0000 4c8b 

  0x0000020aa103d3b4: ;   {oop(nullptr)}
  0x0000020aa103d3b4: c848 bf00 | 0000 0000 | 0000 0066 | 0f1f 4400 | 0048 b8f0 | 9859 fe0a 

  0x0000020aa103d3cc: ;   {virtual_call}
  0x0000020aa103d3cc: 0200 00e8 

  0x0000020aa103d3d0: ; ImmutableOopMap {}
                      ;*invokeinterface log {reexecute=0 rethrow=0 return_oop=0}
                      ; - sun.util.logging.PlatformLogger::fine@12 (line 449)
                      ; - java.awt.EventQueue::dispatchEventImpl@135 (line 737)
  0x0000020aa103d3d0: 8c19 2a07 

  0x0000020aa103d3d4: ;   {post_call_nop}
  0x0000020aa103d3d4: 0f1f 8400 | 4c17 000a | 4881 c4d0 | 0000 005d 

  0x0000020aa103d3e4: ;   {poll_return}
  0x0000020aa103d3e4: 493b 6728 | 0f87 720a | 0000 c344 | 8b42 3449 | c1e0 0349 | 3b00 498b 

  0x0000020aa103d3fc: ;   {metadata(method data for {method} {0x0000020afa1720f8} 'dispatchEventImpl' '(Ljava/awt/AWTEvent;Ljava/lang/Object;)V' in 'java/awt/EventQueue')}
  0x0000020aa103d3fc: d048 beb0 | eb74 fa0a 

  0x0000020aa103d404: ;   {metadata('java/awt/EventDispatchThread')}
  0x0000020aa103d404: 0200 0049 | ba00 c000 | ba0a 0200 | 004c 8996 | 3805 0000 | 4883 8640 | 0500 0001 

  0x0000020aa103d420: ;   {metadata(method data for {method} {0x0000020afa5cf608} 'stopDispatching' '()V' in 'java/awt/EventDispatchThread')}
  0x0000020aa103d420: 48ba 50fa | 74fa 0a02 | 0000 8bb2 | cc00 0000 | 83c6 0289 | b2cc 0000 | 0081 e6fe | ff1f 0085 
  0x0000020aa103d440: f60f 8434 | 0a00 00ba | 0000 0000 | 4188 5070 | f083 4424 

  0x0000020aa103d454: ;   {metadata(method data for {method} {0x0000020afa1720f8} 'dispatchEventImpl' '(Ljava/awt/AWTEvent;Ljava/lang/Object;)V' in 'java/awt/EventQueue')}
  0x0000020aa103d454: c000 49b8 | b0eb 74fa | 0a02 0000 | 41ff 8060 | 0500 0048 | 81c4 d000 

  0x0000020aa103d46c: ;   {poll_return}
  0x0000020aa103d46c: 0000 5d49 | 3b67 280f | 8723 0a00 | 00c3 4c8b | 8424 a800 | 0000 4d85 

  0x0000020aa103d484: ;   {metadata(method data for {method} {0x0000020afa1720f8} 'dispatchEventImpl' '(Ljava/awt/AWTEvent;Ljava/lang/Object;)V' in 'java/awt/EventQueue')}
  0x0000020aa103d484: c948 bfb0 | eb74 fa0a | 0200 0075 | 0c80 8f11 | 0400 0001 | e9db 0000 | 0041 8b59 | 0849 ba00 
  0x0000020aa103d4a4: 0000 b90a | 0200 0049 | 03da 483b | 9f20 0400 | 0075 0d48 | 8387 2804 | 0000 01e9 | 6000 0000 
  0x0000020aa103d4c4: 483b 9f30 | 0400 0075 | 0d48 8387 | 3804 0000 | 01e9 4a00 | 0000 4883 | bf20 0400 | 0000 7517 
  0x0000020aa103d4e4: 4889 9f20 | 0400 0048 | c787 2804 | 0000 0100 | 0000 e929 | 0000 0048 | 83bf 3004 | 0000 0075 
  0x0000020aa103d504: 1748 899f | 3004 0000 | 48c7 8738 | 0400 0001 | 0000 00e9 | 0800 0000 | 4883 8718 | 0400 0001 
  0x0000020aa103d524: 0f1f 4000 

  0x0000020aa103d528: ;   {no_reloc}
  0x0000020aa103d528: e994 0900 | 0000 0000 | 0000 418b | 7908 49ba | 0000 00b9 | 0a02 0000 | 4903 fa48 | 3bfb 0f84 
  0x0000020aa103d548: 2c00 0000 | 8b73 1448 | 3b1c 370f | 841f 0000 | 0083 fe20 | 0f85 6909 | 0000 5753 

  0x0000020aa103d564: ;   {runtime_call C1 Runtime slow_subtype_check_blob}
  0x0000020aa103d564: e8d7 3936 | 075f 5b85 | db0f 8458 | 0900 00e9 | 0000 0000 | 498b d166 | 9048 b818 | 9959 fe0a 
  0x0000020aa103d584: ;   {virtual_call}
  0x0000020aa103d584: 0200 00e8 

  0x0000020aa103d588: ; ImmutableOopMap {}
                      ;*invokevirtual dispatchEvent {reexecute=0 rethrow=0 return_oop=0}
                      ; - java.awt.EventQueue::dispatchEventImpl@81 (line 730)
  0x0000020aa103d588: d417 2a07 

  0x0000020aa103d58c: ;   {post_call_nop}
  0x0000020aa103d58c: 0f1f 8400 | 0419 000b 

  0x0000020aa103d594: ;   {metadata(method data for {method} {0x0000020afa1720f8} 'dispatchEventImpl' '(Ljava/awt/AWTEvent;Ljava/lang/Object;)V' in 'java/awt/EventQueue')}
  0x0000020aa103d594: 49b8 b0eb | 74fa 0a02 | 0000 41ff | 8078 0400 | 0048 81c4 | d000 0000 

  0x0000020aa103d5ac: ;   {poll_return}
  0x0000020aa103d5ac: 5d49 3b67 | 280f 871d | 0900 00c3 | 4c8b 8424 | a800 0000 

  0x0000020aa103d5c0: ;   {metadata(method data for {method} {0x0000020afa1720f8} 'dispatchEventImpl' '(Ljava/awt/AWTEvent;Ljava/lang/Object;)V' in 'java/awt/EventQueue')}
  0x0000020aa103d5c0: 4d85 c948 | bfb0 eb74 | fa0a 0200 | 0075 0c80 | 8f49 0300 | 0001 e9b0 | 0000 0041 | 8b59 0849 
  0x0000020aa103d5e0: ba00 0000 | b90a 0200 | 0049 03da | 483b 9f58 | 0300 0075 | 0d48 8387 | 6003 0000 | 01e9 6000 
  0x0000020aa103d600: 0000 483b | 9f68 0300 | 0075 0d48 | 8387 7003 | 0000 01e9 | 4a00 0000 | 4883 bf58 | 0300 0000 
  0x0000020aa103d620: 7517 4889 | 9f58 0300 | 0048 c787 | 6003 0000 | 0100 0000 | e929 0000 | 0048 83bf | 6803 0000 
  0x0000020aa103d640: 0075 1748 | 899f 6803 | 0000 48c7 | 8770 0300 | 0001 0000 | 00e9 0800 | 0000 4883 | 8750 0300 
  0x0000020aa103d660: ;   {metadata('java/awt/MenuComponent')}
  0x0000020aa103d660: 0001 48bb | c860 61fa | 0a02 0000 | 418b 7108 | 49ba 0000 | 00b9 0a02 | 0000 4903 | f248 3bde 
  0x0000020aa103d680: 0f85 6408 | 0000 e900 | 0000 0049 | 8bd1 483b | 0248 8bf2 

  0x0000020aa103d694: ;   {metadata(method data for {method} {0x0000020afa1720f8} 'dispatchEventImpl' '(Ljava/awt/AWTEvent;Ljava/lang/Object;)V' in 'java/awt/EventQueue')}
  0x0000020aa103d694: 48bf b0eb | 74fa 0a02 | 0000 8b76 | 0849 ba00 | 0000 b90a | 0200 0049 | 03f2 483b | b788 0300 
  0x0000020aa103d6b4: 0075 0d48 | 8387 9003 | 0000 01e9 | 6000 0000 | 483b b798 | 0300 0075 | 0d48 8387 | a003 0000 
  0x0000020aa103d6d4: 01e9 4a00 | 0000 4883 | bf88 0300 | 0000 7517 | 4889 b788 | 0300 0048 | c787 9003 | 0000 0100 
  0x0000020aa103d6f4: 0000 e929 | 0000 0048 | 83bf 9803 | 0000 0075 | 1748 89b7 | 9803 0000 | 48c7 87a0 | 0300 0001 
  0x0000020aa103d714: 0000 00e9 | 0800 0000 | 4883 8780 | 0300 0001 

  0x0000020aa103d724: ;   {optimized virtual_call}
  0x0000020aa103d724: 6666 90e8 

  0x0000020aa103d728: ; ImmutableOopMap {}
                      ;*invokevirtual dispatchEvent {reexecute=0 rethrow=0 return_oop=0}
                      ; - java.awt.EventQueue::dispatchEventImpl@63 (line 728)
  0x0000020aa103d728: 3413 2a07 

  0x0000020aa103d72c: ;   {post_call_nop}
  0x0000020aa103d72c: 0f1f 8400 | a41a 000c 

  0x0000020aa103d734: ;   {metadata(method data for {method} {0x0000020afa1720f8} 'dispatchEventImpl' '(Ljava/awt/AWTEvent;Ljava/lang/Object;)V' in 'java/awt/EventQueue')}
  0x0000020aa103d734: 49b8 b0eb | 74fa 0a02 | 0000 41ff | 80b0 0300 | 0048 81c4 | d000 0000 

  0x0000020aa103d74c: ;   {poll_return}
  0x0000020aa103d74c: 5d49 3b67 | 280f 87a1 | 0700 00c3 

  0x0000020aa103d758: ;   {metadata(method data for {method} {0x0000020afa1720f8} 'dispatchEventImpl' '(Ljava/awt/AWTEvent;Ljava/lang/Object;)V' in 'java/awt/EventQueue')}
  0x0000020aa103d758: 488b f248 | bfb0 eb74 | fa0a 0200 | 0048 8387 | 6001 0000 | 0149 8bf0 | 4c8b c60f 

  0x0000020aa103d774: ;   {optimized virtual_call}
  0x0000020aa103d774: 1f40 00e8 

  0x0000020aa103d778: ; ImmutableOopMap {[168]=Oop }
                      ;*invokevirtual setCurrentEventAndMostRecentTimeImpl {reexecute=0 rethrow=0 return_oop=0}
                      ; - java.awt.EventQueue::dispatchEventImpl@14 (line 722)
  0x0000020aa103d778: 44a0 ffff 

  0x0000020aa103d77c: ;   {post_call_nop}
  0x0000020aa103d77c: 0f1f 8400 | f41a 000d | 4c8b 8424 | a800 0000 

  0x0000020aa103d78c: ;   {metadata(method data for {method} {0x0000020afa1720f8} 'dispatchEventImpl' '(Ljava/awt/AWTEvent;Ljava/lang/Object;)V' in 'java/awt/EventQueue')}
  0x0000020aa103d78c: 4d85 c048 | bfb0 eb74 | fa0a 0200 | 0075 0c80 | 8f89 0100 | 0001 e9cb | 0000 0041 | 8b58 0849 
  0x0000020aa103d7ac: ba00 0000 | b90a 0200 | 0049 03da | 483b 9f98 | 0100 0075 | 0d48 8387 | a001 0000 | 01e9 6000 
  0x0000020aa103d7cc: 0000 483b | 9fa8 0100 | 0075 0d48 | 8387 b001 | 0000 01e9 | 4a00 0000 | 4883 bf98 | 0100 0000 
  0x0000020aa103d7ec: 7517 4889 | 9f98 0100 | 0048 c787 | a001 0000 | 0100 0000 | e929 0000 | 0048 83bf | a801 0000 
  0x0000020aa103d80c: 0075 1748 | 899f a801 | 0000 48c7 | 87b0 0100 | 0001 0000 | 00e9 0800 | 0000 4883 | 8790 0100 
  0x0000020aa103d82c: ;   {metadata('java/awt/ActiveEvent')}
  0x0000020aa103d82c: 0001 48bb | 80cc 5cfa | 0a02 0000 | 418b 7808 | 49ba 0000 | 00b9 0a02 | 0000 4903 | fa48 3b5f 
  0x0000020aa103d84c: 200f 841f | 0000 0048 | 3bfb 0f84 | 1600 0000 

  0x0000020aa103d85c: ;   {runtime_call C1 Runtime slow_subtype_check_blob}
  0x0000020aa103d85c: 5753 e8dd | 3636 075f | 5f85 ff0f | 84a1 0600 | 00e9 0000 | 0000 498b | d048 3b02 

  0x0000020aa103d878: ;   {metadata(method data for {method} {0x0000020afa1720f8} 'dispatchEventImpl' '(Ljava/awt/AWTEvent;Ljava/lang/Object;)V' in 'java/awt/EventQueue')}
  0x0000020aa103d878: 488b f248 | bfb0 eb74 | fa0a 0200 | 008b 7608 | 49ba 0000 | 00b9 0a02 | 0000 4903 | f248 3bb7 
  0x0000020aa103d898: c801 0000 | 750d 4883 | 87d0 0100 | 0001 e960 | 0000 0048 | 3bb7 d801 | 0000 750d | 4883 87e0 
  0x0000020aa103d8b8: 0100 0001 | e94a 0000 | 0048 83bf | c801 0000 | 0075 1748 | 89b7 c801 | 0000 48c7 | 87d0 0100 
  0x0000020aa103d8d8: 0001 0000 | 00e9 2900 | 0000 4883 | bfd8 0100 | 0000 7517 | 4889 b7d8 | 0100 0048 | c787 e001 
  0x0000020aa103d8f8: 0000 0100 | 0000 e908 | 0000 0048 | 8387 c001 | 0000 0166 | 9048 b840 | 9959 fe0a 

  0x0000020aa103d914: ;   {virtual_call}
  0x0000020aa103d914: 0200 00e8 

  0x0000020aa103d918: ; ImmutableOopMap {}
                      ;*invokeinterface dispatch {reexecute=0 rethrow=0 return_oop=0}
                      ; - java.awt.EventQueue::dispatchEventImpl@21 (line 723)
  0x0000020aa103d918: b4e4 3607 

  0x0000020aa103d91c: ;   {post_call_nop}
  0x0000020aa103d91c: 0f1f 8400 | 941c 000e 

  0x0000020aa103d924: ;   {metadata(method data for {method} {0x0000020afa1720f8} 'dispatchEventImpl' '(Ljava/awt/AWTEvent;Ljava/lang/Object;)V' in 'java/awt/EventQueue')}
  0x0000020aa103d924: 48ba b0eb | 74fa 0a02 | 0000 ff82 | f001 0000 | 4881 c4d0 | 0000 005d 

  0x0000020aa103d93c: ;   {poll_return}
  0x0000020aa103d93c: 493b 6728 | 0f87 d605 | 0000 c390 

  0x0000020aa103d948: ;   {no_reloc}
  0x0000020aa103d948: e9f4 0500 | 0000 0000 | 0000 80ba | 4001 0000 | 040f 85f1 | 0500 0049 | 8b87 c801 | 0000 488d 
  0x0000020aa103d968: 7828 493b | bfd8 0100 | 000f 87d9 | 0500 0049 | 89bf c801 | 0000 48c7 | 0001 0000 | 0048 8bca 
  0x0000020aa103d988: 49ba 0000 | 00b9 0a02 | 0000 492b | ca89 4808 | 4833 c989 | 480c 4833 | c948 8948 | 1048 8948 
  0x0000020aa103d9a8: 1848 8948 | 2048 8bd0 

  0x0000020aa103d9b0: ;   {metadata(method data for {method} {0x0000020ab944ab28} 'lookup' '()Ljava/lang/invoke/MethodHandles$Lookup;' in 'java/lang/invoke/MethodHandles')}
  0x0000020aa103d9b0: 48be f82a | 61fa 0a02 | 0000 4883 | 8640 0100 

  0x0000020aa103d9c0: ;   {oop("no caller frame"{0x00000007ffe27160})}
  0x0000020aa103d9c0: 0001 49b8 | 6071 e2ff | 0700 0000 | 488b d048 | 8984 24c0 

  0x0000020aa103d9d4: ;   {optimized virtual_call}
  0x0000020aa103d9d4: 0000 00e8 

  0x0000020aa103d9d8: ; ImmutableOopMap {[168]=Oop [192]=Oop }
                      ;*invokespecial <init> {reexecute=0 rethrow=0 return_oop=0}
                      ; - java.lang.invoke.MethodHandles::lookup@14 (line 128)
                      ; - sun.awt.AWTAccessor::ensureClassInitialized@0 (line 1464)
                      ; - sun.awt.AWTAccessor::getInputEventAccessor@10 (line 963)
                      ; - java.awt.AWTEvent::dispatched@7 (line 571)
                      ; - java.awt.EventQueue::dispatchEventImpl@45 (line 726)
  0x0000020aa103d9d8: 8410 2a07 

  0x0000020aa103d9dc: ;   {post_call_nop}
  0x0000020aa103d9dc: 0f1f 8400 | 541d 000f | 488b 8424 | c000 0000 | e9d8 0500 | 0049 8b87 | 0805 0000 | 4d33 d24d 
  0x0000020aa103d9fc: 8997 0805 | 0000 4d33 | d24d 8997 | 1005 0000 

  0x0000020aa103da0c: ;   {oop(a 'java/lang/Class'{0x00000007157734a0} = 'sun/awt/AWTAccessor')}
  0x0000020aa103da0c: 48be a034 | 7715 0700 | 0000 8bb6 | 8400 0000 | 48c1 e603 | 4c8b 8424 | a800 0000 

  0x0000020aa103da28: ;   {metadata(method data for {method} {0x0000020afa0c19b0} 'dispatched' '()V' in 'java/awt/AWTEvent')}
  0x0000020aa103da28: 4d85 c048 | b8e0 f374 | fa0a 0200 | 0075 0c80 | 8869 0100 | 0001 e9b1 | 0000 0041 | 8b50 0849 
  0x0000020aa103da48: ba00 0000 | b90a 0200 | 0049 03d2 | 483b 9078 | 0100 0075 | 0d48 8380 | 8001 0000 | 01e9 6000 
  0x0000020aa103da68: 0000 483b | 9088 0100 | 0075 0d48 | 8380 9001 | 0000 01e9 | 4a00 0000 | 4883 b878 | 0100 0000 
  0x0000020aa103da88: 7517 4889 | 9078 0100 | 0048 c780 | 8001 0000 | 0100 0000 | e929 0000 | 0048 83b8 | 8801 0000 
  0x0000020aa103daa8: 0075 1748 | 8990 8801 | 0000 48c7 | 8090 0100 | 0001 0000 | 00e9 0800 | 0000 4883 | 8070 0100 
  0x0000020aa103dac8: ;   {metadata('java/awt/event/InputEvent')}
  0x0000020aa103dac8: 0001 48ba | 606e 0ffa | 0a02 0000 | 418b 4008 | 49ba 0000 | 00b9 0a02 | 0000 4903 | c248 3b50 
  0x0000020aa103dae8: 500f 856e | 0400 00e9 | 0000 0000 | 498b f848 | 85f6 0f84 | 2900 0000 

  0x0000020aa103db00: ;   {metadata('java/awt/event/InputEvent$1')}
  0x0000020aa103db00: 48b9 80ea | 04ba 0a02 | 0000 8b56 | 0849 ba00 | 0000 b90a | 0200 0049 | 03d2 483b | 4a38 0f85 
  0x0000020aa103db20: 4204 0000 | e900 0000 | 0048 8bde 

  0x0000020aa103db2c: ; implicit exception: dispatches to 0x0000020aa103df6b
                      ;   {metadata(method data for {method} {0x0000020afa0c19b0} 'dispatched' '()V' in 'java/awt/AWTEvent')}
  0x0000020aa103db2c: 483b 0648 | bbe0 f374 | fa0a 0200 

  0x0000020aa103db38: ;   {metadata('java/awt/event/InputEvent$1')}
  0x0000020aa103db38: 0049 ba80 | ea04 ba0a | 0200 004c | 8993 a801 | 0000 4883 | 83b0 0100 

  0x0000020aa103db50: ;   {metadata(method data for {method} {0x0000020afa0f98d8} 'setCanAccessSystemClipboard' '(Ljava/awt/event/InputEvent;Z)V' in 'java/awt/event/InputEvent$1')}
  0x0000020aa103db50: 0001 48be | 68f7 74fa | 0a02 0000 | 8b9e cc00 | 0000 83c3 | 0289 9ecc | 0000 0081 | e3fe ff1f 
  0x0000020aa103db70: 0085 db0f | 84f7 0300 | 00c6 4728 

  0x0000020aa103db7c: ;   {metadata(method data for {method} {0x0000020afa1720f8} 'dispatchEventImpl' '(Ljava/awt/AWTEvent;Ljava/lang/Object;)V' in 'java/awt/EventQueue')}
  0x0000020aa103db7c: 0048 beb0 | eb74 fa0a | 0200 00ff | 86e8 0200 | 0048 81c4 | d000 0000 

  0x0000020aa103db94: ;   {poll_return}
  0x0000020aa103db94: 5d49 3b67 | 280f 87f7 | 0300 00c3 

  0x0000020aa103dba0: ;   {metadata({method} {0x0000020afa1720f8} 'dispatchEventImpl' '(Ljava/awt/AWTEvent;Ljava/lang/Object;)V' in 'java/awt/EventQueue')}
  0x0000020aa103dba0: 49ba f020 | 17fa 0a02 | 0000 4c89 | 5424 0848 | c704 24ff 

  0x0000020aa103dbb4: ;   {runtime_call C1 Runtime counter_overflow_blob}
  0x0000020aa103dbb4: ffff ffe8 

  0x0000020aa103dbb8: ; ImmutableOopMap {rdx=Oop r8=Oop r9=Oop [168]=Oop }
                      ;*synchronization entry
                      ; - java.awt.EventQueue::dispatchEventImpl@-1 (line 719)
  0x0000020aa103dbb8: a45a 3607 | e9cd e4ff 

  0x0000020aa103dbc0: ;   {runtime_call C1 Runtime throw_null_pointer_exception_blob}
  0x0000020aa103dbc0: ffe8 9a09 

  0x0000020aa103dbc4: ; ImmutableOopMap {rdx=Oop r8=Oop r9=Oop [168]=Oop }
                      ;*putfield isPosted {reexecute=1 rethrow=0 return_oop=0}
                      ; - (reexecute) java.awt.EventQueue::dispatchEventImpl@2 (line 719)
  0x0000020aa103dbc4: 3607 4c89 

  0x0000020aa103dbc8: ;   {runtime_call C1 Runtime throw_class_cast_exception_blob}
  0x0000020aa103dbc8: 0c24 e891 

  0x0000020aa103dbcc: ; ImmutableOopMap {r8=Oop [168]=Oop }
                      ;*checkcast {reexecute=0 rethrow=0 return_oop=0}
                      ; - java.awt.EventQueue::dispatchEventImpl@37 (line 725)
                      ;   {runtime_call C1 Runtime throw_null_pointer_exception_blob}
  0x0000020aa103dbcc: 2d36 07e8 

  0x0000020aa103dbd0: ; ImmutableOopMap {r8=Oop rdx=Oop [168]=Oop }
                      ;*invokevirtual dispatchEvent {reexecute=0 rethrow=0 return_oop=0}
                      ; - java.awt.EventQueue::dispatchEventImpl@41 (line 725)
  0x0000020aa103dbd0: 8c09 3607 

  0x0000020aa103dbd4: ;   {metadata({method} {0x0000020afa07fd88} 'dispatchEvent' '(Ljava/awt/AWTEvent;)V' in 'java/awt/Component')}
  0x0000020aa103dbd4: 49ba 80fd | 07fa 0a02 | 0000 4c89 | 5424 0848 | c704 24ff 

  0x0000020aa103dbe8: ;   {runtime_call C1 Runtime counter_overflow_blob}
  0x0000020aa103dbe8: ffff ffe8 

  0x0000020aa103dbec: ; ImmutableOopMap {r8=Oop rdx=Oop [168]=Oop }
                      ;*synchronization entry
                      ; - java.awt.Component::dispatchEvent@-1 (line 4790)
                      ; - java.awt.EventQueue::dispatchEventImpl@41 (line 725)
  0x0000020aa103dbec: 705a 3607 | e944 e8ff 

  0x0000020aa103dbf4: ;   {metadata({method} {0x0000020afa0c19b0} 'dispatched' '()V' in 'java/awt/AWTEvent')}
  0x0000020aa103dbf4: ff49 baa8 | 190c fa0a | 0200 004c | 8954 2408 | 48c7 0424 | ffff ffff 

  0x0000020aa103dc0c: ;   {runtime_call C1 Runtime counter_overflow_blob}
  0x0000020aa103dc0c: e84f 5a36 

  0x0000020aa103dc10: ; ImmutableOopMap {[168]=Oop }
                      ;*synchronization entry
                      ; - java.awt.AWTEvent::dispatched@-1 (line 570)
                      ; - java.awt.EventQueue::dispatchEventImpl@45 (line 726)
  0x0000020aa103dc10: 07e9 96e9 

  0x0000020aa103dc14: ;   {metadata({method} {0x0000020afa0dc340} 'getInputEventAccessor' '()Lsun/awt/AWTAccessor$InputEventAccessor;' in 'sun/awt/AWTAccessor')}
  0x0000020aa103dc14: ffff 49ba | 38c3 0dfa | 0a02 0000 | 4c89 5424 | 0848 c704 | 24ff ffff 

  0x0000020aa103dc2c: ;   {runtime_call C1 Runtime counter_overflow_blob}
  0x0000020aa103dc2c: ffe8 2e5a 

  0x0000020aa103dc30: ; ImmutableOopMap {r8=Oop [168]=Oop }
                      ;*synchronization entry
                      ; - sun.awt.AWTAccessor::getInputEventAccessor@-1 (line 961)
                      ; - java.awt.AWTEvent::dispatched@7 (line 571)
                      ; - java.awt.EventQueue::dispatchEventImpl@45 (line 726)
  0x0000020aa103dc30: 3607 e9b6 

  0x0000020aa103dc34: ;   {metadata({method} {0x0000020afa0deb00} 'ensureClassInitialized' '(Ljava/lang/Class;)V' in 'sun/awt/AWTAccessor')}
  0x0000020aa103dc34: eaff ff49 | baf8 ea0d | fa0a 0200 | 004c 8954 | 2408 48c7 | 0424 ffff 

  0x0000020aa103dc4c: ;   {runtime_call C1 Runtime counter_overflow_blob}
  0x0000020aa103dc4c: ffff e80d 

  0x0000020aa103dc50: ; ImmutableOopMap {[168]=Oop }
                      ;*synchronization entry
                      ; - sun.awt.AWTAccessor::ensureClassInitialized@-1 (line 1464)
                      ; - sun.awt.AWTAccessor::getInputEventAccessor@10 (line 963)
                      ; - java.awt.AWTEvent::dispatched@7 (line 571)
                      ; - java.awt.EventQueue::dispatchEventImpl@45 (line 726)
  0x0000020aa103dc50: 5a36 07e9 | 0deb ffff 

  0x0000020aa103dc58: ;   {metadata({method} {0x0000020ab944ab28} 'lookup' '()Ljava/lang/invoke/MethodHandles$Lookup;' in 'java/lang/invoke/MethodHandles')}
  0x0000020aa103dc58: 49ba 20ab | 44b9 0a02 | 0000 4c89 | 5424 0848 | c704 24ff 

  0x0000020aa103dc6c: ;   {runtime_call C1 Runtime counter_overflow_blob}
  0x0000020aa103dc6c: ffff ffe8 

  0x0000020aa103dc70: ; ImmutableOopMap {[168]=Oop }
                      ;*synchronization entry
                      ; - java.lang.invoke.MethodHandles::lookup@-1 (line 126)
                      ; - sun.awt.AWTAccessor::ensureClassInitialized@0 (line 1464)
                      ; - sun.awt.AWTAccessor::getInputEventAccessor@10 (line 963)
                      ; - java.awt.AWTEvent::dispatched@7 (line 571)
                      ; - java.awt.EventQueue::dispatchEventImpl@45 (line 726)
  0x0000020aa103dc70: ec59 3607 | e925 ebff | ff48 8bd2 

  0x0000020aa103dc7c: ;   {runtime_call C1 Runtime fast_new_instance_blob}
  0x0000020aa103dc7c: e8df 1136 

  0x0000020aa103dc80: ; ImmutableOopMap {r8=Oop [168]=Oop }
                      ;*new {reexecute=0 rethrow=0 return_oop=0}
                      ; - java.lang.invoke.MethodHandles::lookup@18 (line 130)
                      ; - sun.awt.AWTAccessor::ensureClassInitialized@0 (line 1464)
                      ; - sun.awt.AWTAccessor::getInputEventAccessor@10 (line 963)
                      ; - java.awt.AWTEvent::dispatched@7 (line 571)
                      ; - java.awt.EventQueue::dispatchEventImpl@45 (line 726)
  0x0000020aa103dc80: 07e9 c0eb 

  0x0000020aa103dc84: ;   {metadata({method} {0x0000020ab944edd8} '<init>' '(Ljava/lang/Class;)V' in 'java/lang/invoke/MethodHandles$Lookup')}
  0x0000020aa103dc84: ffff 49ba | d0ed 44b9 | 0a02 0000 | 4c89 5424 | 0848 c704 | 24ff ffff 

  0x0000020aa103dc9c: ;   {runtime_call C1 Runtime counter_overflow_blob}
  0x0000020aa103dc9c: ffe8 be59 

  0x0000020aa103dca0: ; ImmutableOopMap {r8=Oop rax=Oop [168]=Oop }
                      ;*synchronization entry
                      ; - java.lang.invoke.MethodHandles$Lookup::<init>@-1 (line 1534)
                      ; - java.lang.invoke.MethodHandles::lookup@23 (line 130)
                      ; - sun.awt.AWTAccessor::ensureClassInitialized@0 (line 1464)
                      ; - sun.awt.AWTAccessor::getInputEventAccessor@10 (line 963)
                      ; - java.awt.AWTEvent::dispatched@7 (line 571)
                      ; - java.awt.EventQueue::dispatchEventImpl@45 (line 726)
  0x0000020aa103dca0: 3607 e9dd 

  0x0000020aa103dca4: ;   {metadata(nullptr)}
  0x0000020aa103dca4: ebff ff48 | b800 0000 | 0000 0000 | 00b8 000f 

  0x0000020aa103dcb4: ;   {runtime_call C1 Runtime load_klass_patching_blob}
  0x0000020aa103dcb4: 050a e825 

  0x0000020aa103dcb8: ; ImmutableOopMap {rdx=Oop r9=Oop [168]=Oop }
                      ;*instanceof {reexecute=1 rethrow=0 return_oop=0}
                      ; - (reexecute) java.awt.EventQueue::dispatchEventImpl@70 (line 729)
  0x0000020aa103dcb8: 4936 07e9 | 78ee ffff 

  0x0000020aa103dcc0: ;   {metadata({method} {0x0000020afa171730} 'noEvents' '()Z' in 'java/awt/EventQueue')}
  0x0000020aa103dcc0: 49ba 2817 | 17fa 0a02 | 0000 4c89 | 5424 0848 | c704 24ff 

  0x0000020aa103dcd4: ;   {runtime_call C1 Runtime counter_overflow_blob}
  0x0000020aa103dcd4: ffff ffe8 

  0x0000020aa103dcd8: ; ImmutableOopMap {rdx=Oop }
                      ;*synchronization entry
                      ; - java.awt.EventQueue::noEvents@-1 (line 520)
                      ; - java.awt.EventQueue::dispatchEventImpl@95 (line 732)
  0x0000020aa103dcd8: 8459 3607 | e916 f0ff 

  0x0000020aa103dce0: ;   {runtime_call C1 Runtime throw_null_pointer_exception_blob}
  0x0000020aa103dce0: ffe8 7a08 

  0x0000020aa103dce4: ; ImmutableOopMap {rdx=Oop rdi=Oop }
                      ;*aaload {reexecute=0 rethrow=0 return_oop=0}
                      ; - java.awt.EventQueue::noEvents@12 (line 521)
                      ; - java.awt.EventQueue::dispatchEventImpl@95 (line 732)
                      ;   {runtime_call C1 Runtime throw_null_pointer_exception_blob}
  0x0000020aa103dce4: 3607 e875 

  0x0000020aa103dce8: ; ImmutableOopMap {rdx=Oop rdi=Oop }
                      ;*aaload {reexecute=0 rethrow=0 return_oop=0}
                      ; - java.awt.EventQueue::noEvents@12 (line 521)
                      ; - java.awt.EventQueue::dispatchEventImpl@95 (line 732)
  0x0000020aa103dce8: 0836 0748 | 8934 2448 | 897c 2408 

  0x0000020aa103dcf4: ;   {runtime_call C1 Runtime throw_range_check_failed_blob}
  0x0000020aa103dcf4: e867 ff35 

  0x0000020aa103dcf8: ; ImmutableOopMap {rdx=Oop rdi=Oop }
                      ;*aaload {reexecute=0 rethrow=0 return_oop=0}
                      ; - java.awt.EventQueue::noEvents@12 (line 521)
                      ; - java.awt.EventQueue::dispatchEventImpl@95 (line 732)
                      ;   {runtime_call C1 Runtime throw_null_pointer_exception_blob}
  0x0000020aa103dcf8: 07e8 6208 

  0x0000020aa103dcfc: ; ImmutableOopMap {rdx=Oop }
                      ;*getfield head {reexecute=1 rethrow=0 return_oop=0}
                      ; - (reexecute) java.awt.EventQueue::noEvents@13 (line 521)
                      ; - java.awt.EventQueue::dispatchEventImpl@95 (line 732)
                      ;   {metadata({method} {0x0000020afa171730} 'noEvents' '()Z' in 'java/awt/EventQueue')}
  0x0000020aa103dcfc: 3607 49ba | 2817 17fa | 0a02 0000 | 4c89 5424 | 0848 c704 | 2418 0000 

  0x0000020aa103dd14: ;   {runtime_call C1 Runtime counter_overflow_blob}
  0x0000020aa103dd14: 00e8 4659 

  0x0000020aa103dd18: ; ImmutableOopMap {rdx=Oop }
                      ;*goto {reexecute=1 rethrow=0 return_oop=0}
                      ; - (reexecute) java.awt.EventQueue::noEvents@24 (line 520)
                      ; - java.awt.EventQueue::dispatchEventImpl@95 (line 732)
  0x0000020aa103dd18: 3607 e95f 

  0x0000020aa103dd1c: ;   {metadata({method} {0x0000020afa170500} 'getEventLog' '()Lsun/util/logging/PlatformLogger;' in 'java/awt/EventQueue')}
  0x0000020aa103dd1c: f0ff ff49 | baf8 0417 | fa0a 0200 | 004c 8954 | 2408 48c7 | 0424 ffff 

  0x0000020aa103dd34: ;   {runtime_call C1 Runtime counter_overflow_blob}
  0x0000020aa103dd34: ffff e825 

  0x0000020aa103dd38: ; ImmutableOopMap {[168]=Oop }
                      ;*synchronization entry
                      ; - java.awt.EventQueue::getEventLog@-1 (line 180)
                      ; - java.awt.EventQueue::dispatchEventImpl@111 (line 736)
  0x0000020aa103dd38: 5936 07e9 | fcf0 ffff | 418b 5078 | 48c1 e203 | 4883 fa00 | 0f84 69f1 | ffff 4889 

  0x0000020aa103dd54: ;   {runtime_call g1_pre_barrier_slow}
  0x0000020aa103dd54: 1424 e885 | 6236 07e9 | 5bf1 ffff | 4883 f800 | 0f84 76f1 | ffff 4c89 

  0x0000020aa103dd6c: ;   {runtime_call g1_post_barrier_slow}
  0x0000020aa103dd6c: 0424 e8ed | 6836 07e9 | 68f1 ffff 

  0x0000020aa103dd78: ;   {runtime_call C1 Runtime throw_null_pointer_exception_blob}
  0x0000020aa103dd78: e8e3 0736 

  0x0000020aa103dd7c: ; ImmutableOopMap {r8=Oop [168]=Oop }
                      ;*invokevirtual isLoggable {reexecute=0 rethrow=0 return_oop=0}
                      ; - java.awt.EventQueue::dispatchEventImpl@117 (line 736)
                      ;   {metadata({method} {0x0000020afa0c31c0} 'isLoggable' '(Lsun/util/logging/PlatformLogger$Level;)Z' in 'sun/util/logging/PlatformLogger')}
  0x0000020aa103dd7c: 0749 bab8 | 310c fa0a | 0200 004c | 8954 2408 | 48c7 0424 | ffff ffff 

  0x0000020aa103dd94: ;   {runtime_call C1 Runtime counter_overflow_blob}
  0x0000020aa103dd94: e8c7 5836 

  0x0000020aa103dd98: ; ImmutableOopMap {r8=Oop [168]=Oop }
                      ;*synchronization entry
                      ; - sun.util.logging.PlatformLogger::isLoggable@-1 (line 336)
                      ; - java.awt.EventQueue::dispatchEventImpl@117 (line 736)
  0x0000020aa103dd98: 07e9 a4f1 

  0x0000020aa103dd9c: ;   {runtime_call C1 Runtime throw_null_pointer_exception_blob}
  0x0000020aa103dd9c: ffff e8bd 

  0x0000020aa103dda0: ; ImmutableOopMap {rdx=Oop [168]=Oop }
                      ;*invokeinterface isLoggable {reexecute=0 rethrow=0 return_oop=0}
                      ; - sun.util.logging.PlatformLogger::isLoggable@17 (line 340)
                      ; - java.awt.EventQueue::dispatchEventImpl@117 (line 736)
                      ;   {metadata({method} {0x0000020afa170500} 'getEventLog' '()Lsun/util/logging/PlatformLogger;' in 'java/awt/EventQueue')}
  0x0000020aa103dda0: 0736 0749 | baf8 0417 | fa0a 0200 | 004c 8954 | 2408 48c7 | 0424 ffff 

  0x0000020aa103ddb8: ;   {runtime_call C1 Runtime counter_overflow_blob}
  0x0000020aa103ddb8: ffff e8a1 

  0x0000020aa103ddbc: ; ImmutableOopMap {[168]=Oop }
                      ;*synchronization entry
                      ; - java.awt.EventQueue::getEventLog@-1 (line 180)
                      ; - java.awt.EventQueue::dispatchEventImpl@123 (line 737)
  0x0000020aa103ddbc: 5836 07e9 | b6f2 ffff | 8b72 7848 | c1e6 0348 | 83fe 000f | 8426 f3ff | ff48 8934 

  0x0000020aa103ddd8: ;   {runtime_call g1_pre_barrier_slow}
  0x0000020aa103ddd8: 24e8 0262 | 3607 e918 | f3ff ff48 | 83f8 000f | 8433 f3ff | ff48 8914 

  0x0000020aa103ddf0: ;   {runtime_call g1_post_barrier_slow}
  0x0000020aa103ddf0: 24e8 6a68 | 3607 e925 

  0x0000020aa103ddf8: ;   {metadata({method} {0x0000020ab947e890} 'valueOf' '(Ljava/lang/Object;)Ljava/lang/String;' in 'java/lang/String')}
  0x0000020aa103ddf8: f3ff ff49 | ba88 e847 | b90a 0200 | 004c 8954 | 2408 48c7 | 0424 ffff 

  0x0000020aa103de10: ;   {runtime_call C1 Runtime counter_overflow_blob}
  0x0000020aa103de10: ffff e849 

  0x0000020aa103de14: ; ImmutableOopMap {rsi=Oop r8=Oop [168]=Oop [184]=Oop }
                      ;*synchronization entry
                      ; - java.lang.String::valueOf@-1 (line 4543)
                      ; - java.awt.EventQueue::dispatchEventImpl@127 (line 737)
  0x0000020aa103de14: 5836 07e9 | 5ef3 ffff | 49b8 0000 | 0000 0000 | 0000 b800 

  0x0000020aa103de28: ;   {runtime_call C1 Runtime load_appendix_patching_blob}
  0x0000020aa103de28: 0f05 0ae8 

  0x0000020aa103de2c: ; ImmutableOopMap {rdi=Oop [184]=Oop }
                      ;*invokedynamic {reexecute=1 rethrow=0 return_oop=0}
                      ; - (reexecute) java.awt.EventQueue::dispatchEventImpl@130 (line 737)
  0x0000020aa103de2c: b050 3607 | e93b f4ff 

  0x0000020aa103de34: ;   {runtime_call C1 Runtime throw_null_pointer_exception_blob}
  0x0000020aa103de34: ffe8 2607 

  0x0000020aa103de38: ; ImmutableOopMap {rax=Oop rsi=Oop [184]=Oop }
                      ;*invokevirtual fine {reexecute=0 rethrow=0 return_oop=0}
                      ; - java.awt.EventQueue::dispatchEventImpl@135 (line 737)
                      ;   {metadata({method} {0x0000020afa0c3e18} 'fine' '(Ljava/lang/String;)V' in 'sun/util/logging/PlatformLogger')}
  0x0000020aa103de38: 3607 49ba | 103e 0cfa | 0a02 0000 | 4c89 5424 | 0848 c704 | 24ff ffff 

  0x0000020aa103de50: ;   {runtime_call C1 Runtime counter_overflow_blob}
  0x0000020aa103de50: ffe8 0a58 

  0x0000020aa103de54: ; ImmutableOopMap {rax=Oop rsi=Oop [184]=Oop }
                      ;*synchronization entry
                      ; - sun.util.logging.PlatformLogger::fine@-1 (line 449)
                      ; - java.awt.EventQueue::dispatchEventImpl@135 (line 737)
  0x0000020aa103de54: 3607 e9af 

  0x0000020aa103de58: ;   {runtime_call C1 Runtime throw_null_pointer_exception_blob}
  0x0000020aa103de58: f4ff ffe8 

  0x0000020aa103de5c: ; ImmutableOopMap {rax=Oop rdx=Oop }
                      ;*invokeinterface log {reexecute=0 rethrow=0 return_oop=0}
                      ; - sun.util.logging.PlatformLogger::fine@12 (line 449)
                      ; - java.awt.EventQueue::dispatchEventImpl@135 (line 737)
  0x0000020aa103de5c: 0007 3607 

  0x0000020aa103de60: ;   {internal_word}
  0x0000020aa103de60: 49ba e4d3 | 03a1 0a02 | 0000 4d89 | 9760 0400 

  0x0000020aa103de70: ;   {runtime_call SafepointBlob}
  0x0000020aa103de70: 00e9 6a7e 

  0x0000020aa103de74: ;   {runtime_call C1 Runtime throw_null_pointer_exception_blob}
  0x0000020aa103de74: 2a07 e8e5 

  0x0000020aa103de78: ; ImmutableOopMap {r8=Oop }
                      ;*invokevirtual stopDispatching {reexecute=0 rethrow=0 return_oop=0}
                      ; - java.awt.EventQueue::dispatchEventImpl@105 (line 733)
                      ;   {metadata({method} {0x0000020afa5cf608} 'stopDispatching' '()V' in 'java/awt/EventDispatchThread')}
  0x0000020aa103de78: 0636 0749 | ba00 f65c | fa0a 0200 | 004c 8954 | 2408 48c7 | 0424 ffff 

  0x0000020aa103de90: ;   {runtime_call C1 Runtime counter_overflow_blob}
  0x0000020aa103de90: ffff e8c9 

  0x0000020aa103de94: ; ImmutableOopMap {r8=Oop }
                      ;*synchronization entry
                      ; - java.awt.EventDispatchThread::stopDispatching@-1 (line 85)
                      ; - java.awt.EventQueue::dispatchEventImpl@105 (line 733)
  0x0000020aa103de94: 5736 07e9 | abf5 ffff 

  0x0000020aa103de9c: ;   {internal_word}
  0x0000020aa103de9c: 49ba 6fd4 | 03a1 0a02 | 0000 4d89 | 9760 0400 

  0x0000020aa103deac: ;   {runtime_call SafepointBlob}
  0x0000020aa103deac: 00e9 2e7e 

  0x0000020aa103deb0: ;   {metadata(nullptr)}
  0x0000020aa103deb0: 2a07 48bb | 0000 0000 | 0000 0000 | b800 0f05 

  0x0000020aa103dec0: ;   {runtime_call C1 Runtime load_klass_patching_blob}
  0x0000020aa103dec0: 0ae8 1a47 

  0x0000020aa103dec4: ; ImmutableOopMap {r9=Oop r8=Oop [168]=Oop }
                      ;*checkcast {reexecute=1 rethrow=0 return_oop=0}
                      ; - (reexecute) java.awt.EventQueue::dispatchEventImpl@77 (line 730)
  0x0000020aa103dec4: 3607 e95d | f6ff ff4c 

  0x0000020aa103decc: ;   {runtime_call C1 Runtime throw_class_cast_exception_blob}
  0x0000020aa103decc: 890c 24e8 

  0x0000020aa103ded0: ; ImmutableOopMap {r9=Oop r8=Oop [168]=Oop }
                      ;*checkcast {reexecute=0 rethrow=0 return_oop=0}
                      ; - java.awt.EventQueue::dispatchEventImpl@77 (line 730)
  0x0000020aa103ded0: 8c2a 3607 

  0x0000020aa103ded4: ;   {internal_word}
  0x0000020aa103ded4: 49ba add5 | 03a1 0a02 | 0000 4d89 | 9760 0400 

  0x0000020aa103dee4: ;   {runtime_call SafepointBlob}
  0x0000020aa103dee4: 00e9 f67d | 2a07 4c89 

  0x0000020aa103deec: ;   {runtime_call C1 Runtime throw_class_cast_exception_blob}
  0x0000020aa103deec: 0c24 e86d 

  0x0000020aa103def0: ; ImmutableOopMap {r8=Oop [168]=Oop }
                      ;*checkcast {reexecute=0 rethrow=0 return_oop=0}
                      ; - java.awt.EventQueue::dispatchEventImpl@59 (line 728)
                      ;   {runtime_call C1 Runtime throw_null_pointer_exception_blob}
  0x0000020aa103def0: 2a36 07e8 

  0x0000020aa103def4: ; ImmutableOopMap {r8=Oop rdx=Oop [168]=Oop }
                      ;*invokevirtual dispatchEvent {reexecute=0 rethrow=0 return_oop=0}
                      ; - java.awt.EventQueue::dispatchEventImpl@63 (line 728)
  0x0000020aa103def4: 6806 3607 

  0x0000020aa103def8: ;   {internal_word}
  0x0000020aa103def8: 49ba 4dd7 | 03a1 0a02 | 0000 4d89 | 9760 0400 

  0x0000020aa103df08: ;   {runtime_call SafepointBlob}
  0x0000020aa103df08: 00e9 d27d | 2a07 4c89 

  0x0000020aa103df10: ;   {runtime_call C1 Runtime throw_class_cast_exception_blob}
  0x0000020aa103df10: 0424 e849 

  0x0000020aa103df14: ; ImmutableOopMap {}
                      ;*checkcast {reexecute=0 rethrow=0 return_oop=0}
                      ; - java.awt.EventQueue::dispatchEventImpl@18 (line 723)
                      ;   {runtime_call C1 Runtime throw_null_pointer_exception_blob}
  0x0000020aa103df14: 2a36 07e8 

  0x0000020aa103df18: ; ImmutableOopMap {rdx=Oop }
                      ;*invokeinterface dispatch {reexecute=0 rethrow=0 return_oop=0}
                      ; - java.awt.EventQueue::dispatchEventImpl@21 (line 723)
  0x0000020aa103df18: 4406 3607 

  0x0000020aa103df1c: ;   {internal_word}
  0x0000020aa103df1c: 49ba 3cd9 | 03a1 0a02 | 0000 4d89 | 9760 0400 

  0x0000020aa103df2c: ;   {runtime_call SafepointBlob}
  0x0000020aa103df2c: 00e9 ae7d 

  0x0000020aa103df30: ;   {metadata(nullptr)}
  0x0000020aa103df30: 2a07 48ba | 0000 0000 | 0000 0000 | b800 0f05 

  0x0000020aa103df40: ;   {runtime_call C1 Runtime load_klass_patching_blob}
  0x0000020aa103df40: 0ae8 9a46 

  0x0000020aa103df44: ; ImmutableOopMap {[168]=Oop }
                      ;*new {reexecute=1 rethrow=0 return_oop=0}
                      ; - (reexecute) java.lang.invoke.MethodHandles::lookup@8 (line 128)
                      ; - sun.awt.AWTAccessor::ensureClassInitialized@0 (line 1464)
                      ; - sun.awt.AWTAccessor::getInputEventAccessor@10 (line 963)
                      ; - java.awt.AWTEvent::dispatched@7 (line 571)
                      ; - java.awt.EventQueue::dispatchEventImpl@45 (line 726)
  0x0000020aa103df44: 3607 e9fd 

  0x0000020aa103df48: ;   {runtime_call C1 Runtime throw_null_pointer_exception_blob}
  0x0000020aa103df48: f9ff ffe8 

  0x0000020aa103df4c: ; ImmutableOopMap {[168]=Oop }
                      ;*new {reexecute=0 rethrow=0 return_oop=0}
                      ; - java.lang.invoke.MethodHandles::lookup@8 (line 128)
                      ; - sun.awt.AWTAccessor::ensureClassInitialized@0 (line 1464)
                      ; - sun.awt.AWTAccessor::getInputEventAccessor@10 (line 963)
                      ; - java.awt.AWTEvent::dispatched@7 (line 571)
                      ; - java.awt.EventQueue::dispatchEventImpl@45 (line 726)
  0x0000020aa103df4c: 1006 3607 

  0x0000020aa103df50: ;   {runtime_call C1 Runtime fast_new_instance_init_check_blob}
  0x0000020aa103df50: 488b d2e8 

  0x0000020aa103df54: ; ImmutableOopMap {[168]=Oop }
                      ;*new {reexecute=0 rethrow=0 return_oop=0}
                      ; - java.lang.invoke.MethodHandles::lookup@8 (line 128)
                      ; - sun.awt.AWTAccessor::ensureClassInitialized@0 (line 1464)
                      ; - sun.awt.AWTAccessor::getInputEventAccessor@10 (line 963)
                      ; - java.awt.AWTEvent::dispatched@7 (line 571)
                      ; - java.awt.EventQueue::dispatchEventImpl@45 (line 726)
  0x0000020aa103df54: 0812 3607 | e950 faff | ff4c 8904 

  0x0000020aa103df60: ;   {runtime_call C1 Runtime throw_class_cast_exception_blob}
  0x0000020aa103df60: 24e8 fa29 

  0x0000020aa103df64: ; ImmutableOopMap {rsi=Oop }
                      ;*checkcast {reexecute=0 rethrow=0 return_oop=0}
                      ; - java.awt.AWTEvent::dispatched@11 (line 571)
                      ; - java.awt.EventQueue::dispatchEventImpl@45 (line 726)
                      ;   {runtime_call C1 Runtime throw_incompatible_class_change_error_blob}
  0x0000020aa103df64: 3607 e8f5 

  0x0000020aa103df68: ; ImmutableOopMap {rsi=Oop rdi=Oop }
                      ;*invokeinterface setCanAccessSystemClipboard {reexecute=0 rethrow=0 return_oop=0}
                      ; - java.awt.AWTEvent::dispatched@15 (line 572)
                      ; - java.awt.EventQueue::dispatchEventImpl@45 (line 726)
                      ;   {runtime_call C1 Runtime throw_null_pointer_exception_blob}
  0x0000020aa103df68: 2c36 07e8 

  0x0000020aa103df6c: ; ImmutableOopMap {rsi=Oop rdi=Oop }
                      ;*invokeinterface setCanAccessSystemClipboard {reexecute=0 rethrow=0 return_oop=0}
                      ; - java.awt.AWTEvent::dispatched@15 (line 572)
                      ; - java.awt.EventQueue::dispatchEventImpl@45 (line 726)
  0x0000020aa103df6c: f005 3607 

  0x0000020aa103df70: ;   {metadata({method} {0x0000020afa0f98d8} 'setCanAccessSystemClipboard' '(Ljava/awt/event/InputEvent;Z)V' in 'java/awt/event/InputEvent$1')}
  0x0000020aa103df70: 49ba d098 | 0ffa 0a02 | 0000 4c89 | 5424 0848 | c704 24ff 

  0x0000020aa103df84: ;   {runtime_call C1 Runtime counter_overflow_blob}
  0x0000020aa103df84: ffff ffe8 

  0x0000020aa103df88: ; ImmutableOopMap {rdi=Oop }
                      ;*synchronization entry
                      ; - java.awt.event.InputEvent$1::setCanAccessSystemClipboard@-1 (line 338)
                      ; - java.awt.AWTEvent::dispatched@15 (line 572)
                      ; - java.awt.EventQueue::dispatchEventImpl@45 (line 726)
  0x0000020aa103df88: d456 3607 | e9e8 fbff 

  0x0000020aa103df90: ;   {runtime_call C1 Runtime throw_null_pointer_exception_blob}
  0x0000020aa103df90: ffe8 ca05 

  0x0000020aa103df94: ; ImmutableOopMap {}
                      ;*putfield canAccessSystemClipboard {reexecute=1 rethrow=0 return_oop=0}
                      ; - (reexecute) java.awt.event.InputEvent$1::setCanAccessSystemClipboard@2 (line 338)
                      ; - java.awt.AWTEvent::dispatched@15 (line 572)
                      ; - java.awt.EventQueue::dispatchEventImpl@45 (line 726)
                      ;   {internal_word}
  0x0000020aa103df94: 3607 49ba | 95db 03a1 | 0a02 0000 | 4d89 9760 

  0x0000020aa103dfa4: ;   {runtime_call SafepointBlob}
  0x0000020aa103dfa4: 0400 00e9 | 347d 2a07 | 498b 8708 | 0500 0049 | c787 0805 | 0000 0000 | 0000 49c7 | 8710 0500 
  0x0000020aa103dfc4: 0000 0000 | 0048 81c4 | d000 0000 

  0x0000020aa103dfd0: ;   {runtime_call C1 Runtime unwind_exception_blob}
  0x0000020aa103dfd0: 5de9 8af6 | 3507 f4f4 
[Stub Code]
  0x0000020aa103dfd8: ;   {no_reloc}
  0x0000020aa103dfd8: 0f1f 4400 

  0x0000020aa103dfdc: ;   {static_stub}
  0x0000020aa103dfdc: 0048 bb00 | 0000 0000 

  0x0000020aa103dfe4: ;   {runtime_call nmethod}
  0x0000020aa103dfe4: 0000 00e9 | fbff ffff 

  0x0000020aa103dfec: ;   {static_stub}
  0x0000020aa103dfec: 9048 bb00 | 0000 0000 

  0x0000020aa103dff4: ;   {runtime_call nmethod}
  0x0000020aa103dff4: 0000 00e9 | fbff ffff 

  0x0000020aa103dffc: ;   {static_stub}
  0x0000020aa103dffc: 9048 bb00 | 0000 0000 

  0x0000020aa103e004: ;   {runtime_call nmethod}
  0x0000020aa103e004: 0000 00e9 | fbff ffff 

  0x0000020aa103e00c: ;   {static_stub}
  0x0000020aa103e00c: 9048 bb00 | 0000 0000 

  0x0000020aa103e014: ;   {runtime_call nmethod}
  0x0000020aa103e014: 0000 00e9 | fbff ffff 

  0x0000020aa103e01c: ;   {static_stub}
  0x0000020aa103e01c: 9048 bb00 | 0000 0000 

  0x0000020aa103e024: ;   {runtime_call nmethod}
  0x0000020aa103e024: 0000 00e9 | fbff ffff 

  0x0000020aa103e02c: ;   {static_stub}
  0x0000020aa103e02c: 9048 bb00 | 0000 0000 

  0x0000020aa103e034: ;   {runtime_call nmethod}
  0x0000020aa103e034: 0000 00e9 | fbff ffff 

  0x0000020aa103e03c: ;   {static_stub}
  0x0000020aa103e03c: 9048 bb00 | 0000 0000 

  0x0000020aa103e044: ;   {runtime_call nmethod}
  0x0000020aa103e044: 0000 00e9 | fbff ffff 

  0x0000020aa103e04c: ;   {static_stub}
  0x0000020aa103e04c: 9048 bb00 | 0000 0000 

  0x0000020aa103e054: ;   {runtime_call nmethod}
  0x0000020aa103e054: 0000 00e9 | fbff ffff 

  0x0000020aa103e05c: ;   {static_stub}
  0x0000020aa103e05c: 9048 bb00 | 0000 0000 

  0x0000020aa103e064: ;   {runtime_call nmethod}
  0x0000020aa103e064: 0000 00e9 | fbff ffff 

  0x0000020aa103e06c: ;   {static_stub}
  0x0000020aa103e06c: 48bb 0000 | 0000 0000 

  0x0000020aa103e074: ;   {runtime_call nmethod}
  0x0000020aa103e074: 0000 e9fb 

  0x0000020aa103e078: ;   {static_stub}
  0x0000020aa103e078: ffff ff48 | bb00 0000 | 0000 0000 

  0x0000020aa103e084: ;   {runtime_call nmethod}
  0x0000020aa103e084: 00e9 fbff 

  0x0000020aa103e088: ;   {static_stub}
  0x0000020aa103e088: ffff 48bb | 0000 0000 | 0000 0000 

  0x0000020aa103e094: ;   {runtime_call nmethod}
  0x0000020aa103e094: e9fb ffff 

  0x0000020aa103e098: ;   {static_stub}
  0x0000020aa103e098: ff48 bb00 | 0000 0000 

  0x0000020aa103e0a0: ;   {runtime_call nmethod}
  0x0000020aa103e0a0: 0000 00e9 | fbff ffff 

  0x0000020aa103e0a8: ;   {static_stub}
  0x0000020aa103e0a8: 48bb 0000 | 0000 0000 

  0x0000020aa103e0b0: ;   {runtime_call nmethod}
  0x0000020aa103e0b0: 0000 e9fb 

  0x0000020aa103e0b4: ;   {runtime_call C1 Runtime handle_exception_from_callee_blob}
  0x0000020aa103e0b4: ffff ffe8 | a422 3607 

  0x0000020aa103e0bc: ;   {external_word}
  0x0000020aa103e0bc: 48b9 e034 | 8ede f87f | 0000 4883 

  0x0000020aa103e0c8: ;   {runtime_call}
  0x0000020aa103e0c8: e4f0 48b8 | 1090 4bde | f87f 0000 

  0x0000020aa103e0d4: ;   {section_word}
  0x0000020aa103e0d4: ffd0 f449 | bad7 e003 | a10a 0200 

  0x0000020aa103e0e0: ;   {runtime_call DeoptimizationBlob}
  0x0000020aa103e0e0: 0041 52e9 | 9871 2a07 
[/MachCode]


---------------  P R O C E S S  ---------------

Threads class SMR info:
_java_thread_list=0x0000020afe4c08f0, length=16, elements={
0x0000020ab7919640, 0x0000020ab7919d80, 0x0000020ab791a4c0, 0x0000020ab791aff0,
0x0000020ab791ee40, 0x0000020ab791c3f0, 0x0000020ab791d250, 0x0000020ab84f0090,
0x0000020ab85ea490, 0x0000020ab8709dd0, 0x0000020afe0c73c0, 0x0000020afe0c7b00,
0x0000020ab88cde60, 0x0000020afe4ae580, 0x0000020a95f819b0, 0x0000020afe63b030
}

Java Threads: ( => current thread )
  0x0000020ab7919640 JavaThread "Reference Handler"          daemon [_thread_blocked, id=11200, stack(0x0000007a03b00000,0x0000007a03c00000) (1024K)]
  0x0000020ab7919d80 JavaThread "Finalizer"                  daemon [_thread_blocked, id=15408, stack(0x0000007a03c00000,0x0000007a03d00000) (1024K)]
  0x0000020ab791a4c0 JavaThread "Signal Dispatcher"          daemon [_thread_blocked, id=16776, stack(0x0000007a03d00000,0x0000007a03e00000) (1024K)]
  0x0000020ab791aff0 JavaThread "Attach Listener"            daemon [_thread_blocked, id=12136, stack(0x0000007a03e00000,0x0000007a03f00000) (1024K)]
  0x0000020ab791ee40 JavaThread "Service Thread"             daemon [_thread_blocked, id=6800, stack(0x0000007a03f00000,0x0000007a04000000) (1024K)]
  0x0000020ab791c3f0 JavaThread "Monitor Deflation Thread"   daemon [_thread_blocked, id=11280, stack(0x0000007a04000000,0x0000007a04100000) (1024K)]
  0x0000020ab791d250 JavaThread "C2 CompilerThread0"         daemon [_thread_blocked, id=26116, stack(0x0000007a04100000,0x0000007a04200000) (1024K)]
  0x0000020ab84f0090 JavaThread "C1 CompilerThread0"         daemon [_thread_blocked, id=28696, stack(0x0000007a04200000,0x0000007a04300000) (1024K)]
  0x0000020ab85ea490 JavaThread "Common-Cleaner"             daemon [_thread_blocked, id=440, stack(0x0000007a04400000,0x0000007a04500000) (1024K)]
  0x0000020ab8709dd0 JavaThread "Notification Thread"        daemon [_thread_blocked, id=23008, stack(0x0000007a04800000,0x0000007a04900000) (1024K)]
  0x0000020afe0c73c0 JavaThread "Java2D Disposer"            daemon [_thread_blocked, id=22400, stack(0x0000007a04900000,0x0000007a04a00000) (1024K)]
  0x0000020afe0c7b00 JavaThread "AWT-Shutdown"                      [_thread_blocked, id=27824, stack(0x0000007a04a00000,0x0000007a04b00000) (1024K)]
  0x0000020ab88cde60 JavaThread "AWT-Windows"                daemon [_thread_in_native, id=27576, stack(0x0000007a04b00000,0x0000007a04c00000) (1024K)]
=>0x0000020afe4ae580 JavaThread "AWT-EventQueue-0"                  [_thread_in_native, id=10868, stack(0x0000007a04c00000,0x0000007a04d00000) (1024K)]
  0x0000020a95f819b0 JavaThread "DestroyJavaVM"                     [_thread_blocked, id=33704, stack(0x0000007a03300000,0x0000007a03400000) (1024K)]
  0x0000020afe63b030 JavaThread "TimerQueue"                 daemon [_thread_blocked, id=6492, stack(0x0000007a05000000,0x0000007a05100000) (1024K)]
Total: 16

Other Threads:
  0x0000020ab79097c0 VMThread "VM Thread"                           [id=18984, stack(0x0000007a03a00000,0x0000007a03b00000) (1024K)]
  0x0000020ab78fcd20 WatcherThread "VM Periodic Task Thread"        [id=20736, stack(0x0000007a03900000,0x0000007a03a00000) (1024K)]
  0x0000020a983a1210 WorkerThread "GC Thread#0"                     [id=8260, stack(0x0000007a03400000,0x0000007a03500000) (1024K)]
  0x0000020a983b59f0 ConcurrentGCThread "G1 Main Marker"            [id=21452, stack(0x0000007a03500000,0x0000007a03600000) (1024K)]
  0x0000020a983b6400 WorkerThread "G1 Conc#0"                       [id=11196, stack(0x0000007a03600000,0x0000007a03700000) (1024K)]
  0x0000020a983fe490 ConcurrentGCThread "G1 Refine#0"               [id=20848, stack(0x0000007a03700000,0x0000007a03800000) (1024K)]
  0x0000020ab77b90b0 ConcurrentGCThread "G1 Service"                [id=8936, stack(0x0000007a03800000,0x0000007a03900000) (1024K)]
Total: 7

Threads with active compile tasks:
Total: 0

VM state: not at safepoint (normal execution)

VM Mutex/Monitor currently owned by a thread: None

Heap address: 0x0000000705e00000, size: 4002 MB, Compressed Oops mode: Zero based, Oop shift amount: 3

CDS archive(s) mapped at: [0x0000020ab9000000-0x0000020ab9d40000-0x0000020ab9d40000), size 13893632, SharedBaseAddress: 0x0000020ab9000000, ArchiveRelocationMode: 1.
Compressed class space mapped at: 0x0000020aba000000-0x0000020afa000000, reserved size: 1073741824
UseCompressedClassPointers 1, UseCompactObjectHeaders 0
Narrow klass pointer bits 32, Max shift 3
Narrow klass base: 0x0000020ab9000000, Narrow klass shift: 0
Encoding Range: [0x0000020ab9000000 - 0x0000020bb9000000), (4294967296 bytes)
Klass Range:    [0x0000020ab9000000 - 0x0000020afa000000), (1090519040 bytes)
Klass ID Range:  [8 - 1090519033) (1090519025)

GC Precious Log:
 CardTable entry size: 512
 Card Set container configuration: InlinePtr #cards 4 size 8 Array Of Cards #cards 16 size 48 Howl #buckets 8 coarsen threshold 3686 Howl Bitmap #cards 512 size 80 coarsen threshold 460 Card regions per heap region 1 cards per card region 4096
 CPUs: 16 total, 16 available
 Memory: 16004M
 Large Page Support: Disabled
 NUMA Support: Disabled
 Compressed Oops: Enabled (Zero based)
 Heap Region Size: 2M
 Heap Min Capacity: 8M
 Heap Initial Capacity: 252M
 Heap Max Capacity: 4002M
 Pre-touch: Disabled
 Parallel Workers: 13
 Concurrent Workers: 3
 Concurrent Refinement Workers: 13
 Periodic GC: Disabled

Heap:
 garbage-first heap   total reserved 4098048K, committed 260096K, used 25712K [0x0000000705e00000, 0x0000000800000000)
  region size 2048K, 11 young (22528K), 0 survivors (0K)
 Metaspace       used 8701K, committed 8896K, reserved 1114112K
  class space    used 731K, committed 832K, reserved 1048576K

Heap Regions: E=young(eden), S=young(survivor), O=old, HS=humongous(starts), HC=humongous(continues), CS=collection set, F=free, TAMS=top-at-mark-start, PB=parsable bottom
|   0|0x0000000705e00000, 0x0000000706000000, 0x0000000706000000|100%|HS|  |TAMS 0x0000000705e00000| PB 0x0000000705e00000| Complete |  0
|   1|0x0000000706000000, 0x0000000706200000, 0x0000000706200000|100%|HC|  |TAMS 0x0000000706000000| PB 0x0000000706000000| Complete |  0
|   2|0x0000000706200000, 0x0000000706200000, 0x0000000706400000|  0%| F|  |TAMS 0x0000000706200000| PB 0x0000000706200000| Untracked |  0
|   3|0x0000000706400000, 0x0000000706400000, 0x0000000706600000|  0%| F|  |TAMS 0x0000000706400000| PB 0x0000000706400000| Untracked |  0
|   4|0x0000000706600000, 0x0000000706600000, 0x0000000706800000|  0%| F|  |TAMS 0x0000000706600000| PB 0x0000000706600000| Untracked |  0
|   5|0x0000000706800000, 0x0000000706800000, 0x0000000706a00000|  0%| F|  |TAMS 0x0000000706800000| PB 0x0000000706800000| Untracked |  0
|   6|0x0000000706a00000, 0x0000000706a00000, 0x0000000706c00000|  0%| F|  |TAMS 0x0000000706a00000| PB 0x0000000706a00000| Untracked |  0
|   7|0x0000000706c00000, 0x0000000706c00000, 0x0000000706e00000|  0%| F|  |TAMS 0x0000000706c00000| PB 0x0000000706c00000| Untracked |  0
|   8|0x0000000706e00000, 0x0000000706e00000, 0x0000000707000000|  0%| F|  |TAMS 0x0000000706e00000| PB 0x0000000706e00000| Untracked |  0
|   9|0x0000000707000000, 0x0000000707000000, 0x0000000707200000|  0%| F|  |TAMS 0x0000000707000000| PB 0x0000000707000000| Untracked |  0
|  10|0x0000000707200000, 0x0000000707200000, 0x0000000707400000|  0%| F|  |TAMS 0x0000000707200000| PB 0x0000000707200000| Untracked |  0
|  11|0x0000000707400000, 0x0000000707400000, 0x0000000707600000|  0%| F|  |TAMS 0x0000000707400000| PB 0x0000000707400000| Untracked |  0
|  12|0x0000000707600000, 0x0000000707600000, 0x0000000707800000|  0%| F|  |TAMS 0x0000000707600000| PB 0x0000000707600000| Untracked |  0
|  13|0x0000000707800000, 0x0000000707800000, 0x0000000707a00000|  0%| F|  |TAMS 0x0000000707800000| PB 0x0000000707800000| Untracked |  0
|  14|0x0000000707a00000, 0x0000000707a00000, 0x0000000707c00000|  0%| F|  |TAMS 0x0000000707a00000| PB 0x0000000707a00000| Untracked |  0
|  15|0x0000000707c00000, 0x0000000707c00000, 0x0000000707e00000|  0%| F|  |TAMS 0x0000000707c00000| PB 0x0000000707c00000| Untracked |  0
|  16|0x0000000707e00000, 0x0000000707e00000, 0x0000000708000000|  0%| F|  |TAMS 0x0000000707e00000| PB 0x0000000707e00000| Untracked |  0
|  17|0x0000000708000000, 0x0000000708000000, 0x0000000708200000|  0%| F|  |TAMS 0x0000000708000000| PB 0x0000000708000000| Untracked |  0
|  18|0x0000000708200000, 0x0000000708200000, 0x0000000708400000|  0%| F|  |TAMS 0x0000000708200000| PB 0x0000000708200000| Untracked |  0
|  19|0x0000000708400000, 0x0000000708400000, 0x0000000708600000|  0%| F|  |TAMS 0x0000000708400000| PB 0x0000000708400000| Untracked |  0
|  20|0x0000000708600000, 0x0000000708600000, 0x0000000708800000|  0%| F|  |TAMS 0x0000000708600000| PB 0x0000000708600000| Untracked |  0
|  21|0x0000000708800000, 0x0000000708800000, 0x0000000708a00000|  0%| F|  |TAMS 0x0000000708800000| PB 0x0000000708800000| Untracked |  0
|  22|0x0000000708a00000, 0x0000000708a00000, 0x0000000708c00000|  0%| F|  |TAMS 0x0000000708a00000| PB 0x0000000708a00000| Untracked |  0
|  23|0x0000000708c00000, 0x0000000708c00000, 0x0000000708e00000|  0%| F|  |TAMS 0x0000000708c00000| PB 0x0000000708c00000| Untracked |  0
|  24|0x0000000708e00000, 0x0000000708e00000, 0x0000000709000000|  0%| F|  |TAMS 0x0000000708e00000| PB 0x0000000708e00000| Untracked |  0
|  25|0x0000000709000000, 0x0000000709000000, 0x0000000709200000|  0%| F|  |TAMS 0x0000000709000000| PB 0x0000000709000000| Untracked |  0
|  26|0x0000000709200000, 0x0000000709200000, 0x0000000709400000|  0%| F|  |TAMS 0x0000000709200000| PB 0x0000000709200000| Untracked |  0
|  27|0x0000000709400000, 0x0000000709400000, 0x0000000709600000|  0%| F|  |TAMS 0x0000000709400000| PB 0x0000000709400000| Untracked |  0
|  28|0x0000000709600000, 0x0000000709600000, 0x0000000709800000|  0%| F|  |TAMS 0x0000000709600000| PB 0x0000000709600000| Untracked |  0
|  29|0x0000000709800000, 0x0000000709800000, 0x0000000709a00000|  0%| F|  |TAMS 0x0000000709800000| PB 0x0000000709800000| Untracked |  0
|  30|0x0000000709a00000, 0x0000000709a00000, 0x0000000709c00000|  0%| F|  |TAMS 0x0000000709a00000| PB 0x0000000709a00000| Untracked |  0
|  31|0x0000000709c00000, 0x0000000709c00000, 0x0000000709e00000|  0%| F|  |TAMS 0x0000000709c00000| PB 0x0000000709c00000| Untracked |  0
|  32|0x0000000709e00000, 0x0000000709e00000, 0x000000070a000000|  0%| F|  |TAMS 0x0000000709e00000| PB 0x0000000709e00000| Untracked |  0
|  33|0x000000070a000000, 0x000000070a000000, 0x000000070a200000|  0%| F|  |TAMS 0x000000070a000000| PB 0x000000070a000000| Untracked |  0
|  34|0x000000070a200000, 0x000000070a200000, 0x000000070a400000|  0%| F|  |TAMS 0x000000070a200000| PB 0x000000070a200000| Untracked |  0
|  35|0x000000070a400000, 0x000000070a400000, 0x000000070a600000|  0%| F|  |TAMS 0x000000070a400000| PB 0x000000070a400000| Untracked |  0
|  36|0x000000070a600000, 0x000000070a600000, 0x000000070a800000|  0%| F|  |TAMS 0x000000070a600000| PB 0x000000070a600000| Untracked |  0
|  37|0x000000070a800000, 0x000000070a800000, 0x000000070aa00000|  0%| F|  |TAMS 0x000000070a800000| PB 0x000000070a800000| Untracked |  0
|  38|0x000000070aa00000, 0x000000070aa00000, 0x000000070ac00000|  0%| F|  |TAMS 0x000000070aa00000| PB 0x000000070aa00000| Untracked |  0
|  39|0x000000070ac00000, 0x000000070ac00000, 0x000000070ae00000|  0%| F|  |TAMS 0x000000070ac00000| PB 0x000000070ac00000| Untracked |  0
|  40|0x000000070ae00000, 0x000000070ae00000, 0x000000070b000000|  0%| F|  |TAMS 0x000000070ae00000| PB 0x000000070ae00000| Untracked |  0
|  41|0x000000070b000000, 0x000000070b000000, 0x000000070b200000|  0%| F|  |TAMS 0x000000070b000000| PB 0x000000070b000000| Untracked |  0
|  42|0x000000070b200000, 0x000000070b200000, 0x000000070b400000|  0%| F|  |TAMS 0x000000070b200000| PB 0x000000070b200000| Untracked |  0
|  43|0x000000070b400000, 0x000000070b400000, 0x000000070b600000|  0%| F|  |TAMS 0x000000070b400000| PB 0x000000070b400000| Untracked |  0
|  44|0x000000070b600000, 0x000000070b600000, 0x000000070b800000|  0%| F|  |TAMS 0x000000070b600000| PB 0x000000070b600000| Untracked |  0
|  45|0x000000070b800000, 0x000000070b800000, 0x000000070ba00000|  0%| F|  |TAMS 0x000000070b800000| PB 0x000000070b800000| Untracked |  0
|  46|0x000000070ba00000, 0x000000070ba00000, 0x000000070bc00000|  0%| F|  |TAMS 0x000000070ba00000| PB 0x000000070ba00000| Untracked |  0
|  47|0x000000070bc00000, 0x000000070bc00000, 0x000000070be00000|  0%| F|  |TAMS 0x000000070bc00000| PB 0x000000070bc00000| Untracked |  0
|  48|0x000000070be00000, 0x000000070be00000, 0x000000070c000000|  0%| F|  |TAMS 0x000000070be00000| PB 0x000000070be00000| Untracked |  0
|  49|0x000000070c000000, 0x000000070c000000, 0x000000070c200000|  0%| F|  |TAMS 0x000000070c000000| PB 0x000000070c000000| Untracked |  0
|  50|0x000000070c200000, 0x000000070c200000, 0x000000070c400000|  0%| F|  |TAMS 0x000000070c200000| PB 0x000000070c200000| Untracked |  0
|  51|0x000000070c400000, 0x000000070c400000, 0x000000070c600000|  0%| F|  |TAMS 0x000000070c400000| PB 0x000000070c400000| Untracked |  0
|  52|0x000000070c600000, 0x000000070c600000, 0x000000070c800000|  0%| F|  |TAMS 0x000000070c600000| PB 0x000000070c600000| Untracked |  0
|  53|0x000000070c800000, 0x000000070c800000, 0x000000070ca00000|  0%| F|  |TAMS 0x000000070c800000| PB 0x000000070c800000| Untracked |  0
|  54|0x000000070ca00000, 0x000000070ca00000, 0x000000070cc00000|  0%| F|  |TAMS 0x000000070ca00000| PB 0x000000070ca00000| Untracked |  0
|  55|0x000000070cc00000, 0x000000070cc00000, 0x000000070ce00000|  0%| F|  |TAMS 0x000000070cc00000| PB 0x000000070cc00000| Untracked |  0
|  56|0x000000070ce00000, 0x000000070ce00000, 0x000000070d000000|  0%| F|  |TAMS 0x000000070ce00000| PB 0x000000070ce00000| Untracked |  0
|  57|0x000000070d000000, 0x000000070d000000, 0x000000070d200000|  0%| F|  |TAMS 0x000000070d000000| PB 0x000000070d000000| Untracked |  0
|  58|0x000000070d200000, 0x000000070d200000, 0x000000070d400000|  0%| F|  |TAMS 0x000000070d200000| PB 0x000000070d200000| Untracked |  0
|  59|0x000000070d400000, 0x000000070d400000, 0x000000070d600000|  0%| F|  |TAMS 0x000000070d400000| PB 0x000000070d400000| Untracked |  0
|  60|0x000000070d600000, 0x000000070d600000, 0x000000070d800000|  0%| F|  |TAMS 0x000000070d600000| PB 0x000000070d600000| Untracked |  0
|  61|0x000000070d800000, 0x000000070d800000, 0x000000070da00000|  0%| F|  |TAMS 0x000000070d800000| PB 0x000000070d800000| Untracked |  0
|  62|0x000000070da00000, 0x000000070da00000, 0x000000070dc00000|  0%| F|  |TAMS 0x000000070da00000| PB 0x000000070da00000| Untracked |  0
|  63|0x000000070dc00000, 0x000000070dc00000, 0x000000070de00000|  0%| F|  |TAMS 0x000000070dc00000| PB 0x000000070dc00000| Untracked |  0
|  64|0x000000070de00000, 0x000000070de00000, 0x000000070e000000|  0%| F|  |TAMS 0x000000070de00000| PB 0x000000070de00000| Untracked |  0
|  65|0x000000070e000000, 0x000000070e000000, 0x000000070e200000|  0%| F|  |TAMS 0x000000070e000000| PB 0x000000070e000000| Untracked |  0
|  66|0x000000070e200000, 0x000000070e200000, 0x000000070e400000|  0%| F|  |TAMS 0x000000070e200000| PB 0x000000070e200000| Untracked |  0
|  67|0x000000070e400000, 0x000000070e400000, 0x000000070e600000|  0%| F|  |TAMS 0x000000070e400000| PB 0x000000070e400000| Untracked |  0
|  68|0x000000070e600000, 0x000000070e600000, 0x000000070e800000|  0%| F|  |TAMS 0x000000070e600000| PB 0x000000070e600000| Untracked |  0
|  69|0x000000070e800000, 0x000000070e800000, 0x000000070ea00000|  0%| F|  |TAMS 0x000000070e800000| PB 0x000000070e800000| Untracked |  0
|  70|0x000000070ea00000, 0x000000070ea00000, 0x000000070ec00000|  0%| F|  |TAMS 0x000000070ea00000| PB 0x000000070ea00000| Untracked |  0
|  71|0x000000070ec00000, 0x000000070ec00000, 0x000000070ee00000|  0%| F|  |TAMS 0x000000070ec00000| PB 0x000000070ec00000| Untracked |  0
|  72|0x000000070ee00000, 0x000000070ee00000, 0x000000070f000000|  0%| F|  |TAMS 0x000000070ee00000| PB 0x000000070ee00000| Untracked |  0
|  73|0x000000070f000000, 0x000000070f000000, 0x000000070f200000|  0%| F|  |TAMS 0x000000070f000000| PB 0x000000070f000000| Untracked |  0
|  74|0x000000070f200000, 0x000000070f200000, 0x000000070f400000|  0%| F|  |TAMS 0x000000070f200000| PB 0x000000070f200000| Untracked |  0
|  75|0x000000070f400000, 0x000000070f400000, 0x000000070f600000|  0%| F|  |TAMS 0x000000070f400000| PB 0x000000070f400000| Untracked |  0
|  76|0x000000070f600000, 0x000000070f600000, 0x000000070f800000|  0%| F|  |TAMS 0x000000070f600000| PB 0x000000070f600000| Untracked |  0
|  77|0x000000070f800000, 0x000000070f800000, 0x000000070fa00000|  0%| F|  |TAMS 0x000000070f800000| PB 0x000000070f800000| Untracked |  0
|  78|0x000000070fa00000, 0x000000070fa00000, 0x000000070fc00000|  0%| F|  |TAMS 0x000000070fa00000| PB 0x000000070fa00000| Untracked |  0
|  79|0x000000070fc00000, 0x000000070fc00000, 0x000000070fe00000|  0%| F|  |TAMS 0x000000070fc00000| PB 0x000000070fc00000| Untracked |  0
|  80|0x000000070fe00000, 0x000000070fe00000, 0x0000000710000000|  0%| F|  |TAMS 0x000000070fe00000| PB 0x000000070fe00000| Untracked |  0
|  81|0x0000000710000000, 0x0000000710000000, 0x0000000710200000|  0%| F|  |TAMS 0x0000000710000000| PB 0x0000000710000000| Untracked |  0
|  82|0x0000000710200000, 0x0000000710200000, 0x0000000710400000|  0%| F|  |TAMS 0x0000000710200000| PB 0x0000000710200000| Untracked |  0
|  83|0x0000000710400000, 0x0000000710400000, 0x0000000710600000|  0%| F|  |TAMS 0x0000000710400000| PB 0x0000000710400000| Untracked |  0
|  84|0x0000000710600000, 0x0000000710600000, 0x0000000710800000|  0%| F|  |TAMS 0x0000000710600000| PB 0x0000000710600000| Untracked |  0
|  85|0x0000000710800000, 0x0000000710800000, 0x0000000710a00000|  0%| F|  |TAMS 0x0000000710800000| PB 0x0000000710800000| Untracked |  0
|  86|0x0000000710a00000, 0x0000000710a00000, 0x0000000710c00000|  0%| F|  |TAMS 0x0000000710a00000| PB 0x0000000710a00000| Untracked |  0
|  87|0x0000000710c00000, 0x0000000710c00000, 0x0000000710e00000|  0%| F|  |TAMS 0x0000000710c00000| PB 0x0000000710c00000| Untracked |  0
|  88|0x0000000710e00000, 0x0000000710e00000, 0x0000000711000000|  0%| F|  |TAMS 0x0000000710e00000| PB 0x0000000710e00000| Untracked |  0
|  89|0x0000000711000000, 0x0000000711000000, 0x0000000711200000|  0%| F|  |TAMS 0x0000000711000000| PB 0x0000000711000000| Untracked |  0
|  90|0x0000000711200000, 0x0000000711200000, 0x0000000711400000|  0%| F|  |TAMS 0x0000000711200000| PB 0x0000000711200000| Untracked |  0
|  91|0x0000000711400000, 0x0000000711400000, 0x0000000711600000|  0%| F|  |TAMS 0x0000000711400000| PB 0x0000000711400000| Untracked |  0
|  92|0x0000000711600000, 0x0000000711600000, 0x0000000711800000|  0%| F|  |TAMS 0x0000000711600000| PB 0x0000000711600000| Untracked |  0
|  93|0x0000000711800000, 0x0000000711800000, 0x0000000711a00000|  0%| F|  |TAMS 0x0000000711800000| PB 0x0000000711800000| Untracked |  0
|  94|0x0000000711a00000, 0x0000000711a00000, 0x0000000711c00000|  0%| F|  |TAMS 0x0000000711a00000| PB 0x0000000711a00000| Untracked |  0
|  95|0x0000000711c00000, 0x0000000711c00000, 0x0000000711e00000|  0%| F|  |TAMS 0x0000000711c00000| PB 0x0000000711c00000| Untracked |  0
|  96|0x0000000711e00000, 0x0000000711e00000, 0x0000000712000000|  0%| F|  |TAMS 0x0000000711e00000| PB 0x0000000711e00000| Untracked |  0
|  97|0x0000000712000000, 0x0000000712000000, 0x0000000712200000|  0%| F|  |TAMS 0x0000000712000000| PB 0x0000000712000000| Untracked |  0
|  98|0x0000000712200000, 0x0000000712200000, 0x0000000712400000|  0%| F|  |TAMS 0x0000000712200000| PB 0x0000000712200000| Untracked |  0
|  99|0x0000000712400000, 0x0000000712400000, 0x0000000712600000|  0%| F|  |TAMS 0x0000000712400000| PB 0x0000000712400000| Untracked |  0
| 100|0x0000000712600000, 0x0000000712600000, 0x0000000712800000|  0%| F|  |TAMS 0x0000000712600000| PB 0x0000000712600000| Untracked |  0
| 101|0x0000000712800000, 0x0000000712800000, 0x0000000712a00000|  0%| F|  |TAMS 0x0000000712800000| PB 0x0000000712800000| Untracked |  0
| 102|0x0000000712a00000, 0x0000000712a00000, 0x0000000712c00000|  0%| F|  |TAMS 0x0000000712a00000| PB 0x0000000712a00000| Untracked |  0
| 103|0x0000000712c00000, 0x0000000712c00000, 0x0000000712e00000|  0%| F|  |TAMS 0x0000000712c00000| PB 0x0000000712c00000| Untracked |  0
| 104|0x0000000712e00000, 0x0000000712e00000, 0x0000000713000000|  0%| F|  |TAMS 0x0000000712e00000| PB 0x0000000712e00000| Untracked |  0
| 105|0x0000000713000000, 0x0000000713000000, 0x0000000713200000|  0%| F|  |TAMS 0x0000000713000000| PB 0x0000000713000000| Untracked |  0
| 106|0x0000000713200000, 0x0000000713200000, 0x0000000713400000|  0%| F|  |TAMS 0x0000000713200000| PB 0x0000000713200000| Untracked |  0
| 107|0x0000000713400000, 0x0000000713400000, 0x0000000713600000|  0%| F|  |TAMS 0x0000000713400000| PB 0x0000000713400000| Untracked |  0
| 108|0x0000000713600000, 0x0000000713600000, 0x0000000713800000|  0%| F|  |TAMS 0x0000000713600000| PB 0x0000000713600000| Untracked |  0
| 109|0x0000000713800000, 0x0000000713800000, 0x0000000713a00000|  0%| F|  |TAMS 0x0000000713800000| PB 0x0000000713800000| Untracked |  0
| 110|0x0000000713a00000, 0x0000000713a00000, 0x0000000713c00000|  0%| F|  |TAMS 0x0000000713a00000| PB 0x0000000713a00000| Untracked |  0
| 111|0x0000000713c00000, 0x0000000713c00000, 0x0000000713e00000|  0%| F|  |TAMS 0x0000000713c00000| PB 0x0000000713c00000| Untracked |  0
| 112|0x0000000713e00000, 0x0000000713e00000, 0x0000000714000000|  0%| F|  |TAMS 0x0000000713e00000| PB 0x0000000713e00000| Untracked |  0
| 113|0x0000000714000000, 0x0000000714000000, 0x0000000714200000|  0%| F|  |TAMS 0x0000000714000000| PB 0x0000000714000000| Untracked |  0
| 114|0x0000000714200000, 0x0000000714200000, 0x0000000714400000|  0%| F|  |TAMS 0x0000000714200000| PB 0x0000000714200000| Untracked |  0
| 115|0x0000000714400000, 0x0000000714600000, 0x0000000714600000|100%| E|  |TAMS 0x0000000714400000| PB 0x0000000714400000| Complete |  0
| 116|0x0000000714600000, 0x0000000714800000, 0x0000000714800000|100%| E|CS|TAMS 0x0000000714600000| PB 0x0000000714600000| Complete |  0
| 117|0x0000000714800000, 0x0000000714a00000, 0x0000000714a00000|100%| E|CS|TAMS 0x0000000714800000| PB 0x0000000714800000| Complete |  0
| 118|0x0000000714a00000, 0x0000000714c00000, 0x0000000714c00000|100%| E|CS|TAMS 0x0000000714a00000| PB 0x0000000714a00000| Complete |  0
| 119|0x0000000714c00000, 0x0000000714e00000, 0x0000000714e00000|100%| E|CS|TAMS 0x0000000714c00000| PB 0x0000000714c00000| Complete |  0
| 120|0x0000000714e00000, 0x0000000715000000, 0x0000000715000000|100%| E|CS|TAMS 0x0000000714e00000| PB 0x0000000714e00000| Complete |  0
| 121|0x0000000715000000, 0x0000000715200000, 0x0000000715200000|100%| E|CS|TAMS 0x0000000715000000| PB 0x0000000715000000| Complete |  0
| 122|0x0000000715200000, 0x0000000715400000, 0x0000000715400000|100%| E|CS|TAMS 0x0000000715200000| PB 0x0000000715200000| Complete |  0
| 123|0x0000000715400000, 0x0000000715600000, 0x0000000715600000|100%| E|CS|TAMS 0x0000000715400000| PB 0x0000000715400000| Complete |  0
| 124|0x0000000715600000, 0x0000000715800000, 0x0000000715800000|100%| E|CS|TAMS 0x0000000715600000| PB 0x0000000715600000| Complete |  0
| 125|0x0000000715800000, 0x0000000715a00000, 0x0000000715a00000|100%| E|CS|TAMS 0x0000000715800000| PB 0x0000000715800000| Complete |  0
|2000|0x00000007ffe00000, 0x00000007fff1c318, 0x0000000800000000| 55%| O|  |TAMS 0x00000007ffe00000| PB 0x00000007ffe00000| Untracked |  0

Card table byte_map: [0x0000020ab0ea0000,0x0000020ab1680000] _byte_map_base: 0x0000020aad671000

Marking Bits: (CMBitMap*) 0x0000020a983a1820
 Bits: [0x0000020ab1680000, 0x0000020ab5508000)

Polling page: 0x0000020a962b0000

Metaspace:

Usage:
  Non-class:      7.78 MB used.
      Class:    731.16 KB used.
       Both:      8.50 MB used.

Virtual space:
  Non-class space:       64.00 MB reserved,       7.88 MB ( 12%) committed,  1 nodes.
      Class space:        1.00 GB reserved,     832.00 KB ( <1%) committed,  1 nodes.
             Both:        1.06 GB reserved,       8.69 MB ( <1%) committed. 

Chunk freelists:
   Non-Class:  8.10 MB
       Class:  15.22 MB
        Both:  23.33 MB

MaxMetaspaceSize: unlimited
CompressedClassSpaceSize: 1.00 GB
Initial GC threshold: 21.00 MB
Current GC threshold: 21.00 MB
CDS: on
 - commit_granule_bytes: 65536.
 - commit_granule_words: 8192.
 - virtual_space_node_default_size: 8388608.
 - enlarge_chunks_in_place: 1.
UseCompressedClassPointers 1, UseCompactObjectHeaders 0
Narrow klass pointer bits 32, Max shift 3
Narrow klass base: 0x0000020ab9000000, Narrow klass shift: 0
Encoding Range: [0x0000020ab9000000 - 0x0000020bb9000000), (4294967296 bytes)
Klass Range:    [0x0000020ab9000000 - 0x0000020afa000000), (1090519040 bytes)
Klass ID Range:  [8 - 1090519033) (1090519025)


Internal statistics:

num_allocs_failed_limit: 0.
num_arena_births: 110.
num_arena_deaths: 0.
num_vsnodes_births: 2.
num_vsnodes_deaths: 0.
num_space_committed: 139.
num_space_uncommitted: 0.
num_chunks_returned_to_freelist: 0.
num_chunks_taken_from_freelist: 147.
num_chunk_merges: 0.
num_chunk_splits: 86.
num_chunks_enlarged: 37.
num_inconsistent_stats: 0.

CodeHeap 'non-profiled nmethods': size=119232Kb used=412Kb max_used=412Kb free=118819Kb
 bounds [0x0000020aa89d0000, 0x0000020aa8c40000, 0x0000020aafe40000]
CodeHeap 'profiled nmethods': size=119104Kb used=2460Kb max_used=2460Kb free=116643Kb
 bounds [0x0000020aa0e40000, 0x0000020aa10b0000, 0x0000020aa8290000]
CodeHeap 'non-nmethods': size=7424Kb used=1459Kb max_used=3164Kb free=5964Kb
 bounds [0x0000020aa8290000, 0x0000020aa85b0000, 0x0000020aa89d0000]
CodeCache: size=245760Kb, used=4331Kb, max_used=6036Kb, free=241426Kb
 total_blobs=2330, nmethods=1697, adapters=539, full_count=0
Compilation: enabled, stopped_count=0, restarted_count=0

Compilation events (20 events):
Event: 16197.761 Thread 0x0000020ab84f0090 1687       3       java.lang.ref.ReferenceQueue::poll0 (65 bytes)
Event: 16197.769 Thread 0x0000020ab84f0090 nmethod 1687 0x0000020aa10a3288 code [0x0000020aa10a33c0, 0x0000020aa10a38a0]
Event: 18194.928 Thread 0x0000020ab84f0090 1688       3       java.beans.PropertyChangeSupport::firePropertyChange (35 bytes)
Event: 18194.933 Thread 0x0000020ab84f0090 nmethod 1688 0x0000020aa10a3908 code [0x0000020aa10a3a80, 0x0000020aa10a4208]
Event: 23578.384 Thread 0x0000020ab84f0090 1689   !   3       java.lang.Object::wait (59 bytes)
Event: 23578.392 Thread 0x0000020ab84f0090 nmethod 1689 0x0000020aa10a4288 code [0x0000020aa10a4400, 0x0000020aa10a4980]
Event: 23938.411 Thread 0x0000020ab84f0090 1690  s    3       jdk.internal.ref.CleanerImpl$CleanableList::isEmpty (16 bytes)
Event: 23938.413 Thread 0x0000020ab84f0090 nmethod 1690 0x0000020aa10a4a08 code [0x0000020aa10a4b20, 0x0000020aa10a4dd0]
Event: 23938.413 Thread 0x0000020ab84f0090 1693       3       java.lang.ref.ReferenceQueue::remove0 (67 bytes)
Event: 23938.415 Thread 0x0000020ab84f0090 nmethod 1693 0x0000020aa10a4e08 code [0x0000020aa10a4f80, 0x0000020aa10a53e0]
Event: 23938.415 Thread 0x0000020ab84f0090 1691       3       jdk.internal.misc.InnocuousThread::eraseThreadLocals (23 bytes)
Event: 23938.416 Thread 0x0000020ab84f0090 nmethod 1691 0x0000020aa10a5408 code [0x0000020aa10a5520, 0x0000020aa10a5710]
Event: 23938.416 Thread 0x0000020ab84f0090 1692   !   3       java.lang.ref.ReferenceQueue::remove (49 bytes)
Event: 23938.419 Thread 0x0000020ab84f0090 nmethod 1692 0x0000020aa10a5788 code [0x0000020aa10a5920, 0x0000020aa10a62d0]
Event: 32411.648 Thread 0x0000020ab84f0090 1695   !   3       java.awt.Toolkit::setDesktopProperty (81 bytes)
Event: 32411.648 Thread 0x0000020ab791d250 1694       4       java.util.HashMap$HashIterator::hasNext (13 bytes)
Event: 32411.652 Thread 0x0000020ab84f0090 nmethod 1695 0x0000020aa10a6308 code [0x0000020aa10a64a0, 0x0000020aa10a6db0]
Event: 32411.652 Thread 0x0000020ab791d250 nmethod 1694 0x0000020aa8a36a88 code [0x0000020aa8a36b80, 0x0000020aa8a36c00]
Event: 32411.652 Thread 0x0000020ab84f0090 1696       3       java.util.HashMap::tableSizeFor (32 bytes)
Event: 32411.653 Thread 0x0000020ab84f0090 nmethod 1696 0x0000020aa10a6e08 code [0x0000020aa10a6f40, 0x0000020aa10a7130]

GC Heap History (0 events):
No events

Dll operation events (8 events):
Event: 0.008 Loaded shared library C:\Program Files\Apache NetBeans\jdk\bin\java.dll
Event: 0.033 Loaded shared library C:\Program Files\Apache NetBeans\jdk\bin\jsvml.dll
Event: 0.054 Loaded shared library C:\Program Files\Apache NetBeans\jdk\bin\net.dll
Event: 0.055 Loaded shared library C:\Program Files\Apache NetBeans\jdk\bin\nio.dll
Event: 0.078 Loaded shared library C:\Program Files\Apache NetBeans\jdk\bin\jimage.dll
Event: 0.087 Loaded shared library C:\Program Files\Apache NetBeans\jdk\bin\awt.dll
Event: 0.279 Loaded shared library C:\Program Files\Apache NetBeans\jdk\bin\freetype.dll
Event: 0.280 Loaded shared library C:\Program Files\Apache NetBeans\jdk\bin\fontmanager.dll

Deoptimization events (20 events):
Event: 0.571 Thread 0x0000020afe4ae580 Uncommon trap: trap_request=0xffffff5c fr.pc=0x0000020aa8a0c960 relative=0x0000000000000060
Event: 0.571 Thread 0x0000020afe4ae580 Uncommon trap: reason=speculate_null_check action=make_not_entrant pc=0x0000020aa8a0c960 method=jdk.internal.misc.Unsafe.getIntUnaligned(Ljava/lang/Object;JZ)I @ 5 c2
Event: 0.571 Thread 0x0000020afe4ae580 DEOPT PACKING pc=0x0000020aa8a0c960 sp=0x0000007a04cfcf50
Event: 0.571 Thread 0x0000020afe4ae580 DEOPT UNPACKING pc=0x0000020aa83a8582 sp=0x0000007a04cfced0 mode 2
Event: 2.442 Thread 0x0000020afe4ae580 Uncommon trap: trap_request=0xffffffde fr.pc=0x0000020aa89e0c5c relative=0x00000000000001dc
Event: 2.442 Thread 0x0000020afe4ae580 Uncommon trap: reason=class_check action=maybe_recompile pc=0x0000020aa89e0c5c method=java.lang.String.equals(Ljava/lang/Object;)Z @ 8 c2
Event: 2.442 Thread 0x0000020afe4ae580 DEOPT PACKING pc=0x0000020aa89e0c5c sp=0x0000007a04cfe330
Event: 2.442 Thread 0x0000020afe4ae580 DEOPT UNPACKING pc=0x0000020aa83a8582 sp=0x0000007a04cfe2c8 mode 2
Event: 2.442 Thread 0x0000020afe4ae580 Uncommon trap: trap_request=0xffffffde fr.pc=0x0000020aa89e0c5c relative=0x00000000000001dc
Event: 2.442 Thread 0x0000020afe4ae580 Uncommon trap: reason=class_check action=maybe_recompile pc=0x0000020aa89e0c5c method=java.lang.String.equals(Ljava/lang/Object;)Z @ 8 c2
Event: 2.442 Thread 0x0000020afe4ae580 DEOPT PACKING pc=0x0000020aa89e0c5c sp=0x0000007a04cfe330
Event: 2.442 Thread 0x0000020afe4ae580 DEOPT UNPACKING pc=0x0000020aa83a8582 sp=0x0000007a04cfe2c8 mode 2
Event: 3.340 Thread 0x0000020afe4ae580 Uncommon trap: trap_request=0xffffffde fr.pc=0x0000020aa89e0c5c relative=0x00000000000001dc
Event: 3.340 Thread 0x0000020afe4ae580 Uncommon trap: reason=class_check action=maybe_recompile pc=0x0000020aa89e0c5c method=java.lang.String.equals(Ljava/lang/Object;)Z @ 8 c2
Event: 3.340 Thread 0x0000020afe4ae580 DEOPT PACKING pc=0x0000020aa89e0c5c sp=0x0000007a04cfe330
Event: 3.340 Thread 0x0000020afe4ae580 DEOPT UNPACKING pc=0x0000020aa83a8582 sp=0x0000007a04cfe2c8 mode 2
Event: 3.340 Thread 0x0000020afe4ae580 Uncommon trap: trap_request=0xffffffde fr.pc=0x0000020aa89e0c5c relative=0x00000000000001dc
Event: 3.340 Thread 0x0000020afe4ae580 Uncommon trap: reason=class_check action=maybe_recompile pc=0x0000020aa89e0c5c method=java.lang.String.equals(Ljava/lang/Object;)Z @ 8 c2
Event: 3.340 Thread 0x0000020afe4ae580 DEOPT PACKING pc=0x0000020aa89e0c5c sp=0x0000007a04cfe330
Event: 3.340 Thread 0x0000020afe4ae580 DEOPT UNPACKING pc=0x0000020aa83a8582 sp=0x0000007a04cfe2c8 mode 2

Classes loaded (20 events):
Event: 2.445 Loading class javax/swing/text/AbstractDocument$DefaultDocumentEventUndoableWrapper
Event: 2.445 Loading class sun/swing/text/UndoableEditLockSupport
Event: 2.445 Loading class sun/swing/text/UndoableEditLockSupport done
Event: 2.445 Loading class javax/swing/text/AbstractDocument$DefaultDocumentEventUndoableWrapper done
Event: 2.445 Loading class javax/swing/event/UndoableEditListener
Event: 2.445 Loading class javax/swing/event/UndoableEditListener done
Event: 2.445 Loading class javax/swing/JToggleButton
Event: 2.445 Loading class javax/swing/JToggleButton done
Event: 7.611 Loading class javax/swing/text/GapContent$RemoveUndo
Event: 7.611 Loading class javax/swing/text/GapContent$RemoveUndo done
Event: 19.028 Loading class javax/swing/text/GapContent$UndoPosRef
Event: 19.028 Loading class javax/swing/text/GapContent$UndoPosRef done
Event: 21.900 Loading class sun/awt/SunToolkit$1
Event: 21.900 Loading class sun/awt/SunToolkit$1 done
Event: 8161.221 Loading class java/util/WeakHashMap$KeyIterator
Event: 8161.295 Loading class java/util/WeakHashMap$HashIterator
Event: 8161.371 Loading class java/util/WeakHashMap$HashIterator done
Event: 8161.371 Loading class java/util/WeakHashMap$KeyIterator done
Event: 8161.636 Loading class javax/swing/RepaintManager$DisplayChangedRunnable
Event: 8161.700 Loading class javax/swing/RepaintManager$DisplayChangedRunnable done

Classes unloaded (0 events):
No events

Classes redefined (0 events):
No events

Internal exceptions (20 events):
Event: 0.151 Thread 0x0000020a95f819b0 Exception <a 'java/lang/NoSuchMethodError'{0x0000000715459678}: 'java.lang.Object java.lang.invoke.DirectMethodHandle$Holder.invokeStatic(java.lang.Object, long)'> (0x0000000715459678) 
thrown [s\src\hotspot\share\interpreter\linkResolver.cpp, line 805]
Event: 0.152 Thread 0x0000020a95f819b0 Exception <a 'java/lang/NoSuchMethodError'{0x0000000715461698}: 'java.lang.Object java.lang.invoke.DirectMethodHandle$Holder.invokeStaticInit(java.lang.Object, long)'> (0x0000000715461698) 
thrown [s\src\hotspot\share\interpreter\linkResolver.cpp, line 805]
Event: 0.173 Thread 0x0000020a95f819b0 Exception <a 'java/lang/NoSuchMethodError'{0x0000000715491ae0}: 'void java.lang.invoke.DirectMethodHandle$Holder.invokeSpecial(java.lang.Object, java.lang.Object, java.lang.Object)'> (0x0000000715491ae0) 
thrown [s\src\hotspot\share\interpreter\linkResolver.cpp, line 805]
Event: 0.185 Thread 0x0000020a95f819b0 Exception <a 'java/lang/NoSuchMethodError'{0x00000007155f7e80}: 'java.lang.Object java.lang.invoke.DirectMethodHandle$Holder.newInvokeSpecial(java.lang.Object, java.lang.Object, java.lang.Object, java.lang.Object, java.lang.Object)'> (0x00000007155f7e80) 
thrown [s\src\hotspot\share\interpreter\linkResolver.cpp, line 805]
Event: 0.192 Thread 0x0000020a95f819b0 Exception <a 'java/lang/NoSuchMethodError'{0x0000000715260260}: 'java.lang.Object java.lang.invoke.DirectMethodHandle$Holder.invokeStatic(java.lang.Object, int, java.lang.Object)'> (0x0000000715260260) 
thrown [s\src\hotspot\share\interpreter\linkResolver.cpp, line 805]
Event: 0.223 Thread 0x0000020a95f819b0 Exception <a 'java/lang/ClassNotFoundException'{0x000000071508eb88}: com/sun/swing/internal/plaf/metal/resources/spi/metalProvider> (0x000000071508eb88) 
thrown [s\src\hotspot\share\classfile\systemDictionary.cpp, line 327]
Event: 0.224 Thread 0x0000020a95f819b0 Exception <a 'java/lang/ClassNotFoundException'{0x0000000715092598}: com/sun/swing/internal/plaf/basic/resources/spi/basicProvider> (0x0000000715092598) 
thrown [s\src\hotspot\share\classfile\systemDictionary.cpp, line 327]
Event: 0.233 Thread 0x0000020a95f819b0 Exception <a 'java/lang/NoSuchMethodError'{0x00000007150c0050}: 'int java.lang.invoke.Invokers$Holder.invokeExact_MT(java.lang.Object, java.lang.Object)'> (0x00000007150c0050) 
thrown [s\src\hotspot\share\interpreter\linkResolver.cpp, line 805]
Event: 0.262 Thread 0x0000020ab88cde60 Exception <a 'java/lang/NoSuchMethodError'{0x000000071550a220}: 'void java.lang.invoke.DirectMethodHandle$Holder.invokeVirtual(java.lang.Object, java.lang.Object)'> (0x000000071550a220) 
thrown [s\src\hotspot\share\interpreter\linkResolver.cpp, line 805]
Event: 0.275 Thread 0x0000020a95f819b0 Exception <a 'java/lang/NoSuchMethodError'{0x00000007151212f8}: 'void java.lang.invoke.DirectMethodHandle$Holder.invokeStaticInit(java.lang.Object)'> (0x00000007151212f8) 
thrown [s\src\hotspot\share\interpreter\linkResolver.cpp, line 805]
Event: 0.286 Thread 0x0000020a95f819b0 Exception <a 'java/lang/NoSuchMethodError'{0x0000000715156000}: 'long java.lang.invoke.DirectMethodHandle$Holder.invokeStaticInit(java.lang.Object, long, long, long, long)'> (0x0000000715156000) 
thrown [s\src\hotspot\share\interpreter\linkResolver.cpp, line 805]
Event: 0.287 Thread 0x0000020a95f819b0 Exception <a 'java/lang/NoSuchMethodError'{0x000000071515ea08}: 'java.lang.Object java.lang.invoke.DirectMethodHandle$Holder.invokeInterface(java.lang.Object, java.lang.Object, long, long)'> (0x000000071515ea08) 
thrown [s\src\hotspot\share\interpreter\linkResolver.cpp, line 805]
Event: 0.288 Thread 0x0000020a95f819b0 Exception <a 'java/lang/NoSuchMethodError'{0x00000007151771c8}: 'void java.lang.invoke.DirectMethodHandle$Holder.invokeStaticInit(java.lang.Object, java.lang.Object, long, java.lang.Object)'> (0x00000007151771c8) 
thrown [s\src\hotspot\share\interpreter\linkResolver.cpp, line 805]
Event: 0.289 Thread 0x0000020a95f819b0 Exception <a 'java/lang/NoSuchMethodError'{0x000000071517fdb0}: 'long java.lang.invoke.DirectMethodHandle$Holder.invokeStatic(java.lang.Object, long, long)'> (0x000000071517fdb0) 
thrown [s\src\hotspot\share\interpreter\linkResolver.cpp, line 805]
Event: 0.291 Thread 0x0000020a95f819b0 Exception <a 'java/lang/NoSuchMethodError'{0x00000007151a8ca8}: 'java.lang.Object java.lang.invoke.DirectMethodHandle$Holder.newInvokeSpecial(java.lang.Object, int, java.lang.Object)'> (0x00000007151a8ca8) 
thrown [s\src\hotspot\share\interpreter\linkResolver.cpp, line 805]
Event: 0.380 Thread 0x0000020afe4ae580 Exception <a 'java/io/FileNotFoundException'{0x0000000714c35378}> (0x0000000714c35378) 
thrown [s\src\hotspot\share\prims\jni.cpp, line 518]
Event: 0.388 Thread 0x0000020afe4ae580 Exception <a 'java/io/FileNotFoundException'{0x0000000714c54580}> (0x0000000714c54580) 
thrown [s\src\hotspot\share\prims\jni.cpp, line 518]
Event: 0.562 Thread 0x0000020afe4ae580 Exception <a 'java/lang/NoSuchMethodError'{0x00000007144a0a18}: 'void java.lang.invoke.DelegatingMethodHandle$Holder.reinvoke_L(java.lang.Object, java.lang.Object, java.lang.Object, java.lang.Object, long, long, float)'> (0x00000007144a0a18) 
thrown [s\src\hotspot\share\interpreter\linkResolver.cpp, line 805]
Event: 0.563 Thread 0x0000020afe4ae580 Exception <a 'java/lang/NoSuchMethodError'{0x00000007144c1068}: 'java.lang.Object java.lang.invoke.DirectMethodHandle$Holder.invokeStatic(java.lang.Object, java.lang.Object, java.lang.Object, java.lang.Object, java.lang.Object, long)'> (0x00000007144c1068) 
thrown [s\src\hotspot\share\interpreter\linkResolver.cpp, line 805]
Event: 0.569 Thread 0x0000020afe4ae580 Exception <a 'java/lang/NoSuchMethodError'{0x0000000714506340}: 'float java.lang.invoke.DelegatingMethodHandle$Holder.reinvoke_L(java.lang.Object, java.lang.Object, java.lang.Object, java.lang.Object, long, long)'> (0x0000000714506340) 
thrown [s\src\hotspot\share\interpreter\linkResolver.cpp, line 805]

VM Operations (20 events):
Event: 0.557 Executing VM operation: HandshakeAllThreads (Deoptimize)
Event: 0.557 Executing VM operation: HandshakeAllThreads (Deoptimize) done
Event: 0.558 Executing VM operation: HandshakeAllThreads (Deoptimize)
Event: 0.558 Executing VM operation: HandshakeAllThreads (Deoptimize) done
Event: 60.154 Executing VM operation: HandshakeAllThreads (HandshakeForDeflation)
Event: 60.154 Executing VM operation: HandshakeAllThreads (HandshakeForDeflation) done
Event: 60.154 Executing VM operation: RendezvousGCThreads
Event: 60.154 Executing VM operation: RendezvousGCThreads done
Event: 8948.970 Executing VM operation: HandshakeAllThreads (HandshakeForDeflation)
Event: 8948.970 Executing VM operation: HandshakeAllThreads (HandshakeForDeflation) done
Event: 8948.970 Executing VM operation: RendezvousGCThreads
Event: 8948.970 Executing VM operation: RendezvousGCThreads done
Event: 12128.246 Executing VM operation: HandshakeAllThreads (HandshakeForDeflation)
Event: 12128.246 Executing VM operation: HandshakeAllThreads (HandshakeForDeflation) done
Event: 12128.246 Executing VM operation: RendezvousGCThreads
Event: 12128.246 Executing VM operation: RendezvousGCThreads done
Event: 18209.639 Executing VM operation: HandshakeAllThreads (HandshakeForDeflation)
Event: 18209.715 Executing VM operation: HandshakeAllThreads (HandshakeForDeflation) done
Event: 18209.715 Executing VM operation: RendezvousGCThreads
Event: 18209.715 Executing VM operation: RendezvousGCThreads done

Memory protections (0 events):
No events

Nmethod flushes (0 events):
No events

Events (20 events):
Event: 0.031 Thread 0x0000020a95f819b0 Thread added: 0x0000020ab791c3f0
Event: 0.031 Thread 0x0000020a95f819b0 Thread added: 0x0000020ab791d250
Event: 0.031 Thread 0x0000020a95f819b0 Thread added: 0x0000020ab84f0090
Event: 0.035 Thread 0x0000020ab84f0090 Thread added: 0x0000020ab85935e0
Event: 0.052 Thread 0x0000020a95f819b0 Thread added: 0x0000020ab85ea490
Event: 0.061 Thread 0x0000020ab85935e0 Thread added: 0x0000020ab8594c90
Event: 0.061 Thread 0x0000020ab85935e0 Thread added: 0x0000020ab8594500
Event: 0.065 Thread 0x0000020ab8594500 Thread added: 0x0000020ab8593d70
Event: 0.069 Thread 0x0000020a95f819b0 Thread added: 0x0000020ab8709dd0
Event: 0.132 Thread 0x0000020a95f819b0 Thread added: 0x0000020afe0c73c0
Event: 0.133 Thread 0x0000020a95f819b0 Thread added: 0x0000020afe0c7b00
Event: 0.133 Thread 0x0000020a95f819b0 Thread added: 0x0000020ab88cde60
Event: 0.262 Thread 0x0000020ab88cde60 Thread added: 0x0000020afe4ae580
Event: 0.356 Thread 0x0000020a95f819b0 Thread exited: 0x0000020a95f819b0
Event: 0.356 Thread 0x0000020a95f819b0 Thread added: 0x0000020a95f819b0
Event: 0.606 Thread 0x0000020afe4ae580 Thread added: 0x0000020afe63b030
Event: 0.704 Thread 0x0000020ab8593d70 Thread exited: 0x0000020ab8593d70
Event: 3.967 Thread 0x0000020ab8594500 Thread exited: 0x0000020ab8594500
Event: 5.184 Thread 0x0000020ab8594c90 Thread exited: 0x0000020ab8594c90
Event: 6.718 Thread 0x0000020ab85935e0 Thread exited: 0x0000020ab85935e0


Dynamic libraries:
0x00007ff635500000 - 0x00007ff63550e000 	C:\Program Files\Apache NetBeans\jdk\bin\java.exe
0x00007ff9d5f00000 - 0x00007ff9d6169000 	C:\WINDOWS\SYSTEM32\ntdll.dll
0x00007ff9d5090000 - 0x00007ff9d5159000 	C:\WINDOWS\System32\KERNEL32.DLL
0x00007ff9d3370000 - 0x00007ff9d3763000 	C:\WINDOWS\System32\KERNELBASE.dll
0x00007ff9d3ad0000 - 0x00007ff9d3c1b000 	C:\WINDOWS\System32\ucrtbase.dll
0x00007ff9a0910000 - 0x00007ff9a0926000 	C:\Program Files\Apache NetBeans\jdk\bin\jli.dll
0x00007ff9aca80000 - 0x00007ff9aca9e000 	C:\Program Files\Apache NetBeans\jdk\bin\VCRUNTIME140.dll
0x00007ff9d4690000 - 0x00007ff9d4854000 	C:\WINDOWS\System32\USER32.dll
0x00007ff9d32b0000 - 0x00007ff9d32d7000 	C:\WINDOWS\System32\win32u.dll
0x00007ff9b99e0000 - 0x00007ff9b9c73000 	C:\WINDOWS\WinSxS\amd64_microsoft.windows.common-controls_6595b64144ccf1df_6.0.26100.5074_none_3e0d6f78e32fd63f\COMCTL32.dll
0x00007ff9d55f0000 - 0x00007ff9d561b000 	C:\WINDOWS\System32\GDI32.dll
0x00007ff9d5e10000 - 0x00007ff9d5eb9000 	C:\WINDOWS\System32\msvcrt.dll
0x00007ff9d3770000 - 0x00007ff9d389d000 	C:\WINDOWS\System32\gdi32full.dll
0x00007ff9d3c20000 - 0x00007ff9d3cc3000 	C:\WINDOWS\System32\msvcp_win.dll
0x00007ff9d4600000 - 0x00007ff9d462f000 	C:\WINDOWS\System32\IMM32.DLL
0x00007ff9ac280000 - 0x00007ff9ac28c000 	C:\Program Files\Apache NetBeans\jdk\bin\vcruntime140_1.dll
0x00007ff995080000 - 0x00007ff99510d000 	C:\Program Files\Apache NetBeans\jdk\bin\msvcp140.dll
0x00007ff8dde30000 - 0x00007ff8decac000 	C:\Program Files\Apache NetBeans\jdk\bin\server\jvm.dll
0x00007ff9d4860000 - 0x00007ff9d4914000 	C:\WINDOWS\System32\ADVAPI32.dll
0x00007ff9d5b00000 - 0x00007ff9d5ba6000 	C:\WINDOWS\System32\sechost.dll
0x00007ff9d5840000 - 0x00007ff9d5958000 	C:\WINDOWS\System32\RPCRT4.dll
0x00007ff9d5620000 - 0x00007ff9d5694000 	C:\WINDOWS\System32\WS2_32.dll
0x00007ff9d1ca0000 - 0x00007ff9d1cfe000 	C:\WINDOWS\SYSTEM32\POWRPROF.dll
0x00007ff9cba50000 - 0x00007ff9cba5b000 	C:\WINDOWS\SYSTEM32\VERSION.dll
0x00007ff9c8120000 - 0x00007ff9c8155000 	C:\WINDOWS\SYSTEM32\WINMM.dll
0x00007ff9d1c80000 - 0x00007ff9d1c94000 	C:\WINDOWS\SYSTEM32\UMPDC.dll
0x00007ff9d1f90000 - 0x00007ff9d1fab000 	C:\WINDOWS\SYSTEM32\kernel.appcore.dll
0x00007ff9ac270000 - 0x00007ff9ac27a000 	C:\Program Files\Apache NetBeans\jdk\bin\jimage.dll
0x00007ff9d08c0000 - 0x00007ff9d0b02000 	C:\WINDOWS\SYSTEM32\DBGHELP.DLL
0x00007ff9d4920000 - 0x00007ff9d4c9b000 	C:\WINDOWS\System32\combase.dll
0x00007ff9d4f10000 - 0x00007ff9d4fe7000 	C:\WINDOWS\System32\OLEAUT32.dll
0x00007ff9a1490000 - 0x00007ff9a14cd000 	C:\WINDOWS\SYSTEM32\dbgcore.DLL
0x00007ff9d3090000 - 0x00007ff9d3129000 	C:\WINDOWS\System32\bcryptPrimitives.dll
0x00007ff9a1d60000 - 0x00007ff9a1d7e000 	C:\Program Files\Apache NetBeans\jdk\bin\java.dll
0x00007ff9d56a0000 - 0x00007ff9d5838000 	C:\WINDOWS\System32\ole32.dll
0x00007ff9d3e30000 - 0x00007ff9d457d000 	C:\WINDOWS\System32\SHELL32.dll
0x00007ff9d38a0000 - 0x00007ff9d3a0c000 	C:\WINDOWS\System32\wintypes.dll
0x00007ff9d0cd0000 - 0x00007ff9d1529000 	C:\WINDOWS\SYSTEM32\windows.storage.dll
0x00007ff9d5960000 - 0x00007ff9d5a50000 	C:\WINDOWS\System32\SHCORE.dll
0x00007ff9d5bb0000 - 0x00007ff9d5c12000 	C:\WINDOWS\System32\shlwapi.dll
0x00007ff9d2fb0000 - 0x00007ff9d2fd9000 	C:\WINDOWS\SYSTEM32\profapi.dll
0x00007ff9433d0000 - 0x00007ff9434a7000 	C:\Program Files\Apache NetBeans\jdk\bin\jsvml.dll
0x00007ff9a1d50000 - 0x00007ff9a1d60000 	C:\Program Files\Apache NetBeans\jdk\bin\net.dll
0x00007ff9d2510000 - 0x00007ff9d257b000 	C:\WINDOWS\system32\mswsock.dll
0x00007ff99d250000 - 0x00007ff99d266000 	C:\Program Files\Apache NetBeans\jdk\bin\nio.dll
0x00007ff92b200000 - 0x00007ff92b37e000 	C:\Program Files\Apache NetBeans\jdk\bin\awt.dll
0x00007ff9cf950000 - 0x00007ff9cf9ee000 	C:\WINDOWS\SYSTEM32\apphelp.dll
0x00007ff9cfb20000 - 0x00007ff9cfb4b000 	C:\WINDOWS\system32\DWMAPI.DLL
0x00007ff9cfa70000 - 0x00007ff9cfb18000 	C:\WINDOWS\system32\uxtheme.dll
0x00007ff92add0000 - 0x00007ff92aedc000 	C:\WINDOWS\system32\opengl32.dll
0x00007ff92ad80000 - 0x00007ff92adad000 	C:\WINDOWS\SYSTEM32\GLU32.dll
0x00007ff9d0130000 - 0x00007ff9d0174000 	C:\WINDOWS\SYSTEM32\dxcore.dll
0x00007ff9d3cd0000 - 0x00007ff9d3e28000 	C:\WINDOWS\System32\MSCTF.dll
0x00007ff988140000 - 0x00007ff9881c7000 	C:\Program Files\Apache NetBeans\jdk\bin\freetype.dll
0x00007ff938a40000 - 0x00007ff938b29000 	C:\Program Files\Apache NetBeans\jdk\bin\fontmanager.dll
0x00007ff9d5c20000 - 0x00007ff9d5cd1000 	C:\WINDOWS\System32\clbcatq.dll
0x00007ff9cde30000 - 0x00007ff9ce05f000 	C:\WINDOWS\SYSTEM32\WindowsCodecs.dll
0x00007ff99eca0000 - 0x00007ff99ecfa000 	C:\WINDOWS\system32\dataexchange.dll
0x00007ff9c30f0000 - 0x00007ff9c3329000 	C:\WINDOWS\system32\twinapi.appcore.dll
0x00007ff9ca660000 - 0x00007ff9ca7a9000 	C:\WINDOWS\SYSTEM32\textinputframework.dll
0x00007ff9cf690000 - 0x00007ff9cf7b5000 	C:\WINDOWS\SYSTEM32\CoreMessaging.dll
0x00007ff9cb4d0000 - 0x00007ff9cb7b3000 	C:\WINDOWS\SYSTEM32\CoreUIComponents.dll
0x00007ff9d27d0000 - 0x00007ff9d27dc000 	C:\WINDOWS\SYSTEM32\CRYPTBASE.DLL

JVMTI agents: none

dbghelp: loaded successfully - version: 4.0.5 - missing functions: none
symbol engine: initialized successfully - sym options: 0x614 - pdb path: .;C:\Program Files\Apache NetBeans\jdk\bin;C:\WINDOWS\SYSTEM32;C:\WINDOWS\WinSxS\amd64_microsoft.windows.common-controls_6595b64144ccf1df_6.0.26100.5074_none_3e0d6f78e32fd63f;C:\Program Files\Apache NetBeans\jdk\bin\server

VM Arguments:
jvm_args: -Dfile.encoding=UTF-8 --module-path=C:\Users\Istiak\Documents\NetBeansProjects\Bank Management System\build\classes 
java_command: bank.management.system.SignupOne
java_class_path (initial): C:\Users\Istiak\Documents\NetBeansProjects\Bank Management System\build\classes
Launcher Type: SUN_STANDARD

[Global flags]
     intx CICompilerCount                          = 12                                        {product} {ergonomic}
     uint ConcGCThreads                            = 3                                         {product} {ergonomic}
     uint G1ConcRefinementThreads                  = 13                                        {product} {ergonomic}
   size_t G1HeapRegionSize                         = 2097152                                   {product} {ergonomic}
   size_t InitialHeapSize                          = 264241152                                 {product} {ergonomic}
   size_t MarkStackSize                            = 4194304                                   {product} {ergonomic}
   size_t MarkStackSizeMax                         = 536870912                                 {product} {ergonomic}
   size_t MaxHeapSize                              = 4196401152                                {product} {ergonomic}
   size_t MaxNewSize                               = 2516582400                                {product} {ergonomic}
   size_t MinHeapDeltaBytes                        = 2097152                                   {product} {ergonomic}
   size_t MinHeapSize                              = 8388608                                   {product} {ergonomic}
    uintx NonNMethodCodeHeapSize                   = 7602176                                {pd product} {ergonomic}
    uintx NonProfiledCodeHeapSize                  = 122093568                              {pd product} {ergonomic}
     bool PerfDisableSharedMem                     = true                                      {product} {ergonomic}
    uintx ProfiledCodeHeapSize                     = 121962496                              {pd product} {ergonomic}
    uintx ReservedCodeCacheSize                    = 251658240                              {pd product} {ergonomic}
     bool SegmentedCodeCache                       = true                                      {product} {ergonomic}
   size_t SoftMaxHeapSize                          = 4196401152                             {manageable} {ergonomic}
     bool UseCompressedOops                        = true                           {product lp64_product} {ergonomic}
     bool UseG1GC                                  = true                                      {product} {ergonomic}
     bool UseLargePagesIndividualAllocation        = false                                  {pd product} {ergonomic}

Logging:
Log output configuration:
 #0: stdout all=warning uptime,level,tags foldmultilines=false
 #1: stderr all=off uptime,level,tags foldmultilines=false

Environment Variables:
JAVA_HOME=C:\Program Files\Eclipse Adoptium\jdk-17.0.15.6-hotspot\
PATH=C:\Program Files\Eclipse Adoptium\jdk-17.0.15.6-hotspot\bin;C:\Program Files (x86)\Common Files\Oracle\Java\java8path;C:\Program Files (x86)\Common Files\Oracle\Java\javapath;C:\Program Files (x86)\Common Files\Intel\Shared Libraries\redist\intel64\compiler;C:\Windows\system32;C:\Windows;C:\Windows\System32\Wbem;C:\Windows\System32\WindowsPowerShell\v1.0\;C:\Windows\System32\OpenSSH\;C:\Program Files (x86)\NVIDIA Corporation\PhysX\Common;C:\Program Files\steghide;C:\WINDOWS\system32;C:\WINDOWS;C:\WINDOWS\System32\Wbem;C:\WINDOWS\System32\WindowsPowerShell\v1.0\;C:\WINDOWS\System32\OpenSSH\;C:\Program Files\NVIDIA Corporation\NVIDIA app\NvDLISR;C:\Program Files\Git\cmd;C:\Program Files\dotnet\;C:\Users\Istiak\AppData\Local\Programs\Python\Python39\Scripts\;C:\Users\Istiak\AppData\Local\Programs\Python\Python39\;C:\Users\Istiak\AppData\Local\Microsoft\WindowsApps;C:\Users\Istiak\AppData\Local\Programs\Microsoft VS Code\bin;C:\msys64\ucrt64\bin;C:\Users\Istiak\AppData\Local\Programs\Microsoft VS Code\bin;C:\Users\Istiak\AppData\Local\GitHubDesktop\bin
USERNAME=Istiak
OS=Windows_NT
PROCESSOR_IDENTIFIER=Intel64 Family 6 Model 154 Stepping 3, GenuineIntel
TMP=C:\Users\Istiak\AppData\Local\Temp
TEMP=C:\Users\Istiak\AppData\Local\Temp




Periodic native trim disabled

---------------  S Y S T E M  ---------------

OS:
 Windows 11 , 64 bit Build 26100 (10.0.26100.5074)
OS uptime: 2 days 15:46 hours
Hyper-V role detected

CPU: total 16 (initial active 16) (8 cores per cpu, 2 threads per core) family 6 model 154 stepping 3 microcode 0x434, cx8, cmov, fxsr, ht, mmx, 3dnowpref, sse, sse2, sse3, ssse3, sse4.1, sse4.2, popcnt, lzcnt, tsc, tscinvbit, avx, avx2, aes, erms, clmul, bmi1, bmi2, adx, sha, fma, vzeroupper, clflush, clflushopt, clwb, hv, serialize, rdtscp, rdpid, fsrm, gfni, f16c, cet_ibt, cet_ss
Processor Information for the first 16 processors :
  Max Mhz: 2500, Current Mhz: 2500, Mhz Limit: 2500

Memory: 4k page, system-wide physical 16004M (4572M free)
TotalPageFile size 37239M (AvailPageFile size 7679M)
current process WorkingSet (physical memory assigned to process): 16M, peak: 94M
current process commit charge ("private bytes"): 369M, peak: 374M

vm_info: OpenJDK 64-Bit Server VM (24.0.2+12) for windows-amd64 JRE (24.0.2+12) (Zulu24.32+13-CA), built on 2025-07-11T12:45:44Z with MS VC++ 17.1 (VS2022)

END.
