#
# A fatal error has been detected by the Java Runtime Environment:
#
#  EXCEPTION_ACCESS_VIOLATION (0xc0000005) at pc=0x00007ff92b2db006, pid=18608, tid=20444
#
# JRE version: OpenJDK Runtime Environment Zulu24.32+13-CA (24.0.2+12) (build 24.0.2+12)
# Java VM: OpenJDK 64-Bit Server VM Zulu24.32+13-CA (24.0.2+12, mixed mode, sharing, tiered, compressed oops, compressed class ptrs, g1 gc, windows-amd64)
# Problematic frame:
# C  [awt.dll+0xdb006]
#
# No core dump will be written. Minidumps are not enabled by default on client versions of Windows
#
# If you would like to submit a bug report, please visit:
#   http://www.azul.com/support/
# The crash happened outside the Java Virtual Machine in native code.
# See problematic frame for where to report the bug.
#

---------------  S U M M A R Y ------------

Command Line: -Dfile.encoding=UTF-8 --module-path=C:\Users\Istiak\Documents\NetBeansProjects\Bank Management System\build\classes bank.management.system.SignupOne

Host: 12th Gen Intel(R) Core(TM) i5-12500H, 16 cores, 15G,  Windows 11 , 64 bit Build 26100 (10.0.26100.5074)
Time: Sat Sep 13 06:20:53 2025 Bangladesh Standard Time elapsed time: 27930.131466 seconds (0d 7h 45m 30s)

---------------  T H R E A D  ---------------

Current thread (0x0000019c5c6d9d70):  JavaThread "AWT-EventQueue-0"        [_thread_in_native, id=20444, stack(0x0000006ab7c00000,0x0000006ab7d00000) (1024K)]

Stack: [0x0000006ab7c00000,0x0000006ab7d00000],  sp=0x0000006ab7cfeb90,  free space=1018k
Native frames: (J=compiled Java code, j=interpreted, Vv=VM code, C=native code)
C  [awt.dll+0xdb006]  (no source info available)
C  [awt.dll+0xdc842]  (no source info available)
C  0x0000019c0745ce20  (no source info available)

The last pc belongs to native method entry point (kind = native) (printed below).
Java frames: (J=compiled Java code, j=interpreted, Vv=VM code)
j  sun.awt.Win32GraphicsDevice.initNativeScale(I)V+0 java.desktop@24.0.2
j  sun.awt.Win32GraphicsDevice.initScaleFactors()V+60 java.desktop@24.0.2
j  sun.awt.Win32GraphicsDevice.displayChanged()V+16 java.desktop@24.0.2
j  sun.awt.Win32GraphicsEnvironment.displayChanged()V+271 java.desktop@24.0.2
j  sun.awt.windows.WToolkit.lambda$displayChanged$0()V+15 java.desktop@24.0.2
j  sun.awt.windows.WToolkit$$Lambda+0x0000019c1810e720.run()V+0 java.desktop@24.0.2
J 1794 c1 java.awt.event.InvocationEvent.dispatch()V java.desktop@24.0.2 (69 bytes) @ 0x0000019c002a6f1c [0x0000019c002a6d00+0x000000000000021c]
J 1401 c1 java.awt.EventQueue.dispatchEventImpl(Ljava/awt/AWTEvent;Ljava/lang/Object;)V java.desktop@24.0.2 (139 bytes) @ 0x0000019c002045e4 [0x0000019c00202d20+0x00000000000018c4]
J 1400 c1 java.awt.EventQueue.dispatchEvent(Ljava/awt/AWTEvent;)V java.desktop@24.0.2 (48 bytes) @ 0x0000019c001fe3b4 [0x0000019c001fe160+0x0000000000000254]
J 1395 c1 java.awt.EventDispatchThread.pumpOneEventForFilters(I)V java.desktop@24.0.2 (106 bytes) @ 0x0000019c002004d4 [0x0000019c001ffcc0+0x0000000000000814]
j  java.awt.EventDispatchThread.pumpEventsForFilter(ILjava/awt/Conditional;Ljava/awt/EventFilter;)V+35 java.desktop@24.0.2
j  java.awt.EventDispatchThread.pumpEventsForHierarchy(ILjava/awt/Conditional;Ljava/awt/Component;)V+11 java.desktop@24.0.2
j  java.awt.EventDispatchThread.pumpEvents(ILjava/awt/Conditional;)V+4 java.desktop@24.0.2
j  java.awt.EventDispatchThread.pumpEvents(Ljava/awt/Conditional;)V+3 java.desktop@24.0.2
j  java.awt.EventDispatchThread.run()V+9 java.desktop@24.0.2
v  ~StubRoutines::call_stub 0x0000019c07450fcd

siginfo: EXCEPTION_ACCESS_VIOLATION (0xc0000005), reading address 0x0000000000010051


Registers:
RAX=0x0000000000010001, RBX=0x0000019c5c776830, RCX=0x0000000000010001, RDX=0x0000000000000000
RSP=0x0000006ab7cfeb90, RBP=0x0000006ab7cfec70, RSI=0x0000000000000000, RDI=0x0000000000000000
R8 =0x0000000000000001, R9 =0x0000006ab5deb000, R10=0x0000019c0745cec0, R11=0x0000000000000100
R12=0x0000000000000000, R13=0x0000019c58235bc0, R14=0x0000006ab7cfec98, R15=0x0000019c5c6d9d70
RIP=0x00007ff92b2db006, EFLAGS=0x0000000000010206

XMM[0]=0x0000000000000000 0x0000000000000000
XMM[1]=0x0000000000000000 0x00000000bf800000
XMM[2]=0x0000000000000000 0x0000000000000000
XMM[3]=0x0000000000000000 0x0000000000000000
XMM[4]=0x0000000000000000 0x0000000000000000
XMM[5]=0x0000000000000000 0x0000000000000000
XMM[6]=0x0000000000000000 0x00000000e27cc03e
XMM[7]=0x0000000000000000 0x000000000000000b
XMM[8]=0x0000000000000000 0x9cc768205c52007f
XMM[9]=0x0000000000000000 0xecb1a5c806856c91
XMM[10]=0x0000000000000000 0x0000000019d3c6c9
XMM[11]=0x0000000000000000 0x7214675f7899d3f0
XMM[12]=0x0000000000000000 0x0000000006856c91
XMM[13]=0x0000000000000000 0x0000000000000000
XMM[14]=0x0000000000000000 0x0000000000000000
XMM[15]=0x0000000000000000 0x0000000000000000
  MXCSR=0x00001fa2


Register to memory mapping:

RAX=0x0000000000010001 is an unknown value
RBX=0x0000019c5c776830 points into unknown readable memory: 0x0000019c5c94ec70 | 70 ec 94 5c 9c 01 00 00
RCX=0x0000000000010001 is an unknown value
RDX=0x0 is null
RSP=0x0000006ab7cfeb90 is pointing into the stack for thread: 0x0000019c5c6d9d70
RBP=0x0000006ab7cfec70 is pointing into the stack for thread: 0x0000019c5c6d9d70
RSI=0x0 is null
RDI=0x0 is null
R8 =0x0000000000000001 is an unknown value
R9 =0x0000006ab5deb000 points into unknown readable memory: 0x0000000000000000 | 00 00 00 00 00 00 00 00
R10=0x0000019c0745cec0 is at code_begin+1152 in an Interpreter codelet
native method entry point (kind = native)  [0x0000019c0745ca40, 0x0000019c0745d478]  2616 bytes
R11=0x0000000000000100 is an unknown value
R12=0x0 is null
R13={method} {0x0000019c58235bc8} 'initNativeScale' '(I)V' in 'sun/awt/Win32GraphicsDevice'
R14=0x0000006ab7cfec98 is pointing into the stack for thread: 0x0000019c5c6d9d70
R15=0x0000019c5c6d9d70 is a thread

Top of Stack: (sp=0x0000006ab7cfeb90)
0x0000006ab7cfeb90:   0000019c5c776830 0000019c5c6d9d70   0hw\....p.m\....
0x0000006ab7cfeba0:   0000019c17166538 0000019c5c776830   8e......0hw\....
0x0000006ab7cfebb0:   0000019c5c776830 00007ff92b2dc842   0hw\....B.-+....
0x0000006ab7cfebc0:   00007ff92b337838 0000019c58235bc0   8x3+.....[#X....
0x0000006ab7cfebd0:   0000000000000010 000000000000000a   ................
0x0000006ab7cfebe0:   0000019c0745899a 0000019c0745ce20   ..E..... .E.....
0x0000006ab7cfebf0:   0000019c58235bc0 0000019c5c6d9d70   .[#X....p.m\....
0x0000006ab7cfec00:   0000019c5c6d9d70 0000000000000000   p.m\............
0x0000006ab7cfec10:   0000006ab7cfec70 0000000000000001   p...j...........
0x0000006ab7cfec20:   0000000713edc998 fffffffffffffff7   ................
0x0000006ab7cfec30:   0000000000000000 0000000000000005   ................
0x0000006ab7cfec40:   0000019c58239168 0000000000000000   h.#X............
0x0000006ab7cfec50:   000000071542ae18 0000019c58235bc0   ..B......[#X....
0x0000006ab7cfec60:   0000000000000000 0000006ab7cfec90   ............j...
0x0000006ab7cfec70:   0000006ab7cfece8 0000019c07458800   ....j.....E.....
0x0000006ab7cfec80:   0000000000000000 0000019c0745a437   ........7.E.....
0x0000006ab7cfec90:   0000000000000000 0000000713edbea8   ................
0x0000006ab7cfeca0:   fffffffffffffff7 0000019c58236224   ........$b#X....
0x0000006ab7cfecb0:   0000000000000002 0000019c58239168   ........h.#X....
0x0000006ab7cfecc0:   0000000000000000 000000071542ae18   ..........B.....
0x0000006ab7cfecd0:   0000019c58236270 fffffffffffffff5   pb#X............
0x0000006ab7cfece0:   0000006ab7cfecf8 0000006ab7cfed48   ....j...H...j...
0x0000006ab7cfecf0:   0000019c07458800 0000000713edbea8   ..E.............
0x0000006ab7cfed00:   fffffffffffffff7 0000019c582379e0   .........y#X....
0x0000006ab7cfed10:   0000000000000003 0000019c58239168   ........h.#X....
0x0000006ab7cfed20:   0000000000000000 000000071542ae18   ..........B.....
0x0000006ab7cfed30:   0000019c58237a28 fffffffffffffff6   (z#X............
0x0000006ab7cfed40:   0000006ab7cfed60 0000006ab7cfedb0   `...j.......j...
0x0000006ab7cfed50:   0000019c07458800 0000000000000000   ..E.............
0x0000006ab7cfed60:   0000000713edbea8 fffffffffffffff7   ................
0x0000006ab7cfed70:   0000019c5818f487 0000000000000008   ...X............
0x0000006ab7cfed80:   0000019c58193ba0 0000000000000000   .;.X............

Instructions: (pc=0x00007ff92b2db006)
  0x00007ff92b2daf06:   11 45 d4 0f 11 45 e4 0f 11 45 f4 89 45 04 c7 45
  0x00007ff92b2daf16:   a0 68 00 00 00 0f 11 44 24 34 0f 11 44 24 44 0f
  0x00007ff92b2daf26:   11 44 24 54 0f 11 44 24 64 0f 11 44 24 74 0f 11
  0x00007ff92b2daf36:   45 84 89 45 94 c7 44 24 30 68 00 00 00 48 8d 55
  0x00007ff92b2daf46:   a0 49 8b ce ff 15 c8 59 06 00 85 c0 74 41 48 8d
  0x00007ff92b2daf56:   54 24 30 48 8b ce ff 15 b6 59 06 00 85 c0 74 2f
  0x00007ff92b2daf66:   48 8d 54 24 34 48 8d 4d a4 ff 15 eb 58 06 00 85
  0x00007ff92b2daf76:   c0 74 1c 48 8d 54 24 44 48 8d 4d b4 ff 15 d8 58
  0x00007ff92b2daf86:   06 00 85 c0 74 09 8b 44 24 54 39 45 c4 74 11 ff
  0x00007ff92b2daf96:   c7 3b 7b 0c 0f 8c 40 ff ff ff 8b 3d 7a 93 06 00
  0x00007ff92b2dafa6:   48 8b cb e8 e2 d1 f4 ff 90 8b c7 48 8b 4d 10 48
  0x00007ff92b2dafb6:   33 cc e8 b3 ee 00 00 4c 8d 9c 24 20 01 00 00 49
  0x00007ff92b2dafc6:   8b 5b 28 49 8b 73 30 49 8b e3 41 5e 5f 5d c3 cc
  0x00007ff92b2dafd6:   cc cc cc cc cc cc cc cc cc cc 48 8b 41 08 48 8b
  0x00007ff92b2dafe6:   80 18 0c 00 00 c3 cc cc cc cc 48 8b 41 08 48 05
  0x00007ff92b2daff6:   00 04 00 00 c3 cc cc cc cc cc 40 53 48 83 ec 20
=>0x00007ff92b2db006:   83 79 50 00 48 8b d9 75 56 48 8b 49 28 4c 8d 44
  0x00007ff92b2db016:   24 38 48 8d 54 24 30 c7 44 24 30 00 00 80 bf c7
  0x00007ff92b2db026:   44 24 38 00 00 80 bf e8 4e ce 00 00 f3 0f 10 54
  0x00007ff92b2db036:   24 30 0f 57 c0 0f 2f d0 76 25 f3 0f 10 4c 24 38
  0x00007ff92b2db046:   0f 2f c8 76 1a f3 0f 5e 15 b9 8c 02 00 f3 0f 5e
  0x00007ff92b2db056:   0d b1 8c 02 00 f3 0f 11 53 48 f3 0f 11 4b 4c 48
  0x00007ff92b2db066:   83 c4 20 5b c3 cc cc cc cc cc 48 89 5c 24 10 48
  0x00007ff92b2db076:   89 74 24 18 57 41 56 41 57 48 83 ec 40 48 8b d9
  0x00007ff92b2db086:   48 83 79 18 00 75 14 b9 28 04 00 00 e8 a9 85 00
  0x00007ff92b2db096:   00 48 89 43 18 c7 00 28 00 00 00 48 8b 43 18 33
  0x00007ff92b2db0a6:   ff 66 89 78 0e 48 8b 4b 28 e8 5c 03 00 00 48 8b
  0x00007ff92b2db0b6:   f0 41 bf 01 00 00 00 45 8b c7 41 8b d7 48 8b c8
  0x00007ff92b2db0c6:   ff 15 f4 54 06 00 4c 8b f0 89 7c 24 30 48 8b 4b
  0x00007ff92b2db0d6:   18 48 89 4c 24 28 48 89 7c 24 20 45 8b cf 45 33
  0x00007ff92b2db0e6:   c0 48 8b d0 48 8b ce ff 15 ed 53 06 00 48 8b 53
  0x00007ff92b2db0f6:   30 48 8b 0b 8b 05 24 92 06 00 83 79 04 08 0f 8e


Stack slot to memory mapping:

stack at sp + 0 slots: 0x0000019c5c776830 points into unknown readable memory: 0x0000019c5c94ec70 | 70 ec 94 5c 9c 01 00 00
stack at sp + 1 slots: 0x0000019c5c6d9d70 is a thread
stack at sp + 2 slots: 0x0000019c17166538 is a pointer to class: 
stack at sp + 3 slots: 0x0000019c5c776830 points into unknown readable memory: 0x0000019c5c94ec70 | 70 ec 94 5c 9c 01 00 00
stack at sp + 4 slots: 0x0000019c5c776830 points into unknown readable memory: 0x0000019c5c94ec70 | 70 ec 94 5c 9c 01 00 00
stack at sp + 5 slots: 0x00007ff92b2dc842 awt.dll
stack at sp + 6 slots: 0x00007ff92b337838 awt.dll
stack at sp + 7 slots: {method} {0x0000019c58235bc8} 'initNativeScale' '(I)V' in 'sun/awt/Win32GraphicsDevice'

Lock stack of current Java thread (top to bottom):

native method entry point (kind = native)  [0x0000019c0745ca40, 0x0000019c0745d478]  2616 bytes
[MachCode]
  0x0000019c0745ca40: 488b 4b08 | 0fb7 492e | 584c 8d74 | ccf8 6800 | 0000 0068 | 0000 0000 | 5055 488b | ec41 5568 
  0x0000019c0745ca60: 0000 0000 | 4c8b 6b08 | 4d8d 6d38 | 5348 8b53 | 0848 8b52 | 0848 8b52 | 1848 8b52 | 7048 8b12 
  0x0000019c0745ca80: 5248 8b53 | 1048 85d2 | 0f84 0700 | 0000 4881 | c208 0100 | 0052 488b | 5308 488b | 5208 488b 
  0x0000019c0745caa0: 5210 5249 | 8bc6 482b | c548 c1e8 | 0350 6800 | 0000 0068 | f7ff ffff | 41c6 8771 | 0400 0001 
  0x0000019c0745cac0: 488b 4310 | 4885 c074 | 208b 88cc | 0000 0083 | c102 8988 | cc00 0000 | 2388 e000 | 0000 0f84 
  0x0000019c0745cae0: e408 0000 | e9cd 0000 | 0048 8b43 | 1848 85c0 | 0f85 b000 | 0000 e805 | 0000 00e9 | 9900 0000 
  0x0000019c0745cb00: 488b d348 | 8d44 2408 | 4c89 6dc0 | 498b cfc5 | f877 4989 | afb8 0300 | 0049 8987 | a803 0000 
  0x0000019c0745cb20: 4883 ec20 | 40f6 c40f | 0f84 1900 | 0000 4883 | ec08 48b8 | e016 25de | f87f 0000 | ffd0 4883 
  0x0000019c0745cb40: c408 e90c | 0000 0048 | b8e0 1625 | def8 7f00 | 00ff d048 | 83c4 2049 | c787 a803 | 0000 0000 
  0x0000019c0745cb60: 0000 49c7 | 87b8 0300 | 0000 0000 | 0049 c787 | b003 0000 | 0000 0000 | c5f8 7749 | 837f 0800 
  0x0000019c0745cb80: 0f84 0500 | 0000 e935 | 43ff ff4c | 8b6d c04c | 8b75 c84e | 8d74 f500 | c348 8b43 | 1848 85c0 
  0x0000019c0745cba0: 0f84 1000 | 0000 8b08 | 83c1 0289 | 0823 4814 | 0f84 1208 | 0000 493b | a7f0 0400 | 000f 8748 
  0x0000019c0745cbc0: 0000 0089 | 8424 00f0 | ffff 8984 | 2400 e0ff | ff89 8424 | 00d0 ffff | 8984 2400 | c0ff ff89 
  0x0000019c0745cbe0: 8424 00b0 | ffff 8984 | 2400 a0ff | ff89 8424 | 0090 ffff | 8984 2400 | 80ff ff49 | 3ba7 e804 
  0x0000019c0745cc00: 0000 7607 | 4989 a7f0 | 0400 0041 | c687 7104 | 0000 0048 | 8b5d e84c | 8b5b 0845 | 0fb7 5b2e 
  0x0000019c0745cc20: 41c1 e303 | 492b e348 | 83ec 2048 | 83e4 f04c | 8b5b 604d | 85db 0f85 | ab00 0000 | e805 0000 
  0x0000019c0745cc40: 00e9 9900 | 0000 488b | d348 8d44 | 2408 4c89 | 6dc0 498b | cfc5 f877 | 4989 afb8 | 0300 0049 
  0x0000019c0745cc60: 8987 a803 | 0000 4883 | ec20 40f6 | c40f 0f84 | 1900 0000 | 4883 ec08 | 48b8 0041 | 25de f87f 
  0x0000019c0745cc80: 0000 ffd0 | 4883 c408 | e90c 0000 | 0048 b800 | 4125 def8 | 7f00 00ff | d048 83c4 | 2049 c787 
  0x0000019c0745cca0: a803 0000 | 0000 0000 | 49c7 87b8 | 0300 0000 | 0000 0049 | c787 b003 | 0000 0000 | 0000 c5f8 
  0x0000019c0745ccc0: 7749 837f | 0800 0f84 | 0500 0000 | e9ef 41ff | ff4c 8b6d | c04c 8b75 | c84e 8d74 | f500 c348 
  0x0000019c0745cce0: 8b5d e84c | 8b5b 6041 | ffd3 488b | 5de8 4889 | 4518 448b | 5b28 41f6 | c308 0f84 | 1b00 0000 
  0x0000019c0745cd00: 4c8b 5b08 | 4d8b 5b08 | 4d8b 5b18 | 4d8b 5b70 | 4d8b 1b4c | 895d 1048 | 8d55 1048 | 8b43 5849 
  0x0000019c0745cd20: ba70 8c5e | def8 7f00 | 0049 3bc2 | 0f85 ab00 | 0000 e805 | 0000 00e9 | 9900 0000 | 488b d348 
  0x0000019c0745cd40: 8d44 2408 | 4c89 6dc0 | 498b cfc5 | f877 4989 | afb8 0300 | 0049 8987 | a803 0000 | 4883 ec20 
  0x0000019c0745cd60: 40f6 c40f | 0f84 1900 | 0000 4883 | ec08 48b8 | 0041 25de | f87f 0000 | ffd0 4883 | c408 e90c 
  0x0000019c0745cd80: 0000 0048 | b800 4125 | def8 7f00 | 00ff d048 | 83c4 2049 | c787 a803 | 0000 0000 | 0000 49c7 
  0x0000019c0745cda0: 87b8 0300 | 0000 0000 | 0049 c787 | b003 0000 | 0000 0000 | c5f8 7749 | 837f 0800 | 0f84 0500 
  0x0000019c0745cdc0: 0000 e9f9 | 40ff ff4c | 8b6d c04c | 8b75 c84e | 8d74 f500 | c348 8b5d | e848 8b43 | 5849 8d8f 
  0x0000019c0745cde0: c803 0000 | 4c8d 15d5 | 0000 004d | 8997 b003 | 0000 c5f8 | 7749 89af | b803 0000 | 4989 a7a8 
  0x0000019c0745ce00: 0300 0041 | c787 5404 | 0000 0400 | 0000 493b | a748 0500 | 0076 0749 | 89a7 4805 | 0000 ffd0 
  0x0000019c0745ce20: 493b a748 | 0500 0072 | 0b49 c787 | 4805 0000 | 0000 0000 | c5f8 7748 | 83ec 10c5 | fb11 0424 
  0x0000019c0745ce40: 4883 ec10 | 4889 0424 | 48c7 4424 | 0800 0000 | 0041 c787 | 5404 0000 | 0500 0000 | f083 4424 
  0x0000019c0745ce60: c000 493b | 6f28 0f87 | 0e00 0000 | 4183 bf50 | 0400 0000 | 0f84 2000 | 0000 498b | cf4c 8be4 
  0x0000019c0745ce80: 4883 ec20 | 4883 e4f0 | 48b8 f0a5 | 26de f87f | 0000 ffd0 | 498b e44d | 33e4 41c7 | 8754 0400 
  0x0000019c0745cea0: 0008 0000 | 004d 8b97 | 7005 0000 | 4983 fa00 | 7435 49c7 | 8770 0500 | 0000 0000 | 0041 ffe2 
  0x0000019c0745cec0: 49ba 00bb | 4507 9c01 | 0000 41ff | d248 83ec | 10c5 fb11 | 0424 4883 | ec10 4889 | 0424 48c7 
  0x0000019c0745cee0: 4424 0800 | 0000 0049 | c787 a803 | 0000 0000 | 0000 49c7 | 87b8 0300 | 0000 0000 | 0049 c787 
  0x0000019c0745cf00: b003 0000 | 0000 0000 | c5f8 774d | 8b9f 3804 | 0000 41c7 | 8300 0100 | 0000 0000 | 0049 bb3a 
  0x0000019c0745cf20: a445 079c | 0100 004c | 3b5d 180f | 8555 0100 | 0048 8b04 | 2448 83c4 | 1048 85c0 | 0f84 2f01 
  0x0000019c0745cf40: 0000 a803 | 0f85 0800 | 0000 488b | 00e9 1f01 | 0000 a801 | 0f85 0900 | 0000 488b | 40fe e90e 
  0x0000019c0745cf60: 0100 0048 | 8b40 ff41 | 807f 4800 | 0f84 ff00 | 0000 4883 | f800 0f84 | f500 0000 | 4d8b 5f38 
  0x0000019c0745cf80: 4d85 db0f | 8414 0000 | 0049 83eb | 084d 895f | 384d 035f | 4049 8903 | e9d4 0000 | 0048 83ec 
  0x0000019c0745cfa0: 7048 8904 | 2448 894c | 2408 4889 | 5424 104c | 8944 2418 | 4c89 4c24 | 204c 8954 | 2428 4c89 
  0x0000019c0745cfc0: 5c24 30c5 | fb11 4424 | 40c5 fb11 | 4c24 48c5 | fb11 5424 | 50c5 fb11 | 5c24 58c5 | fb11 6424 
  0x0000019c0745cfe0: 60c5 fb11 | 6c24 6849 | 8bd7 488b | c848 83ec | 2040 f6c4 | 0f0f 8419 | 0000 0048 | 83ec 0848 
  0x0000019c0745d000: b8e0 1819 | def8 7f00 | 00ff d048 | 83c4 08e9 | 0c00 0000 | 48b8 e018 | 19de f87f | 0000 ffd0 
  0x0000019c0745d020: 4883 c420 | c5fb 106c | 2468 c5fb | 1064 2460 | c5fb 105c | 2458 c5fb | 1054 2450 | c5fb 104c 
  0x0000019c0745d040: 2448 c5fb | 1044 2440 | 4c8b 5c24 | 304c 8b54 | 2428 4c8b | 4c24 204c | 8b44 2418 | 488b 5424 
  0x0000019c0745d060: 1048 8b4c | 2408 488b | 0424 4883 | c470 c5f8 | 7748 8945 | 1048 83ec | 1048 8904 | 2448 c744 
  0x0000019c0745d080: 2408 0000 | 0000 4183 | bfd0 0400 | 0002 0f85 | bf00 0000 | 4881 ec80 | 0000 0048 | 8944 2478 
  0x0000019c0745d0a0: 4889 4c24 | 7048 8954 | 2468 4889 | 5c24 6048 | 896c 2450 | 4889 7424 | 4848 897c | 2440 4c89 
  0x0000019c0745d0c0: 4424 384c | 894c 2430 | 4c89 5424 | 284c 895c | 2420 4c89 | 6424 184c | 896c 2410 | 4c89 7424 
  0x0000019c0745d0e0: 084c 893c | 244c 8be4 | 4883 ec20 | 4883 e4f0 | 48b8 6074 | 5ede f87f | 0000 ffd0 | 498b e44c 
  0x0000019c0745d100: 8b3c 244c | 8b74 2408 | 4c8b 6c24 | 104c 8b64 | 2418 4c8b | 5c24 204c | 8b54 2428 | 4c8b 4c24 
  0x0000019c0745d120: 304c 8b44 | 2438 488b | 7c24 4048 | 8b74 2448 | 488b 6c24 | 5048 8b5c | 2460 488b | 5424 6848 
  0x0000019c0745d140: 8b4c 2470 | 488b 4424 | 7848 81c4 | 8000 0000 | 4d33 e448 | 8b5d e84c | 8b6b 084d | 8d6d 3849 
  0x0000019c0745d160: 837f 0800 | 0f84 bb00 | 0000 e805 | 0000 00e9 | 9600 0000 | 488d 4424 | 084c 896d | c049 8bcf 
  0x0000019c0745d180: c5f8 7749 | 89af b803 | 0000 4989 | 87a8 0300 | 0048 83ec | 2040 f6c4 | 0f0f 8419 | 0000 0048 
  0x0000019c0745d1a0: 83ec 0848 | b8a0 5f25 | def8 7f00 | 00ff d048 | 83c4 08e9 | 0c00 0000 | 48b8 a05f | 25de f87f 
  0x0000019c0745d1c0: 0000 ffd0 | 4883 c420 | 49c7 87a8 | 0300 0000 | 0000 0049 | c787 b803 | 0000 0000 | 0000 49c7 
  0x0000019c0745d1e0: 87b0 0300 | 0000 0000 | 00c5 f877 | 4983 7f08 | 000f 8405 | 0000 00e9 | c43c ffff | 4c8b 6dc0 
  0x0000019c0745d200: 4c8b 75c8 | 4e8d 74f5 | 00c3 48b9 | e034 8ede | f87f 0000 | 4883 e4f0 | 48b8 1090 | 4bde f87f 
  0x0000019c0745d220: 0000 ffd0 | f444 8b5b | 2841 f6c3 | 200f 8472 | 0100 0048 | 8d55 a84c | 8b5a 084d | 85db 0f85 
  0x0000019c0745d240: bb00 0000 | e805 0000 | 00e9 9600 | 0000 488d | 4424 084c | 896d c049 | 8bcf c5f8 | 7749 89af 
  0x0000019c0745d260: b803 0000 | 4989 87a8 | 0300 0048 | 83ec 2040 | f6c4 0f0f | 8419 0000 | 0048 83ec | 0848 b8d0 
  0x0000019c0745d280: 5e25 def8 | 7f00 00ff | d048 83c4 | 08e9 0c00 | 0000 48b8 | d05e 25de | f87f 0000 | ffd0 4883 
  0x0000019c0745d2a0: c420 49c7 | 87a8 0300 | 0000 0000 | 0049 c787 | b803 0000 | 0000 0000 | 49c7 87b0 | 0300 0000 
  0x0000019c0745d2c0: 0000 00c5 | f877 4983 | 7f08 000f | 8405 0000 | 00e9 ea3b | ffff 4c8b | 6dc0 4c8b | 75c8 4e8d 
  0x0000019c0745d2e0: 74f5 00c3 | 48b9 e034 | 8ede f87f | 0000 4883 | e4f0 48b8 | 1090 4bde | f87f 0000 | ffd0 f44c 
  0x0000019c0745d300: 896d c04c | 8b4a 0848 | c742 0800 | 0000 0045 | 8b87 5806 | 0000 4f3b | 4c07 f80f | 8542 0000 
  0x0000019c0745d320: 0041 83af | 5806 0000 | 084f 3b4c | 07f0 0f84 | 2a00 0000 | 498b 01a8 | 020f 8512 | 0000 004c 
  0x0000019c0745d340: 8bc0 4983 | c801 f04d | 0fb1 010f | 840d 0000 | 0041 8387 | 5806 0000 | 08e9 0500 | 0000 e93e 
  0x0000019c0745d360: 0000 004c | 894a 0848 | 8bca 4883 | ec20 40f6 | c40f 0f84 | 1900 0000 | 4883 ec08 | 48b8 f030 
  0x0000019c0745d380: 25de f87f | 0000 ffd0 | 4883 c408 | e90c 0000 | 0048 b8f0 | 3025 def8 | 7f00 00ff | d048 83c4 
  0x0000019c0745d3a0: 204c 8b6d | c048 8b04 | 2448 83c4 | 10c5 fb10 | 0424 4883 | c410 4c8b | 5d18 41ff | d34c 8b5d 
  0x0000019c0745d3c0: f8c9 5f49 | 8be3 ffe7 | ba00 0000 | 00e8 0500 | 0000 e996 | 0000 0048 | 8d44 2408 | 4c89 6dc0 
  0x0000019c0745d3e0: 498b cfc5 | f877 4989 | afb8 0300 | 0049 8987 | a803 0000 | 4883 ec20 | 40f6 c40f | 0f84 1900 
  0x0000019c0745d400: 0000 4883 | ec08 48b8 | a025 25de | f87f 0000 | ffd0 4883 | c408 e90c | 0000 0048 | b8a0 2525 
  0x0000019c0745d420: def8 7f00 | 00ff d048 | 83c4 2049 | c787 a803 | 0000 0000 | 0000 49c7 | 87b8 0300 | 0000 0000 
  0x0000019c0745d440: 0049 c787 | b003 0000 | 0000 0000 | c5f8 7749 | 837f 0800 | 0f84 0500 | 0000 e961 | 3aff ff4c 
  0x0000019c0745d460: 8b6d c04c | 8b75 c84e | 8d74 f500 | c348 8b5d | e8e9 40f7 | ffff 6690 
[/MachCode]

Compiled method (c1) 27931491 1794   !   3       java.awt.event.InvocationEvent::dispatch (69 bytes)
 total in heap  [0x0000019c002a6b88,0x0000019c002a7380] = 2040
 relocation     [0x0000019c002a6c60,0x0000019c002a6ce8] = 136
 main code      [0x0000019c002a6d00,0x0000019c002a7310] = 1552
 stub code      [0x0000019c002a7310,0x0000019c002a7378] = 104
 metadata       [0x0000019c002a7378,0x0000019c002a7380] = 8
 immutable data [0x0000019c5c867680,0x0000019c5c867828] = 424
 dependencies   [0x0000019c5c867680,0x0000019c5c867688] = 8
 nul chk table  [0x0000019c5c867688,0x0000019c5c8676a0] = 24
 handler table  [0x0000019c5c8676a0,0x0000019c5c867730] = 144
 scopes pcs     [0x0000019c5c867730,0x0000019c5c8677d0] = 160
 scopes data    [0x0000019c5c8677d0,0x0000019c5c867828] = 88

[Constant Pool (empty)]

[MachCode]
[Instructions begin]
  0x0000019c002a6d00: 6666 660f | 1f84 0000 | 0000 0066 | 6666 9066 | 6690 448b | 5208 443b 

  0x0000019c002a6d18: ;   {runtime_call Shared Runtime ic_miss_blob}
  0x0000019c002a6d18: 5008 0f85 | 407a 1f07 
[Verified Entry Point]
  0x0000019c002a6d20: 8984 2400 | 80ff ff55 | 4883 ec30 | 4181 7f20 | 0100 0000 

  0x0000019c002a6d34: ;   {runtime_call StubRoutines (final stubs)}
  0x0000019c002a6d34: 7405 e8c5 | eb1d 0748 | 8954 2418 

  0x0000019c002a6d40: ;   {metadata(method data for {method} {0x0000019c58698fd0} 'dispatch' '()V' in 'java/awt/event/InvocationEvent')}
  0x0000019c002a6d40: 48be 4064 | 9f58 9c01 | 0000 8bbe | cc00 0000 | 83c7 0289 | becc 0000 | 0081 e7fe | 0700 0085 
  0x0000019c002a6d60: ff0f 84c7 | 0400 000f | be72 1d85 

  0x0000019c002a6d6c: ;   {metadata(method data for {method} {0x0000019c58698fd0} 'dispatch' '()V' in 'java/awt/event/InvocationEvent')}
  0x0000019c002a6d6c: f648 be40 | 649f 589c | 0100 00bf | 1001 0000 | 7405 bf20 | 0100 0048 | 8b1c 3e48 | 8d5b 0148 
  0x0000019c002a6d8c: 891c 3e0f | 84d1 0000 | 008b 7228 | 48c1 e603 

  0x0000019c002a6d9c: ; implicit exception: dispatches to 0x0000019c002a724f
  0x0000019c002a6d9c: 483b 0648 

  0x0000019c002a6da0: ;   {metadata(method data for {method} {0x0000019c58698fd0} 'dispatch' '()V' in 'java/awt/event/InvocationEvent')}
  0x0000019c002a6da0: 8bfe 48bb | 4064 9f58 | 9c01 0000 | 8b7f 0849 | ba00 0000 | 179c 0100 | 0049 03fa | 483b bb38 
  0x0000019c002a6dc0: 0100 0075 | 0d48 8383 | 4001 0000 | 01e9 6000 | 0000 483b | bb48 0100 | 0075 0d48 | 8383 5001 
  0x0000019c002a6de0: 0000 01e9 | 4a00 0000 | 4883 bb38 | 0100 0000 | 7517 4889 | bb38 0100 | 0048 c783 | 4001 0000 
  0x0000019c002a6e00: 0100 0000 | e929 0000 | 0048 83bb | 4801 0000 | 0075 1748 | 89bb 4801 | 0000 48c7 | 8350 0100 
  0x0000019c002a6e20: 0001 0000 | 00e9 0800 | 0000 4883 | 8330 0100 | 0001 488b | d648 b830 | 5381 5c9c 

  0x0000019c002a6e3c: ;   {virtual_call}
  0x0000019c002a6e3c: 0100 00e8 

  0x0000019c002a6e40: ; ImmutableOopMap {[24]=Oop }
                      ;*invokeinterface run {reexecute=0 rethrow=0 return_oop=0}
                      ; - java.awt.event.InvocationEvent::dispatch@11 (line 308)
  0x0000019c002a6e40: 1c7f 1f07 

  0x0000019c002a6e44: ;   {post_call_nop}
  0x0000019c002a6e44: 0f1f 8400 | bc02 0000 

  0x0000019c002a6e4c: ;   {metadata(method data for {method} {0x0000019c58698fd0} 'dispatch' '()V' in 'java/awt/event/InvocationEvent')}
  0x0000019c002a6e4c: 48ba 4064 | 9f58 9c01 | 0000 ff82 | 6001 0000 | 488b 5424 | 18e9 1f03 | 0000 8b72 | 2848 c1e6 
  0x0000019c002a6e6c: 0348 3b06 

  0x0000019c002a6e70: ;   {metadata(method data for {method} {0x0000019c58698fd0} 'dispatch' '()V' in 'java/awt/event/InvocationEvent')}
  0x0000019c002a6e70: 488b fe48 | bb40 649f | 589c 0100 | 008b 7f08 | 49ba 0000 | 0017 9c01 | 0000 4903 | fa48 3bbb 
  0x0000019c002a6e90: 1802 0000 | 750d 4883 | 8320 0200 | 0001 e960 | 0000 0048 | 3bbb 2802 | 0000 750d | 4883 8330 
  0x0000019c002a6eb0: 0200 0001 | e94a 0000 | 0048 83bb | 1802 0000 | 0075 1748 | 89bb 1802 | 0000 48c7 | 8320 0200 
  0x0000019c002a6ed0: 0001 0000 | 00e9 2900 | 0000 4883 | bb28 0200 | 0000 7517 | 4889 bb28 | 0200 0048 | c783 3002 
  0x0000019c002a6ef0: 0000 0100 | 0000 e908 | 0000 0048 | 8383 1002 | 0000 0148 | 8bd6 0f1f | 8000 0000 | 0048 b858 
  0x0000019c002a6f10: 5381 5c9c 

  0x0000019c002a6f14: ;   {virtual_call}
  0x0000019c002a6f14: 0100 00e8 

  0x0000019c002a6f18: ; ImmutableOopMap {[24]=Oop }
                      ;*invokeinterface run {reexecute=0 rethrow=0 return_oop=0}
                      ; - java.awt.event.InvocationEvent::dispatch@47 (line 318)
  0x0000019c002a6f18: 3480 2c07 

  0x0000019c002a6f1c: ;   {post_call_nop}
  0x0000019c002a6f1c: 0f1f 8400 | 9403 0001 | 488b 5424 | 18e9 5702 | 0000 498b | 8708 0500 | 004d 33d2 | 4d89 9708 
  0x0000019c002a6f3c: 0500 004d | 33d2 4d89 | 9710 0500 | 0048 85c0 

  0x0000019c002a6f4c: ;   {metadata(method data for {method} {0x0000019c58698fd0} 'dispatch' '()V' in 'java/awt/event/InvocationEvent')}
  0x0000019c002a6f4c: 48be 4064 | 9f58 9c01 | 0000 750c | 808e 7101 | 0000 01e9 | af00 0000 | 8b78 0849 | ba00 0000 
  0x0000019c002a6f6c: 179c 0100 | 0049 03fa | 483b be80 | 0100 0075 | 0d48 8386 | 8801 0000 | 01e9 6000 | 0000 483b 
  0x0000019c002a6f8c: be90 0100 | 0075 0d48 | 8386 9801 | 0000 01e9 | 4a00 0000 | 4883 be80 | 0100 0000 | 7517 4889 
  0x0000019c002a6fac: be80 0100 | 0048 c786 | 8801 0000 | 0100 0000 | e929 0000 | 0048 83be | 9001 0000 | 0075 1748 
  0x0000019c002a6fcc: 89be 9001 | 0000 48c7 | 8698 0100 | 0001 0000 | 00e9 0800 | 0000 4883 | 8678 0100 

  0x0000019c002a6fe8: ;   {metadata('java/lang/Exception')}
  0x0000019c002a6fe8: 0001 48bf | e8f4 1b17 | 9c01 0000 | 8b70 0849 | ba00 0000 | 179c 0100 | 0049 03f2 | 483b 7e40 
  0x0000019c002a7008: 0f85 0500 | 0000 e905 | 0000 004d | 33c0 eb06 | 41b8 0100 | 0000 4585 

  0x0000019c002a7020: ;   {metadata(method data for {method} {0x0000019c58698fd0} 'dispatch' '()V' in 'java/awt/event/InvocationEvent')}
  0x0000019c002a7020: c049 b840 | 649f 589c | 0100 00ba | a801 0000 | 7405 bab8 | 0100 0049 | 8b34 1048 | 8d76 0149 
  0x0000019c002a7040: 8934 1048 | 8b54 2418 | 0f84 f900 | 0000 4885 

  0x0000019c002a7050: ;   {metadata(method data for {method} {0x0000019c58698fd0} 'dispatch' '()V' in 'java/awt/event/InvocationEvent')}
  0x0000019c002a7050: c048 bf40 | 649f 589c | 0100 0075 | 0c80 8fc1 | 0100 0001 | e9af 0000 | 008b 5808 | 49ba 0000 
  0x0000019c002a7070: 0017 9c01 | 0000 4903 | da48 3b9f | d001 0000 | 750d 4883 | 87d8 0100 | 0001 e960 | 0000 0048 
  0x0000019c002a7090: 3b9f e001 | 0000 750d | 4883 87e8 | 0100 0001 | e94a 0000 | 0048 83bf | d001 0000 | 0075 1748 
  0x0000019c002a70b0: 899f d001 | 0000 48c7 | 87d8 0100 | 0001 0000 | 00e9 2900 | 0000 4883 | bfe0 0100 | 0000 7517 
  0x0000019c002a70d0: 4889 9fe0 | 0100 0048 | c787 e801 | 0000 0100 | 0000 e908 | 0000 0048 | 8387 c801 

  0x0000019c002a70ec: ;   {metadata('java/lang/Exception')}
  0x0000019c002a70ec: 0000 0148 | bbe8 f41b | 179c 0100 | 008b 7808 | 49ba 0000 | 0017 9c01 | 0000 4903 | fa48 3b5f 
  0x0000019c002a710c: 400f 8546 | 0100 00e9 | 0000 0000 | 4c8b c041 | 0fbe 7748 | 85f6 0f85 | 3a01 0000 | 4d8b d049 
  0x0000019c002a712c: c1ea 0344 | 8952 3448 | 8bf2 4933 | f048 c1ee | 1548 83fe | 000f 853a | 0100 0045 | 0fbe 4748 
  0x0000019c002a714c: 4585 c00f | 8544 0100 | 004c 8bd0 | 49c1 ea03 | 4489 5238 | 4c8b c24c | 33c0 49c1 | e815 4983 
  0x0000019c002a716c: f800 0f85 | 4501 0000 

  0x0000019c002a7174: ;   {metadata(method data for {method} {0x0000019c58698fd0} 'dispatch' '()V' in 'java/awt/event/InvocationEvent')}
  0x0000019c002a7174: 49b8 4064 | 9f58 9c01 | 0000 41ff | 80f8 0100 | 004c 8bc2 

  0x0000019c002a7188: ;   {metadata(method data for {method} {0x0000019c58698fd0} 'dispatch' '()V' in 'java/awt/event/InvocationEvent')}
  0x0000019c002a7188: 48be 4064 | 9f58 9c01 | 0000 4883 | 8640 0200 | 0001 41b8 | 0100 0000 | 0f1f 8000 

  0x0000019c002a71a4: ;   {optimized virtual_call}
  0x0000019c002a71a4: 0000 00e8 

  0x0000019c002a71a8: ; ImmutableOopMap {}
                      ;*invokevirtual finishedDispatching {reexecute=0 rethrow=0 return_oop=0}
                      ; - java.awt.event.InvocationEvent::dispatch@54 (line 321)
  0x0000019c002a71a8: b45c 0100 

  0x0000019c002a71ac: ;   {post_call_nop}
  0x0000019c002a71ac: 0f1f 8400 | 2406 0002 

  0x0000019c002a71b4: ;   {metadata(method data for {method} {0x0000019c58698fd0} 'dispatch' '()V' in 'java/awt/event/InvocationEvent')}
  0x0000019c002a71b4: 48b8 4064 | 9f58 9c01 | 0000 ff80 | 7002 0000 | 4883 c430 

  0x0000019c002a71c8: ;   {poll_return}
  0x0000019c002a71c8: 5d49 3b67 | 280f 87fe | 0000 00c3 | 488b 5424 | 1849 8b87 | 0805 0000 | 4d33 d24d | 8997 0805 
  0x0000019c002a71e8: 0000 4d33 | d24d 8997 | 1005 0000 

  0x0000019c002a71f4: ;   {metadata(method data for {method} {0x0000019c58698fd0} 'dispatch' '()V' in 'java/awt/event/InvocationEvent')}
  0x0000019c002a71f4: 4c8b c248 | be40 649f | 589c 0100 | 0048 8386 | 8802 0000 | 0141 b801 | 0000 0048 | 8944 2420 
  0x0000019c002a7214: ;   {optimized virtual_call}
  0x0000019c002a7214: 6666 90e8 

  0x0000019c002a7218: ; ImmutableOopMap {[32]=Oop }
                      ;*invokevirtual finishedDispatching {reexecute=0 rethrow=0 return_oop=0}
                      ; - java.awt.event.InvocationEvent::dispatch@63 (line 321)
  0x0000019c002a7218: 4478 1f07 

  0x0000019c002a721c: ;   {post_call_nop}
  0x0000019c002a721c: 0f1f 8400 | 9406 0003 | 488b 4424 | 20e9 d600 

  0x0000019c002a722c: ;   {metadata({method} {0x0000019c58698fd0} 'dispatch' '()V' in 'java/awt/event/InvocationEvent')}
  0x0000019c002a722c: 0000 49ba | c88f 6958 | 9c01 0000 | 4c89 5424 | 0848 c704 | 24ff ffff 

  0x0000019c002a7244: ;   {runtime_call C1 Runtime counter_overflow_blob}
  0x0000019c002a7244: ffe8 16c4 

  0x0000019c002a7248: ; ImmutableOopMap {rdx=Oop [24]=Oop }
                      ;*synchronization entry
                      ; - java.awt.event.InvocationEvent::dispatch@-1 (line 306)
  0x0000019c002a7248: 2b07 e918 

  0x0000019c002a724c: ;   {runtime_call C1 Runtime throw_null_pointer_exception_blob}
  0x0000019c002a724c: fbff ffe8 

  0x0000019c002a7250: ; ImmutableOopMap {rdx=Oop rsi=Oop [24]=Oop }
                      ;*invokeinterface run {reexecute=0 rethrow=0 return_oop=0}
                      ; - java.awt.event.InvocationEvent::dispatch@11 (line 308)
  0x0000019c002a7250: 0c73 2b07 

  0x0000019c002a7254: ;   {runtime_call C1 Runtime throw_null_pointer_exception_blob}
  0x0000019c002a7254: e807 732b 

  0x0000019c002a7258: ; ImmutableOopMap {rdx=Oop rsi=Oop [24]=Oop }
                      ;*invokeinterface run {reexecute=0 rethrow=0 return_oop=0}
                      ; - java.awt.event.InvocationEvent::dispatch@47 (line 318)
  0x0000019c002a7258: 0748 8904 

  0x0000019c002a725c: ;   {runtime_call C1 Runtime throw_class_cast_exception_blob}
  0x0000019c002a725c: 24e8 fe96 

  0x0000019c002a7260: ; ImmutableOopMap {rax=Oop rdx=Oop [24]=Oop }
                      ;*checkcast {reexecute=0 rethrow=0 return_oop=0}
                      ; - java.awt.event.InvocationEvent::dispatch@29 (line 312)
  0x0000019c002a7260: 2b07 8b72 | 3448 c1e6 | 0348 83fe | 000f 84b5 | feff ff48 

  0x0000019c002a7274: ;   {runtime_call g1_pre_barrier_slow}
  0x0000019c002a7274: 8934 24e8 | e4c9 2b07 | e9a7 feff | ff49 83f8 | 000f 84bc | feff ff48 

  0x0000019c002a728c: ;   {runtime_call g1_post_barrier_slow}
  0x0000019c002a728c: 8914 24e8 | cccc 2b07 | e9ae feff | ff44 8b42 | 3849 c1e0 | 0349 83f8 | 000f 84aa | feff ff4c 
  0x0000019c002a72ac: ;   {runtime_call g1_pre_barrier_slow}
  0x0000019c002a72ac: 8904 24e8 | acc9 2b07 | e99c feff | ff48 83f8 | 000f 84b1 | feff ff48 

  0x0000019c002a72c4: ;   {runtime_call g1_post_barrier_slow}
  0x0000019c002a72c4: 8914 24e8 | 94cc 2b07 | e9a3 feff 

  0x0000019c002a72d0: ;   {internal_word}
  0x0000019c002a72d0: ff49 bac9 | 712a 009c | 0100 004d | 8997 6004 

  0x0000019c002a72e0: ;   {runtime_call SafepointBlob}
  0x0000019c002a72e0: 0000 e9f9 | e91f 0749 | 8b87 0805 | 0000 49c7 | 8708 0500 | 0000 0000 | 0049 c787 | 1005 0000 
  0x0000019c002a7300: 0000 0000 | 4883 c430 

  0x0000019c002a7308: ;   {runtime_call C1 Runtime unwind_exception_blob}
  0x0000019c002a7308: 5de9 525f | 2b07 f4f4 
[Stub Code]
  0x0000019c002a7310: ;   {no_reloc}
  0x0000019c002a7310: 0f1f 4400 

  0x0000019c002a7314: ;   {static_stub}
  0x0000019c002a7314: 0048 bb00 | 0000 0000 

  0x0000019c002a731c: ;   {runtime_call nmethod}
  0x0000019c002a731c: 0000 00e9 | fbff ffff 

  0x0000019c002a7324: ;   {static_stub}
  0x0000019c002a7324: 9048 bb00 | 0000 0000 

  0x0000019c002a732c: ;   {runtime_call nmethod}
  0x0000019c002a732c: 0000 00e9 | fbff ffff 

  0x0000019c002a7334: ;   {static_stub}
  0x0000019c002a7334: 48bb c893 | 6958 9c01 

  0x0000019c002a733c: ;   {runtime_call I2C/C2I adapters}
  0x0000019c002a733c: 0000 e973 

  0x0000019c002a7340: ;   {runtime_call C1 Runtime handle_exception_from_callee_blob}
  0x0000019c002a7340: d41f 07e8 | 1890 2b07 

  0x0000019c002a7348: ;   {external_word}
  0x0000019c002a7348: 48b9 e034 | 8ede f87f | 0000 4883 

  0x0000019c002a7354: ;   {runtime_call}
  0x0000019c002a7354: e4f0 48b8 | 1090 4bde | f87f 0000 

  0x0000019c002a7360: ;   {section_word}
  0x0000019c002a7360: ffd0 f449 | ba63 732a | 009c 0100 

  0x0000019c002a736c: ;   {runtime_call DeoptimizationBlob}
  0x0000019c002a736c: 0041 52e9 | 0cdf 1f07 | f4f4 f4f4 
[/MachCode]


Compiled method (c1) 27931732 1401       3       java.awt.EventQueue::dispatchEventImpl (139 bytes)
 total in heap  [0x0000019c00202988,0x0000019c00204eb0] = 9512
 relocation     [0x0000019c00202a60,0x0000019c00202d10] = 688
 main code      [0x0000019c00202d20,0x0000019c00204cd0] = 8112
 stub code      [0x0000019c00204cd0,0x0000019c00204de0] = 272
 oops           [0x0000019c00204de0,0x0000019c00204df0] = 16
 metadata       [0x0000019c00204df0,0x0000019c00204eb0] = 192
 immutable data [0x0000019c5c7302a0,0x0000019c5c730a40] = 1952
 dependencies   [0x0000019c5c7302a0,0x0000019c5c7302d8] = 56
 nul chk table  [0x0000019c5c7302d8,0x0000019c5c730350] = 120
 handler table  [0x0000019c5c730350,0x0000019c5c730410] = 192
 scopes pcs     [0x0000019c5c730410,0x0000019c5c730800] = 1008
 scopes data    [0x0000019c5c730800,0x0000019c5c730a40] = 576

[Constant Pool (empty)]

[MachCode]
[Instructions begin]
  0x0000019c00202d20: 6666 660f | 1f84 0000 | 0000 0066 | 6666 9066 | 6690 448b | 5208 443b 

  0x0000019c00202d38: ;   {runtime_call Shared Runtime ic_miss_blob}
  0x0000019c00202d38: 5008 0f85 | 20ba 2907 
[Verified Entry Point]
  0x0000019c00202d40: 8984 2400 | 80ff ff55 | 4881 ecd0 | 0000 0090 | 4181 7f20 | 0100 0000 

  0x0000019c00202d58: ;   {runtime_call StubRoutines (final stubs)}
  0x0000019c00202d58: 7405 e8a1 | 2b28 074c | 8984 24a8 

  0x0000019c00202d64: ;   {metadata(method data for {method} {0x0000019c58179338} 'dispatchEventImpl' '(Ljava/awt/AWTEvent;Ljava/lang/Object;)V' in 'java/awt/EventQueue')}
  0x0000019c00202d64: 0000 0048 | bed0 2f8d | 589c 0100 | 008b becc | 0000 0083 | c702 89be | cc00 0000 | 81e7 fe07 
  0x0000019c00202d84: 0000 85ff | 0f84 da1a | 0000 41c6 | 4016 014d 

  0x0000019c00202d94: ;   {metadata(method data for {method} {0x0000019c58179338} 'dispatchEventImpl' '(Ljava/awt/AWTEvent;Ljava/lang/Object;)V' in 'java/awt/EventQueue')}
  0x0000019c00202d94: 85c0 48bb | d02f 8d58 | 9c01 0000 | 750c 808b | 0901 0000 | 01e9 cb00 | 0000 418b | 4008 49ba 
  0x0000019c00202db4: 0000 0017 | 9c01 0000 | 4903 c248 | 3b83 1801 | 0000 750d | 4883 8320 | 0100 0001 | e960 0000 
  0x0000019c00202dd4: 0048 3b83 | 2801 0000 | 750d 4883 | 8330 0100 | 0001 e94a | 0000 0048 | 83bb 1801 | 0000 0075 
  0x0000019c00202df4: 1748 8983 | 1801 0000 | 48c7 8320 | 0100 0001 | 0000 00e9 | 2900 0000 | 4883 bb28 | 0100 0000 
  0x0000019c00202e14: 7517 4889 | 8328 0100 | 0048 c783 | 3001 0000 | 0100 0000 | e908 0000 | 0048 8383 | 1001 0000 
  0x0000019c00202e34: ;   {metadata('java/awt/ActiveEvent')}
  0x0000019c00202e34: 0148 b8d0 | 8769 589c | 0100 0041 | 8b58 0849 | ba00 0000 | 179c 0100 | 0049 03da | 483b 4320 
  0x0000019c00202e54: 0f84 2400 | 0000 483b | d80f 841b | 0000 0053 

  0x0000019c00202e64: ;   {runtime_call C1 Runtime slow_subtype_check_blob}
  0x0000019c00202e64: 50e8 d6e0 | 3507 5b5b | 85db 0f84 | 0500 0000 | e905 0000 | 0048 33f6 | eb05 be01 | 0000 0085 
  0x0000019c00202e84: ;   {metadata(method data for {method} {0x0000019c58179338} 'dispatchEventImpl' '(Ljava/awt/AWTEvent;Ljava/lang/Object;)V' in 'java/awt/EventQueue')}
  0x0000019c00202e84: f648 bed0 | 2f8d 589c | 0100 00bf | 5001 0000 | 7505 bf40 | 0100 0048 | 8b1c 3e48 | 8d5b 0148 
  0x0000019c00202ea4: 891c 3e0f | 8573 1500 | 004d 85c9 

  0x0000019c00202eb0: ;   {metadata(method data for {method} {0x0000019c58179338} 'dispatchEventImpl' '(Ljava/awt/AWTEvent;Ljava/lang/Object;)V' in 'java/awt/EventQueue')}
  0x0000019c00202eb0: 48bb d02f | 8d58 9c01 | 0000 750c | 808b 0102 | 0000 01e9 | b100 0000 | 418b 4108 | 49ba 0000 
  0x0000019c00202ed0: 0017 9c01 | 0000 4903 | c248 3b83 | 1002 0000 | 750d 4883 | 8318 0200 | 0001 e960 | 0000 0048 
  0x0000019c00202ef0: 3b83 2002 | 0000 750d | 4883 8328 | 0200 0001 | e94a 0000 | 0048 83bb | 1002 0000 | 0075 1748 
  0x0000019c00202f10: 8983 1002 | 0000 48c7 | 8318 0200 | 0001 0000 | 00e9 2900 | 0000 4883 | bb20 0200 | 0000 7517 
  0x0000019c00202f30: 4889 8320 | 0200 0048 | c783 2802 | 0000 0100 | 0000 e908 | 0000 0048 | 8383 0802 

  0x0000019c00202f4c: ;   {metadata('java/awt/Component')}
  0x0000019c00202f4c: 0000 0148 | b858 2b09 | 589c 0100 | 0041 8b59 | 0849 ba00 | 0000 179c | 0100 0049 | 03da 483b 
  0x0000019c00202f6c: 4338 0f85 | 0500 0000 | e905 0000 | 0048 33f6 | eb05 be01 | 0000 0085 

  0x0000019c00202f84: ;   {metadata(method data for {method} {0x0000019c58179338} 'dispatchEventImpl' '(Ljava/awt/AWTEvent;Ljava/lang/Object;)V' in 'java/awt/EventQueue')}
  0x0000019c00202f84: f648 bed0 | 2f8d 589c | 0100 00bf | 3802 0000 | 7405 bf48 | 0200 0048 | 8b1c 3e48 | 8d5b 0148 
  0x0000019c00202fa4: 891c 3e0f | 84e4 0600 | 004d 85c9 

  0x0000019c00202fb0: ;   {metadata(method data for {method} {0x0000019c58179338} 'dispatchEventImpl' '(Ljava/awt/AWTEvent;Ljava/lang/Object;)V' in 'java/awt/EventQueue')}
  0x0000019c00202fb0: 48bf d02f | 8d58 9c01 | 0000 750c | 808f 5102 | 0000 01e9 | b100 0000 | 418b 5908 | 49ba 0000 
  0x0000019c00202fd0: 0017 9c01 | 0000 4903 | da48 3b9f | 6002 0000 | 750d 4883 | 8768 0200 | 0001 e960 | 0000 0048 
  0x0000019c00202ff0: 3b9f 7002 | 0000 750d | 4883 8778 | 0200 0001 | e94a 0000 | 0048 83bf | 6002 0000 | 0075 1748 
  0x0000019c00203010: 899f 6002 | 0000 48c7 | 8768 0200 | 0001 0000 | 00e9 2900 | 0000 4883 | bf70 0200 | 0000 7517 
  0x0000019c00203030: 4889 9f70 | 0200 0048 | c787 7802 | 0000 0100 | 0000 e908 | 0000 0048 | 8387 5802 

  0x0000019c0020304c: ;   {metadata('java/awt/Component')}
  0x0000019c0020304c: 0000 0148 | bb58 2b09 | 589c 0100 | 0041 8b79 | 0849 ba00 | 0000 179c | 0100 0049 | 03fa 483b 
  0x0000019c0020306c: 5f38 0f85 | 1a18 0000 | e900 0000 | 0049 8bd1 

  0x0000019c0020307c: ; implicit exception: dispatches to 0x0000019c00204897
  0x0000019c0020307c: 483b 0248 

  0x0000019c00203080: ;   {metadata(method data for {method} {0x0000019c58179338} 'dispatchEventImpl' '(Ljava/awt/AWTEvent;Ljava/lang/Object;)V' in 'java/awt/EventQueue')}
  0x0000019c00203080: 8bf2 48bf | d02f 8d58 | 9c01 0000 | 8b76 0849 | ba00 0000 | 179c 0100 | 0049 03f2 | 483b b790 
  0x0000019c002030a0: 0200 0075 | 0d48 8387 | 9802 0000 | 01e9 6000 | 0000 483b | b7a0 0200 | 0075 0d48 | 8387 a802 
  0x0000019c002030c0: 0000 01e9 | 4a00 0000 | 4883 bf90 | 0200 0000 | 7517 4889 | b790 0200 | 0048 c787 | 9802 0000 
  0x0000019c002030e0: 0100 0000 | e929 0000 | 0048 83bf | a002 0000 | 0075 1748 | 89b7 a002 | 0000 48c7 | 87a8 0200 
  0x0000019c00203100: 0001 0000 | 00e9 0800 | 0000 4883 | 8788 0200 

  0x0000019c00203110: ;   {metadata(method data for {method} {0x0000019c58085fe8} 'dispatchEvent' '(Ljava/awt/AWTEvent;)V' in 'java/awt/Component')}
  0x0000019c00203110: 0001 48be | c03c 8d58 | 9c01 0000 | 8bbe cc00 | 0000 83c7 | 0289 becc | 0000 0081 | e7fe ff1f 
  0x0000019c00203130: 0085 ff0f | 8463 1700 | 0048 8bf2 

  0x0000019c0020313c: ;   {metadata(method data for {method} {0x0000019c58085fe8} 'dispatchEvent' '(Ljava/awt/AWTEvent;)V' in 'java/awt/Component')}
  0x0000019c0020313c: 48bf c03c | 8d58 9c01 | 0000 8b76 | 0849 ba00 | 0000 179c | 0100 0049 | 03f2 483b | b718 0100 
  0x0000019c0020315c: 0075 0d48 | 8387 2001 | 0000 01e9 | 6000 0000 | 483b b728 | 0100 0075 | 0d48 8387 | 3001 0000 
  0x0000019c0020317c: 01e9 4a00 | 0000 4883 | bf18 0100 | 0000 7517 | 4889 b718 | 0100 0048 | c787 2001 | 0000 0100 
  0x0000019c0020319c: 0000 e929 | 0000 0048 | 83bf 2801 | 0000 0075 | 1748 89b7 | 2801 0000 | 48c7 8730 | 0100 0001 
  0x0000019c002031bc: 0000 00e9 | 0800 0000 | 4883 8710 | 0100 0001 | 498b f04c | 8bc6 6666 | 9048 b810 | 4380 5c9c 
  0x0000019c002031dc: ;   {virtual_call}
  0x0000019c002031dc: 0100 00e8 

  0x0000019c002031e0: ; ImmutableOopMap {[168]=Oop }
                      ;*invokevirtual dispatchEventImpl {reexecute=0 rethrow=0 return_oop=0}
                      ; - java.awt.Component::dispatchEvent@2 (line 4790)
                      ; - java.awt.EventQueue::dispatchEventImpl@41 (line 725)
  0x0000019c002031e0: 2ccd 5507 

  0x0000019c002031e4: ;   {post_call_nop}
  0x0000019c002031e4: 0f1f 8400 | 5c08 0000 | 4c8b 8424 | a800 0000 

  0x0000019c002031f4: ;   {metadata(method data for {method} {0x0000019c58179338} 'dispatchEventImpl' '(Ljava/awt/AWTEvent;Ljava/lang/Object;)V' in 'java/awt/EventQueue')}
  0x0000019c002031f4: 48be d02f | 8d58 9c01 | 0000 458b | 4008 49ba | 0000 0017 | 9c01 0000 | 4d03 c24c | 3b86 c002 
  0x0000019c00203214: 0000 750d | 4883 86c8 | 0200 0001 | e960 0000 | 004c 3b86 | d002 0000 | 750d 4883 | 86d8 0200 
  0x0000019c00203234: 0001 e94a | 0000 0048 | 83be c002 | 0000 0075 | 174c 8986 | c002 0000 | 48c7 86c8 | 0200 0001 
  0x0000019c00203254: 0000 00e9 | 2900 0000 | 4883 bed0 | 0200 0000 | 7517 4c89 | 86d0 0200 | 0048 c786 | d802 0000 
  0x0000019c00203274: 0100 0000 | e908 0000 | 0048 8386 | b802 0000 

  0x0000019c00203284: ;   {metadata(method data for {method} {0x0000019c580ca4c8} 'dispatched' '()V' in 'java/awt/AWTEvent')}
  0x0000019c00203284: 0148 be48 | 3e8d 589c | 0100 008b | becc 0000 | 0083 c702 | 89be cc00 | 0000 81e7 | feff 1f00 
  0x0000019c002032a4: 85ff 0f84 | 1116 0000 | 4c8b 8424 | a800 0000 

  0x0000019c002032b4: ;   {metadata(method data for {method} {0x0000019c580ca4c8} 'dispatched' '()V' in 'java/awt/AWTEvent')}
  0x0000019c002032b4: 4d85 c048 | bb48 3e8d | 589c 0100 | 0075 0c80 | 8b09 0100 | 0001 e9b1 | 0000 0041 | 8b40 0849 
  0x0000019c002032d4: ba00 0000 | 179c 0100 | 0049 03c2 | 483b 8318 | 0100 0075 | 0d48 8383 | 2001 0000 | 01e9 6000 
  0x0000019c002032f4: 0000 483b | 8328 0100 | 0075 0d48 | 8383 3001 | 0000 01e9 | 4a00 0000 | 4883 bb18 | 0100 0000 
  0x0000019c00203314: 7517 4889 | 8318 0100 | 0048 c783 | 2001 0000 | 0100 0000 | e929 0000 | 0048 83bb | 2801 0000 
  0x0000019c00203334: 0075 1748 | 8983 2801 | 0000 48c7 | 8330 0100 | 0001 0000 | 00e9 0800 | 0000 4883 | 8310 0100 
  0x0000019c00203354: ;   {metadata('java/awt/event/InputEvent')}
  0x0000019c00203354: 0001 48b8 | c8e0 0f58 | 9c01 0000 | 418b 5808 | 49ba 0000 | 0017 9c01 | 0000 4903 | da48 3b43 
  0x0000019c00203374: 500f 8505 | 0000 00e9 | 0500 0000 | 4833 f6eb | 05be 0100 | 0000 85f6 

  0x0000019c0020338c: ;   {metadata(method data for {method} {0x0000019c580ca4c8} 'dispatched' '()V' in 'java/awt/AWTEvent')}
  0x0000019c0020338c: 48be 483e | 8d58 9c01 | 0000 bf40 | 0100 0074 | 05bf 5001 | 0000 488b | 1c3e 488d | 5b01 4889 
  0x0000019c002033ac: 1c3e 0f84 | 9114 0000 

  0x0000019c002033b4: ;   {metadata(method data for {method} {0x0000019c580ca4c8} 'dispatched' '()V' in 'java/awt/AWTEvent')}
  0x0000019c002033b4: 48be 483e | 8d58 9c01 | 0000 4883 | 8660 0100 

  0x0000019c002033c4: ;   {metadata(method data for {method} {0x0000019c580e46f8} 'getInputEventAccessor' '()Lsun/awt/AWTAccessor$InputEventAccessor;' in 'sun/awt/AWTAccessor')}
  0x0000019c002033c4: 0001 48be | 5840 8d58 | 9c01 0000 | 8bbe cc00 | 0000 83c7 | 0289 becc | 0000 0081 | e7fe ff1f 
  0x0000019c002033e4: 0085 ff0f | 84f1 1400 

  0x0000019c002033ec: ;   {oop(a 'java/lang/Class'{0x0000000715782650} = 'sun/awt/AWTAccessor')}
  0x0000019c002033ec: 0048 be50 | 2678 1507 | 0000 008b | b684 0000 | 0048 c1e6 | 0348 85f6 

  0x0000019c00203404: ;   {metadata(method data for {method} {0x0000019c580e46f8} 'getInputEventAccessor' '()Lsun/awt/AWTAccessor$InputEventAccessor;' in 'sun/awt/AWTAccessor')}
  0x0000019c00203404: 48bf 5840 | 8d58 9c01 | 0000 bb10 | 0100 0075 | 05bb 2001 | 0000 488b | 041f 488d | 4001 4889 
  0x0000019c00203424: 041f 0f85 | bc12 0000 

  0x0000019c0020342c: ;   {metadata(method data for {method} {0x0000019c580e46f8} 'getInputEventAccessor' '()Lsun/awt/AWTAccessor$InputEventAccessor;' in 'sun/awt/AWTAccessor')}
  0x0000019c0020342c: 48be 5840 | 8d58 9c01 | 0000 4883 | 8630 0100 

  0x0000019c0020343c: ;   {metadata(method data for {method} {0x0000019c580e6eb8} 'ensureClassInitialized' '(Ljava/lang/Class;)V' in 'sun/awt/AWTAccessor')}
  0x0000019c0020343c: 0001 48be | 9841 6b58 | 9c01 0000 | 8bbe cc00 | 0000 83c7 | 0289 becc | 0000 0081 | e7fe ff1f 
  0x0000019c0020345c: 0085 ff0f | 849a 1400 

  0x0000019c00203464: ;   {metadata(method data for {method} {0x0000019c580e6eb8} 'ensureClassInitialized' '(Ljava/lang/Class;)V' in 'sun/awt/AWTAccessor')}
  0x0000019c00203464: 0048 be98 | 416b 589c | 0100 0048 | 8386 1001 

  0x0000019c00203474: ;   {metadata(method data for {method} {0x0000019c1744ab28} 'lookup' '()Ljava/lang/invoke/MethodHandles$Lookup;' in 'java/lang/invoke/MethodHandles')}
  0x0000019c00203474: 0000 0148 | bee8 436b | 589c 0100 | 008b becc | 0000 0083 | c702 89be | cc00 0000 | 81e7 feff 
  0x0000019c00203494: 1f00 85ff | 0f84 8214 

  0x0000019c0020349c: ;   {metadata(method data for {method} {0x0000019c1744ab28} 'lookup' '()Ljava/lang/invoke/MethodHandles$Lookup;' in 'java/lang/invoke/MethodHandles')}
  0x0000019c0020349c: 0000 48be | e843 6b58 | 9c01 0000 | 4883 8610 | 0100 0001 | 0f1f 8000 

  0x0000019c002034b4: ;   {static_call}
  0x0000019c002034b4: 0000 00e8 

  0x0000019c002034b8: ; ImmutableOopMap {[168]=Oop }
                      ;*invokestatic getCallerClass {reexecute=0 rethrow=0 return_oop=0}
                      ; - java.lang.invoke.MethodHandles::lookup@0 (line 126)
                      ; - sun.awt.AWTAccessor::ensureClassInitialized@0 (line 1464)
                      ; - sun.awt.AWTAccessor::getInputEventAccessor@10 (line 963)
                      ; - java.awt.AWTEvent::dispatched@7 (line 571)
                      ; - java.awt.EventQueue::dispatchEventImpl@45 (line 726)
  0x0000019c002034b8: a4bb 2907 

  0x0000019c002034bc: ;   {post_call_nop}
  0x0000019c002034bc: 0f1f 8400 | 340b 0001 | 4c8b c04d 

  0x0000019c002034c8: ;   {metadata(method data for {method} {0x0000019c1744ab28} 'lookup' '()Ljava/lang/invoke/MethodHandles$Lookup;' in 'java/lang/invoke/MethodHandles')}
  0x0000019c002034c8: 85c0 48ba | e843 6b58 | 9c01 0000 | be30 0100 | 0074 05be | 2001 0000 | 488b 3c32 | 488d 7f01 
  0x0000019c002034e8: 4889 3c32 | 0f84 1d11 

  0x0000019c002034f0: ;   {metadata('java/lang/invoke/MethodHandles$Lookup')}
  0x0000019c002034f0: 0000 48ba | b8a5 1e17 | 9c01 0000 | 498b 87c8 | 0100 0048 | 8d78 2049 | 3bbf d801 | 0000 0f87 
  0x0000019c00203510: 2d14 0000 | 4989 bfc8 | 0100 0048 | c700 0100 | 0000 488b | ca49 ba00 | 0000 179c | 0100 0049 
  0x0000019c00203530: 2bca 8948 | 0848 33c9 | 8948 0c48 | 33c9 4889 | 4810 4889 | 4818 4c8b 

  0x0000019c00203548: ;   {metadata(method data for {method} {0x0000019c1744ab28} 'lookup' '()Ljava/lang/invoke/MethodHandles$Lookup;' in 'java/lang/invoke/MethodHandles')}
  0x0000019c00203548: c848 bfe8 | 436b 589c | 0100 0048 | 8387 5001 

  0x0000019c00203558: ;   {metadata(method data for {method} {0x0000019c1744edd8} '<init>' '(Ljava/lang/Class;)V' in 'java/lang/invoke/MethodHandles$Lookup')}
  0x0000019c00203558: 0000 0149 | b980 456b | 589c 0100 | 0041 8bb9 | cc00 0000 | 83c7 0241 | 89b9 cc00 | 0000 81e7 
  0x0000019c00203578: feff 1f00 | 85ff 0f84 | ca13 0000 

  0x0000019c00203584: ;   {metadata(method data for {method} {0x0000019c1744edd8} '<init>' '(Ljava/lang/Class;)V' in 'java/lang/invoke/MethodHandles$Lookup')}
  0x0000019c00203584: 4c8b c848 | bf80 456b | 589c 0100 | 0048 8387 | 1001 0000 

  0x0000019c00203598: ;   {oop(nullptr)}
  0x0000019c00203598: 0149 b900 | 0000 0000 | 0000 00bf | 5f00 0000 | 488b d048 | 8984 24b0 | 0000 000f 

  0x0000019c002035b4: ;   {optimized virtual_call}
  0x0000019c002035b4: 1f40 00e8 

  0x0000019c002035b8: ; ImmutableOopMap {[168]=Oop [176]=Oop }
                      ;*invokespecial <init> {reexecute=0 rethrow=0 return_oop=0}
                      ; - java.lang.invoke.MethodHandles$Lookup::<init>@5 (line 1534)
                      ; - java.lang.invoke.MethodHandles::lookup@23 (line 130)
                      ; - sun.awt.AWTAccessor::ensureClassInitialized@0 (line 1464)
                      ; - sun.awt.AWTAccessor::getInputEventAccessor@10 (line 963)
                      ; - java.awt.AWTEvent::dispatched@7 (line 571)
                      ; - java.awt.EventQueue::dispatchEventImpl@45 (line 726)
  0x0000019c002035b8: a4b4 2907 

  0x0000019c002035bc: ;   {post_call_nop}
  0x0000019c002035bc: 0f1f 8400 | 340c 0002 | 488b 8424 | b000 0000 

  0x0000019c002035cc: ;   {metadata(method data for {method} {0x0000019c580e6eb8} 'ensureClassInitialized' '(Ljava/lang/Class;)V' in 'sun/awt/AWTAccessor')}
  0x0000019c002035cc: 4c8b c048 | ba98 416b | 589c 0100 | 0045 8b40 | 0849 ba00 | 0000 179c | 0100 004d | 03c2 4c3b 
  0x0000019c002035ec: 8228 0100 | 0075 0d48 | 8382 3001 | 0000 01e9 | 6000 0000 | 4c3b 8238 | 0100 0075 | 0d48 8382 
  0x0000019c0020360c: 4001 0000 | 01e9 4a00 | 0000 4883 | ba28 0100 | 0000 7517 | 4c89 8228 | 0100 0048 | c782 3001 
  0x0000019c0020362c: 0000 0100 | 0000 e929 | 0000 0048 | 83ba 3801 | 0000 0075 | 174c 8982 | 3801 0000 | 48c7 8240 
  0x0000019c0020364c: 0100 0001 | 0000 00e9 | 0800 0000 | 4883 8220 | 0100 0001 

  0x0000019c00203660: ;   {oop(a 'java/lang/Class'{0x00000007157c2b20} = 'java/awt/event/InputEvent')}
  0x0000019c00203660: 49b8 202b | 7c15 0700 | 0000 488b 

  0x0000019c0020366c: ;   {optimized virtual_call}
  0x0000019c0020366c: d066 90e8 

  0x0000019c00203670: ; ImmutableOopMap {[168]=Oop }
                      ;*invokevirtual ensureInitialized {reexecute=0 rethrow=0 return_oop=0}
                      ; - sun.awt.AWTAccessor::ensureClassInitialized@4 (line 1464)
                      ; - sun.awt.AWTAccessor::getInputEventAccessor@10 (line 963)
                      ; - java.awt.AWTEvent::dispatched@7 (line 571)
                      ; - java.awt.EventQueue::dispatchEventImpl@45 (line 726)
  0x0000019c00203670: ecb3 2907 

  0x0000019c00203674: ;   {post_call_nop}
  0x0000019c00203674: 0f1f 8400 | ec0c 0003 

  0x0000019c0020367c: ;   {metadata(method data for {method} {0x0000019c580e6eb8} 'ensureClassInitialized' '(Ljava/lang/Class;)V' in 'sun/awt/AWTAccessor')}
  0x0000019c0020367c: 48ba 9841 | 6b58 9c01 | 0000 ff82 | 5001 0000 | e943 1000 | 004d 85c9 

  0x0000019c00203694: ;   {metadata(method data for {method} {0x0000019c58179338} 'dispatchEventImpl' '(Ljava/awt/AWTEvent;Ljava/lang/Object;)V' in 'java/awt/EventQueue')}
  0x0000019c00203694: 48bb d02f | 8d58 9c01 | 0000 750c | 808b f902 | 0000 01e9 | dc00 0000 | 418b 4108 | 49ba 0000 
  0x0000019c002036b4: 0017 9c01 | 0000 4903 | c248 3b83 | 0803 0000 | 750d 4883 | 8310 0300 | 0001 e960 | 0000 0048 
  0x0000019c002036d4: 3b83 1803 | 0000 750d | 4883 8320 | 0300 0001 | e94a 0000 | 0048 83bb | 0803 0000 | 0075 1748 
  0x0000019c002036f4: 8983 0803 | 0000 48c7 | 8310 0300 | 0001 0000 | 00e9 2900 | 0000 4883 | bb18 0300 | 0000 7517 
  0x0000019c00203714: 4889 8318 | 0300 0048 | c783 2003 | 0000 0100 | 0000 e908 | 0000 0048 | 8383 0003 | 0000 010f 
  0x0000019c00203734: 1f44 0000 

  0x0000019c00203738: ;   {no_reloc}
  0x0000019c00203738: e941 1200 | 0000 0000 | 0000 418b | 5908 49ba | 0000 0017 | 9c01 0000 | 4903 da48 | 3bd8 0f84 
  0x0000019c00203758: 3100 0000 | 8b78 1448 | 3b04 3b0f | 8424 0000 | 0083 ff20 | 0f85 1600 | 0000 5350 

  0x0000019c00203774: ;   {runtime_call C1 Runtime slow_subtype_check_blob}
  0x0000019c00203774: e8c7 d735 | 075b 5885 | c00f 8405 | 0000 00e9 | 0500 0000 | 4833 f6eb | 05be 0100 | 0000 85f6 
  0x0000019c00203794: ;   {metadata(method data for {method} {0x0000019c58179338} 'dispatchEventImpl' '(Ljava/awt/AWTEvent;Ljava/lang/Object;)V' in 'java/awt/EventQueue')}
  0x0000019c00203794: 48be d02f | 8d58 9c01 | 0000 bf40 | 0300 0075 | 05bf 3003 | 0000 488b | 1c3e 488d | 5b01 4889 
  0x0000019c002037b4: 1c3e 0f85 | 240b 0000 

  0x0000019c002037bc: ;   {metadata(method data for {method} {0x0000019c58179338} 'dispatchEventImpl' '(Ljava/awt/AWTEvent;Ljava/lang/Object;)V' in 'java/awt/EventQueue')}
  0x0000019c002037bc: 4d85 c948 | bbd0 2f8d | 589c 0100 | 0075 0c80 | 8bc1 0300 | 0001 e9d9 | 0000 0041 | 8b41 0849 
  0x0000019c002037dc: ba00 0000 | 179c 0100 | 0049 03c2 | 483b 83d0 | 0300 0075 | 0d48 8383 | d803 0000 | 01e9 6000 
  0x0000019c002037fc: 0000 483b | 83e0 0300 | 0075 0d48 | 8383 e803 | 0000 01e9 | 4a00 0000 | 4883 bbd0 | 0300 0000 
  0x0000019c0020381c: 7517 4889 | 83d0 0300 | 0048 c783 | d803 0000 | 0100 0000 | e929 0000 | 0048 83bb | e003 0000 
  0x0000019c0020383c: 0075 1748 | 8983 e003 | 0000 48c7 | 83e8 0300 | 0001 0000 | 00e9 0800 | 0000 4883 | 83c8 0300 
  0x0000019c0020385c: 0001 6690 

  0x0000019c00203860: ;   {no_reloc}
  0x0000019c00203860: e932 1100 | 0000 0000 | 0000 418b | 5908 49ba | 0000 0017 | 9c01 0000 | 4903 da48 | 3bd8 0f84 
  0x0000019c00203880: 3100 0000 | 8b78 1448 | 3b04 3b0f | 8424 0000 | 0083 ff20 | 0f85 1600 | 0000 5350 

  0x0000019c0020389c: ;   {runtime_call C1 Runtime slow_subtype_check_blob}
  0x0000019c0020389c: e89f d635 | 075b 5885 | c00f 8405 | 0000 00e9 | 0500 0000 | 4833 f6eb | 05be 0100 | 0000 85f6 
  0x0000019c002038bc: ;   {metadata(method data for {method} {0x0000019c58179338} 'dispatchEventImpl' '(Ljava/awt/AWTEvent;Ljava/lang/Object;)V' in 'java/awt/EventQueue')}
  0x0000019c002038bc: 48be d02f | 8d58 9c01 | 0000 bf08 | 0400 0075 | 05bf f803 | 0000 488b | 1c3e 488d | 5b01 4889 
  0x0000019c002038dc: 1c3e 0f85 | be08 0000 

  0x0000019c002038e4: ;   {metadata(method data for {method} {0x0000019c58179338} 'dispatchEventImpl' '(Ljava/awt/AWTEvent;Ljava/lang/Object;)V' in 'java/awt/EventQueue')}
  0x0000019c002038e4: 4d85 c948 | bbd0 2f8d | 589c 0100 | 0075 0c80 | 8b89 0400 | 0001 e9b0 | 0000 0041 | 8b41 0849 
  0x0000019c00203904: ba00 0000 | 179c 0100 | 0049 03c2 | 483b 8398 | 0400 0075 | 0d48 8383 | a004 0000 | 01e9 6000 
  0x0000019c00203924: 0000 483b | 83a8 0400 | 0075 0d48 | 8383 b004 | 0000 01e9 | 4a00 0000 | 4883 bb98 | 0400 0000 
  0x0000019c00203944: 7517 4889 | 8398 0400 | 0048 c783 | a004 0000 | 0100 0000 | e929 0000 | 0048 83bb | a804 0000 
  0x0000019c00203964: 0075 1748 | 8983 a804 | 0000 48c7 | 83b0 0400 | 0001 0000 | 00e9 0800 | 0000 4883 | 8390 0400 
  0x0000019c00203984: ;   {metadata('sun/awt/AWTAutoShutdown')}
  0x0000019c00203984: 0001 48b8 | f887 0618 | 9c01 0000 | 418b 7908 | 49ba 0000 | 0017 9c01 | 0000 4903 | fa48 3bc7 
  0x0000019c002039a4: 0f85 0500 | 0000 e905 | 0000 0048 | 33f6 eb05 | be01 0000 

  0x0000019c002039b8: ;   {metadata(method data for {method} {0x0000019c58179338} 'dispatchEventImpl' '(Ljava/awt/AWTEvent;Ljava/lang/Object;)V' in 'java/awt/EventQueue')}
  0x0000019c002039b8: 0085 f648 | bed0 2f8d | 589c 0100 | 00bf c004 | 0000 7405 | bfd0 0400 | 0048 8b1c | 3e48 8d5b 
  0x0000019c002039d8: 0148 891c | 3e0f 8448 | 0100 0048 

  0x0000019c002039e4: ;   {metadata(method data for {method} {0x0000019c58179338} 'dispatchEventImpl' '(Ljava/awt/AWTEvent;Ljava/lang/Object;)V' in 'java/awt/EventQueue')}
  0x0000019c002039e4: 8bf2 48bf | d02f 8d58 | 9c01 0000 | 4883 87e0 | 0400 0001 

  0x0000019c002039f8: ;   {metadata(method data for {method} {0x0000019c58178970} 'noEvents' '()Z' in 'java/awt/EventQueue')}
  0x0000019c002039f8: 48be 6043 | 8d58 9c01 | 0000 8bbe | cc00 0000 | 83c7 0289 | becc 0000 | 0081 e7fe | ff1f 0085 
  0x0000019c00203a18: ff0f 8482 | 0f00 00be | 0000 0000 | e994 0000 | 000f 1f80 | 0000 0000 | 8b7a 2048 | c1e7 033b 
  0x0000019c00203a38: 770c 0f83 | 8c0f 0000 | 4863 de8b | 7c9f 1048 | c1e7 038b | 7f0c 48c1 | e703 4885 

  0x0000019c00203a54: ;   {metadata(method data for {method} {0x0000019c58178970} 'noEvents' '()Z' in 'java/awt/EventQueue')}
  0x0000019c00203a54: ff48 bf60 | 438d 589c | 0100 00bb | 4001 0000 | 7505 bb30 | 0100 0048 | 8b04 1f48 | 8d40 0148 
  0x0000019c00203a74: 8904 1f0f | 8570 0000 

  0x0000019c00203a7c: ;   {metadata(method data for {method} {0x0000019c58178970} 'noEvents' '()Z' in 'java/awt/EventQueue')}
  0x0000019c00203a7c: 00ff c648 | bf60 438d | 589c 0100 | 008b 9fd0 | 0000 0083 | c302 899f | d000 0000 | 81e3 fe3f 
  0x0000019c00203a9c: 0000 85db | 0f84 390f | 0000 4d8b 

  0x0000019c00203aa8: ; ImmutableOopMap {rdx=Oop }
                      ;*goto {reexecute=1 rethrow=0 return_oop=0}
                      ; - (reexecute) java.awt.EventQueue::noEvents@24 (line 520)
                      ; - java.awt.EventQueue::dispatchEventImpl@95 (line 732)
                      ;   {poll}
  0x0000019c00203aa8: 5730 4185 

  0x0000019c00203aac: ;   {metadata(method data for {method} {0x0000019c58178970} 'noEvents' '()Z' in 'java/awt/EventQueue')}
  0x0000019c00203aac: 0248 bf60 | 438d 589c | 0100 00ff | 8750 0100 | 0083 fe04 

  0x0000019c00203ac0: ;   {metadata(method data for {method} {0x0000019c58178970} 'noEvents' '()Z' in 'java/awt/EventQueue')}
  0x0000019c00203ac0: 48bf 6043 | 8d58 9c01 | 0000 bb10 | 0100 007d | 05bb 2001 | 0000 488b | 041f 488d | 4001 4889 
  0x0000019c00203ae0: 041f 0f8d | 0f00 0000 | e943 ffff | ffbe 0000 | 0000 e905 | 0000 00be | 0100 0000 

  0x0000019c00203afc: ;   {metadata(method data for {method} {0x0000019c58179338} 'dispatchEventImpl' '(Ljava/awt/AWTEvent;Ljava/lang/Object;)V' in 'java/awt/EventQueue')}
  0x0000019c00203afc: 85f6 48be | d02f 8d58 | 9c01 0000 | bf10 0500 | 0074 05bf | 2005 0000 | 488b 1c3e | 488d 5b01 
  0x0000019c00203b1c: 4889 1c3e | 0f84 2f0d | 0000 e9ec 

  0x0000019c00203b28: ;   {metadata(method data for {method} {0x0000019c58179338} 'dispatchEventImpl' '(Ljava/awt/AWTEvent;Ljava/lang/Object;)V' in 'java/awt/EventQueue')}
  0x0000019c00203b28: 0500 0048 | bad0 2f8d | 589c 0100 | 0048 8382 | 7805 0000 

  0x0000019c00203b3c: ;   {metadata(method data for {method} {0x0000019c58177740} 'getEventLog' '()Lsun/util/logging/PlatformLogger;' in 'java/awt/EventQueue')}
  0x0000019c00203b3c: 0148 ba40 | 468d 589c | 0100 008b | b2cc 0000 | 0083 c602 | 89b2 cc00 | 0000 81e6 | feff 1f00 
  0x0000019c00203b5c: 85f6 0f84 | 9c0e 0000 

  0x0000019c00203b64: ;   {oop(a 'java/lang/Class'{0x00000007157e9bc8} = 'java/awt/EventQueue')}
  0x0000019c00203b64: 48ba c89b | 7e15 0700 | 0000 8b52 | 7848 c1e2 | 0348 85d2 

  0x0000019c00203b78: ;   {metadata(method data for {method} {0x0000019c58177740} 'getEventLog' '()Lsun/util/logging/PlatformLogger;' in 'java/awt/EventQueue')}
  0x0000019c00203b78: 48ba 4046 | 8d58 9c01 | 0000 be10 | 0100 0075 | 05be 2001 | 0000 488b | 3c32 488d | 7f01 4889 
  0x0000019c00203b98: 3c32 0f85 | 6800 0000 

  0x0000019c00203ba0: ;   {metadata(method data for {method} {0x0000019c58177740} 'getEventLog' '()Lsun/util/logging/PlatformLogger;' in 'java/awt/EventQueue')}
  0x0000019c00203ba0: 48ba 4046 | 8d58 9c01 | 0000 4883 | 8230 0100 

  0x0000019c00203bb0: ;   {oop("java.awt.event.EventQueue"{0x00000007156000a0})}
  0x0000019c00203bb0: 0001 48ba | a000 6015 | 0700 0000 

  0x0000019c00203bbc: ;   {static_call}
  0x0000019c00203bbc: 6666 90e8 

  0x0000019c00203bc0: ; ImmutableOopMap {[168]=Oop }
                      ;*invokestatic getLogger {reexecute=0 rethrow=0 return_oop=0}
                      ; - java.awt.EventQueue::getEventLog@8 (line 181)
                      ; - java.awt.EventQueue::dispatchEventImpl@111 (line 736)
  0x0000019c00203bc0: 9cb4 2907 

  0x0000019c00203bc4: ;   {post_call_nop}
  0x0000019c00203bc4: 0f1f 8400 | 3c12 0005 

  0x0000019c00203bcc: ;   {oop(a 'java/lang/Class'{0x00000007157e9bc8} = 'java/awt/EventQueue')}
  0x0000019c00203bcc: 49b8 c89b | 7e15 0700 | 0000 410f | be57 4885 | d20f 853e | 0e00 004c | 8bd0 49c1 | ea03 4589 
  0x0000019c00203bec: 5078 f083 | 4424 c000 | 498b d048 | 33d0 48c1 | ea15 4883 | fa00 0f85 | 390e 0000 

  0x0000019c00203c08: ;   {oop(a 'java/lang/Class'{0x00000007157e9bc8} = 'java/awt/EventQueue')}
  0x0000019c00203c08: 49b8 c89b | 7e15 0700 | 0000 458b | 4078 49c1 | e003 493b | 0049 8bd0 

  0x0000019c00203c20: ;   {metadata(method data for {method} {0x0000019c58179338} 'dispatchEventImpl' '(Ljava/awt/AWTEvent;Ljava/lang/Object;)V' in 'java/awt/EventQueue')}
  0x0000019c00203c20: 48be d02f | 8d58 9c01 

  0x0000019c00203c28: ;   {metadata('sun/util/logging/PlatformLogger')}
  0x0000019c00203c28: 0000 49ba | 10b8 0418 | 9c01 0000 | 4c89 9690 | 0500 0048 | 8386 9805 

  0x0000019c00203c40: ;   {metadata(method data for {method} {0x0000019c580cbd50} 'isLoggable' '(Lsun/util/logging/PlatformLogger$Level;)Z' in 'sun/util/logging/PlatformLogger')}
  0x0000019c00203c40: 0000 0148 | baa8 283d | 589c 0100 | 008b b2cc | 0000 0083 | c602 89b2 | cc00 0000 | 81e6 feff 
  0x0000019c00203c60: 1f00 85f6 | 0f84 f40d 

  0x0000019c00203c68: ;   {metadata(method data for {method} {0x0000019c580cbd50} 'isLoggable' '(Lsun/util/logging/PlatformLogger$Level;)Z' in 'sun/util/logging/PlatformLogger')}
  0x0000019c00203c68: 0000 48ba | a828 3d58 | 9c01 0000 | ff82 1001 | 0000 418b | 500c 48c1 | e203 483b | 024c 8bc2 
  0x0000019c00203c88: ;   {metadata(method data for {method} {0x0000019c580cbd50} 'isLoggable' '(Lsun/util/logging/PlatformLogger$Level;)Z' in 'sun/util/logging/PlatformLogger')}
  0x0000019c00203c88: 48be a828 | 3d58 9c01 | 0000 458b | 4008 49ba | 0000 0017 | 9c01 0000 | 4d03 c24c | 3b86 4801 
  0x0000019c00203ca8: 0000 750d | 4883 8650 | 0100 0001 | e960 0000 | 004c 3b86 | 5801 0000 | 750d 4883 | 8660 0100 
  0x0000019c00203cc8: 0001 e94a | 0000 0048 | 83be 4801 | 0000 0075 | 174c 8986 | 4801 0000 | 48c7 8650 | 0100 0001 
  0x0000019c00203ce8: 0000 00e9 | 2900 0000 | 4883 be58 | 0100 0000 | 7517 4c89 | 8658 0100 | 0048 c786 | 6001 0000 
  0x0000019c00203d08: 0100 0000 | e908 0000 | 0048 8386 | 4001 0000 

  0x0000019c00203d18: ;   {oop(a 'sun/util/logging/PlatformLogger$Level'{0x000000071577ad68})}
  0x0000019c00203d18: 0149 b868 | ad77 1507 | 0000 0066 | 9048 b838 | 4380 5c9c 

  0x0000019c00203d2c: ;   {virtual_call}
  0x0000019c00203d2c: 0100 00e8 

  0x0000019c00203d30: ; ImmutableOopMap {[168]=Oop }
                      ;*invokeinterface isLoggable {reexecute=0 rethrow=0 return_oop=0}
                      ; - sun.util.logging.PlatformLogger::isLoggable@17 (line 340)
                      ; - java.awt.EventQueue::dispatchEventImpl@117 (line 736)
  0x0000019c00203d30: 2cb0 2907 

  0x0000019c00203d34: ;   {post_call_nop}
  0x0000019c00203d34: 0f1f 8400 | ac13 0006 | 83e0 0185 

  0x0000019c00203d40: ;   {metadata(method data for {method} {0x0000019c58179338} 'dispatchEventImpl' '(Ljava/awt/AWTEvent;Ljava/lang/Object;)V' in 'java/awt/EventQueue')}
  0x0000019c00203d40: c048 bad0 | 2f8d 589c | 0100 00be | b805 0000 | 7405 bec8 | 0500 0048 | 8b3c 3248 | 8d7f 0148 
  0x0000019c00203d60: 893c 320f | 84ec 0a00 

  0x0000019c00203d68: ;   {metadata(method data for {method} {0x0000019c58179338} 'dispatchEventImpl' '(Ljava/awt/AWTEvent;Ljava/lang/Object;)V' in 'java/awt/EventQueue')}
  0x0000019c00203d68: 0048 bad0 | 2f8d 589c | 0100 0048 | 8382 d805 

  0x0000019c00203d78: ;   {metadata(method data for {method} {0x0000019c58177740} 'getEventLog' '()Lsun/util/logging/PlatformLogger;' in 'java/awt/EventQueue')}
  0x0000019c00203d78: 0000 0148 | ba40 468d | 589c 0100 | 008b b2cc | 0000 0083 | c602 89b2 | cc00 0000 | 81e6 feff 
  0x0000019c00203d98: 1f00 85f6 | 0f84 e20c 

  0x0000019c00203da0: ;   {oop(a 'java/lang/Class'{0x00000007157e9bc8} = 'java/awt/EventQueue')}
  0x0000019c00203da0: 0000 48ba | c89b 7e15 | 0700 0000 | 8b52 7848 | c1e2 0348 

  0x0000019c00203db4: ;   {metadata(method data for {method} {0x0000019c58177740} 'getEventLog' '()Lsun/util/logging/PlatformLogger;' in 'java/awt/EventQueue')}
  0x0000019c00203db4: 85d2 48ba | 4046 8d58 | 9c01 0000 | be10 0100 | 0075 05be | 2001 0000 | 488b 3c32 | 488d 7f01 
  0x0000019c00203dd4: 4889 3c32 | 0f85 6a00 

  0x0000019c00203ddc: ;   {metadata(method data for {method} {0x0000019c58177740} 'getEventLog' '()Lsun/util/logging/PlatformLogger;' in 'java/awt/EventQueue')}
  0x0000019c00203ddc: 0000 48ba | 4046 8d58 | 9c01 0000 | 4883 8230 | 0100 0001 

  0x0000019c00203df0: ;   {oop("java.awt.event.EventQueue"{0x00000007156000a0})}
  0x0000019c00203df0: 48ba a000 | 6015 0700 | 0000 0f1f 

  0x0000019c00203dfc: ;   {static_call}
  0x0000019c00203dfc: 4400 00e8 

  0x0000019c00203e00: ; ImmutableOopMap {[168]=Oop }
                      ;*invokestatic getLogger {reexecute=0 rethrow=0 return_oop=0}
                      ; - java.awt.EventQueue::getEventLog@8 (line 181)
                      ; - java.awt.EventQueue::dispatchEventImpl@123 (line 737)
  0x0000019c00203e00: 5cb2 2907 

  0x0000019c00203e04: ;   {post_call_nop}
  0x0000019c00203e04: 0f1f 8400 | 7c14 0007 

  0x0000019c00203e0c: ;   {oop(a 'java/lang/Class'{0x00000007157e9bc8} = 'java/awt/EventQueue')}
  0x0000019c00203e0c: 48ba c89b | 7e15 0700 | 0000 410f | be77 4885 | f60f 8582 | 0c00 004c | 8bd0 49c1 | ea03 4489 
  0x0000019c00203e2c: 5278 f083 | 4424 c000 | 488b f248 | 33f0 48c1 | ee15 4883 | fe00 0f85 | 7c0c 0000 

  0x0000019c00203e48: ;   {oop(a 'java/lang/Class'{0x00000007157e9bc8} = 'java/awt/EventQueue')}
  0x0000019c00203e48: 48ba c89b | 7e15 0700 | 0000 8b72 | 7848 c1e6 | 0348 89b4 | 24b8 0000 | 004c 8b84 | 24a8 0000 
  0x0000019c00203e68: ;   {metadata(method data for {method} {0x0000019c58179338} 'dispatchEventImpl' '(Ljava/awt/AWTEvent;Ljava/lang/Object;)V' in 'java/awt/EventQueue')}
  0x0000019c00203e68: 0048 bad0 | 2f8d 589c | 0100 0048 | 8382 e805 

  0x0000019c00203e78: ;   {metadata(method data for {method} {0x0000019c1747e890} 'valueOf' '(Ljava/lang/Object;)Ljava/lang/String;' in 'java/lang/String')}
  0x0000019c00203e78: 0000 0148 | ba70 621f | 589c 0100 | 008b bacc | 0000 0083 | c702 89ba | cc00 0000 | 81e7 feff 
  0x0000019c00203e98: 1f00 85ff | 0f84 3a0c | 0000 4d85 

  0x0000019c00203ea4: ;   {metadata(method data for {method} {0x0000019c1747e890} 'valueOf' '(Ljava/lang/Object;)Ljava/lang/String;' in 'java/lang/String')}
  0x0000019c00203ea4: c048 ba70 | 621f 589c | 0100 00bf | 1001 0000 | 7505 bf20 | 0100 0048 | 8b1c 3a48 | 8d5b 0148 
  0x0000019c00203ec4: 891c 3a0f | 851f 0000 

  0x0000019c00203ecc: ;   {metadata(method data for {method} {0x0000019c1747e890} 'valueOf' '(Ljava/lang/Object;)Ljava/lang/String;' in 'java/lang/String')}
  0x0000019c00203ecc: 0048 ba70 | 621f 589c | 0100 00ff | 8230 0100 

  0x0000019c00203edc: ;   {oop("null"{0x00000007ffe1c918})}
  0x0000019c00203edc: 0048 bf18 | c9e1 ff07 | 0000 00e9 | ab00 0000 

  0x0000019c00203eec: ;   {metadata(method data for {method} {0x0000019c1747e890} 'valueOf' '(Ljava/lang/Object;)Ljava/lang/String;' in 'java/lang/String')}
  0x0000019c00203eec: 498b d048 | bf70 621f | 589c 0100 | 008b 5208 | 49ba 0000 | 0017 9c01 | 0000 4903 | d248 3b97 
  0x0000019c00203f0c: 5001 0000 | 750d 4883 | 8758 0100 | 0001 e960 | 0000 0048 | 3b97 6001 | 0000 750d | 4883 8768 
  0x0000019c00203f2c: 0100 0001 | e94a 0000 | 0048 83bf | 5001 0000 | 0075 1748 | 8997 5001 | 0000 48c7 | 8758 0100 
  0x0000019c00203f4c: 0001 0000 | 00e9 2900 | 0000 4883 | bf60 0100 | 0000 7517 | 4889 9760 | 0100 0048 | c787 6801 
  0x0000019c00203f6c: 0000 0100 | 0000 e908 | 0000 0048 | 8387 4801 | 0000 0149 | 8bd0 0f1f 

  0x0000019c00203f84: ;   {optimized virtual_call}
  0x0000019c00203f84: 4400 00e8 

  0x0000019c00203f88: ; ImmutableOopMap {[184]=Oop }
                      ;*invokevirtual toString {reexecute=0 rethrow=0 return_oop=0}
                      ; - java.lang.String::valueOf@11 (line 4543)
                      ; - java.awt.EventQueue::dispatchEventImpl@127 (line 737)
  0x0000019c00203f88: d4aa 2907 

  0x0000019c00203f8c: ;   {post_call_nop}
  0x0000019c00203f8c: 0f1f 8400 | 0416 0008 | 488b f890 

  0x0000019c00203f98: ;   {no_reloc}
  0x0000019c00203f98: e96f 0b00 | 0090 9090 | 9090 488b 

  0x0000019c00203fa4: ;   {static_call}
  0x0000019c00203fa4: d766 90e8 

  0x0000019c00203fa8: ; ImmutableOopMap {[184]=Oop }
                      ;*invokedynamic {reexecute=0 rethrow=0 return_oop=0}
                      ; - java.awt.EventQueue::dispatchEventImpl@130 (line 737)
  0x0000019c00203fa8: b4b0 2907 

  0x0000019c00203fac: ;   {post_call_nop}
  0x0000019c00203fac: 0f1f 8400 | 2416 0009 

  0x0000019c00203fb4: ;   {metadata(method data for {method} {0x0000019c58179338} 'dispatchEventImpl' '(Ljava/awt/AWTEvent;Ljava/lang/Object;)V' in 'java/awt/EventQueue')}
  0x0000019c00203fb4: 49b8 d02f | 8d58 9c01 | 0000 4d8d | 8018 0600 | 0048 85c0 | 750b 41f6 | 0001 7505 | f049 8308 
  0x0000019c00203fd4: 0148 8bb4 | 24b8 0000 | 0048 3b06 

  0x0000019c00203fe0: ;   {metadata(method data for {method} {0x0000019c58179338} 'dispatchEventImpl' '(Ljava/awt/AWTEvent;Ljava/lang/Object;)V' in 'java/awt/EventQueue')}
  0x0000019c00203fe0: 4c8b c649 | b9d0 2f8d | 589c 0100 

  0x0000019c00203fec: ;   {metadata('sun/util/logging/PlatformLogger')}
  0x0000019c00203fec: 0049 ba10 | b804 189c | 0100 004d | 8991 3006 | 0000 4983 | 8138 0600 

  0x0000019c00204004: ;   {metadata(method data for {method} {0x0000019c580cc9a8} 'fine' '(Ljava/lang/String;)V' in 'sun/util/logging/PlatformLogger')}
  0x0000019c00204004: 0001 49b8 | b04e 8d58 | 9c01 0000 | 458b 88cc | 0000 0041 | 83c1 0245 | 8988 cc00 | 0000 4181 
  0x0000019c00204024: e1fe ff1f | 0045 85c9 | 0f84 e90a | 0000 8b56 | 0c48 c1e2 | 0348 3b02 

  0x0000019c0020403c: ;   {metadata(method data for {method} {0x0000019c580cc9a8} 'fine' '(Ljava/lang/String;)V' in 'sun/util/logging/PlatformLogger')}
  0x0000019c0020403c: 4c8b c249 | b9b0 4e8d | 589c 0100 | 0045 8b40 | 0849 ba00 | 0000 179c | 0100 004d | 03c2 4d3b 
  0x0000019c0020405c: 8148 0100 | 0075 0d49 | 8381 5001 | 0000 01e9 | 6000 0000 | 4d3b 8158 | 0100 0075 | 0d49 8381 
  0x0000019c0020407c: 6001 0000 | 01e9 4a00 | 0000 4983 | b948 0100 | 0000 7517 | 4d89 8148 | 0100 0049 | c781 5001 
  0x0000019c0020409c: 0000 0100 | 0000 e929 | 0000 0049 | 83b9 5801 | 0000 0075 | 174d 8981 | 5801 0000 | 49c7 8160 
  0x0000019c002040bc: 0100 0001 | 0000 00e9 | 0800 0000 | 4983 8140 | 0100 0001 

  0x0000019c002040d0: ;   {oop(a 'sun/util/logging/PlatformLogger$Level'{0x000000071577ad68})}
  0x0000019c002040d0: 49b8 68ad | 7715 0700 | 0000 4c8b 

  0x0000019c002040dc: ;   {oop(nullptr)}
  0x0000019c002040dc: c848 bf00 | 0000 0000 | 0000 0066 | 0f1f 4400 | 0048 b860 | 4380 5c9c 

  0x0000019c002040f4: ;   {virtual_call}
  0x0000019c002040f4: 0100 00e8 

  0x0000019c002040f8: ; ImmutableOopMap {}
                      ;*invokeinterface log {reexecute=0 rethrow=0 return_oop=0}
                      ; - sun.util.logging.PlatformLogger::fine@12 (line 449)
                      ; - java.awt.EventQueue::dispatchEventImpl@135 (line 737)
  0x0000019c002040f8: 64ac 2907 

  0x0000019c002040fc: ;   {post_call_nop}
  0x0000019c002040fc: 0f1f 8400 | 7417 000a | 4881 c4d0 | 0000 005d 

  0x0000019c0020410c: ;   {poll_return}
  0x0000019c0020410c: 493b 6728 | 0f87 2b0a | 0000 c344 | 8b42 3449 | c1e0 0349 | 3b00 498b 

  0x0000019c00204124: ;   {metadata(method data for {method} {0x0000019c58179338} 'dispatchEventImpl' '(Ljava/awt/AWTEvent;Ljava/lang/Object;)V' in 'java/awt/EventQueue')}
  0x0000019c00204124: d048 bed0 | 2f8d 589c 

  0x0000019c0020412c: ;   {metadata('java/awt/EventDispatchThread')}
  0x0000019c0020412c: 0100 0049 | bac0 920a | 189c 0100 | 004c 8996 | 3805 0000 | 4883 8640 | 0500 0001 

  0x0000019c00204148: ;   {metadata(method data for {method} {0x0000019c5869e0f0} 'stopDispatching' '()V' in 'java/awt/EventDispatchThread')}
  0x0000019c00204148: 48ba 0845 | 8d58 9c01 | 0000 8bb2 | cc00 0000 | 83c6 0289 | b2cc 0000 | 0081 e6fe | ff1f 0085 
  0x0000019c00204168: f60f 84ed | 0900 00ba | 0000 0000 | 4188 5070 | f083 4424 

  0x0000019c0020417c: ;   {metadata(method data for {method} {0x0000019c58179338} 'dispatchEventImpl' '(Ljava/awt/AWTEvent;Ljava/lang/Object;)V' in 'java/awt/EventQueue')}
  0x0000019c0020417c: c000 49b8 | d02f 8d58 | 9c01 0000 | 41ff 8060 | 0500 0048 | 81c4 d000 

  0x0000019c00204194: ;   {poll_return}
  0x0000019c00204194: 0000 5d49 | 3b67 280f | 87dc 0900 | 00c3 4c8b | 8424 a800 | 0000 4d85 

  0x0000019c002041ac: ;   {metadata(method data for {method} {0x0000019c58179338} 'dispatchEventImpl' '(Ljava/awt/AWTEvent;Ljava/lang/Object;)V' in 'java/awt/EventQueue')}
  0x0000019c002041ac: c948 bfd0 | 2f8d 589c | 0100 0075 | 0c80 8f11 | 0400 0001 | e9db 0000 | 0041 8b59 | 0849 ba00 
  0x0000019c002041cc: 0000 179c | 0100 0049 | 03da 483b | 9f20 0400 | 0075 0d48 | 8387 2804 | 0000 01e9 | 6000 0000 
  0x0000019c002041ec: 483b 9f30 | 0400 0075 | 0d48 8387 | 3804 0000 | 01e9 4a00 | 0000 4883 | bf20 0400 | 0000 7517 
  0x0000019c0020420c: 4889 9f20 | 0400 0048 | c787 2804 | 0000 0100 | 0000 e929 | 0000 0048 | 83bf 3004 | 0000 0075 
  0x0000019c0020422c: 1748 899f | 3004 0000 | 48c7 8738 | 0400 0001 | 0000 00e9 | 0800 0000 | 4883 8718 | 0400 0001 
  0x0000019c0020424c: 0f1f 4000 

  0x0000019c00204250: ;   {no_reloc}
  0x0000019c00204250: e94d 0900 | 0000 0000 | 0000 418b | 7908 49ba | 0000 0017 | 9c01 0000 | 4903 fa48 | 3bfb 0f84 
  0x0000019c00204270: 2c00 0000 | 8b73 1448 | 3b1c 370f | 841f 0000 | 0083 fe20 | 0f85 2209 | 0000 5753 

  0x0000019c0020428c: ;   {runtime_call C1 Runtime slow_subtype_check_blob}
  0x0000019c0020428c: e8af cc35 | 075f 5b85 | db0f 8411 | 0900 00e9 | 0000 0000 | 498b d166 | 9048 b888 | 4380 5c9c 
  0x0000019c002042ac: ;   {virtual_call}
  0x0000019c002042ac: 0100 00e8 

  0x0000019c002042b0: ; ImmutableOopMap {}
                      ;*invokevirtual dispatchEvent {reexecute=0 rethrow=0 return_oop=0}
                      ; - java.awt.EventQueue::dispatchEventImpl@81 (line 730)
  0x0000019c002042b0: acaa 2907 

  0x0000019c002042b4: ;   {post_call_nop}
  0x0000019c002042b4: 0f1f 8400 | 2c19 000b 

  0x0000019c002042bc: ;   {metadata(method data for {method} {0x0000019c58179338} 'dispatchEventImpl' '(Ljava/awt/AWTEvent;Ljava/lang/Object;)V' in 'java/awt/EventQueue')}
  0x0000019c002042bc: 49b8 d02f | 8d58 9c01 | 0000 41ff | 8078 0400 | 0048 81c4 | d000 0000 

  0x0000019c002042d4: ;   {poll_return}
  0x0000019c002042d4: 5d49 3b67 | 280f 87d6 | 0800 00c3 | 4c8b 8424 | a800 0000 

  0x0000019c002042e8: ;   {metadata(method data for {method} {0x0000019c58179338} 'dispatchEventImpl' '(Ljava/awt/AWTEvent;Ljava/lang/Object;)V' in 'java/awt/EventQueue')}
  0x0000019c002042e8: 4d85 c948 | bfd0 2f8d | 589c 0100 | 0075 0c80 | 8f49 0300 | 0001 e9dd | 0000 0041 | 8b59 0849 
  0x0000019c00204308: ba00 0000 | 179c 0100 | 0049 03da | 483b 9f58 | 0300 0075 | 0d48 8387 | 6003 0000 | 01e9 6000 
  0x0000019c00204328: 0000 483b | 9f68 0300 | 0075 0d48 | 8387 7003 | 0000 01e9 | 4a00 0000 | 4883 bf58 | 0300 0000 
  0x0000019c00204348: 7517 4889 | 9f58 0300 | 0048 c787 | 6003 0000 | 0100 0000 | e929 0000 | 0048 83bf | 6803 0000 
  0x0000019c00204368: 0075 1748 | 899f 6803 | 0000 48c7 | 8770 0300 | 0001 0000 | 00e9 0800 | 0000 4883 | 8750 0300 
  0x0000019c00204388: 0001 660f | 1f44 0000 

  0x0000019c00204390: ;   {no_reloc}
  0x0000019c00204390: e945 0800 | 0000 0000 | 0000 418b | 7908 49ba | 0000 0017 | 9c01 0000 | 4903 fa48 | 3bfb 0f84 
  0x0000019c002043b0: 2c00 0000 | 8b73 1448 | 3b1c 370f | 841f 0000 | 0083 fe20 | 0f85 1a08 | 0000 5753 

  0x0000019c002043cc: ;   {runtime_call C1 Runtime slow_subtype_check_blob}
  0x0000019c002043cc: e86f cb35 | 075f 5b85 | db0f 8409 | 0800 00e9 | 0000 0000 | 498b d166 | 9048 b8b0 | 4380 5c9c 
  0x0000019c002043ec: ;   {virtual_call}
  0x0000019c002043ec: 0100 00e8 

  0x0000019c002043f0: ; ImmutableOopMap {}
                      ;*invokevirtual dispatchEvent {reexecute=0 rethrow=0 return_oop=0}
                      ; - java.awt.EventQueue::dispatchEventImpl@63 (line 728)
  0x0000019c002043f0: 6ca9 2907 

  0x0000019c002043f4: ;   {post_call_nop}
  0x0000019c002043f4: 0f1f 8400 | 6c1a 000c 

  0x0000019c002043fc: ;   {metadata(method data for {method} {0x0000019c58179338} 'dispatchEventImpl' '(Ljava/awt/AWTEvent;Ljava/lang/Object;)V' in 'java/awt/EventQueue')}
  0x0000019c002043fc: 49b8 d02f | 8d58 9c01 | 0000 41ff | 80b0 0300 | 0048 81c4 | d000 0000 

  0x0000019c00204414: ;   {poll_return}
  0x0000019c00204414: 5d49 3b67 | 280f 87ce | 0700 00c3 

  0x0000019c00204420: ;   {metadata(method data for {method} {0x0000019c58179338} 'dispatchEventImpl' '(Ljava/awt/AWTEvent;Ljava/lang/Object;)V' in 'java/awt/EventQueue')}
  0x0000019c00204420: 488b f248 | bfd0 2f8d | 589c 0100 | 0048 8387 | 6001 0000 | 0149 8bf0 | 4c8b c60f 

  0x0000019c0020443c: ;   {optimized virtual_call}
  0x0000019c0020443c: 1f40 00e8 

  0x0000019c00204440: ; ImmutableOopMap {[168]=Oop }
                      ;*invokevirtual setCurrentEventAndMostRecentTimeImpl {reexecute=0 rethrow=0 return_oop=0}
                      ; - java.awt.EventQueue::dispatchEventImpl@14 (line 722)
  0x0000019c00204440: fcce ffff 

  0x0000019c00204444: ;   {post_call_nop}
  0x0000019c00204444: 0f1f 8400 | bc1a 000d | 4c8b 8424 | a800 0000 

  0x0000019c00204454: ;   {metadata(method data for {method} {0x0000019c58179338} 'dispatchEventImpl' '(Ljava/awt/AWTEvent;Ljava/lang/Object;)V' in 'java/awt/EventQueue')}
  0x0000019c00204454: 4d85 c048 | bfd0 2f8d | 589c 0100 | 0075 0c80 | 8f89 0100 | 0001 e9cb | 0000 0041 | 8b58 0849 
  0x0000019c00204474: ba00 0000 | 179c 0100 | 0049 03da | 483b 9f98 | 0100 0075 | 0d48 8387 | a001 0000 | 01e9 6000 
  0x0000019c00204494: 0000 483b | 9fa8 0100 | 0075 0d48 | 8387 b001 | 0000 01e9 | 4a00 0000 | 4883 bf98 | 0100 0000 
  0x0000019c002044b4: 7517 4889 | 9f98 0100 | 0048 c787 | a001 0000 | 0100 0000 | e929 0000 | 0048 83bf | a801 0000 
  0x0000019c002044d4: 0075 1748 | 899f a801 | 0000 48c7 | 87b0 0100 | 0001 0000 | 00e9 0800 | 0000 4883 | 8790 0100 
  0x0000019c002044f4: ;   {metadata('java/awt/ActiveEvent')}
  0x0000019c002044f4: 0001 48bb | d087 6958 | 9c01 0000 | 418b 7808 | 49ba 0000 | 0017 9c01 | 0000 4903 | fa48 3b5f 
  0x0000019c00204514: 200f 841f | 0000 0048 | 3bfb 0f84 | 1600 0000 

  0x0000019c00204524: ;   {runtime_call C1 Runtime slow_subtype_check_blob}
  0x0000019c00204524: 5753 e815 | ca35 075f | 5f85 ff0f | 84ce 0600 | 00e9 0000 | 0000 498b | d048 3b02 

  0x0000019c00204540: ;   {metadata(method data for {method} {0x0000019c58179338} 'dispatchEventImpl' '(Ljava/awt/AWTEvent;Ljava/lang/Object;)V' in 'java/awt/EventQueue')}
  0x0000019c00204540: 488b f248 | bfd0 2f8d | 589c 0100 | 008b 7608 | 49ba 0000 | 0017 9c01 | 0000 4903 | f248 3bb7 
  0x0000019c00204560: c801 0000 | 750d 4883 | 87d0 0100 | 0001 e960 | 0000 0048 | 3bb7 d801 | 0000 750d | 4883 87e0 
  0x0000019c00204580: 0100 0001 | e94a 0000 | 0048 83bf | c801 0000 | 0075 1748 | 89b7 c801 | 0000 48c7 | 87d0 0100 
  0x0000019c002045a0: 0001 0000 | 00e9 2900 | 0000 4883 | bfd8 0100 | 0000 7517 | 4889 b7d8 | 0100 0048 | c787 e001 
  0x0000019c002045c0: 0000 0100 | 0000 e908 | 0000 0048 | 8387 c001 | 0000 0166 | 9048 b8d8 | 4380 5c9c 

  0x0000019c002045dc: ;   {virtual_call}
  0x0000019c002045dc: 0100 00e8 

  0x0000019c002045e0: ; ImmutableOopMap {}
                      ;*invokeinterface dispatch {reexecute=0 rethrow=0 return_oop=0}
                      ; - java.awt.EventQueue::dispatchEventImpl@21 (line 723)
  0x0000019c002045e0: 6ca9 3607 

  0x0000019c002045e4: ;   {post_call_nop}
  0x0000019c002045e4: 0f1f 8400 | 5c1c 000e 

  0x0000019c002045ec: ;   {metadata(method data for {method} {0x0000019c58179338} 'dispatchEventImpl' '(Ljava/awt/AWTEvent;Ljava/lang/Object;)V' in 'java/awt/EventQueue')}
  0x0000019c002045ec: 48ba d02f | 8d58 9c01 | 0000 ff82 | f001 0000 | 4881 c4d0 | 0000 005d 

  0x0000019c00204604: ;   {poll_return}
  0x0000019c00204604: 493b 6728 | 0f87 0306 | 0000 c390 

  0x0000019c00204610: ;   {no_reloc}
  0x0000019c00204610: e921 0600 | 0000 0000 | 0000 80ba | 4001 0000 | 040f 851e | 0600 0049 | 8b87 c801 | 0000 488d 
  0x0000019c00204630: 7828 493b | bfd8 0100 | 000f 8706 | 0600 0049 | 89bf c801 | 0000 48c7 | 0001 0000 | 0048 8bca 
  0x0000019c00204650: 49ba 0000 | 0017 9c01 | 0000 492b | ca89 4808 | 4833 c989 | 480c 4833 | c948 8948 | 1048 8948 
  0x0000019c00204670: 1848 8948 | 2048 8bd0 

  0x0000019c00204678: ;   {metadata(method data for {method} {0x0000019c1744ab28} 'lookup' '()Ljava/lang/invoke/MethodHandles$Lookup;' in 'java/lang/invoke/MethodHandles')}
  0x0000019c00204678: 48be e843 | 6b58 9c01 | 0000 4883 | 8640 0100 

  0x0000019c00204688: ;   {oop("no caller frame"{0x00000007ffe27160})}
  0x0000019c00204688: 0001 49b8 | 6071 e2ff | 0700 0000 | 488b d048 | 8984 24c0 

  0x0000019c0020469c: ;   {optimized virtual_call}
  0x0000019c0020469c: 0000 00e8 

  0x0000019c002046a0: ; ImmutableOopMap {[168]=Oop [192]=Oop }
                      ;*invokespecial <init> {reexecute=0 rethrow=0 return_oop=0}
                      ; - java.lang.invoke.MethodHandles::lookup@14 (line 128)
                      ; - sun.awt.AWTAccessor::ensureClassInitialized@0 (line 1464)
                      ; - sun.awt.AWTAccessor::getInputEventAccessor@10 (line 963)
                      ; - java.awt.AWTEvent::dispatched@7 (line 571)
                      ; - java.awt.EventQueue::dispatchEventImpl@45 (line 726)
  0x0000019c002046a0: bca3 2907 

  0x0000019c002046a4: ;   {post_call_nop}
  0x0000019c002046a4: 0f1f 8400 | 1c1d 000f | 488b 8424 | c000 0000 | e905 0600 | 0049 8b87 | 0805 0000 | 4d33 d24d 
  0x0000019c002046c4: 8997 0805 | 0000 4d33 | d24d 8997 | 1005 0000 

  0x0000019c002046d4: ;   {oop(a 'java/lang/Class'{0x0000000715782650} = 'sun/awt/AWTAccessor')}
  0x0000019c002046d4: 48be 5026 | 7815 0700 | 0000 8bb6 | 8400 0000 | 48c1 e603 | 4c8b 8424 | a800 0000 

  0x0000019c002046f0: ;   {metadata(method data for {method} {0x0000019c580ca4c8} 'dispatched' '()V' in 'java/awt/AWTEvent')}
  0x0000019c002046f0: 4d85 c048 | b848 3e8d | 589c 0100 | 0075 0c80 | 8869 0100 | 0001 e9b1 | 0000 0041 | 8b50 0849 
  0x0000019c00204710: ba00 0000 | 179c 0100 | 0049 03d2 | 483b 9078 | 0100 0075 | 0d48 8380 | 8001 0000 | 01e9 6000 
  0x0000019c00204730: 0000 483b | 9088 0100 | 0075 0d48 | 8380 9001 | 0000 01e9 | 4a00 0000 | 4883 b878 | 0100 0000 
  0x0000019c00204750: 7517 4889 | 9078 0100 | 0048 c780 | 8001 0000 | 0100 0000 | e929 0000 | 0048 83b8 | 8801 0000 
  0x0000019c00204770: 0075 1748 | 8990 8801 | 0000 48c7 | 8090 0100 | 0001 0000 | 00e9 0800 | 0000 4883 | 8070 0100 
  0x0000019c00204790: ;   {metadata('java/awt/event/InputEvent')}
  0x0000019c00204790: 0001 48ba | c8e0 0f58 | 9c01 0000 | 418b 4008 | 49ba 0000 | 0017 9c01 | 0000 4903 | c248 3b50 
  0x0000019c002047b0: 500f 859b | 0400 00e9 | 0000 0000 | 498b f848 | 85f6 0f84 | 2900 0000 

  0x0000019c002047c8: ;   {metadata('java/awt/event/InputEvent$1')}
  0x0000019c002047c8: 48b9 f8fc | 0418 9c01 | 0000 8b56 | 0849 ba00 | 0000 179c | 0100 0049 | 03d2 483b | 4a38 0f85 
  0x0000019c002047e8: 6f04 0000 | e900 0000 | 0048 8bde 

  0x0000019c002047f4: ; implicit exception: dispatches to 0x0000019c00204c60
                      ;   {metadata(method data for {method} {0x0000019c580ca4c8} 'dispatched' '()V' in 'java/awt/AWTEvent')}
  0x0000019c002047f4: 483b 0648 | bb48 3e8d | 589c 0100 

  0x0000019c00204800: ;   {metadata('java/awt/event/InputEvent$1')}
  0x0000019c00204800: 0049 baf8 | fc04 189c | 0100 004c | 8993 a801 | 0000 4883 | 83b0 0100 

  0x0000019c00204818: ;   {metadata(method data for {method} {0x0000019c58100b40} 'setCanAccessSystemClipboard' '(Ljava/awt/event/InputEvent;Z)V' in 'java/awt/event/InputEvent$1')}
  0x0000019c00204818: 0001 48be | d041 8d58 | 9c01 0000 | 8b9e cc00 | 0000 83c3 | 0289 9ecc | 0000 0081 | e3fe ff1f 
  0x0000019c00204838: 0085 db0f | 8424 0400 | 00c6 4728 

  0x0000019c00204844: ;   {metadata(method data for {method} {0x0000019c58179338} 'dispatchEventImpl' '(Ljava/awt/AWTEvent;Ljava/lang/Object;)V' in 'java/awt/EventQueue')}
  0x0000019c00204844: 0048 bed0 | 2f8d 589c | 0100 00ff | 86e8 0200 | 0048 81c4 | d000 0000 

  0x0000019c0020485c: ;   {poll_return}
  0x0000019c0020485c: 5d49 3b67 | 280f 8724 | 0400 00c3 

  0x0000019c00204868: ;   {metadata({method} {0x0000019c58179338} 'dispatchEventImpl' '(Ljava/awt/AWTEvent;Ljava/lang/Object;)V' in 'java/awt/EventQueue')}
  0x0000019c00204868: 49ba 3093 | 1758 9c01 | 0000 4c89 | 5424 0848 | c704 24ff 

  0x0000019c0020487c: ;   {runtime_call C1 Runtime counter_overflow_blob}
  0x0000019c0020487c: ffff ffe8 

  0x0000019c00204880: ; ImmutableOopMap {rdx=Oop r8=Oop r9=Oop [168]=Oop }
                      ;*synchronization entry
                      ; - java.awt.EventQueue::dispatchEventImpl@-1 (line 719)
  0x0000019c00204880: dced 3507 | e905 e5ff 

  0x0000019c00204888: ;   {runtime_call C1 Runtime throw_null_pointer_exception_blob}
  0x0000019c00204888: ffe8 d29c 

  0x0000019c0020488c: ; ImmutableOopMap {rdx=Oop r8=Oop r9=Oop [168]=Oop }
                      ;*putfield isPosted {reexecute=1 rethrow=0 return_oop=0}
                      ; - (reexecute) java.awt.EventQueue::dispatchEventImpl@2 (line 719)
  0x0000019c0020488c: 3507 4c89 

  0x0000019c00204890: ;   {runtime_call C1 Runtime throw_class_cast_exception_blob}
  0x0000019c00204890: 0c24 e8c9 

  0x0000019c00204894: ; ImmutableOopMap {r8=Oop [168]=Oop }
                      ;*checkcast {reexecute=0 rethrow=0 return_oop=0}
                      ; - java.awt.EventQueue::dispatchEventImpl@37 (line 725)
                      ;   {runtime_call C1 Runtime throw_null_pointer_exception_blob}
  0x0000019c00204894: c035 07e8 

  0x0000019c00204898: ; ImmutableOopMap {r8=Oop rdx=Oop [168]=Oop }
                      ;*invokevirtual dispatchEvent {reexecute=0 rethrow=0 return_oop=0}
                      ; - java.awt.EventQueue::dispatchEventImpl@41 (line 725)
  0x0000019c00204898: c49c 3507 

  0x0000019c0020489c: ;   {metadata({method} {0x0000019c58085fe8} 'dispatchEvent' '(Ljava/awt/AWTEvent;)V' in 'java/awt/Component')}
  0x0000019c0020489c: 49ba e05f | 0858 9c01 | 0000 4c89 | 5424 0848 | c704 24ff 

  0x0000019c002048b0: ;   {runtime_call C1 Runtime counter_overflow_blob}
  0x0000019c002048b0: ffff ffe8 

  0x0000019c002048b4: ; ImmutableOopMap {r8=Oop rdx=Oop [168]=Oop }
                      ;*synchronization entry
                      ; - java.awt.Component::dispatchEvent@-1 (line 4790)
                      ; - java.awt.EventQueue::dispatchEventImpl@41 (line 725)
  0x0000019c002048b4: a8ed 3507 | e97c e8ff 

  0x0000019c002048bc: ;   {metadata({method} {0x0000019c580ca4c8} 'dispatched' '()V' in 'java/awt/AWTEvent')}
  0x0000019c002048bc: ff49 bac0 | a40c 589c | 0100 004c | 8954 2408 | 48c7 0424 | ffff ffff 

  0x0000019c002048d4: ;   {runtime_call C1 Runtime counter_overflow_blob}
  0x0000019c002048d4: e887 ed35 

  0x0000019c002048d8: ; ImmutableOopMap {[168]=Oop }
                      ;*synchronization entry
                      ; - java.awt.AWTEvent::dispatched@-1 (line 570)
                      ; - java.awt.EventQueue::dispatchEventImpl@45 (line 726)
  0x0000019c002048d8: 07e9 cee9 

  0x0000019c002048dc: ;   {metadata({method} {0x0000019c580e46f8} 'getInputEventAccessor' '()Lsun/awt/AWTAccessor$InputEventAccessor;' in 'sun/awt/AWTAccessor')}
  0x0000019c002048dc: ffff 49ba | f046 0e58 | 9c01 0000 | 4c89 5424 | 0848 c704 | 24ff ffff 

  0x0000019c002048f4: ;   {runtime_call C1 Runtime counter_overflow_blob}
  0x0000019c002048f4: ffe8 66ed 

  0x0000019c002048f8: ; ImmutableOopMap {r8=Oop [168]=Oop }
                      ;*synchronization entry
                      ; - sun.awt.AWTAccessor::getInputEventAccessor@-1 (line 961)
                      ; - java.awt.AWTEvent::dispatched@7 (line 571)
                      ; - java.awt.EventQueue::dispatchEventImpl@45 (line 726)
  0x0000019c002048f8: 3507 e9ee 

  0x0000019c002048fc: ;   {metadata({method} {0x0000019c580e6eb8} 'ensureClassInitialized' '(Ljava/lang/Class;)V' in 'sun/awt/AWTAccessor')}
  0x0000019c002048fc: eaff ff49 | bab0 6e0e | 589c 0100 | 004c 8954 | 2408 48c7 | 0424 ffff 

  0x0000019c00204914: ;   {runtime_call C1 Runtime counter_overflow_blob}
  0x0000019c00204914: ffff e845 

  0x0000019c00204918: ; ImmutableOopMap {[168]=Oop }
                      ;*synchronization entry
                      ; - sun.awt.AWTAccessor::ensureClassInitialized@-1 (line 1464)
                      ; - sun.awt.AWTAccessor::getInputEventAccessor@10 (line 963)
                      ; - java.awt.AWTEvent::dispatched@7 (line 571)
                      ; - java.awt.EventQueue::dispatchEventImpl@45 (line 726)
  0x0000019c00204918: ed35 07e9 | 45eb ffff 

  0x0000019c00204920: ;   {metadata({method} {0x0000019c1744ab28} 'lookup' '()Ljava/lang/invoke/MethodHandles$Lookup;' in 'java/lang/invoke/MethodHandles')}
  0x0000019c00204920: 49ba 20ab | 4417 9c01 | 0000 4c89 | 5424 0848 | c704 24ff 

  0x0000019c00204934: ;   {runtime_call C1 Runtime counter_overflow_blob}
  0x0000019c00204934: ffff ffe8 

  0x0000019c00204938: ; ImmutableOopMap {[168]=Oop }
                      ;*synchronization entry
                      ; - java.lang.invoke.MethodHandles::lookup@-1 (line 126)
                      ; - sun.awt.AWTAccessor::ensureClassInitialized@0 (line 1464)
                      ; - sun.awt.AWTAccessor::getInputEventAccessor@10 (line 963)
                      ; - java.awt.AWTEvent::dispatched@7 (line 571)
                      ; - java.awt.EventQueue::dispatchEventImpl@45 (line 726)
  0x0000019c00204938: 24ed 3507 | e95d ebff | ff48 8bd2 

  0x0000019c00204944: ;   {runtime_call C1 Runtime fast_new_instance_blob}
  0x0000019c00204944: e817 a535 

  0x0000019c00204948: ; ImmutableOopMap {r8=Oop [168]=Oop }
                      ;*new {reexecute=0 rethrow=0 return_oop=0}
                      ; - java.lang.invoke.MethodHandles::lookup@18 (line 130)
                      ; - sun.awt.AWTAccessor::ensureClassInitialized@0 (line 1464)
                      ; - sun.awt.AWTAccessor::getInputEventAccessor@10 (line 963)
                      ; - java.awt.AWTEvent::dispatched@7 (line 571)
                      ; - java.awt.EventQueue::dispatchEventImpl@45 (line 726)
  0x0000019c00204948: 07e9 f8eb 

  0x0000019c0020494c: ;   {metadata({method} {0x0000019c1744edd8} '<init>' '(Ljava/lang/Class;)V' in 'java/lang/invoke/MethodHandles$Lookup')}
  0x0000019c0020494c: ffff 49ba | d0ed 4417 | 9c01 0000 | 4c89 5424 | 0848 c704 | 24ff ffff 

  0x0000019c00204964: ;   {runtime_call C1 Runtime counter_overflow_blob}
  0x0000019c00204964: ffe8 f6ec 

  0x0000019c00204968: ; ImmutableOopMap {r8=Oop rax=Oop [168]=Oop }
                      ;*synchronization entry
                      ; - java.lang.invoke.MethodHandles$Lookup::<init>@-1 (line 1534)
                      ; - java.lang.invoke.MethodHandles::lookup@23 (line 130)
                      ; - sun.awt.AWTAccessor::ensureClassInitialized@0 (line 1464)
                      ; - sun.awt.AWTAccessor::getInputEventAccessor@10 (line 963)
                      ; - java.awt.AWTEvent::dispatched@7 (line 571)
                      ; - java.awt.EventQueue::dispatchEventImpl@45 (line 726)
  0x0000019c00204968: 3507 e915 

  0x0000019c0020496c: ;   {metadata(nullptr)}
  0x0000019c0020496c: ecff ff48 | b800 0000 | 0000 0000 | 00b8 000f 

  0x0000019c0020497c: ;   {runtime_call C1 Runtime load_klass_patching_blob}
  0x0000019c0020497c: 050a e85d 

  0x0000019c00204980: ; ImmutableOopMap {rdx=Oop r9=Oop [168]=Oop }
                      ;*instanceof {reexecute=1 rethrow=0 return_oop=0}
                      ; - (reexecute) java.awt.EventQueue::dispatchEventImpl@52 (line 727)
  0x0000019c00204980: dc35 07e9 | b0ed ffff 

  0x0000019c00204988: ;   {metadata(nullptr)}
  0x0000019c00204988: 48b8 0000 | 0000 0000 | 0000 b800 

  0x0000019c00204994: ;   {runtime_call C1 Runtime load_klass_patching_blob}
  0x0000019c00204994: 0f05 0ae8 

  0x0000019c00204998: ; ImmutableOopMap {rdx=Oop r9=Oop [168]=Oop }
                      ;*instanceof {reexecute=1 rethrow=0 return_oop=0}
                      ; - (reexecute) java.awt.EventQueue::dispatchEventImpl@70 (line 729)
  0x0000019c00204998: 44dc 3507 | e9bf eeff 

  0x0000019c002049a0: ;   {metadata({method} {0x0000019c58178970} 'noEvents' '()Z' in 'java/awt/EventQueue')}
  0x0000019c002049a0: ff49 ba68 | 8917 589c | 0100 004c | 8954 2408 | 48c7 0424 | ffff ffff 

  0x0000019c002049b8: ;   {runtime_call C1 Runtime counter_overflow_blob}
  0x0000019c002049b8: e8a3 ec35 

  0x0000019c002049bc: ; ImmutableOopMap {rdx=Oop }
                      ;*synchronization entry
                      ; - java.awt.EventQueue::noEvents@-1 (line 520)
                      ; - java.awt.EventQueue::dispatchEventImpl@95 (line 732)
  0x0000019c002049bc: 07e9 5df0 

  0x0000019c002049c0: ;   {runtime_call C1 Runtime throw_null_pointer_exception_blob}
  0x0000019c002049c0: ffff e899 

  0x0000019c002049c4: ; ImmutableOopMap {rdx=Oop rdi=Oop }
                      ;*aaload {reexecute=0 rethrow=0 return_oop=0}
                      ; - java.awt.EventQueue::noEvents@12 (line 521)
                      ; - java.awt.EventQueue::dispatchEventImpl@95 (line 732)
                      ;   {runtime_call C1 Runtime throw_null_pointer_exception_blob}
  0x0000019c002049c4: 9b35 07e8 

  0x0000019c002049c8: ; ImmutableOopMap {rdx=Oop rdi=Oop }
                      ;*aaload {reexecute=0 rethrow=0 return_oop=0}
                      ; - java.awt.EventQueue::noEvents@12 (line 521)
                      ; - java.awt.EventQueue::dispatchEventImpl@95 (line 732)
  0x0000019c002049c8: 949b 3507 | 4889 3424 | 4889 7c24 

  0x0000019c002049d4: ;   {runtime_call C1 Runtime throw_range_check_failed_blob}
  0x0000019c002049d4: 08e8 8692 

  0x0000019c002049d8: ; ImmutableOopMap {rdx=Oop rdi=Oop }
                      ;*aaload {reexecute=0 rethrow=0 return_oop=0}
                      ; - java.awt.EventQueue::noEvents@12 (line 521)
                      ; - java.awt.EventQueue::dispatchEventImpl@95 (line 732)
                      ;   {runtime_call C1 Runtime throw_null_pointer_exception_blob}
  0x0000019c002049d8: 3507 e881 

  0x0000019c002049dc: ; ImmutableOopMap {rdx=Oop }
                      ;*getfield head {reexecute=1 rethrow=0 return_oop=0}
                      ; - (reexecute) java.awt.EventQueue::noEvents@13 (line 521)
                      ; - java.awt.EventQueue::dispatchEventImpl@95 (line 732)
                      ;   {metadata({method} {0x0000019c58178970} 'noEvents' '()Z' in 'java/awt/EventQueue')}
  0x0000019c002049dc: 9b35 0749 | ba68 8917 | 589c 0100 | 004c 8954 | 2408 48c7 | 0424 1800 

  0x0000019c002049f4: ;   {runtime_call C1 Runtime counter_overflow_blob}
  0x0000019c002049f4: 0000 e865 

  0x0000019c002049f8: ; ImmutableOopMap {rdx=Oop }
                      ;*goto {reexecute=1 rethrow=0 return_oop=0}
                      ; - (reexecute) java.awt.EventQueue::noEvents@24 (line 520)
                      ; - java.awt.EventQueue::dispatchEventImpl@95 (line 732)
  0x0000019c002049f8: ec35 07e9 | a6f0 ffff 

  0x0000019c00204a00: ;   {metadata({method} {0x0000019c58177740} 'getEventLog' '()Lsun/util/logging/PlatformLogger;' in 'java/awt/EventQueue')}
  0x0000019c00204a00: 49ba 3877 | 1758 9c01 | 0000 4c89 | 5424 0848 | c704 24ff 

  0x0000019c00204a14: ;   {runtime_call C1 Runtime counter_overflow_blob}
  0x0000019c00204a14: ffff ffe8 

  0x0000019c00204a18: ; ImmutableOopMap {[168]=Oop }
                      ;*synchronization entry
                      ; - java.awt.EventQueue::getEventLog@-1 (line 180)
                      ; - java.awt.EventQueue::dispatchEventImpl@111 (line 736)
  0x0000019c00204a18: 44ec 3507 | e943 f1ff | ff41 8b50 | 7848 c1e2 | 0348 83fa | 000f 84b0 | f1ff ff48 

  0x0000019c00204a34: ;   {runtime_call g1_pre_barrier_slow}
  0x0000019c00204a34: 8914 24e8 | 24f2 3507 | e9a2 f1ff | ff48 83f8 | 000f 84bd | f1ff ff4c 

  0x0000019c00204a4c: ;   {runtime_call g1_post_barrier_slow}
  0x0000019c00204a4c: 8904 24e8 | 0cf5 3507 | e9af f1ff 

  0x0000019c00204a58: ;   {runtime_call C1 Runtime throw_null_pointer_exception_blob}
  0x0000019c00204a58: ffe8 029b 

  0x0000019c00204a5c: ; ImmutableOopMap {r8=Oop [168]=Oop }
                      ;*invokevirtual isLoggable {reexecute=0 rethrow=0 return_oop=0}
                      ; - java.awt.EventQueue::dispatchEventImpl@117 (line 736)
                      ;   {metadata({method} {0x0000019c580cbd50} 'isLoggable' '(Lsun/util/logging/PlatformLogger$Level;)Z' in 'sun/util/logging/PlatformLogger')}
  0x0000019c00204a5c: 3507 49ba | 48bd 0c58 | 9c01 0000 | 4c89 5424 | 0848 c704 | 24ff ffff 

  0x0000019c00204a74: ;   {runtime_call C1 Runtime counter_overflow_blob}
  0x0000019c00204a74: ffe8 e6eb 

  0x0000019c00204a78: ; ImmutableOopMap {r8=Oop [168]=Oop }
                      ;*synchronization entry
                      ; - sun.util.logging.PlatformLogger::isLoggable@-1 (line 336)
                      ; - java.awt.EventQueue::dispatchEventImpl@117 (line 736)
  0x0000019c00204a78: 3507 e9eb 

  0x0000019c00204a7c: ;   {runtime_call C1 Runtime throw_null_pointer_exception_blob}
  0x0000019c00204a7c: f1ff ffe8 

  0x0000019c00204a80: ; ImmutableOopMap {rdx=Oop [168]=Oop }
                      ;*invokeinterface isLoggable {reexecute=0 rethrow=0 return_oop=0}
                      ; - sun.util.logging.PlatformLogger::isLoggable@17 (line 340)
                      ; - java.awt.EventQueue::dispatchEventImpl@117 (line 736)
  0x0000019c00204a80: dc9a 3507 

  0x0000019c00204a84: ;   {metadata({method} {0x0000019c58177740} 'getEventLog' '()Lsun/util/logging/PlatformLogger;' in 'java/awt/EventQueue')}
  0x0000019c00204a84: 49ba 3877 | 1758 9c01 | 0000 4c89 | 5424 0848 | c704 24ff 

  0x0000019c00204a98: ;   {runtime_call C1 Runtime counter_overflow_blob}
  0x0000019c00204a98: ffff ffe8 

  0x0000019c00204a9c: ; ImmutableOopMap {[168]=Oop }
                      ;*synchronization entry
                      ; - java.awt.EventQueue::getEventLog@-1 (line 180)
                      ; - java.awt.EventQueue::dispatchEventImpl@123 (line 737)
  0x0000019c00204a9c: c0eb 3507 | e9fd f2ff | ff8b 7278 | 48c1 e603 | 4883 fe00 | 0f84 6df3 | ffff 4889 

  0x0000019c00204ab8: ;   {runtime_call g1_pre_barrier_slow}
  0x0000019c00204ab8: 3424 e8a1 | f135 07e9 | 5ff3 ffff | 4883 f800 | 0f84 7af3 | ffff 4889 

  0x0000019c00204ad0: ;   {runtime_call g1_post_barrier_slow}
  0x0000019c00204ad0: 1424 e889 | f435 07e9 | 6cf3 ffff 

  0x0000019c00204adc: ;   {metadata({method} {0x0000019c1747e890} 'valueOf' '(Ljava/lang/Object;)Ljava/lang/String;' in 'java/lang/String')}
  0x0000019c00204adc: 49ba 88e8 | 4717 9c01 | 0000 4c89 | 5424 0848 | c704 24ff 

  0x0000019c00204af0: ;   {runtime_call C1 Runtime counter_overflow_blob}
  0x0000019c00204af0: ffff ffe8 

  0x0000019c00204af4: ; ImmutableOopMap {rsi=Oop r8=Oop [168]=Oop [184]=Oop }
                      ;*synchronization entry
                      ; - java.lang.String::valueOf@-1 (line 4543)
                      ; - java.awt.EventQueue::dispatchEventImpl@127 (line 737)
  0x0000019c00204af4: 68eb 3507 | e9a5 f3ff | ff49 b800 | 0000 0000 | 0000 00b8 | 000f 050a 

  0x0000019c00204b0c: ;   {runtime_call C1 Runtime load_appendix_patching_blob}
  0x0000019c00204b0c: e8cf e335 

  0x0000019c00204b10: ; ImmutableOopMap {rdi=Oop [184]=Oop }
                      ;*invokedynamic {reexecute=1 rethrow=0 return_oop=0}
                      ; - (reexecute) java.awt.EventQueue::dispatchEventImpl@130 (line 737)
  0x0000019c00204b10: 07e9 82f4 

  0x0000019c00204b14: ;   {runtime_call C1 Runtime throw_null_pointer_exception_blob}
  0x0000019c00204b14: ffff e845 

  0x0000019c00204b18: ; ImmutableOopMap {rax=Oop rsi=Oop [184]=Oop }
                      ;*invokevirtual fine {reexecute=0 rethrow=0 return_oop=0}
                      ; - java.awt.EventQueue::dispatchEventImpl@135 (line 737)
                      ;   {metadata({method} {0x0000019c580cc9a8} 'fine' '(Ljava/lang/String;)V' in 'sun/util/logging/PlatformLogger')}
  0x0000019c00204b18: 9a35 0749 | baa0 c90c | 589c 0100 | 004c 8954 | 2408 48c7 | 0424 ffff 

  0x0000019c00204b30: ;   {runtime_call C1 Runtime counter_overflow_blob}
  0x0000019c00204b30: ffff e829 

  0x0000019c00204b34: ; ImmutableOopMap {rax=Oop rsi=Oop [184]=Oop }
                      ;*synchronization entry
                      ; - sun.util.logging.PlatformLogger::fine@-1 (line 449)
                      ; - java.awt.EventQueue::dispatchEventImpl@135 (line 737)
  0x0000019c00204b34: eb35 07e9 | f6f4 ffff 

  0x0000019c00204b3c: ;   {runtime_call C1 Runtime throw_null_pointer_exception_blob}
  0x0000019c00204b3c: e81f 9a35 

  0x0000019c00204b40: ; ImmutableOopMap {rax=Oop rdx=Oop }
                      ;*invokeinterface log {reexecute=0 rethrow=0 return_oop=0}
                      ; - sun.util.logging.PlatformLogger::fine@12 (line 449)
                      ; - java.awt.EventQueue::dispatchEventImpl@135 (line 737)
                      ;   {internal_word}
  0x0000019c00204b40: 0749 ba0c | 4120 009c | 0100 004d | 8997 6004 

  0x0000019c00204b50: ;   {runtime_call SafepointBlob}
  0x0000019c00204b50: 0000 e989 

  0x0000019c00204b54: ;   {runtime_call C1 Runtime throw_null_pointer_exception_blob}
  0x0000019c00204b54: 112a 07e8 

  0x0000019c00204b58: ; ImmutableOopMap {r8=Oop }
                      ;*invokevirtual stopDispatching {reexecute=0 rethrow=0 return_oop=0}
                      ; - java.awt.EventQueue::dispatchEventImpl@105 (line 733)
  0x0000019c00204b58: 049a 3507 

  0x0000019c00204b5c: ;   {metadata({method} {0x0000019c5869e0f0} 'stopDispatching' '()V' in 'java/awt/EventDispatchThread')}
  0x0000019c00204b5c: 49ba e8e0 | 6958 9c01 | 0000 4c89 | 5424 0848 | c704 24ff 

  0x0000019c00204b70: ;   {runtime_call C1 Runtime counter_overflow_blob}
  0x0000019c00204b70: ffff ffe8 

  0x0000019c00204b74: ; ImmutableOopMap {r8=Oop }
                      ;*synchronization entry
                      ; - java.awt.EventDispatchThread::stopDispatching@-1 (line 85)
                      ; - java.awt.EventQueue::dispatchEventImpl@105 (line 733)
  0x0000019c00204b74: e8ea 3507 | e9f2 f5ff 

  0x0000019c00204b7c: ;   {internal_word}
  0x0000019c00204b7c: ff49 ba97 | 4120 009c | 0100 004d | 8997 6004 

  0x0000019c00204b8c: ;   {runtime_call SafepointBlob}
  0x0000019c00204b8c: 0000 e94d 

  0x0000019c00204b90: ;   {metadata(nullptr)}
  0x0000019c00204b90: 112a 0748 | bb00 0000 | 0000 0000 | 00b8 000f 

  0x0000019c00204ba0: ;   {runtime_call C1 Runtime load_klass_patching_blob}
  0x0000019c00204ba0: 050a e839 

  0x0000019c00204ba4: ; ImmutableOopMap {r9=Oop r8=Oop [168]=Oop }
                      ;*checkcast {reexecute=1 rethrow=0 return_oop=0}
                      ; - (reexecute) java.awt.EventQueue::dispatchEventImpl@77 (line 730)
  0x0000019c00204ba4: da35 07e9 | a4f6 ffff | 4c89 0c24 

  0x0000019c00204bb0: ;   {runtime_call C1 Runtime throw_class_cast_exception_blob}
  0x0000019c00204bb0: e8ab bd35 

  0x0000019c00204bb4: ; ImmutableOopMap {r9=Oop r8=Oop [168]=Oop }
                      ;*checkcast {reexecute=0 rethrow=0 return_oop=0}
                      ; - java.awt.EventQueue::dispatchEventImpl@77 (line 730)
                      ;   {internal_word}
  0x0000019c00204bb4: 0749 bad5 | 4220 009c | 0100 004d | 8997 6004 

  0x0000019c00204bc4: ;   {runtime_call SafepointBlob}
  0x0000019c00204bc4: 0000 e915 

  0x0000019c00204bc8: ;   {metadata(nullptr)}
  0x0000019c00204bc8: 112a 0748 | bb00 0000 | 0000 0000 | 00b8 000f 

  0x0000019c00204bd8: ;   {runtime_call C1 Runtime load_klass_patching_blob}
  0x0000019c00204bd8: 050a e801 

  0x0000019c00204bdc: ; ImmutableOopMap {r9=Oop r8=Oop [168]=Oop }
                      ;*checkcast {reexecute=1 rethrow=0 return_oop=0}
                      ; - (reexecute) java.awt.EventQueue::dispatchEventImpl@59 (line 728)
  0x0000019c00204bdc: da35 07e9 | acf7 ffff | 4c89 0c24 

  0x0000019c00204be8: ;   {runtime_call C1 Runtime throw_class_cast_exception_blob}
  0x0000019c00204be8: e873 bd35 

  0x0000019c00204bec: ; ImmutableOopMap {r9=Oop r8=Oop [168]=Oop }
                      ;*checkcast {reexecute=0 rethrow=0 return_oop=0}
                      ; - java.awt.EventQueue::dispatchEventImpl@59 (line 728)
                      ;   {internal_word}
  0x0000019c00204bec: 0749 ba15 | 4420 009c | 0100 004d | 8997 6004 

  0x0000019c00204bfc: ;   {runtime_call SafepointBlob}
  0x0000019c00204bfc: 0000 e9dd | 102a 074c 

  0x0000019c00204c04: ;   {runtime_call C1 Runtime throw_class_cast_exception_blob}
  0x0000019c00204c04: 8904 24e8 

  0x0000019c00204c08: ; ImmutableOopMap {}
                      ;*checkcast {reexecute=0 rethrow=0 return_oop=0}
                      ; - java.awt.EventQueue::dispatchEventImpl@18 (line 723)
  0x0000019c00204c08: 54bd 3507 

  0x0000019c00204c0c: ;   {runtime_call C1 Runtime throw_null_pointer_exception_blob}
  0x0000019c00204c0c: e84f 9935 

  0x0000019c00204c10: ; ImmutableOopMap {rdx=Oop }
                      ;*invokeinterface dispatch {reexecute=0 rethrow=0 return_oop=0}
                      ; - java.awt.EventQueue::dispatchEventImpl@21 (line 723)
                      ;   {internal_word}
  0x0000019c00204c10: 0749 ba04 | 4620 009c | 0100 004d | 8997 6004 

  0x0000019c00204c20: ;   {runtime_call SafepointBlob}
  0x0000019c00204c20: 0000 e9b9 

  0x0000019c00204c24: ;   {metadata(nullptr)}
  0x0000019c00204c24: 102a 0748 | ba00 0000 | 0000 0000 | 00b8 000f 

  0x0000019c00204c34: ;   {runtime_call C1 Runtime load_klass_patching_blob}
  0x0000019c00204c34: 050a e8a5 

  0x0000019c00204c38: ; ImmutableOopMap {[168]=Oop }
                      ;*new {reexecute=1 rethrow=0 return_oop=0}
                      ; - (reexecute) java.lang.invoke.MethodHandles::lookup@8 (line 128)
                      ; - sun.awt.AWTAccessor::ensureClassInitialized@0 (line 1464)
                      ; - sun.awt.AWTAccessor::getInputEventAccessor@10 (line 963)
                      ; - java.awt.AWTEvent::dispatched@7 (line 571)
                      ; - java.awt.EventQueue::dispatchEventImpl@45 (line 726)
  0x0000019c00204c38: d935 07e9 | d0f9 ffff 

  0x0000019c00204c40: ;   {runtime_call C1 Runtime throw_null_pointer_exception_blob}
  0x0000019c00204c40: e81b 9935 

  0x0000019c00204c44: ; ImmutableOopMap {[168]=Oop }
                      ;*new {reexecute=0 rethrow=0 return_oop=0}
                      ; - java.lang.invoke.MethodHandles::lookup@8 (line 128)
                      ; - sun.awt.AWTAccessor::ensureClassInitialized@0 (line 1464)
                      ; - sun.awt.AWTAccessor::getInputEventAccessor@10 (line 963)
                      ; - java.awt.AWTEvent::dispatched@7 (line 571)
                      ; - java.awt.EventQueue::dispatchEventImpl@45 (line 726)
  0x0000019c00204c44: 0748 8bd2 

  0x0000019c00204c48: ;   {runtime_call C1 Runtime fast_new_instance_init_check_blob}
  0x0000019c00204c48: e813 a535 

  0x0000019c00204c4c: ; ImmutableOopMap {[168]=Oop }
                      ;*new {reexecute=0 rethrow=0 return_oop=0}
                      ; - java.lang.invoke.MethodHandles::lookup@8 (line 128)
                      ; - sun.awt.AWTAccessor::ensureClassInitialized@0 (line 1464)
                      ; - sun.awt.AWTAccessor::getInputEventAccessor@10 (line 963)
                      ; - java.awt.AWTEvent::dispatched@7 (line 571)
                      ; - java.awt.EventQueue::dispatchEventImpl@45 (line 726)
  0x0000019c00204c4c: 07e9 23fa | ffff 4c89 

  0x0000019c00204c54: ;   {runtime_call C1 Runtime throw_class_cast_exception_blob}
  0x0000019c00204c54: 0424 e805 

  0x0000019c00204c58: ; ImmutableOopMap {rsi=Oop }
                      ;*checkcast {reexecute=0 rethrow=0 return_oop=0}
                      ; - java.awt.AWTEvent::dispatched@11 (line 571)
                      ; - java.awt.EventQueue::dispatchEventImpl@45 (line 726)
                      ;   {runtime_call C1 Runtime throw_incompatible_class_change_error_blob}
  0x0000019c00204c58: bd35 07e8 

  0x0000019c00204c5c: ; ImmutableOopMap {rsi=Oop rdi=Oop }
                      ;*invokeinterface setCanAccessSystemClipboard {reexecute=0 rethrow=0 return_oop=0}
                      ; - java.awt.AWTEvent::dispatched@15 (line 572)
                      ; - java.awt.EventQueue::dispatchEventImpl@45 (line 726)
  0x0000019c00204c5c: 00c0 3507 

  0x0000019c00204c60: ;   {runtime_call C1 Runtime throw_null_pointer_exception_blob}
  0x0000019c00204c60: e8fb 9835 

  0x0000019c00204c64: ; ImmutableOopMap {rsi=Oop rdi=Oop }
                      ;*invokeinterface setCanAccessSystemClipboard {reexecute=0 rethrow=0 return_oop=0}
                      ; - java.awt.AWTEvent::dispatched@15 (line 572)
                      ; - java.awt.EventQueue::dispatchEventImpl@45 (line 726)
                      ;   {metadata({method} {0x0000019c58100b40} 'setCanAccessSystemClipboard' '(Ljava/awt/event/InputEvent;Z)V' in 'java/awt/event/InputEvent$1')}
  0x0000019c00204c64: 0749 ba38 | 0b10 589c | 0100 004c | 8954 2408 | 48c7 0424 | ffff ffff 

  0x0000019c00204c7c: ;   {runtime_call C1 Runtime counter_overflow_blob}
  0x0000019c00204c7c: e8df e935 

  0x0000019c00204c80: ; ImmutableOopMap {rdi=Oop }
                      ;*synchronization entry
                      ; - java.awt.event.InputEvent$1::setCanAccessSystemClipboard@-1 (line 338)
                      ; - java.awt.AWTEvent::dispatched@15 (line 572)
                      ; - java.awt.EventQueue::dispatchEventImpl@45 (line 726)
  0x0000019c00204c80: 07e9 bbfb 

  0x0000019c00204c84: ;   {runtime_call C1 Runtime throw_null_pointer_exception_blob}
  0x0000019c00204c84: ffff e8d5 

  0x0000019c00204c88: ; ImmutableOopMap {}
                      ;*putfield canAccessSystemClipboard {reexecute=1 rethrow=0 return_oop=0}
                      ; - (reexecute) java.awt.event.InputEvent$1::setCanAccessSystemClipboard@2 (line 338)
                      ; - java.awt.AWTEvent::dispatched@15 (line 572)
                      ; - java.awt.EventQueue::dispatchEventImpl@45 (line 726)
                      ;   {internal_word}
  0x0000019c00204c88: 9835 0749 | ba5d 4820 | 009c 0100 | 004d 8997 | 6004 0000 

  0x0000019c00204c9c: ;   {runtime_call SafepointBlob}
  0x0000019c00204c9c: e93f 102a | 0749 8b87 | 0805 0000 | 49c7 8708 | 0500 0000 | 0000 0049 | c787 1005 | 0000 0000 
  0x0000019c00204cbc: 0000 4881 | c4d0 0000 

  0x0000019c00204cc4: ;   {runtime_call C1 Runtime unwind_exception_blob}
  0x0000019c00204cc4: 005d e995 | 8535 07f4 | f4f4 f4f4 
[Stub Code]
  0x0000019c00204cd0: ;   {no_reloc}
  0x0000019c00204cd0: 0f1f 4400 

  0x0000019c00204cd4: ;   {static_stub}
  0x0000019c00204cd4: 0048 bb00 | 0000 0000 

  0x0000019c00204cdc: ;   {runtime_call nmethod}
  0x0000019c00204cdc: 0000 00e9 | fbff ffff 

  0x0000019c00204ce4: ;   {static_stub}
  0x0000019c00204ce4: 9048 bb00 | 0000 0000 

  0x0000019c00204cec: ;   {runtime_call nmethod}
  0x0000019c00204cec: 0000 00e9 | fbff ffff 

  0x0000019c00204cf4: ;   {static_stub}
  0x0000019c00204cf4: 9048 bb00 | 0000 0000 

  0x0000019c00204cfc: ;   {runtime_call nmethod}
  0x0000019c00204cfc: 0000 00e9 | fbff ffff 

  0x0000019c00204d04: ;   {static_stub}
  0x0000019c00204d04: 9048 bb00 | 0000 0000 

  0x0000019c00204d0c: ;   {runtime_call nmethod}
  0x0000019c00204d0c: 0000 00e9 | fbff ffff 

  0x0000019c00204d14: ;   {static_stub}
  0x0000019c00204d14: 9048 bb00 | 0000 0000 

  0x0000019c00204d1c: ;   {runtime_call nmethod}
  0x0000019c00204d1c: 0000 00e9 | fbff ffff 

  0x0000019c00204d24: ;   {static_stub}
  0x0000019c00204d24: 9048 bb00 | 0000 0000 

  0x0000019c00204d2c: ;   {runtime_call nmethod}
  0x0000019c00204d2c: 0000 00e9 | fbff ffff 

  0x0000019c00204d34: ;   {static_stub}
  0x0000019c00204d34: 9048 bb00 | 0000 0000 

  0x0000019c00204d3c: ;   {runtime_call nmethod}
  0x0000019c00204d3c: 0000 00e9 | fbff ffff 

  0x0000019c00204d44: ;   {static_stub}
  0x0000019c00204d44: 9048 bb00 | 0000 0000 

  0x0000019c00204d4c: ;   {runtime_call nmethod}
  0x0000019c00204d4c: 0000 00e9 | fbff ffff 

  0x0000019c00204d54: ;   {static_stub}
  0x0000019c00204d54: 9048 bb00 | 0000 0000 

  0x0000019c00204d5c: ;   {runtime_call nmethod}
  0x0000019c00204d5c: 0000 00e9 | fbff ffff 

  0x0000019c00204d64: ;   {static_stub}
  0x0000019c00204d64: 48bb 0000 | 0000 0000 

  0x0000019c00204d6c: ;   {runtime_call nmethod}
  0x0000019c00204d6c: 0000 e9fb 

  0x0000019c00204d70: ;   {static_stub}
  0x0000019c00204d70: ffff ff48 | bb00 0000 | 0000 0000 

  0x0000019c00204d7c: ;   {runtime_call nmethod}
  0x0000019c00204d7c: 00e9 fbff 

  0x0000019c00204d80: ;   {static_stub}
  0x0000019c00204d80: ffff 48bb | 0000 0000 | 0000 0000 

  0x0000019c00204d8c: ;   {runtime_call nmethod}
  0x0000019c00204d8c: e9fb ffff 

  0x0000019c00204d90: ;   {static_stub}
  0x0000019c00204d90: ff48 bb00 | 0000 0000 

  0x0000019c00204d98: ;   {runtime_call nmethod}
  0x0000019c00204d98: 0000 00e9 | fbff ffff 

  0x0000019c00204da0: ;   {static_stub}
  0x0000019c00204da0: 48bb 0000 | 0000 0000 

  0x0000019c00204da8: ;   {runtime_call nmethod}
  0x0000019c00204da8: 0000 e9fb 

  0x0000019c00204dac: ;   {runtime_call C1 Runtime handle_exception_from_callee_blob}
  0x0000019c00204dac: ffff ffe8 | acb5 3507 

  0x0000019c00204db4: ;   {external_word}
  0x0000019c00204db4: 48b9 e034 | 8ede f87f | 0000 4883 

  0x0000019c00204dc0: ;   {runtime_call}
  0x0000019c00204dc0: e4f0 48b8 | 1090 4bde | f87f 0000 

  0x0000019c00204dcc: ;   {section_word}
  0x0000019c00204dcc: ffd0 f449 | bacf 4d20 | 009c 0100 

  0x0000019c00204dd8: ;   {runtime_call DeoptimizationBlob}
  0x0000019c00204dd8: 0041 52e9 | a004 2a07 
[/MachCode]


---------------  P R O C E S S  ---------------

Threads class SMR info:
_java_thread_list=0x0000019c16b94fa0, length=16, elements={
0x0000019c16036090, 0x0000019c160367d0, 0x0000019c160441a0, 0x0000019c16044f50,
0x0000019c16045a80, 0x0000019c16b08090, 0x0000019c160485c0, 0x0000019c16049270,
0x0000019c16c173c0, 0x0000019c16cbbb00, 0x0000019c5c4d4060, 0x0000019c5c290230,
0x0000019c5c297440, 0x0000019c5c6d9d70, 0x0000019c743d6d90, 0x0000019c5c82b990
}

Java Threads: ( => current thread )
  0x0000019c16036090 JavaThread "Reference Handler"          daemon [_thread_blocked, id=37048, stack(0x0000006ab6a00000,0x0000006ab6b00000) (1024K)]
  0x0000019c160367d0 JavaThread "Finalizer"                  daemon [_thread_blocked, id=2708, stack(0x0000006ab6b00000,0x0000006ab6c00000) (1024K)]
  0x0000019c160441a0 JavaThread "Signal Dispatcher"          daemon [_thread_blocked, id=32828, stack(0x0000006ab6c00000,0x0000006ab6d00000) (1024K)]
  0x0000019c16044f50 JavaThread "Attach Listener"            daemon [_thread_blocked, id=30072, stack(0x0000006ab6d00000,0x0000006ab6e00000) (1024K)]
  0x0000019c16045a80 JavaThread "Service Thread"             daemon [_thread_blocked, id=37228, stack(0x0000006ab6e00000,0x0000006ab6f00000) (1024K)]
  0x0000019c16b08090 JavaThread "Monitor Deflation Thread"   daemon [_thread_blocked, id=15500, stack(0x0000006ab6f00000,0x0000006ab7000000) (1024K)]
  0x0000019c160485c0 JavaThread "C2 CompilerThread0"         daemon [_thread_blocked, id=32528, stack(0x0000006ab7000000,0x0000006ab7100000) (1024K)]
  0x0000019c16049270 JavaThread "C1 CompilerThread0"         daemon [_thread_blocked, id=16492, stack(0x0000006ab7100000,0x0000006ab7200000) (1024K)]
  0x0000019c16c173c0 JavaThread "Common-Cleaner"             daemon [_thread_blocked, id=36312, stack(0x0000006ab7200000,0x0000006ab7300000) (1024K)]
  0x0000019c16cbbb00 JavaThread "Notification Thread"        daemon [_thread_blocked, id=35180, stack(0x0000006ab7600000,0x0000006ab7700000) (1024K)]
  0x0000019c5c4d4060 JavaThread "Java2D Disposer"            daemon [_thread_blocked, id=35780, stack(0x0000006ab7700000,0x0000006ab7800000) (1024K)]
  0x0000019c5c290230 JavaThread "AWT-Shutdown"                      [_thread_blocked, id=16908, stack(0x0000006ab7800000,0x0000006ab7900000) (1024K)]
  0x0000019c5c297440 JavaThread "AWT-Windows"                daemon [_thread_in_native, id=21336, stack(0x0000006ab7900000,0x0000006ab7a00000) (1024K)]
=>0x0000019c5c6d9d70 JavaThread "AWT-EventQueue-0"                  [_thread_in_native, id=20444, stack(0x0000006ab7c00000,0x0000006ab7d00000) (1024K)]
  0x0000019c743d6d90 JavaThread "DestroyJavaVM"                     [_thread_blocked, id=35336, stack(0x0000006ab6200000,0x0000006ab6300000) (1024K)]
  0x0000019c5c82b990 JavaThread "TimerQueue"                 daemon [_thread_blocked, id=15204, stack(0x0000006ab8100000,0x0000006ab8200000) (1024K)]
Total: 16

Other Threads:
  0x0000019c16025f90 VMThread "VM Thread"                           [id=36772, stack(0x0000006ab6900000,0x0000006ab6a00000) (1024K)]
  0x0000019c15ee0510 WatcherThread "VM Periodic Task Thread"        [id=33244, stack(0x0000006ab6800000,0x0000006ab6900000) (1024K)]
  0x0000019c769640c0 WorkerThread "GC Thread#0"                     [id=6824, stack(0x0000006ab6300000,0x0000006ab6400000) (1024K)]
  0x0000019c769788b0 ConcurrentGCThread "G1 Main Marker"            [id=35808, stack(0x0000006ab6400000,0x0000006ab6500000) (1024K)]
  0x0000019c7697a1c0 WorkerThread "G1 Conc#0"                       [id=35288, stack(0x0000006ab6500000,0x0000006ab6600000) (1024K)]
  0x0000019c769be8b0 ConcurrentGCThread "G1 Refine#0"               [id=36096, stack(0x0000006ab6600000,0x0000006ab6700000) (1024K)]
  0x0000019c15ed33e0 ConcurrentGCThread "G1 Service"                [id=14812, stack(0x0000006ab6700000,0x0000006ab6800000) (1024K)]
Total: 7

Threads with active compile tasks:
Total: 0

VM state: not at safepoint (normal execution)

VM Mutex/Monitor currently owned by a thread: None

Heap address: 0x0000000705e00000, size: 4002 MB, Compressed Oops mode: Zero based, Oop shift amount: 3

CDS archive(s) mapped at: [0x0000019c17000000-0x0000019c17d40000-0x0000019c17d40000), size 13893632, SharedBaseAddress: 0x0000019c17000000, ArchiveRelocationMode: 1.
Compressed class space mapped at: 0x0000019c18000000-0x0000019c58000000, reserved size: 1073741824
UseCompressedClassPointers 1, UseCompactObjectHeaders 0
Narrow klass pointer bits 32, Max shift 3
Narrow klass base: 0x0000019c17000000, Narrow klass shift: 0
Encoding Range: [0x0000019c17000000 - 0x0000019d17000000), (4294967296 bytes)
Klass Range:    [0x0000019c17000000 - 0x0000019c58000000), (1090519040 bytes)
Klass ID Range:  [8 - 1090519033) (1090519025)

GC Precious Log:
 CardTable entry size: 512
 Card Set container configuration: InlinePtr #cards 4 size 8 Array Of Cards #cards 16 size 48 Howl #buckets 8 coarsen threshold 3686 Howl Bitmap #cards 512 size 80 coarsen threshold 460 Card regions per heap region 1 cards per card region 4096
 CPUs: 16 total, 16 available
 Memory: 16004M
 Large Page Support: Disabled
 NUMA Support: Disabled
 Compressed Oops: Enabled (Zero based)
 Heap Region Size: 2M
 Heap Min Capacity: 8M
 Heap Initial Capacity: 252M
 Heap Max Capacity: 4002M
 Pre-touch: Disabled
 Parallel Workers: 13
 Concurrent Workers: 3
 Concurrent Refinement Workers: 13
 Periodic GC: Disabled

Heap:
 garbage-first heap   total reserved 4098048K, committed 260096K, used 31856K [0x0000000705e00000, 0x0000000800000000)
  region size 2048K, 14 young (28672K), 0 survivors (0K)
 Metaspace       used 10913K, committed 11072K, reserved 1114112K
  class space    used 1039K, committed 1088K, reserved 1048576K

Heap Regions: E=young(eden), S=young(survivor), O=old, HS=humongous(starts), HC=humongous(continues), CS=collection set, F=free, TAMS=top-at-mark-start, PB=parsable bottom
|   0|0x0000000705e00000, 0x0000000706000000, 0x0000000706000000|100%|HS|  |TAMS 0x0000000705e00000| PB 0x0000000705e00000| Complete |  0
|   1|0x0000000706000000, 0x0000000706200000, 0x0000000706200000|100%|HC|  |TAMS 0x0000000706000000| PB 0x0000000706000000| Complete |  0
|   2|0x0000000706200000, 0x0000000706200000, 0x0000000706400000|  0%| F|  |TAMS 0x0000000706200000| PB 0x0000000706200000| Untracked |  0
|   3|0x0000000706400000, 0x0000000706400000, 0x0000000706600000|  0%| F|  |TAMS 0x0000000706400000| PB 0x0000000706400000| Untracked |  0
|   4|0x0000000706600000, 0x0000000706600000, 0x0000000706800000|  0%| F|  |TAMS 0x0000000706600000| PB 0x0000000706600000| Untracked |  0
|   5|0x0000000706800000, 0x0000000706800000, 0x0000000706a00000|  0%| F|  |TAMS 0x0000000706800000| PB 0x0000000706800000| Untracked |  0
|   6|0x0000000706a00000, 0x0000000706a00000, 0x0000000706c00000|  0%| F|  |TAMS 0x0000000706a00000| PB 0x0000000706a00000| Untracked |  0
|   7|0x0000000706c00000, 0x0000000706c00000, 0x0000000706e00000|  0%| F|  |TAMS 0x0000000706c00000| PB 0x0000000706c00000| Untracked |  0
|   8|0x0000000706e00000, 0x0000000706e00000, 0x0000000707000000|  0%| F|  |TAMS 0x0000000706e00000| PB 0x0000000706e00000| Untracked |  0
|   9|0x0000000707000000, 0x0000000707000000, 0x0000000707200000|  0%| F|  |TAMS 0x0000000707000000| PB 0x0000000707000000| Untracked |  0
|  10|0x0000000707200000, 0x0000000707200000, 0x0000000707400000|  0%| F|  |TAMS 0x0000000707200000| PB 0x0000000707200000| Untracked |  0
|  11|0x0000000707400000, 0x0000000707400000, 0x0000000707600000|  0%| F|  |TAMS 0x0000000707400000| PB 0x0000000707400000| Untracked |  0
|  12|0x0000000707600000, 0x0000000707600000, 0x0000000707800000|  0%| F|  |TAMS 0x0000000707600000| PB 0x0000000707600000| Untracked |  0
|  13|0x0000000707800000, 0x0000000707800000, 0x0000000707a00000|  0%| F|  |TAMS 0x0000000707800000| PB 0x0000000707800000| Untracked |  0
|  14|0x0000000707a00000, 0x0000000707a00000, 0x0000000707c00000|  0%| F|  |TAMS 0x0000000707a00000| PB 0x0000000707a00000| Untracked |  0
|  15|0x0000000707c00000, 0x0000000707c00000, 0x0000000707e00000|  0%| F|  |TAMS 0x0000000707c00000| PB 0x0000000707c00000| Untracked |  0
|  16|0x0000000707e00000, 0x0000000707e00000, 0x0000000708000000|  0%| F|  |TAMS 0x0000000707e00000| PB 0x0000000707e00000| Untracked |  0
|  17|0x0000000708000000, 0x0000000708000000, 0x0000000708200000|  0%| F|  |TAMS 0x0000000708000000| PB 0x0000000708000000| Untracked |  0
|  18|0x0000000708200000, 0x0000000708200000, 0x0000000708400000|  0%| F|  |TAMS 0x0000000708200000| PB 0x0000000708200000| Untracked |  0
|  19|0x0000000708400000, 0x0000000708400000, 0x0000000708600000|  0%| F|  |TAMS 0x0000000708400000| PB 0x0000000708400000| Untracked |  0
|  20|0x0000000708600000, 0x0000000708600000, 0x0000000708800000|  0%| F|  |TAMS 0x0000000708600000| PB 0x0000000708600000| Untracked |  0
|  21|0x0000000708800000, 0x0000000708800000, 0x0000000708a00000|  0%| F|  |TAMS 0x0000000708800000| PB 0x0000000708800000| Untracked |  0
|  22|0x0000000708a00000, 0x0000000708a00000, 0x0000000708c00000|  0%| F|  |TAMS 0x0000000708a00000| PB 0x0000000708a00000| Untracked |  0
|  23|0x0000000708c00000, 0x0000000708c00000, 0x0000000708e00000|  0%| F|  |TAMS 0x0000000708c00000| PB 0x0000000708c00000| Untracked |  0
|  24|0x0000000708e00000, 0x0000000708e00000, 0x0000000709000000|  0%| F|  |TAMS 0x0000000708e00000| PB 0x0000000708e00000| Untracked |  0
|  25|0x0000000709000000, 0x0000000709000000, 0x0000000709200000|  0%| F|  |TAMS 0x0000000709000000| PB 0x0000000709000000| Untracked |  0
|  26|0x0000000709200000, 0x0000000709200000, 0x0000000709400000|  0%| F|  |TAMS 0x0000000709200000| PB 0x0000000709200000| Untracked |  0
|  27|0x0000000709400000, 0x0000000709400000, 0x0000000709600000|  0%| F|  |TAMS 0x0000000709400000| PB 0x0000000709400000| Untracked |  0
|  28|0x0000000709600000, 0x0000000709600000, 0x0000000709800000|  0%| F|  |TAMS 0x0000000709600000| PB 0x0000000709600000| Untracked |  0
|  29|0x0000000709800000, 0x0000000709800000, 0x0000000709a00000|  0%| F|  |TAMS 0x0000000709800000| PB 0x0000000709800000| Untracked |  0
|  30|0x0000000709a00000, 0x0000000709a00000, 0x0000000709c00000|  0%| F|  |TAMS 0x0000000709a00000| PB 0x0000000709a00000| Untracked |  0
|  31|0x0000000709c00000, 0x0000000709c00000, 0x0000000709e00000|  0%| F|  |TAMS 0x0000000709c00000| PB 0x0000000709c00000| Untracked |  0
|  32|0x0000000709e00000, 0x0000000709e00000, 0x000000070a000000|  0%| F|  |TAMS 0x0000000709e00000| PB 0x0000000709e00000| Untracked |  0
|  33|0x000000070a000000, 0x000000070a000000, 0x000000070a200000|  0%| F|  |TAMS 0x000000070a000000| PB 0x000000070a000000| Untracked |  0
|  34|0x000000070a200000, 0x000000070a200000, 0x000000070a400000|  0%| F|  |TAMS 0x000000070a200000| PB 0x000000070a200000| Untracked |  0
|  35|0x000000070a400000, 0x000000070a400000, 0x000000070a600000|  0%| F|  |TAMS 0x000000070a400000| PB 0x000000070a400000| Untracked |  0
|  36|0x000000070a600000, 0x000000070a600000, 0x000000070a800000|  0%| F|  |TAMS 0x000000070a600000| PB 0x000000070a600000| Untracked |  0
|  37|0x000000070a800000, 0x000000070a800000, 0x000000070aa00000|  0%| F|  |TAMS 0x000000070a800000| PB 0x000000070a800000| Untracked |  0
|  38|0x000000070aa00000, 0x000000070aa00000, 0x000000070ac00000|  0%| F|  |TAMS 0x000000070aa00000| PB 0x000000070aa00000| Untracked |  0
|  39|0x000000070ac00000, 0x000000070ac00000, 0x000000070ae00000|  0%| F|  |TAMS 0x000000070ac00000| PB 0x000000070ac00000| Untracked |  0
|  40|0x000000070ae00000, 0x000000070ae00000, 0x000000070b000000|  0%| F|  |TAMS 0x000000070ae00000| PB 0x000000070ae00000| Untracked |  0
|  41|0x000000070b000000, 0x000000070b000000, 0x000000070b200000|  0%| F|  |TAMS 0x000000070b000000| PB 0x000000070b000000| Untracked |  0
|  42|0x000000070b200000, 0x000000070b200000, 0x000000070b400000|  0%| F|  |TAMS 0x000000070b200000| PB 0x000000070b200000| Untracked |  0
|  43|0x000000070b400000, 0x000000070b400000, 0x000000070b600000|  0%| F|  |TAMS 0x000000070b400000| PB 0x000000070b400000| Untracked |  0
|  44|0x000000070b600000, 0x000000070b600000, 0x000000070b800000|  0%| F|  |TAMS 0x000000070b600000| PB 0x000000070b600000| Untracked |  0
|  45|0x000000070b800000, 0x000000070b800000, 0x000000070ba00000|  0%| F|  |TAMS 0x000000070b800000| PB 0x000000070b800000| Untracked |  0
|  46|0x000000070ba00000, 0x000000070ba00000, 0x000000070bc00000|  0%| F|  |TAMS 0x000000070ba00000| PB 0x000000070ba00000| Untracked |  0
|  47|0x000000070bc00000, 0x000000070bc00000, 0x000000070be00000|  0%| F|  |TAMS 0x000000070bc00000| PB 0x000000070bc00000| Untracked |  0
|  48|0x000000070be00000, 0x000000070be00000, 0x000000070c000000|  0%| F|  |TAMS 0x000000070be00000| PB 0x000000070be00000| Untracked |  0
|  49|0x000000070c000000, 0x000000070c000000, 0x000000070c200000|  0%| F|  |TAMS 0x000000070c000000| PB 0x000000070c000000| Untracked |  0
|  50|0x000000070c200000, 0x000000070c200000, 0x000000070c400000|  0%| F|  |TAMS 0x000000070c200000| PB 0x000000070c200000| Untracked |  0
|  51|0x000000070c400000, 0x000000070c400000, 0x000000070c600000|  0%| F|  |TAMS 0x000000070c400000| PB 0x000000070c400000| Untracked |  0
|  52|0x000000070c600000, 0x000000070c600000, 0x000000070c800000|  0%| F|  |TAMS 0x000000070c600000| PB 0x000000070c600000| Untracked |  0
|  53|0x000000070c800000, 0x000000070c800000, 0x000000070ca00000|  0%| F|  |TAMS 0x000000070c800000| PB 0x000000070c800000| Untracked |  0
|  54|0x000000070ca00000, 0x000000070ca00000, 0x000000070cc00000|  0%| F|  |TAMS 0x000000070ca00000| PB 0x000000070ca00000| Untracked |  0
|  55|0x000000070cc00000, 0x000000070cc00000, 0x000000070ce00000|  0%| F|  |TAMS 0x000000070cc00000| PB 0x000000070cc00000| Untracked |  0
|  56|0x000000070ce00000, 0x000000070ce00000, 0x000000070d000000|  0%| F|  |TAMS 0x000000070ce00000| PB 0x000000070ce00000| Untracked |  0
|  57|0x000000070d000000, 0x000000070d000000, 0x000000070d200000|  0%| F|  |TAMS 0x000000070d000000| PB 0x000000070d000000| Untracked |  0
|  58|0x000000070d200000, 0x000000070d200000, 0x000000070d400000|  0%| F|  |TAMS 0x000000070d200000| PB 0x000000070d200000| Untracked |  0
|  59|0x000000070d400000, 0x000000070d400000, 0x000000070d600000|  0%| F|  |TAMS 0x000000070d400000| PB 0x000000070d400000| Untracked |  0
|  60|0x000000070d600000, 0x000000070d600000, 0x000000070d800000|  0%| F|  |TAMS 0x000000070d600000| PB 0x000000070d600000| Untracked |  0
|  61|0x000000070d800000, 0x000000070d800000, 0x000000070da00000|  0%| F|  |TAMS 0x000000070d800000| PB 0x000000070d800000| Untracked |  0
|  62|0x000000070da00000, 0x000000070da00000, 0x000000070dc00000|  0%| F|  |TAMS 0x000000070da00000| PB 0x000000070da00000| Untracked |  0
|  63|0x000000070dc00000, 0x000000070dc00000, 0x000000070de00000|  0%| F|  |TAMS 0x000000070dc00000| PB 0x000000070dc00000| Untracked |  0
|  64|0x000000070de00000, 0x000000070de00000, 0x000000070e000000|  0%| F|  |TAMS 0x000000070de00000| PB 0x000000070de00000| Untracked |  0
|  65|0x000000070e000000, 0x000000070e000000, 0x000000070e200000|  0%| F|  |TAMS 0x000000070e000000| PB 0x000000070e000000| Untracked |  0
|  66|0x000000070e200000, 0x000000070e200000, 0x000000070e400000|  0%| F|  |TAMS 0x000000070e200000| PB 0x000000070e200000| Untracked |  0
|  67|0x000000070e400000, 0x000000070e400000, 0x000000070e600000|  0%| F|  |TAMS 0x000000070e400000| PB 0x000000070e400000| Untracked |  0
|  68|0x000000070e600000, 0x000000070e600000, 0x000000070e800000|  0%| F|  |TAMS 0x000000070e600000| PB 0x000000070e600000| Untracked |  0
|  69|0x000000070e800000, 0x000000070e800000, 0x000000070ea00000|  0%| F|  |TAMS 0x000000070e800000| PB 0x000000070e800000| Untracked |  0
|  70|0x000000070ea00000, 0x000000070ea00000, 0x000000070ec00000|  0%| F|  |TAMS 0x000000070ea00000| PB 0x000000070ea00000| Untracked |  0
|  71|0x000000070ec00000, 0x000000070ec00000, 0x000000070ee00000|  0%| F|  |TAMS 0x000000070ec00000| PB 0x000000070ec00000| Untracked |  0
|  72|0x000000070ee00000, 0x000000070ee00000, 0x000000070f000000|  0%| F|  |TAMS 0x000000070ee00000| PB 0x000000070ee00000| Untracked |  0
|  73|0x000000070f000000, 0x000000070f000000, 0x000000070f200000|  0%| F|  |TAMS 0x000000070f000000| PB 0x000000070f000000| Untracked |  0
|  74|0x000000070f200000, 0x000000070f200000, 0x000000070f400000|  0%| F|  |TAMS 0x000000070f200000| PB 0x000000070f200000| Untracked |  0
|  75|0x000000070f400000, 0x000000070f400000, 0x000000070f600000|  0%| F|  |TAMS 0x000000070f400000| PB 0x000000070f400000| Untracked |  0
|  76|0x000000070f600000, 0x000000070f600000, 0x000000070f800000|  0%| F|  |TAMS 0x000000070f600000| PB 0x000000070f600000| Untracked |  0
|  77|0x000000070f800000, 0x000000070f800000, 0x000000070fa00000|  0%| F|  |TAMS 0x000000070f800000| PB 0x000000070f800000| Untracked |  0
|  78|0x000000070fa00000, 0x000000070fa00000, 0x000000070fc00000|  0%| F|  |TAMS 0x000000070fa00000| PB 0x000000070fa00000| Untracked |  0
|  79|0x000000070fc00000, 0x000000070fc00000, 0x000000070fe00000|  0%| F|  |TAMS 0x000000070fc00000| PB 0x000000070fc00000| Untracked |  0
|  80|0x000000070fe00000, 0x000000070fe00000, 0x0000000710000000|  0%| F|  |TAMS 0x000000070fe00000| PB 0x000000070fe00000| Untracked |  0
|  81|0x0000000710000000, 0x0000000710000000, 0x0000000710200000|  0%| F|  |TAMS 0x0000000710000000| PB 0x0000000710000000| Untracked |  0
|  82|0x0000000710200000, 0x0000000710200000, 0x0000000710400000|  0%| F|  |TAMS 0x0000000710200000| PB 0x0000000710200000| Untracked |  0
|  83|0x0000000710400000, 0x0000000710400000, 0x0000000710600000|  0%| F|  |TAMS 0x0000000710400000| PB 0x0000000710400000| Untracked |  0
|  84|0x0000000710600000, 0x0000000710600000, 0x0000000710800000|  0%| F|  |TAMS 0x0000000710600000| PB 0x0000000710600000| Untracked |  0
|  85|0x0000000710800000, 0x0000000710800000, 0x0000000710a00000|  0%| F|  |TAMS 0x0000000710800000| PB 0x0000000710800000| Untracked |  0
|  86|0x0000000710a00000, 0x0000000710a00000, 0x0000000710c00000|  0%| F|  |TAMS 0x0000000710a00000| PB 0x0000000710a00000| Untracked |  0
|  87|0x0000000710c00000, 0x0000000710c00000, 0x0000000710e00000|  0%| F|  |TAMS 0x0000000710c00000| PB 0x0000000710c00000| Untracked |  0
|  88|0x0000000710e00000, 0x0000000710e00000, 0x0000000711000000|  0%| F|  |TAMS 0x0000000710e00000| PB 0x0000000710e00000| Untracked |  0
|  89|0x0000000711000000, 0x0000000711000000, 0x0000000711200000|  0%| F|  |TAMS 0x0000000711000000| PB 0x0000000711000000| Untracked |  0
|  90|0x0000000711200000, 0x0000000711200000, 0x0000000711400000|  0%| F|  |TAMS 0x0000000711200000| PB 0x0000000711200000| Untracked |  0
|  91|0x0000000711400000, 0x0000000711400000, 0x0000000711600000|  0%| F|  |TAMS 0x0000000711400000| PB 0x0000000711400000| Untracked |  0
|  92|0x0000000711600000, 0x0000000711600000, 0x0000000711800000|  0%| F|  |TAMS 0x0000000711600000| PB 0x0000000711600000| Untracked |  0
|  93|0x0000000711800000, 0x0000000711800000, 0x0000000711a00000|  0%| F|  |TAMS 0x0000000711800000| PB 0x0000000711800000| Untracked |  0
|  94|0x0000000711a00000, 0x0000000711a00000, 0x0000000711c00000|  0%| F|  |TAMS 0x0000000711a00000| PB 0x0000000711a00000| Untracked |  0
|  95|0x0000000711c00000, 0x0000000711c00000, 0x0000000711e00000|  0%| F|  |TAMS 0x0000000711c00000| PB 0x0000000711c00000| Untracked |  0
|  96|0x0000000711e00000, 0x0000000711e00000, 0x0000000712000000|  0%| F|  |TAMS 0x0000000711e00000| PB 0x0000000711e00000| Untracked |  0
|  97|0x0000000712000000, 0x0000000712000000, 0x0000000712200000|  0%| F|  |TAMS 0x0000000712000000| PB 0x0000000712000000| Untracked |  0
|  98|0x0000000712200000, 0x0000000712200000, 0x0000000712400000|  0%| F|  |TAMS 0x0000000712200000| PB 0x0000000712200000| Untracked |  0
|  99|0x0000000712400000, 0x0000000712400000, 0x0000000712600000|  0%| F|  |TAMS 0x0000000712400000| PB 0x0000000712400000| Untracked |  0
| 100|0x0000000712600000, 0x0000000712600000, 0x0000000712800000|  0%| F|  |TAMS 0x0000000712600000| PB 0x0000000712600000| Untracked |  0
| 101|0x0000000712800000, 0x0000000712800000, 0x0000000712a00000|  0%| F|  |TAMS 0x0000000712800000| PB 0x0000000712800000| Untracked |  0
| 102|0x0000000712a00000, 0x0000000712a00000, 0x0000000712c00000|  0%| F|  |TAMS 0x0000000712a00000| PB 0x0000000712a00000| Untracked |  0
| 103|0x0000000712c00000, 0x0000000712c00000, 0x0000000712e00000|  0%| F|  |TAMS 0x0000000712c00000| PB 0x0000000712c00000| Untracked |  0
| 104|0x0000000712e00000, 0x0000000712e00000, 0x0000000713000000|  0%| F|  |TAMS 0x0000000712e00000| PB 0x0000000712e00000| Untracked |  0
| 105|0x0000000713000000, 0x0000000713000000, 0x0000000713200000|  0%| F|  |TAMS 0x0000000713000000| PB 0x0000000713000000| Untracked |  0
| 106|0x0000000713200000, 0x0000000713200000, 0x0000000713400000|  0%| F|  |TAMS 0x0000000713200000| PB 0x0000000713200000| Untracked |  0
| 107|0x0000000713400000, 0x0000000713400000, 0x0000000713600000|  0%| F|  |TAMS 0x0000000713400000| PB 0x0000000713400000| Untracked |  0
| 108|0x0000000713600000, 0x0000000713600000, 0x0000000713800000|  0%| F|  |TAMS 0x0000000713600000| PB 0x0000000713600000| Untracked |  0
| 109|0x0000000713800000, 0x0000000713800000, 0x0000000713a00000|  0%| F|  |TAMS 0x0000000713800000| PB 0x0000000713800000| Untracked |  0
| 110|0x0000000713a00000, 0x0000000713a00000, 0x0000000713c00000|  0%| F|  |TAMS 0x0000000713a00000| PB 0x0000000713a00000| Untracked |  0
| 111|0x0000000713c00000, 0x0000000713c00000, 0x0000000713e00000|  0%| F|  |TAMS 0x0000000713c00000| PB 0x0000000713c00000| Untracked |  0
| 112|0x0000000713e00000, 0x0000000713fec3f0, 0x0000000714000000| 96%| E|  |TAMS 0x0000000713e00000| PB 0x0000000713e00000| Complete |  0
| 113|0x0000000714000000, 0x0000000714200000, 0x0000000714200000|100%| E|CS|TAMS 0x0000000714000000| PB 0x0000000714000000| Complete |  0
| 114|0x0000000714200000, 0x0000000714400000, 0x0000000714400000|100%| E|CS|TAMS 0x0000000714200000| PB 0x0000000714200000| Complete |  0
| 115|0x0000000714400000, 0x0000000714600000, 0x0000000714600000|100%| E|CS|TAMS 0x0000000714400000| PB 0x0000000714400000| Complete |  0
| 116|0x0000000714600000, 0x0000000714800000, 0x0000000714800000|100%| E|CS|TAMS 0x0000000714600000| PB 0x0000000714600000| Complete |  0
| 117|0x0000000714800000, 0x0000000714a00000, 0x0000000714a00000|100%| E|CS|TAMS 0x0000000714800000| PB 0x0000000714800000| Complete |  0
| 118|0x0000000714a00000, 0x0000000714c00000, 0x0000000714c00000|100%| E|CS|TAMS 0x0000000714a00000| PB 0x0000000714a00000| Complete |  0
| 119|0x0000000714c00000, 0x0000000714e00000, 0x0000000714e00000|100%| E|CS|TAMS 0x0000000714c00000| PB 0x0000000714c00000| Complete |  0
| 120|0x0000000714e00000, 0x0000000715000000, 0x0000000715000000|100%| E|CS|TAMS 0x0000000714e00000| PB 0x0000000714e00000| Complete |  0
| 121|0x0000000715000000, 0x0000000715200000, 0x0000000715200000|100%| E|CS|TAMS 0x0000000715000000| PB 0x0000000715000000| Complete |  0
| 122|0x0000000715200000, 0x0000000715400000, 0x0000000715400000|100%| E|CS|TAMS 0x0000000715200000| PB 0x0000000715200000| Complete |  0
| 123|0x0000000715400000, 0x0000000715600000, 0x0000000715600000|100%| E|CS|TAMS 0x0000000715400000| PB 0x0000000715400000| Complete |  0
| 124|0x0000000715600000, 0x0000000715800000, 0x0000000715800000|100%| E|CS|TAMS 0x0000000715600000| PB 0x0000000715600000| Complete |  0
| 125|0x0000000715800000, 0x0000000715a00000, 0x0000000715a00000|100%| E|CS|TAMS 0x0000000715800000| PB 0x0000000715800000| Complete |  0
|2000|0x00000007ffe00000, 0x00000007fff1c318, 0x0000000800000000| 55%| O|  |TAMS 0x00000007ffe00000| PB 0x00000007ffe00000| Untracked |  0

Card table byte_map: [0x0000019c0f7e0000,0x0000019c0ffc0000] _byte_map_base: 0x0000019c0bfb1000

Marking Bits: (CMBitMap*) 0x0000019c769646e0
 Bits: [0x0000019c0ffc0000, 0x0000019c13e48000)

Polling page: 0x0000019c74700000

Metaspace:

Usage:
  Non-class:      9.64 MB used.
      Class:      1.02 MB used.
       Both:     10.66 MB used.

Virtual space:
  Non-class space:       64.00 MB reserved,       9.75 MB ( 15%) committed,  1 nodes.
      Class space:        1.00 GB reserved,       1.06 MB ( <1%) committed,  1 nodes.
             Both:        1.06 GB reserved,      10.81 MB ( <1%) committed. 

Chunk freelists:
   Non-Class:  6.24 MB
       Class:  14.76 MB
        Both:  21.00 MB

MaxMetaspaceSize: unlimited
CompressedClassSpaceSize: 1.00 GB
Initial GC threshold: 21.00 MB
Current GC threshold: 21.00 MB
CDS: on
 - commit_granule_bytes: 65536.
 - commit_granule_words: 8192.
 - virtual_space_node_default_size: 8388608.
 - enlarge_chunks_in_place: 1.
UseCompressedClassPointers 1, UseCompactObjectHeaders 0
Narrow klass pointer bits 32, Max shift 3
Narrow klass base: 0x0000019c17000000, Narrow klass shift: 0
Encoding Range: [0x0000019c17000000 - 0x0000019d17000000), (4294967296 bytes)
Klass Range:    [0x0000019c17000000 - 0x0000019c58000000), (1090519040 bytes)
Klass ID Range:  [8 - 1090519033) (1090519025)


Internal statistics:

num_allocs_failed_limit: 0.
num_arena_births: 112.
num_arena_deaths: 0.
num_vsnodes_births: 2.
num_vsnodes_deaths: 0.
num_space_committed: 173.
num_space_uncommitted: 0.
num_chunks_returned_to_freelist: 0.
num_chunks_taken_from_freelist: 154.
num_chunk_merges: 0.
num_chunk_splits: 98.
num_chunks_enlarged: 56.
num_inconsistent_stats: 0.

CodeHeap 'non-profiled nmethods': size=119232Kb used=502Kb max_used=502Kb free=118730Kb
 bounds [0x0000019c07b90000, 0x0000019c07e00000, 0x0000019c0f000000]
CodeHeap 'profiled nmethods': size=119104Kb used=3119Kb max_used=3119Kb free=115985Kb
 bounds [0x0000019c00000000, 0x0000019c00310000, 0x0000019c07450000]
CodeHeap 'non-nmethods': size=7424Kb used=1496Kb max_used=3251Kb free=5927Kb
 bounds [0x0000019c07450000, 0x0000019c07790000, 0x0000019c07b90000]
CodeCache: size=245760Kb, used=5117Kb, max_used=6872Kb, free=240642Kb
 total_blobs=2658, nmethods=1987, adapters=576, full_count=0
Compilation: enabled, stopped_count=0, restarted_count=0

Compilation events (20 events):
Event: 13990.940 Thread 0x0000019c16049270 1977       3       java.lang.ref.ReferenceQueue::poll0 (65 bytes)
Event: 13990.946 Thread 0x0000019c16049270 nmethod 1977 0x0000019c00308788 code [0x0000019c003088c0, 0x0000019c00308da0]
Event: 21731.662 Thread 0x0000019c16049270 1978  s    3       jdk.internal.ref.CleanerImpl$CleanableList::isEmpty (16 bytes)
Event: 21731.665 Thread 0x0000019c16049270 nmethod 1978 0x0000019c00308e08 code [0x0000019c00308f20, 0x0000019c003091d0]
Event: 21731.665 Thread 0x0000019c16049270 1981       3       java.lang.ref.ReferenceQueue::remove0 (67 bytes)
Event: 21731.669 Thread 0x0000019c16049270 nmethod 1981 0x0000019c00309208 code [0x0000019c00309380, 0x0000019c003097e0]
Event: 21731.669 Thread 0x0000019c16049270 1979       3       jdk.internal.misc.InnocuousThread::eraseThreadLocals (23 bytes)
Event: 21731.672 Thread 0x0000019c16049270 nmethod 1979 0x0000019c00309808 code [0x0000019c00309920, 0x0000019c00309b10]
Event: 21731.672 Thread 0x0000019c16049270 1980   !   3       java.lang.ref.ReferenceQueue::remove (49 bytes)
Event: 21731.677 Thread 0x0000019c16049270 nmethod 1980 0x0000019c00309b88 code [0x0000019c00309d20, 0x0000019c0030a6d0]
Event: 27927.275 Thread 0x0000019c16049270 1982       3       java.util.WeakHashMap::maskNull (12 bytes)
Event: 27927.279 Thread 0x0000019c16049270 nmethod 1982 0x0000019c0030a708 code [0x0000019c0030a820, 0x0000019c0030a950]
Event: 27927.279 Thread 0x0000019c16049270 1983       3       java.util.WeakHashMap::hash (28 bytes)
Event: 27927.283 Thread 0x0000019c16049270 nmethod 1983 0x0000019c0030aa08 code [0x0000019c0030ab20, 0x0000019c0030ad10]
Event: 27927.284 Thread 0x0000019c160485c0 1985       4       java.util.HashMap$HashIterator::hasNext (13 bytes)
Event: 27927.285 Thread 0x0000019c16049270 1986   !   3       java.awt.Toolkit::setDesktopProperty (81 bytes)
Event: 27927.290 Thread 0x0000019c16049270 nmethod 1986 0x0000019c0030ad88 code [0x0000019c0030af20, 0x0000019c0030b830]
Event: 27927.291 Thread 0x0000019c160485c0 nmethod 1985 0x0000019c07c0d008 code [0x0000019c07c0d100, 0x0000019c07c0d180]
Event: 27927.291 Thread 0x0000019c16049270 1984       3       java.awt.geom.AffineTransform::setToScale (66 bytes)
Event: 27927.292 Thread 0x0000019c16049270 nmethod 1984 0x0000019c0030b888 code [0x0000019c0030b9c0, 0x0000019c0030bbf8]

GC Heap History (0 events):
No events

Dll operation events (10 events):
Event: 0.007 Loaded shared library C:\Program Files\Apache NetBeans\jdk\bin\java.dll
Event: 0.033 Loaded shared library C:\Program Files\Apache NetBeans\jdk\bin\jsvml.dll
Event: 0.064 Loaded shared library C:\Program Files\Apache NetBeans\jdk\bin\net.dll
Event: 0.067 Loaded shared library C:\Program Files\Apache NetBeans\jdk\bin\nio.dll
Event: 0.093 Loaded shared library C:\Program Files\Apache NetBeans\jdk\bin\zip.dll
Event: 0.096 Loaded shared library C:\Program Files\Apache NetBeans\jdk\bin\jimage.dll
Event: 0.105 Loaded shared library C:\Program Files\Apache NetBeans\jdk\bin\awt.dll
Event: 0.255 Loaded shared library C:\Program Files\Apache NetBeans\jdk\bin\verify.dll
Event: 0.322 Loaded shared library C:\Program Files\Apache NetBeans\jdk\bin\freetype.dll
Event: 0.323 Loaded shared library C:\Program Files\Apache NetBeans\jdk\bin\fontmanager.dll

Deoptimization events (20 events):
Event: 0.738 Thread 0x0000019c5c6d9d70 Uncommon trap: trap_request=0xffffff4d fr.pc=0x0000019c07bbfbb0 relative=0x0000000000000190
Event: 0.738 Thread 0x0000019c5c6d9d70 Uncommon trap: reason=unstable_if action=reinterpret pc=0x0000019c07bbfbb0 method=jdk.internal.util.ArraysSupport.vectorizedHashCode(Ljava/lang/Object;IIII)I @ 2 c2
Event: 0.738 Thread 0x0000019c5c6d9d70 DEOPT PACKING pc=0x0000019c07bbfbb0 sp=0x0000006ab7cfd180
Event: 0.738 Thread 0x0000019c5c6d9d70 DEOPT UNPACKING pc=0x0000019c07567a82 sp=0x0000006ab7cfd130 mode 2
Event: 0.751 Thread 0x0000019c5c6d9d70 Uncommon trap: trap_request=0xffffff4d fr.pc=0x0000019c07bf923c relative=0x00000000000003dc
Event: 0.751 Thread 0x0000019c5c6d9d70 Uncommon trap: reason=unstable_if action=reinterpret pc=0x0000019c07bf923c method=java.lang.Character.isSurrogate(C)Z @ 3 c2
Event: 0.751 Thread 0x0000019c5c6d9d70 DEOPT PACKING pc=0x0000019c07bf923c sp=0x0000006ab7cfcf70
Event: 0.751 Thread 0x0000019c5c6d9d70 DEOPT UNPACKING pc=0x0000019c07567a82 sp=0x0000006ab7cfce88 mode 2
Event: 0.779 Thread 0x0000019c5c6d9d70 Uncommon trap: trap_request=0xffffff5c fr.pc=0x0000019c07bf410c relative=0x000000000000008c
Event: 0.779 Thread 0x0000019c5c6d9d70 Uncommon trap: reason=speculate_null_check action=make_not_entrant pc=0x0000019c07bf410c method=jdk.internal.misc.Unsafe.getIntUnaligned(Ljava/lang/Object;JZ)I @ 5 c2
Event: 0.779 Thread 0x0000019c5c6d9d70 DEOPT PACKING pc=0x0000019c07bf410c sp=0x0000006ab7cfd0f0
Event: 0.779 Thread 0x0000019c5c6d9d70 DEOPT UNPACKING pc=0x0000019c07567a82 sp=0x0000006ab7cfcf50 mode 2
Event: 0.779 Thread 0x0000019c5c6d9d70 Uncommon trap: trap_request=0xffffff5c fr.pc=0x0000019c07bf0b60 relative=0x0000000000000060
Event: 0.779 Thread 0x0000019c5c6d9d70 Uncommon trap: reason=speculate_null_check action=make_not_entrant pc=0x0000019c07bf0b60 method=jdk.internal.misc.Unsafe.getIntUnaligned(Ljava/lang/Object;JZ)I @ 5 c2
Event: 0.779 Thread 0x0000019c5c6d9d70 DEOPT PACKING pc=0x0000019c07bf0b60 sp=0x0000006ab7cfcff0
Event: 0.779 Thread 0x0000019c5c6d9d70 DEOPT UNPACKING pc=0x0000019c07567a82 sp=0x0000006ab7cfcf48 mode 2
Event: 3.859 Thread 0x0000019c5c6d9d70 Uncommon trap: trap_request=0xffffffde fr.pc=0x0000019c07ba095c relative=0x00000000000001dc
Event: 3.859 Thread 0x0000019c5c6d9d70 Uncommon trap: reason=class_check action=maybe_recompile pc=0x0000019c07ba095c method=java.lang.String.equals(Ljava/lang/Object;)Z @ 8 c2
Event: 3.859 Thread 0x0000019c5c6d9d70 DEOPT PACKING pc=0x0000019c07ba095c sp=0x0000006ab7cfe180
Event: 3.859 Thread 0x0000019c5c6d9d70 DEOPT UNPACKING pc=0x0000019c07567a82 sp=0x0000006ab7cfe108 mode 2

Classes loaded (20 events):
Event: 1.034 Loading class java/awt/event/MouseEvent$1
Event: 1.034 Loading class sun/awt/AWTAccessor$MouseEventAccessor
Event: 1.034 Loading class sun/awt/AWTAccessor$MouseEventAccessor done
Event: 1.034 Loading class java/awt/event/MouseEvent$1 done
Event: 1.036 Loading class java/awt/Cursor$CursorDisposer
Event: 1.036 Loading class java/awt/Cursor$CursorDisposer done
Event: 1.037 Loading class java/awt/Container$MouseEventTargetFilter
Event: 1.037 Loading class java/awt/Container$EventTargetFilter
Event: 1.037 Loading class java/awt/Container$EventTargetFilter done
Event: 1.037 Loading class java/awt/Container$MouseEventTargetFilter done
Event: 1.037 Loading class java/awt/event/MouseWheelEvent
Event: 1.037 Loading class java/awt/event/MouseWheelEvent done
Event: 7.902 Loading class sun/awt/SunToolkit$1
Event: 7.902 Loading class sun/awt/SunToolkit$1 done
Event: 3674.834 Loading class java/util/WeakHashMap$KeyIterator
Event: 3674.835 Loading class java/util/WeakHashMap$HashIterator
Event: 3674.835 Loading class java/util/WeakHashMap$HashIterator done
Event: 3674.835 Loading class java/util/WeakHashMap$KeyIterator done
Event: 3674.835 Loading class javax/swing/RepaintManager$DisplayChangedRunnable
Event: 3674.835 Loading class javax/swing/RepaintManager$DisplayChangedRunnable done

Classes unloaded (0 events):
No events

Classes redefined (0 events):
No events

Internal exceptions (20 events):
Event: 0.164 Thread 0x0000019c743d6d90 Exception <a 'java/lang/NoSuchMethodError'{0x0000000715467bf0}: 'java.lang.Object java.lang.invoke.DirectMethodHandle$Holder.invokeStatic(java.lang.Object, long)'> (0x0000000715467bf0) 
thrown [s\src\hotspot\share\interpreter\linkResolver.cpp, line 805]
Event: 0.164 Thread 0x0000019c743d6d90 Exception <a 'java/lang/NoSuchMethodError'{0x000000071546fc10}: 'java.lang.Object java.lang.invoke.DirectMethodHandle$Holder.invokeStaticInit(java.lang.Object, long)'> (0x000000071546fc10) 
thrown [s\src\hotspot\share\interpreter\linkResolver.cpp, line 805]
Event: 0.181 Thread 0x0000019c743d6d90 Exception <a 'java/lang/NoSuchMethodError'{0x000000071549ffa0}: 'void java.lang.invoke.DirectMethodHandle$Holder.invokeSpecial(java.lang.Object, java.lang.Object, java.lang.Object)'> (0x000000071549ffa0) 
thrown [s\src\hotspot\share\interpreter\linkResolver.cpp, line 805]
Event: 0.192 Thread 0x0000019c743d6d90 Exception <a 'java/lang/NoSuchMethodError'{0x000000071521d648}: 'java.lang.Object java.lang.invoke.DirectMethodHandle$Holder.newInvokeSpecial(java.lang.Object, java.lang.Object, java.lang.Object, java.lang.Object, java.lang.Object)'> (0x000000071521d648) 
thrown [s\src\hotspot\share\interpreter\linkResolver.cpp, line 805]
Event: 0.199 Thread 0x0000019c743d6d90 Exception <a 'java/lang/NoSuchMethodError'{0x0000000715285790}: 'java.lang.Object java.lang.invoke.DirectMethodHandle$Holder.invokeStatic(java.lang.Object, int, java.lang.Object)'> (0x0000000715285790) 
thrown [s\src\hotspot\share\interpreter\linkResolver.cpp, line 805]
Event: 0.225 Thread 0x0000019c743d6d90 Exception <a 'java/lang/ClassNotFoundException'{0x00000007150b2e88}: com/sun/swing/internal/plaf/metal/resources/spi/metalProvider> (0x00000007150b2e88) 
thrown [s\src\hotspot\share\classfile\systemDictionary.cpp, line 327]
Event: 0.225 Thread 0x0000019c743d6d90 Exception <a 'java/lang/ClassNotFoundException'{0x00000007150b6898}: com/sun/swing/internal/plaf/basic/resources/spi/basicProvider> (0x00000007150b6898) 
thrown [s\src\hotspot\share\classfile\systemDictionary.cpp, line 327]
Event: 0.234 Thread 0x0000019c743d6d90 Exception <a 'java/lang/NoSuchMethodError'{0x00000007150e4350}: 'int java.lang.invoke.Invokers$Holder.invokeExact_MT(java.lang.Object, java.lang.Object)'> (0x00000007150e4350) 
thrown [s\src\hotspot\share\interpreter\linkResolver.cpp, line 805]
Event: 0.330 Thread 0x0000019c743d6d90 Exception <a 'java/lang/NoSuchMethodError'{0x0000000714fad8b0}: 'long java.lang.invoke.DirectMethodHandle$Holder.invokeStaticInit(java.lang.Object, long, long, long, long)'> (0x0000000714fad8b0) 
thrown [s\src\hotspot\share\interpreter\linkResolver.cpp, line 805]
Event: 0.330 Thread 0x0000019c743d6d90 Exception <a 'java/lang/NoSuchMethodError'{0x0000000714fb62b8}: 'java.lang.Object java.lang.invoke.DirectMethodHandle$Holder.invokeInterface(java.lang.Object, java.lang.Object, long, long)'> (0x0000000714fb62b8) 
thrown [s\src\hotspot\share\interpreter\linkResolver.cpp, line 805]
Event: 0.331 Thread 0x0000019c743d6d90 Exception <a 'java/lang/NoSuchMethodError'{0x0000000714fcea78}: 'void java.lang.invoke.DirectMethodHandle$Holder.invokeStaticInit(java.lang.Object, java.lang.Object, long, java.lang.Object)'> (0x0000000714fcea78) 
thrown [s\src\hotspot\share\interpreter\linkResolver.cpp, line 805]
Event: 0.332 Thread 0x0000019c743d6d90 Exception <a 'java/lang/NoSuchMethodError'{0x0000000714fd7660}: 'long java.lang.invoke.DirectMethodHandle$Holder.invokeStatic(java.lang.Object, long, long)'> (0x0000000714fd7660) 
thrown [s\src\hotspot\share\interpreter\linkResolver.cpp, line 805]
Event: 0.336 Thread 0x0000019c743d6d90 Exception <a 'java/lang/NoSuchMethodError'{0x0000000714c06f90}: 'java.lang.Object java.lang.invoke.DirectMethodHandle$Holder.newInvokeSpecial(java.lang.Object, int, java.lang.Object)'> (0x0000000714c06f90) 
thrown [s\src\hotspot\share\interpreter\linkResolver.cpp, line 805]
Event: 0.364 Thread 0x0000019c743d6d90 Exception <a 'java/lang/NoSuchMethodError'{0x0000000714c7a6a8}: 'void java.lang.invoke.DelegatingMethodHandle$Holder.reinvoke_L(java.lang.Object, java.lang.Object, java.lang.Object, java.lang.Object, long, long, float)'> (0x0000000714c7a6a8) 
thrown [s\src\hotspot\share\interpreter\linkResolver.cpp, line 805]
Event: 0.366 Thread 0x0000019c743d6d90 Exception <a 'java/lang/NoSuchMethodError'{0x0000000714c9acf8}: 'java.lang.Object java.lang.invoke.DirectMethodHandle$Holder.invokeStatic(java.lang.Object, java.lang.Object, java.lang.Object, java.lang.Object, java.lang.Object, long)'> (0x0000000714c9acf8) 
thrown [s\src\hotspot\share\interpreter\linkResolver.cpp, line 805]
Event: 0.370 Thread 0x0000019c743d6d90 Exception <a 'java/lang/NoSuchMethodError'{0x0000000714cde458}: 'float java.lang.invoke.DelegatingMethodHandle$Holder.reinvoke_L(java.lang.Object, java.lang.Object, java.lang.Object, java.lang.Object, long, long)'> (0x0000000714cde458) 
thrown [s\src\hotspot\share\interpreter\linkResolver.cpp, line 805]
Event: 0.492 Thread 0x0000019c5c297440 Exception <a 'java/lang/NoSuchMethodError'{0x0000000715505c08}: 'void java.lang.invoke.DirectMethodHandle$Holder.invokeVirtual(java.lang.Object, java.lang.Object)'> (0x0000000715505c08) 
thrown [s\src\hotspot\share\interpreter\linkResolver.cpp, line 805]
Event: 0.506 Thread 0x0000019c743d6d90 Exception <a 'java/lang/NoSuchMethodError'{0x0000000714b68c78}: 'void java.lang.invoke.DirectMethodHandle$Holder.invokeStaticInit(java.lang.Object)'> (0x0000000714b68c78) 
thrown [s\src\hotspot\share\interpreter\linkResolver.cpp, line 805]
Event: 0.592 Thread 0x0000019c5c6d9d70 Exception <a 'java/io/FileNotFoundException'{0x000000071463d570}> (0x000000071463d570) 
thrown [s\src\hotspot\share\prims\jni.cpp, line 518]
Event: 0.596 Thread 0x0000019c5c6d9d70 Exception <a 'java/io/FileNotFoundException'{0x00000007146570b8}> (0x00000007146570b8) 
thrown [s\src\hotspot\share\prims\jni.cpp, line 518]

VM Operations (20 events):
Event: 0.560 Executing VM operation: HandshakeAllThreads (Deoptimize)
Event: 0.560 Executing VM operation: HandshakeAllThreads (Deoptimize) done
Event: 0.809 Executing VM operation: HandshakeAllThreads (Deoptimize)
Event: 0.809 Executing VM operation: HandshakeAllThreads (Deoptimize) done
Event: 60.183 Executing VM operation: HandshakeAllThreads (HandshakeForDeflation)
Event: 60.183 Executing VM operation: HandshakeAllThreads (HandshakeForDeflation) done
Event: 60.183 Executing VM operation: RendezvousGCThreads
Event: 60.183 Executing VM operation: RendezvousGCThreads done
Event: 4464.336 Executing VM operation: HandshakeAllThreads (HandshakeForDeflation)
Event: 4464.336 Executing VM operation: HandshakeAllThreads (HandshakeForDeflation) done
Event: 4464.336 Executing VM operation: RendezvousGCThreads
Event: 4464.336 Executing VM operation: RendezvousGCThreads done
Event: 7643.701 Executing VM operation: HandshakeAllThreads (HandshakeForDeflation)
Event: 7643.702 Executing VM operation: HandshakeAllThreads (HandshakeForDeflation) done
Event: 7643.702 Executing VM operation: RendezvousGCThreads
Event: 7643.702 Executing VM operation: RendezvousGCThreads done
Event: 13725.369 Executing VM operation: HandshakeAllThreads (HandshakeForDeflation)
Event: 13725.369 Executing VM operation: HandshakeAllThreads (HandshakeForDeflation) done
Event: 13725.370 Executing VM operation: RendezvousGCThreads
Event: 13725.370 Executing VM operation: RendezvousGCThreads done

Memory protections (0 events):
No events

Nmethod flushes (0 events):
No events

Events (20 events):
Event: 0.077 Thread 0x0000019c16049270 Thread added: 0x0000019c16c7ab20
Event: 0.081 Thread 0x0000019c743d6d90 Thread added: 0x0000019c16cbbb00
Event: 0.149 Thread 0x0000019c743d6d90 Thread added: 0x0000019c5c4d4060
Event: 0.149 Thread 0x0000019c743d6d90 Thread added: 0x0000019c5c290230
Event: 0.150 Thread 0x0000019c743d6d90 Thread added: 0x0000019c5c297440
Event: 0.279 Thread 0x0000019c16c20eb0 Thread added: 0x0000019c5c653680
Event: 0.308 Thread 0x0000019c16c7ab20 Thread added: 0x0000019c5c64d540
Event: 0.375 Thread 0x0000019c743d6d90 Thread added: 0x0000019c5c6d9d70
Event: 0.473 Thread 0x0000019c743d6d90 Thread added: 0x0000019c5c7d8530
Event: 0.578 Thread 0x0000019c743d6d90 Thread exited: 0x0000019c743d6d90
Event: 0.578 Thread 0x0000019c743d6d90 Thread added: 0x0000019c743d6d90
Event: 0.826 Thread 0x0000019c5c6d9d70 Thread added: 0x0000019c5c82b990
Event: 1.032 Thread 0x0000019c5c64d540 Thread exited: 0x0000019c5c64d540
Event: 1.032 Thread 0x0000019c16c7ab20 Thread exited: 0x0000019c16c7ab20
Event: 2.330 Thread 0x0000019c5c653680 Thread exited: 0x0000019c5c653680
Event: 2.330 Thread 0x0000019c16c3a6a0 Thread exited: 0x0000019c16c3a6a0
Event: 4.401 Thread 0x0000019c16c20eb0 Thread exited: 0x0000019c16c20eb0
Event: 4.836 Thread 0x0000019c16049270 Thread added: 0x0000019c16c20eb0
Event: 5.479 Thread 0x0000019c5c7d8530 Thread exited: 0x0000019c5c7d8530
Event: 13.341 Thread 0x0000019c16c20eb0 Thread exited: 0x0000019c16c20eb0


Dynamic libraries:
0x00007ff635500000 - 0x00007ff63550e000 	C:\Program Files\Apache NetBeans\jdk\bin\java.exe
0x00007ff9d5f00000 - 0x00007ff9d6169000 	C:\WINDOWS\SYSTEM32\ntdll.dll
0x00007ff9d5090000 - 0x00007ff9d5159000 	C:\WINDOWS\System32\KERNEL32.DLL
0x00007ff9d3370000 - 0x00007ff9d3763000 	C:\WINDOWS\System32\KERNELBASE.dll
0x00007ff9d3ad0000 - 0x00007ff9d3c1b000 	C:\WINDOWS\System32\ucrtbase.dll
0x00007ff9a0910000 - 0x00007ff9a0926000 	C:\Program Files\Apache NetBeans\jdk\bin\jli.dll
0x00007ff9aca80000 - 0x00007ff9aca9e000 	C:\Program Files\Apache NetBeans\jdk\bin\VCRUNTIME140.dll
0x00007ff9d4690000 - 0x00007ff9d4854000 	C:\WINDOWS\System32\USER32.dll
0x00007ff9d32b0000 - 0x00007ff9d32d7000 	C:\WINDOWS\System32\win32u.dll
0x00007ff9b99e0000 - 0x00007ff9b9c73000 	C:\WINDOWS\WinSxS\amd64_microsoft.windows.common-controls_6595b64144ccf1df_6.0.26100.5074_none_3e0d6f78e32fd63f\COMCTL32.dll
0x00007ff9d55f0000 - 0x00007ff9d561b000 	C:\WINDOWS\System32\GDI32.dll
0x00007ff9d3770000 - 0x00007ff9d389d000 	C:\WINDOWS\System32\gdi32full.dll
0x00007ff9d5e10000 - 0x00007ff9d5eb9000 	C:\WINDOWS\System32\msvcrt.dll
0x00007ff9d3c20000 - 0x00007ff9d3cc3000 	C:\WINDOWS\System32\msvcp_win.dll
0x00007ff9d4600000 - 0x00007ff9d462f000 	C:\WINDOWS\System32\IMM32.DLL
0x00007ff9ac280000 - 0x00007ff9ac28c000 	C:\Program Files\Apache NetBeans\jdk\bin\vcruntime140_1.dll
0x00007ff995080000 - 0x00007ff99510d000 	C:\Program Files\Apache NetBeans\jdk\bin\msvcp140.dll
0x00007ff8dde30000 - 0x00007ff8decac000 	C:\Program Files\Apache NetBeans\jdk\bin\server\jvm.dll
0x00007ff9d4860000 - 0x00007ff9d4914000 	C:\WINDOWS\System32\ADVAPI32.dll
0x00007ff9d5b00000 - 0x00007ff9d5ba6000 	C:\WINDOWS\System32\sechost.dll
0x00007ff9d5840000 - 0x00007ff9d5958000 	C:\WINDOWS\System32\RPCRT4.dll
0x00007ff9d5620000 - 0x00007ff9d5694000 	C:\WINDOWS\System32\WS2_32.dll
0x00007ff9c8120000 - 0x00007ff9c8155000 	C:\WINDOWS\SYSTEM32\WINMM.dll
0x00007ff9cba50000 - 0x00007ff9cba5b000 	C:\WINDOWS\SYSTEM32\VERSION.dll
0x00007ff9d1ca0000 - 0x00007ff9d1cfe000 	C:\WINDOWS\SYSTEM32\POWRPROF.dll
0x00007ff9d1c80000 - 0x00007ff9d1c94000 	C:\WINDOWS\SYSTEM32\UMPDC.dll
0x00007ff9d1f90000 - 0x00007ff9d1fab000 	C:\WINDOWS\SYSTEM32\kernel.appcore.dll
0x00007ff9ac270000 - 0x00007ff9ac27a000 	C:\Program Files\Apache NetBeans\jdk\bin\jimage.dll
0x00007ff9d08c0000 - 0x00007ff9d0b02000 	C:\WINDOWS\SYSTEM32\DBGHELP.DLL
0x00007ff9d4920000 - 0x00007ff9d4c9b000 	C:\WINDOWS\System32\combase.dll
0x00007ff9d4f10000 - 0x00007ff9d4fe7000 	C:\WINDOWS\System32\OLEAUT32.dll
0x00007ff9a1490000 - 0x00007ff9a14cd000 	C:\WINDOWS\SYSTEM32\dbgcore.DLL
0x00007ff9d3090000 - 0x00007ff9d3129000 	C:\WINDOWS\System32\bcryptPrimitives.dll
0x00007ff9a1d60000 - 0x00007ff9a1d7e000 	C:\Program Files\Apache NetBeans\jdk\bin\java.dll
0x00007ff9d56a0000 - 0x00007ff9d5838000 	C:\WINDOWS\System32\ole32.dll
0x00007ff9d3e30000 - 0x00007ff9d457d000 	C:\WINDOWS\System32\SHELL32.dll
0x00007ff9d38a0000 - 0x00007ff9d3a0c000 	C:\WINDOWS\System32\wintypes.dll
0x00007ff9d0cd0000 - 0x00007ff9d1529000 	C:\WINDOWS\SYSTEM32\windows.storage.dll
0x00007ff9d5960000 - 0x00007ff9d5a50000 	C:\WINDOWS\System32\SHCORE.dll
0x00007ff9d5bb0000 - 0x00007ff9d5c12000 	C:\WINDOWS\System32\shlwapi.dll
0x00007ff9d2fb0000 - 0x00007ff9d2fd9000 	C:\WINDOWS\SYSTEM32\profapi.dll
0x00007ff9433d0000 - 0x00007ff9434a7000 	C:\Program Files\Apache NetBeans\jdk\bin\jsvml.dll
0x00007ff9a1d50000 - 0x00007ff9a1d60000 	C:\Program Files\Apache NetBeans\jdk\bin\net.dll
0x00007ff9d2510000 - 0x00007ff9d257b000 	C:\WINDOWS\system32\mswsock.dll
0x00007ff99d250000 - 0x00007ff99d266000 	C:\Program Files\Apache NetBeans\jdk\bin\nio.dll
0x00007ff99e060000 - 0x00007ff99e077000 	C:\Program Files\Apache NetBeans\jdk\bin\zip.dll
0x00007ff92b200000 - 0x00007ff92b37e000 	C:\Program Files\Apache NetBeans\jdk\bin\awt.dll
0x00007ff9cf950000 - 0x00007ff9cf9ee000 	C:\WINDOWS\SYSTEM32\apphelp.dll
0x00007ff9cfb20000 - 0x00007ff9cfb4b000 	C:\WINDOWS\system32\DWMAPI.DLL
0x00007ff9cfa70000 - 0x00007ff9cfb18000 	C:\WINDOWS\system32\uxtheme.dll
0x00007ff92add0000 - 0x00007ff92aedc000 	C:\WINDOWS\system32\opengl32.dll
0x00007ff92ad80000 - 0x00007ff92adad000 	C:\WINDOWS\SYSTEM32\GLU32.dll
0x00007ff9d0130000 - 0x00007ff9d0174000 	C:\WINDOWS\SYSTEM32\dxcore.dll
0x00007ff9d3cd0000 - 0x00007ff9d3e28000 	C:\WINDOWS\System32\MSCTF.dll
0x00007ff9a0bd0000 - 0x00007ff9a0be0000 	C:\Program Files\Apache NetBeans\jdk\bin\verify.dll
0x00007ff988140000 - 0x00007ff9881c7000 	C:\Program Files\Apache NetBeans\jdk\bin\freetype.dll
0x00007ff938a40000 - 0x00007ff938b29000 	C:\Program Files\Apache NetBeans\jdk\bin\fontmanager.dll
0x00007ff9d5c20000 - 0x00007ff9d5cd1000 	C:\WINDOWS\System32\clbcatq.dll
0x00007ff9cde30000 - 0x00007ff9ce05f000 	C:\WINDOWS\SYSTEM32\WindowsCodecs.dll
0x00007ff99eca0000 - 0x00007ff99ecfa000 	C:\WINDOWS\system32\dataexchange.dll
0x00007ff9c30f0000 - 0x00007ff9c3329000 	C:\WINDOWS\system32\twinapi.appcore.dll
0x00007ff9ca660000 - 0x00007ff9ca7a9000 	C:\WINDOWS\SYSTEM32\textinputframework.dll
0x00007ff9cf690000 - 0x00007ff9cf7b5000 	C:\WINDOWS\SYSTEM32\CoreMessaging.dll
0x00007ff9cb4d0000 - 0x00007ff9cb7b3000 	C:\WINDOWS\SYSTEM32\CoreUIComponents.dll
0x00007ff9d27d0000 - 0x00007ff9d27dc000 	C:\WINDOWS\SYSTEM32\CRYPTBASE.DLL

JVMTI agents: none

dbghelp: loaded successfully - version: 4.0.5 - missing functions: none
symbol engine: initialized successfully - sym options: 0x614 - pdb path: .;C:\Program Files\Apache NetBeans\jdk\bin;C:\WINDOWS\SYSTEM32;C:\WINDOWS\WinSxS\amd64_microsoft.windows.common-controls_6595b64144ccf1df_6.0.26100.5074_none_3e0d6f78e32fd63f;C:\Program Files\Apache NetBeans\jdk\bin\server

VM Arguments:
jvm_args: -Dfile.encoding=UTF-8 --module-path=C:\Users\Istiak\Documents\NetBeansProjects\Bank Management System\build\classes 
java_command: bank.management.system.SignupOne
java_class_path (initial): C:\Users\Istiak\Downloads\jcalendar-1.4\lib\jcalendar-1.4.jar;C:\Users\Istiak\Documents\NetBeansProjects\Bank Management System\build\classes
Launcher Type: SUN_STANDARD

[Global flags]
     intx CICompilerCount                          = 12                                        {product} {ergonomic}
     uint ConcGCThreads                            = 3                                         {product} {ergonomic}
     uint G1ConcRefinementThreads                  = 13                                        {product} {ergonomic}
   size_t G1HeapRegionSize                         = 2097152                                   {product} {ergonomic}
   size_t InitialHeapSize                          = 264241152                                 {product} {ergonomic}
   size_t MarkStackSize                            = 4194304                                   {product} {ergonomic}
   size_t MarkStackSizeMax                         = 536870912                                 {product} {ergonomic}
   size_t MaxHeapSize                              = 4196401152                                {product} {ergonomic}
   size_t MaxNewSize                               = 2516582400                                {product} {ergonomic}
   size_t MinHeapDeltaBytes                        = 2097152                                   {product} {ergonomic}
   size_t MinHeapSize                              = 8388608                                   {product} {ergonomic}
    uintx NonNMethodCodeHeapSize                   = 7602176                                {pd product} {ergonomic}
    uintx NonProfiledCodeHeapSize                  = 122093568                              {pd product} {ergonomic}
     bool PerfDisableSharedMem                     = true                                      {product} {ergonomic}
    uintx ProfiledCodeHeapSize                     = 121962496                              {pd product} {ergonomic}
    uintx ReservedCodeCacheSize                    = 251658240                              {pd product} {ergonomic}
     bool SegmentedCodeCache                       = true                                      {product} {ergonomic}
   size_t SoftMaxHeapSize                          = 4196401152                             {manageable} {ergonomic}
     bool UseCompressedOops                        = true                           {product lp64_product} {ergonomic}
     bool UseG1GC                                  = true                                      {product} {ergonomic}
     bool UseLargePagesIndividualAllocation        = false                                  {pd product} {ergonomic}

Logging:
Log output configuration:
 #0: stdout all=warning uptime,level,tags foldmultilines=false
 #1: stderr all=off uptime,level,tags foldmultilines=false

Environment Variables:
JAVA_HOME=C:\Program Files\Eclipse Adoptium\jdk-17.0.15.6-hotspot\
PATH=C:\Program Files\Eclipse Adoptium\jdk-17.0.15.6-hotspot\bin;C:\Program Files (x86)\Common Files\Oracle\Java\java8path;C:\Program Files (x86)\Common Files\Oracle\Java\javapath;C:\Program Files (x86)\Common Files\Intel\Shared Libraries\redist\intel64\compiler;C:\Windows\system32;C:\Windows;C:\Windows\System32\Wbem;C:\Windows\System32\WindowsPowerShell\v1.0\;C:\Windows\System32\OpenSSH\;C:\Program Files (x86)\NVIDIA Corporation\PhysX\Common;C:\Program Files\steghide;C:\WINDOWS\system32;C:\WINDOWS;C:\WINDOWS\System32\Wbem;C:\WINDOWS\System32\WindowsPowerShell\v1.0\;C:\WINDOWS\System32\OpenSSH\;C:\Program Files\NVIDIA Corporation\NVIDIA app\NvDLISR;C:\Program Files\Git\cmd;C:\Program Files\dotnet\;C:\Users\Istiak\AppData\Local\Programs\Python\Python39\Scripts\;C:\Users\Istiak\AppData\Local\Programs\Python\Python39\;C:\Users\Istiak\AppData\Local\Microsoft\WindowsApps;C:\Users\Istiak\AppData\Local\Programs\Microsoft VS Code\bin;C:\msys64\ucrt64\bin;C:\Users\Istiak\AppData\Local\Programs\Microsoft VS Code\bin;C:\Users\Istiak\AppData\Local\GitHubDesktop\bin
USERNAME=Istiak
OS=Windows_NT
PROCESSOR_IDENTIFIER=Intel64 Family 6 Model 154 Stepping 3, GenuineIntel
TMP=C:\Users\Istiak\AppData\Local\Temp
TEMP=C:\Users\Istiak\AppData\Local\Temp




Periodic native trim disabled

---------------  S Y S T E M  ---------------

OS:
 Windows 11 , 64 bit Build 26100 (10.0.26100.5074)
OS uptime: 2 days 15:46 hours
Hyper-V role detected

CPU: total 16 (initial active 16) (8 cores per cpu, 2 threads per core) family 6 model 154 stepping 3 microcode 0x434, cx8, cmov, fxsr, ht, mmx, 3dnowpref, sse, sse2, sse3, ssse3, sse4.1, sse4.2, popcnt, lzcnt, tsc, tscinvbit, avx, avx2, aes, erms, clmul, bmi1, bmi2, adx, sha, fma, vzeroupper, clflush, clflushopt, clwb, hv, serialize, rdtscp, rdpid, fsrm, gfni, f16c, cet_ibt, cet_ss
Processor Information for the first 16 processors :
  Max Mhz: 2500, Current Mhz: 2500, Mhz Limit: 2500

Memory: 4k page, system-wide physical 16004M (4572M free)
TotalPageFile size 37239M (AvailPageFile size 7680M)
current process WorkingSet (physical memory assigned to process): 18M, peak: 103M
current process commit charge ("private bytes"): 373M, peak: 377M

vm_info: OpenJDK 64-Bit Server VM (24.0.2+12) for windows-amd64 JRE (24.0.2+12) (Zulu24.32+13-CA), built on 2025-07-11T12:45:44Z with MS VC++ 17.1 (VS2022)

END.
