#
# A fatal error has been detected by the Java Runtime Environment:
#
#  EXCEPTION_ACCESS_VIOLATION (0xc0000005) at pc=0x00007ff92b2db006, pid=38396, tid=34904
#
# JRE version: OpenJDK Runtime Environment Zulu24.32+13-CA (24.0.2+12) (build 24.0.2+12)
# Java VM: OpenJDK 64-Bit Server VM Zulu24.32+13-CA (24.0.2+12, mixed mode, sharing, tiered, compressed oops, compressed class ptrs, g1 gc, windows-amd64)
# Problematic frame:
# C  [awt.dll+0xdb006]
#
# No core dump will be written. Minidumps are not enabled by default on client versions of Windows
#
# If you would like to submit a bug report, please visit:
#   http://www.azul.com/support/
# The crash happened outside the Java Virtual Machine in native code.
# See problematic frame for where to report the bug.
#

---------------  S U M M A R Y ------------

Command Line: -Dfile.encoding=UTF-8 --module-path=C:\Users\Istiak\Documents\NetBeansProjects\Bank Management System\build\classes bank.management.system.SignupOne

Host: 12th Gen Intel(R) Core(TM) i5-12500H, 16 cores, 15G,  Windows 11 , 64 bit Build 26100 (10.0.26100.5074)
Time: Sat Sep 13 06:20:53 2025 Bangladesh Standard Time elapsed time: 22904.971011 seconds (0d 6h 21m 44s)

---------------  T H R E A D  ---------------

Current thread (0x000002ba45af8f20):  JavaThread "AWT-EventQueue-0"        [_thread_in_native, id=34904, stack(0x000000db24200000,0x000000db24300000) (1024K)]

Stack: [0x000000db24200000,0x000000db24300000],  sp=0x000000db242fe9d0,  free space=1018k
Native frames: (J=compiled Java code, j=interpreted, Vv=VM code, C=native code)
C  [awt.dll+0xdb006]  (no source info available)
C  [awt.dll+0xdc842]  (no source info available)
C  0x000002ba68fcce20  (no source info available)

The last pc belongs to native method entry point (kind = native) (printed below).
Java frames: (J=compiled Java code, j=interpreted, Vv=VM code)
j  sun.awt.Win32GraphicsDevice.initNativeScale(I)V+0 java.desktop@24.0.2
j  sun.awt.Win32GraphicsDevice.initScaleFactors()V+60 java.desktop@24.0.2
j  sun.awt.Win32GraphicsDevice.displayChanged()V+16 java.desktop@24.0.2
j  sun.awt.Win32GraphicsEnvironment.displayChanged()V+271 java.desktop@24.0.2
j  sun.awt.windows.WToolkit.lambda$displayChanged$0()V+15 java.desktop@24.0.2
j  sun.awt.windows.WToolkit$$Lambda+0x000002ba01156868.run()V+0 java.desktop@24.0.2
J 1892 c1 java.awt.event.InvocationEvent.dispatch()V java.desktop@24.0.2 (69 bytes) @ 0x000002ba61e4541c [0x000002ba61e45200+0x000000000000021c]
J 1881 c1 java.awt.EventQueue.dispatchEventImpl(Ljava/awt/AWTEvent;Ljava/lang/Object;)V java.desktop@24.0.2 (139 bytes) @ 0x000002ba61e4059c [0x000002ba61e3eca0+0x00000000000018fc]
J 1367 c1 java.awt.EventQueue.dispatchEvent(Ljava/awt/AWTEvent;)V java.desktop@24.0.2 (48 bytes) @ 0x000002ba61d6aa34 [0x000002ba61d6a7e0+0x0000000000000254]
J 1362 c1 java.awt.EventDispatchThread.pumpOneEventForFilters(I)V java.desktop@24.0.2 (106 bytes) @ 0x000002ba61d6b6d4 [0x000002ba61d6aec0+0x0000000000000814]
j  java.awt.EventDispatchThread.pumpEventsForFilter(ILjava/awt/Conditional;Ljava/awt/EventFilter;)V+35 java.desktop@24.0.2
j  java.awt.EventDispatchThread.pumpEventsForHierarchy(ILjava/awt/Conditional;Ljava/awt/Component;)V+11 java.desktop@24.0.2
j  java.awt.EventDispatchThread.pumpEvents(ILjava/awt/Conditional;)V+4 java.desktop@24.0.2
j  java.awt.EventDispatchThread.pumpEvents(Ljava/awt/Conditional;)V+3 java.desktop@24.0.2
j  java.awt.EventDispatchThread.run()V+9 java.desktop@24.0.2
v  ~StubRoutines::call_stub 0x000002ba68fc0fcd

siginfo: EXCEPTION_ACCESS_VIOLATION (0xc0000005), reading address 0xffffffffffffffff


Registers:
RAX=0x6a003e74696e693c, RBX=0x000002ba45b83060, RCX=0x6a003e74696e693c, RDX=0x0000000000000000
RSP=0x000000db242fe9d0, RBP=0x000000db242feab0, RSI=0x0000000000000000, RDI=0x0000000000000000
R8 =0x0000000000000001, R9 =0x000000db2237f000, R10=0x000002ba68fccec0, R11=0x0000000000000100
R12=0x0000000000000000, R13=0x000002ba41244cc8, R14=0x000000db242fead8, R15=0x000002ba45af8f20
RIP=0x00007ff92b2db006, EFLAGS=0x0000000000010202

XMM[0]=0x0000000000000000 0x0000000000000000
XMM[1]=0x0000000000000000 0x00000000bf800000
XMM[2]=0x0000000000000000 0x0000000000000000
XMM[3]=0x0000000000000000 0x0000000000000000
XMM[4]=0x0000000000000000 0x0000000000000000
XMM[5]=0x0000000000000000 0x0000000000000000
XMM[6]=0x0000000000000000 0x8fc30fe66c9d5dfb
XMM[7]=0x0000000000000000 0xb76c25743618890c
XMM[8]=0x0000000000000000 0x97058b370aa274b1
XMM[9]=0x0000000000000000 0x9e932d087ee8b7e0
XMM[10]=0x0000000000000000 0x00000000e0558ad8
XMM[11]=0x0000000000000000 0x69f3b40de8dc6bed
XMM[12]=0x0000000000000000 0x000000007ee8b7e0
XMM[13]=0x0000000000000000 0x0000000000000000
XMM[14]=0x0000000000000000 0x0000000000000000
XMM[15]=0x0000000000000000 0x0000000000000000
  MXCSR=0x00001fa2


Register to memory mapping:

RAX=0x6a003e74696e693c is an unknown value
RBX=0x000002ba45b83060 points into unknown readable memory: 0x000002ba45b879f0 | f0 79 b8 45 ba 02 00 00
RCX=0x6a003e74696e693c is an unknown value
RDX=0x0 is null
RSP=0x000000db242fe9d0 is pointing into the stack for thread: 0x000002ba45af8f20
RBP=0x000000db242feab0 is pointing into the stack for thread: 0x000002ba45af8f20
RSI=0x0 is null
RDI=0x0 is null
R8 =0x0000000000000001 is an unknown value
R9 =0x000000db2237f000 points into unknown readable memory: 0x0000000000000000 | 00 00 00 00 00 00 00 00
R10=0x000002ba68fccec0 is at code_begin+1152 in an Interpreter codelet
native method entry point (kind = native)  [0x000002ba68fcca40, 0x000002ba68fcd478]  2616 bytes
R11=0x0000000000000100 is an unknown value
R12=0x0 is null
R13={method} {0x000002ba41244cd0} 'initNativeScale' '(I)V' in 'sun/awt/Win32GraphicsDevice'
R14=0x000000db242fead8 is pointing into the stack for thread: 0x000002ba45af8f20
R15=0x000002ba45af8f20 is a thread

Top of Stack: (sp=0x000000db242fe9d0)
0x000000db242fe9d0:   000002ba45b83060 000002ba45af8f20   `0.E.... ..E....
0x000000db242fe9e0:   000002ba00166538 000002ba45b83060   8e......`0.E....
0x000000db242fe9f0:   000002ba45b83060 00007ff92b2dc842   `0.E....B.-+....
0x000000db242fea00:   00007ff92b337838 000002ba41244cc8   8x3+.....L$A....
0x000000db242fea10:   0000000000000010 000000000000000a   ................
0x000000db242fea20:   000002ba68fc899a 000002ba68fcce20   ...h.... ..h....
0x000000db242fea30:   000002ba41244cc8 000002ba45af8f20   .L$A.... ..E....
0x000000db242fea40:   000002ba45af8f20 0000000000000000    ..E............
0x000000db242fea50:   000000db242feab0 0000000000000001   ../$............
0x000000db242fea60:   0000000713f538c8 fffffffffffffff7   .8..............
0x000000db242fea70:   0000000000000000 0000000000000005   ................
0x000000db242fea80:   000002ba41248270 0000000000000000   p.$A............
0x000000db242fea90:   000000071542bbc0 000002ba41244cc8   ..B......L$A....
0x000000db242feaa0:   0000000000000000 000000db242fead0   ........../$....
0x000000db242feab0:   000000db242feb28 000002ba68fc8800   (./$.......h....
0x000000db242feac0:   0000000000000000 000002ba68fca437   ........7..h....
0x000000db242fead0:   0000000000000000 0000000713f52bd0   .........+......
0x000000db242feae0:   fffffffffffffff7 000002ba4124532c   ........,S$A....
0x000000db242feaf0:   0000000000000002 000002ba41248270   ........p.$A....
0x000000db242feb00:   0000000000000000 000000071542bbc0   ..........B.....
0x000000db242feb10:   000002ba41245378 fffffffffffffff5   xS$A............
0x000000db242feb20:   000000db242feb38 000000db242feb88   8./$....../$....
0x000000db242feb30:   000002ba68fc8800 0000000713f52bd0   ...h.....+......
0x000000db242feb40:   fffffffffffffff7 000002ba41246ae8   .........j$A....
0x000000db242feb50:   0000000000000003 000002ba41248270   ........p.$A....
0x000000db242feb60:   0000000000000000 000000071542bbc0   ..........B.....
0x000000db242feb70:   000002ba41246b30 fffffffffffffff6   0k$A............
0x000000db242feb80:   000000db242feba0 000000db242febf0   ../$....../$....
0x000000db242feb90:   000002ba68fc8800 0000000000000000   ...h............
0x000000db242feba0:   0000000713f52bd0 fffffffffffffff7   .+..............
0x000000db242febb0:   000002ba4119e13f 0000000000000008   ?..A............
0x000000db242febc0:   000002ba411a2858 0000000000000000   X(.A............

Instructions: (pc=0x00007ff92b2db006)
  0x00007ff92b2daf06:   11 45 d4 0f 11 45 e4 0f 11 45 f4 89 45 04 c7 45
  0x00007ff92b2daf16:   a0 68 00 00 00 0f 11 44 24 34 0f 11 44 24 44 0f
  0x00007ff92b2daf26:   11 44 24 54 0f 11 44 24 64 0f 11 44 24 74 0f 11
  0x00007ff92b2daf36:   45 84 89 45 94 c7 44 24 30 68 00 00 00 48 8d 55
  0x00007ff92b2daf46:   a0 49 8b ce ff 15 c8 59 06 00 85 c0 74 41 48 8d
  0x00007ff92b2daf56:   54 24 30 48 8b ce ff 15 b6 59 06 00 85 c0 74 2f
  0x00007ff92b2daf66:   48 8d 54 24 34 48 8d 4d a4 ff 15 eb 58 06 00 85
  0x00007ff92b2daf76:   c0 74 1c 48 8d 54 24 44 48 8d 4d b4 ff 15 d8 58
  0x00007ff92b2daf86:   06 00 85 c0 74 09 8b 44 24 54 39 45 c4 74 11 ff
  0x00007ff92b2daf96:   c7 3b 7b 0c 0f 8c 40 ff ff ff 8b 3d 7a 93 06 00
  0x00007ff92b2dafa6:   48 8b cb e8 e2 d1 f4 ff 90 8b c7 48 8b 4d 10 48
  0x00007ff92b2dafb6:   33 cc e8 b3 ee 00 00 4c 8d 9c 24 20 01 00 00 49
  0x00007ff92b2dafc6:   8b 5b 28 49 8b 73 30 49 8b e3 41 5e 5f 5d c3 cc
  0x00007ff92b2dafd6:   cc cc cc cc cc cc cc cc cc cc 48 8b 41 08 48 8b
  0x00007ff92b2dafe6:   80 18 0c 00 00 c3 cc cc cc cc 48 8b 41 08 48 05
  0x00007ff92b2daff6:   00 04 00 00 c3 cc cc cc cc cc 40 53 48 83 ec 20
=>0x00007ff92b2db006:   83 79 50 00 48 8b d9 75 56 48 8b 49 28 4c 8d 44
  0x00007ff92b2db016:   24 38 48 8d 54 24 30 c7 44 24 30 00 00 80 bf c7
  0x00007ff92b2db026:   44 24 38 00 00 80 bf e8 4e ce 00 00 f3 0f 10 54
  0x00007ff92b2db036:   24 30 0f 57 c0 0f 2f d0 76 25 f3 0f 10 4c 24 38
  0x00007ff92b2db046:   0f 2f c8 76 1a f3 0f 5e 15 b9 8c 02 00 f3 0f 5e
  0x00007ff92b2db056:   0d b1 8c 02 00 f3 0f 11 53 48 f3 0f 11 4b 4c 48
  0x00007ff92b2db066:   83 c4 20 5b c3 cc cc cc cc cc 48 89 5c 24 10 48
  0x00007ff92b2db076:   89 74 24 18 57 41 56 41 57 48 83 ec 40 48 8b d9
  0x00007ff92b2db086:   48 83 79 18 00 75 14 b9 28 04 00 00 e8 a9 85 00
  0x00007ff92b2db096:   00 48 89 43 18 c7 00 28 00 00 00 48 8b 43 18 33
  0x00007ff92b2db0a6:   ff 66 89 78 0e 48 8b 4b 28 e8 5c 03 00 00 48 8b
  0x00007ff92b2db0b6:   f0 41 bf 01 00 00 00 45 8b c7 41 8b d7 48 8b c8
  0x00007ff92b2db0c6:   ff 15 f4 54 06 00 4c 8b f0 89 7c 24 30 48 8b 4b
  0x00007ff92b2db0d6:   18 48 89 4c 24 28 48 89 7c 24 20 45 8b cf 45 33
  0x00007ff92b2db0e6:   c0 48 8b d0 48 8b ce ff 15 ed 53 06 00 48 8b 53
  0x00007ff92b2db0f6:   30 48 8b 0b 8b 05 24 92 06 00 83 79 04 08 0f 8e


Stack slot to memory mapping:

stack at sp + 0 slots: 0x000002ba45b83060 points into unknown readable memory: 0x000002ba45b879f0 | f0 79 b8 45 ba 02 00 00
stack at sp + 1 slots: 0x000002ba45af8f20 is a thread
stack at sp + 2 slots: 0x000002ba00166538 is a pointer to class: 
stack at sp + 3 slots: 0x000002ba45b83060 points into unknown readable memory: 0x000002ba45b879f0 | f0 79 b8 45 ba 02 00 00
stack at sp + 4 slots: 0x000002ba45b83060 points into unknown readable memory: 0x000002ba45b879f0 | f0 79 b8 45 ba 02 00 00
stack at sp + 5 slots: 0x00007ff92b2dc842 awt.dll
stack at sp + 6 slots: 0x00007ff92b337838 awt.dll
stack at sp + 7 slots: {method} {0x000002ba41244cd0} 'initNativeScale' '(I)V' in 'sun/awt/Win32GraphicsDevice'

Lock stack of current Java thread (top to bottom):

native method entry point (kind = native)  [0x000002ba68fcca40, 0x000002ba68fcd478]  2616 bytes
[MachCode]
  0x000002ba68fcca40: 488b 4b08 | 0fb7 492e | 584c 8d74 | ccf8 6800 | 0000 0068 | 0000 0000 | 5055 488b | ec41 5568 
  0x000002ba68fcca60: 0000 0000 | 4c8b 6b08 | 4d8d 6d38 | 5348 8b53 | 0848 8b52 | 0848 8b52 | 1848 8b52 | 7048 8b12 
  0x000002ba68fcca80: 5248 8b53 | 1048 85d2 | 0f84 0700 | 0000 4881 | c208 0100 | 0052 488b | 5308 488b | 5208 488b 
  0x000002ba68fccaa0: 5210 5249 | 8bc6 482b | c548 c1e8 | 0350 6800 | 0000 0068 | f7ff ffff | 41c6 8771 | 0400 0001 
  0x000002ba68fccac0: 488b 4310 | 4885 c074 | 208b 88cc | 0000 0083 | c102 8988 | cc00 0000 | 2388 e000 | 0000 0f84 
  0x000002ba68fccae0: e408 0000 | e9cd 0000 | 0048 8b43 | 1848 85c0 | 0f85 b000 | 0000 e805 | 0000 00e9 | 9900 0000 
  0x000002ba68fccb00: 488b d348 | 8d44 2408 | 4c89 6dc0 | 498b cfc5 | f877 4989 | afb8 0300 | 0049 8987 | a803 0000 
  0x000002ba68fccb20: 4883 ec20 | 40f6 c40f | 0f84 1900 | 0000 4883 | ec08 48b8 | e016 25de | f87f 0000 | ffd0 4883 
  0x000002ba68fccb40: c408 e90c | 0000 0048 | b8e0 1625 | def8 7f00 | 00ff d048 | 83c4 2049 | c787 a803 | 0000 0000 
  0x000002ba68fccb60: 0000 49c7 | 87b8 0300 | 0000 0000 | 0049 c787 | b003 0000 | 0000 0000 | c5f8 7749 | 837f 0800 
  0x000002ba68fccb80: 0f84 0500 | 0000 e935 | 43ff ff4c | 8b6d c04c | 8b75 c84e | 8d74 f500 | c348 8b43 | 1848 85c0 
  0x000002ba68fccba0: 0f84 1000 | 0000 8b08 | 83c1 0289 | 0823 4814 | 0f84 1208 | 0000 493b | a7f0 0400 | 000f 8748 
  0x000002ba68fccbc0: 0000 0089 | 8424 00f0 | ffff 8984 | 2400 e0ff | ff89 8424 | 00d0 ffff | 8984 2400 | c0ff ff89 
  0x000002ba68fccbe0: 8424 00b0 | ffff 8984 | 2400 a0ff | ff89 8424 | 0090 ffff | 8984 2400 | 80ff ff49 | 3ba7 e804 
  0x000002ba68fccc00: 0000 7607 | 4989 a7f0 | 0400 0041 | c687 7104 | 0000 0048 | 8b5d e84c | 8b5b 0845 | 0fb7 5b2e 
  0x000002ba68fccc20: 41c1 e303 | 492b e348 | 83ec 2048 | 83e4 f04c | 8b5b 604d | 85db 0f85 | ab00 0000 | e805 0000 
  0x000002ba68fccc40: 00e9 9900 | 0000 488b | d348 8d44 | 2408 4c89 | 6dc0 498b | cfc5 f877 | 4989 afb8 | 0300 0049 
  0x000002ba68fccc60: 8987 a803 | 0000 4883 | ec20 40f6 | c40f 0f84 | 1900 0000 | 4883 ec08 | 48b8 0041 | 25de f87f 
  0x000002ba68fccc80: 0000 ffd0 | 4883 c408 | e90c 0000 | 0048 b800 | 4125 def8 | 7f00 00ff | d048 83c4 | 2049 c787 
  0x000002ba68fccca0: a803 0000 | 0000 0000 | 49c7 87b8 | 0300 0000 | 0000 0049 | c787 b003 | 0000 0000 | 0000 c5f8 
  0x000002ba68fcccc0: 7749 837f | 0800 0f84 | 0500 0000 | e9ef 41ff | ff4c 8b6d | c04c 8b75 | c84e 8d74 | f500 c348 
  0x000002ba68fccce0: 8b5d e84c | 8b5b 6041 | ffd3 488b | 5de8 4889 | 4518 448b | 5b28 41f6 | c308 0f84 | 1b00 0000 
  0x000002ba68fccd00: 4c8b 5b08 | 4d8b 5b08 | 4d8b 5b18 | 4d8b 5b70 | 4d8b 1b4c | 895d 1048 | 8d55 1048 | 8b43 5849 
  0x000002ba68fccd20: ba70 8c5e | def8 7f00 | 0049 3bc2 | 0f85 ab00 | 0000 e805 | 0000 00e9 | 9900 0000 | 488b d348 
  0x000002ba68fccd40: 8d44 2408 | 4c89 6dc0 | 498b cfc5 | f877 4989 | afb8 0300 | 0049 8987 | a803 0000 | 4883 ec20 
  0x000002ba68fccd60: 40f6 c40f | 0f84 1900 | 0000 4883 | ec08 48b8 | 0041 25de | f87f 0000 | ffd0 4883 | c408 e90c 
  0x000002ba68fccd80: 0000 0048 | b800 4125 | def8 7f00 | 00ff d048 | 83c4 2049 | c787 a803 | 0000 0000 | 0000 49c7 
  0x000002ba68fccda0: 87b8 0300 | 0000 0000 | 0049 c787 | b003 0000 | 0000 0000 | c5f8 7749 | 837f 0800 | 0f84 0500 
  0x000002ba68fccdc0: 0000 e9f9 | 40ff ff4c | 8b6d c04c | 8b75 c84e | 8d74 f500 | c348 8b5d | e848 8b43 | 5849 8d8f 
  0x000002ba68fccde0: c803 0000 | 4c8d 15d5 | 0000 004d | 8997 b003 | 0000 c5f8 | 7749 89af | b803 0000 | 4989 a7a8 
  0x000002ba68fcce00: 0300 0041 | c787 5404 | 0000 0400 | 0000 493b | a748 0500 | 0076 0749 | 89a7 4805 | 0000 ffd0 
  0x000002ba68fcce20: 493b a748 | 0500 0072 | 0b49 c787 | 4805 0000 | 0000 0000 | c5f8 7748 | 83ec 10c5 | fb11 0424 
  0x000002ba68fcce40: 4883 ec10 | 4889 0424 | 48c7 4424 | 0800 0000 | 0041 c787 | 5404 0000 | 0500 0000 | f083 4424 
  0x000002ba68fcce60: c000 493b | 6f28 0f87 | 0e00 0000 | 4183 bf50 | 0400 0000 | 0f84 2000 | 0000 498b | cf4c 8be4 
  0x000002ba68fcce80: 4883 ec20 | 4883 e4f0 | 48b8 f0a5 | 26de f87f | 0000 ffd0 | 498b e44d | 33e4 41c7 | 8754 0400 
  0x000002ba68fccea0: 0008 0000 | 004d 8b97 | 7005 0000 | 4983 fa00 | 7435 49c7 | 8770 0500 | 0000 0000 | 0041 ffe2 
  0x000002ba68fccec0: 49ba 00bb | fc68 ba02 | 0000 41ff | d248 83ec | 10c5 fb11 | 0424 4883 | ec10 4889 | 0424 48c7 
  0x000002ba68fccee0: 4424 0800 | 0000 0049 | c787 a803 | 0000 0000 | 0000 49c7 | 87b8 0300 | 0000 0000 | 0049 c787 
  0x000002ba68fccf00: b003 0000 | 0000 0000 | c5f8 774d | 8b9f 3804 | 0000 41c7 | 8300 0100 | 0000 0000 | 0049 bb3a 
  0x000002ba68fccf20: a4fc 68ba | 0200 004c | 3b5d 180f | 8555 0100 | 0048 8b04 | 2448 83c4 | 1048 85c0 | 0f84 2f01 
  0x000002ba68fccf40: 0000 a803 | 0f85 0800 | 0000 488b | 00e9 1f01 | 0000 a801 | 0f85 0900 | 0000 488b | 40fe e90e 
  0x000002ba68fccf60: 0100 0048 | 8b40 ff41 | 807f 4800 | 0f84 ff00 | 0000 4883 | f800 0f84 | f500 0000 | 4d8b 5f38 
  0x000002ba68fccf80: 4d85 db0f | 8414 0000 | 0049 83eb | 084d 895f | 384d 035f | 4049 8903 | e9d4 0000 | 0048 83ec 
  0x000002ba68fccfa0: 7048 8904 | 2448 894c | 2408 4889 | 5424 104c | 8944 2418 | 4c89 4c24 | 204c 8954 | 2428 4c89 
  0x000002ba68fccfc0: 5c24 30c5 | fb11 4424 | 40c5 fb11 | 4c24 48c5 | fb11 5424 | 50c5 fb11 | 5c24 58c5 | fb11 6424 
  0x000002ba68fccfe0: 60c5 fb11 | 6c24 6849 | 8bd7 488b | c848 83ec | 2040 f6c4 | 0f0f 8419 | 0000 0048 | 83ec 0848 
  0x000002ba68fcd000: b8e0 1819 | def8 7f00 | 00ff d048 | 83c4 08e9 | 0c00 0000 | 48b8 e018 | 19de f87f | 0000 ffd0 
  0x000002ba68fcd020: 4883 c420 | c5fb 106c | 2468 c5fb | 1064 2460 | c5fb 105c | 2458 c5fb | 1054 2450 | c5fb 104c 
  0x000002ba68fcd040: 2448 c5fb | 1044 2440 | 4c8b 5c24 | 304c 8b54 | 2428 4c8b | 4c24 204c | 8b44 2418 | 488b 5424 
  0x000002ba68fcd060: 1048 8b4c | 2408 488b | 0424 4883 | c470 c5f8 | 7748 8945 | 1048 83ec | 1048 8904 | 2448 c744 
  0x000002ba68fcd080: 2408 0000 | 0000 4183 | bfd0 0400 | 0002 0f85 | bf00 0000 | 4881 ec80 | 0000 0048 | 8944 2478 
  0x000002ba68fcd0a0: 4889 4c24 | 7048 8954 | 2468 4889 | 5c24 6048 | 896c 2450 | 4889 7424 | 4848 897c | 2440 4c89 
  0x000002ba68fcd0c0: 4424 384c | 894c 2430 | 4c89 5424 | 284c 895c | 2420 4c89 | 6424 184c | 896c 2410 | 4c89 7424 
  0x000002ba68fcd0e0: 084c 893c | 244c 8be4 | 4883 ec20 | 4883 e4f0 | 48b8 6074 | 5ede f87f | 0000 ffd0 | 498b e44c 
  0x000002ba68fcd100: 8b3c 244c | 8b74 2408 | 4c8b 6c24 | 104c 8b64 | 2418 4c8b | 5c24 204c | 8b54 2428 | 4c8b 4c24 
  0x000002ba68fcd120: 304c 8b44 | 2438 488b | 7c24 4048 | 8b74 2448 | 488b 6c24 | 5048 8b5c | 2460 488b | 5424 6848 
  0x000002ba68fcd140: 8b4c 2470 | 488b 4424 | 7848 81c4 | 8000 0000 | 4d33 e448 | 8b5d e84c | 8b6b 084d | 8d6d 3849 
  0x000002ba68fcd160: 837f 0800 | 0f84 bb00 | 0000 e805 | 0000 00e9 | 9600 0000 | 488d 4424 | 084c 896d | c049 8bcf 
  0x000002ba68fcd180: c5f8 7749 | 89af b803 | 0000 4989 | 87a8 0300 | 0048 83ec | 2040 f6c4 | 0f0f 8419 | 0000 0048 
  0x000002ba68fcd1a0: 83ec 0848 | b8a0 5f25 | def8 7f00 | 00ff d048 | 83c4 08e9 | 0c00 0000 | 48b8 a05f | 25de f87f 
  0x000002ba68fcd1c0: 0000 ffd0 | 4883 c420 | 49c7 87a8 | 0300 0000 | 0000 0049 | c787 b803 | 0000 0000 | 0000 49c7 
  0x000002ba68fcd1e0: 87b0 0300 | 0000 0000 | 00c5 f877 | 4983 7f08 | 000f 8405 | 0000 00e9 | c43c ffff | 4c8b 6dc0 
  0x000002ba68fcd200: 4c8b 75c8 | 4e8d 74f5 | 00c3 48b9 | e034 8ede | f87f 0000 | 4883 e4f0 | 48b8 1090 | 4bde f87f 
  0x000002ba68fcd220: 0000 ffd0 | f444 8b5b | 2841 f6c3 | 200f 8472 | 0100 0048 | 8d55 a84c | 8b5a 084d | 85db 0f85 
  0x000002ba68fcd240: bb00 0000 | e805 0000 | 00e9 9600 | 0000 488d | 4424 084c | 896d c049 | 8bcf c5f8 | 7749 89af 
  0x000002ba68fcd260: b803 0000 | 4989 87a8 | 0300 0048 | 83ec 2040 | f6c4 0f0f | 8419 0000 | 0048 83ec | 0848 b8d0 
  0x000002ba68fcd280: 5e25 def8 | 7f00 00ff | d048 83c4 | 08e9 0c00 | 0000 48b8 | d05e 25de | f87f 0000 | ffd0 4883 
  0x000002ba68fcd2a0: c420 49c7 | 87a8 0300 | 0000 0000 | 0049 c787 | b803 0000 | 0000 0000 | 49c7 87b0 | 0300 0000 
  0x000002ba68fcd2c0: 0000 00c5 | f877 4983 | 7f08 000f | 8405 0000 | 00e9 ea3b | ffff 4c8b | 6dc0 4c8b | 75c8 4e8d 
  0x000002ba68fcd2e0: 74f5 00c3 | 48b9 e034 | 8ede f87f | 0000 4883 | e4f0 48b8 | 1090 4bde | f87f 0000 | ffd0 f44c 
  0x000002ba68fcd300: 896d c04c | 8b4a 0848 | c742 0800 | 0000 0045 | 8b87 5806 | 0000 4f3b | 4c07 f80f | 8542 0000 
  0x000002ba68fcd320: 0041 83af | 5806 0000 | 084f 3b4c | 07f0 0f84 | 2a00 0000 | 498b 01a8 | 020f 8512 | 0000 004c 
  0x000002ba68fcd340: 8bc0 4983 | c801 f04d | 0fb1 010f | 840d 0000 | 0041 8387 | 5806 0000 | 08e9 0500 | 0000 e93e 
  0x000002ba68fcd360: 0000 004c | 894a 0848 | 8bca 4883 | ec20 40f6 | c40f 0f84 | 1900 0000 | 4883 ec08 | 48b8 f030 
  0x000002ba68fcd380: 25de f87f | 0000 ffd0 | 4883 c408 | e90c 0000 | 0048 b8f0 | 3025 def8 | 7f00 00ff | d048 83c4 
  0x000002ba68fcd3a0: 204c 8b6d | c048 8b04 | 2448 83c4 | 10c5 fb10 | 0424 4883 | c410 4c8b | 5d18 41ff | d34c 8b5d 
  0x000002ba68fcd3c0: f8c9 5f49 | 8be3 ffe7 | ba00 0000 | 00e8 0500 | 0000 e996 | 0000 0048 | 8d44 2408 | 4c89 6dc0 
  0x000002ba68fcd3e0: 498b cfc5 | f877 4989 | afb8 0300 | 0049 8987 | a803 0000 | 4883 ec20 | 40f6 c40f | 0f84 1900 
  0x000002ba68fcd400: 0000 4883 | ec08 48b8 | a025 25de | f87f 0000 | ffd0 4883 | c408 e90c | 0000 0048 | b8a0 2525 
  0x000002ba68fcd420: def8 7f00 | 00ff d048 | 83c4 2049 | c787 a803 | 0000 0000 | 0000 49c7 | 87b8 0300 | 0000 0000 
  0x000002ba68fcd440: 0049 c787 | b003 0000 | 0000 0000 | c5f8 7749 | 837f 0800 | 0f84 0500 | 0000 e961 | 3aff ff4c 
  0x000002ba68fcd460: 8b6d c04c | 8b75 c84e | 8d74 f500 | c348 8b5d | e8e9 40f7 | ffff 6690 
[/MachCode]

Compiled method (c1) 22906345 1892   !   3       java.awt.event.InvocationEvent::dispatch (69 bytes)
 total in heap  [0x000002ba61e45088,0x000002ba61e45880] = 2040
 relocation     [0x000002ba61e45160,0x000002ba61e451e8] = 136
 main code      [0x000002ba61e45200,0x000002ba61e45810] = 1552
 stub code      [0x000002ba61e45810,0x000002ba61e45878] = 104
 metadata       [0x000002ba61e45878,0x000002ba61e45880] = 8
 immutable data [0x000002ba45c7bfb0,0x000002ba45c7c158] = 424
 dependencies   [0x000002ba45c7bfb0,0x000002ba45c7bfb8] = 8
 nul chk table  [0x000002ba45c7bfb8,0x000002ba45c7bfd0] = 24
 handler table  [0x000002ba45c7bfd0,0x000002ba45c7c060] = 144
 scopes pcs     [0x000002ba45c7c060,0x000002ba45c7c100] = 160
 scopes data    [0x000002ba45c7c100,0x000002ba45c7c158] = 88

[Constant Pool (empty)]

[MachCode]
[Instructions begin]
  0x000002ba61e45200: 6666 660f | 1f84 0000 | 0000 0066 | 6666 9066 | 6690 448b | 5208 443b 

  0x000002ba61e45218: ;   {runtime_call Shared Runtime ic_miss_blob}
  0x000002ba61e45218: 5008 0f85 | 4095 1c07 
[Verified Entry Point]
  0x000002ba61e45220: 8984 2400 | 80ff ff55 | 4883 ec30 | 4181 7f20 | 0100 0000 

  0x000002ba61e45234: ;   {runtime_call StubRoutines (final stubs)}
  0x000002ba61e45234: 7405 e8c5 | 061b 0748 | 8954 2418 

  0x000002ba61e45240: ;   {metadata(method data for {method} {0x000002ba4169cc30} 'dispatch' '()V' in 'java/awt/event/InvocationEvent')}
  0x000002ba61e45240: 48be 885c | 9141 ba02 | 0000 8bbe | cc00 0000 | 83c7 0289 | becc 0000 | 0081 e7fe | 0700 0085 
  0x000002ba61e45260: ff0f 84c7 | 0400 000f | be72 1d85 

  0x000002ba61e4526c: ;   {metadata(method data for {method} {0x000002ba4169cc30} 'dispatch' '()V' in 'java/awt/event/InvocationEvent')}
  0x000002ba61e4526c: f648 be88 | 5c91 41ba | 0200 00bf | 1001 0000 | 7405 bf20 | 0100 0048 | 8b1c 3e48 | 8d5b 0148 
  0x000002ba61e4528c: 891c 3e0f | 84d1 0000 | 008b 7228 | 48c1 e603 

  0x000002ba61e4529c: ; implicit exception: dispatches to 0x000002ba61e4574f
  0x000002ba61e4529c: 483b 0648 

  0x000002ba61e452a0: ;   {metadata(method data for {method} {0x000002ba4169cc30} 'dispatch' '()V' in 'java/awt/event/InvocationEvent')}
  0x000002ba61e452a0: 8bfe 48bb | 885c 9141 | ba02 0000 | 8b7f 0849 | ba00 0000 | 00ba 0200 | 0049 03fa | 483b bb38 
  0x000002ba61e452c0: 0100 0075 | 0d48 8383 | 4001 0000 | 01e9 6000 | 0000 483b | bb48 0100 | 0075 0d48 | 8383 5001 
  0x000002ba61e452e0: 0000 01e9 | 4a00 0000 | 4883 bb38 | 0100 0000 | 7517 4889 | bb38 0100 | 0048 c783 | 4001 0000 
  0x000002ba61e45300: 0100 0000 | e929 0000 | 0048 83bb | 4801 0000 | 0075 1748 | 89bb 4801 | 0000 48c7 | 8350 0100 
  0x000002ba61e45320: 0001 0000 | 00e9 0800 | 0000 4883 | 8330 0100 | 0001 488b | d648 b860 | dad5 45ba 

  0x000002ba61e4533c: ;   {virtual_call}
  0x000002ba61e4533c: 0200 00e8 

  0x000002ba61e45340: ; ImmutableOopMap {[24]=Oop }
                      ;*invokeinterface run {reexecute=0 rethrow=0 return_oop=0}
                      ; - java.awt.event.InvocationEvent::dispatch@11 (line 308)
  0x000002ba61e45340: 1c9a 1c07 

  0x000002ba61e45344: ;   {post_call_nop}
  0x000002ba61e45344: 0f1f 8400 | bc02 0000 

  0x000002ba61e4534c: ;   {metadata(method data for {method} {0x000002ba4169cc30} 'dispatch' '()V' in 'java/awt/event/InvocationEvent')}
  0x000002ba61e4534c: 48ba 885c | 9141 ba02 | 0000 ff82 | 6001 0000 | 488b 5424 | 18e9 1f03 | 0000 8b72 | 2848 c1e6 
  0x000002ba61e4536c: 0348 3b06 

  0x000002ba61e45370: ;   {metadata(method data for {method} {0x000002ba4169cc30} 'dispatch' '()V' in 'java/awt/event/InvocationEvent')}
  0x000002ba61e45370: 488b fe48 | bb88 5c91 | 41ba 0200 | 008b 7f08 | 49ba 0000 | 0000 ba02 | 0000 4903 | fa48 3bbb 
  0x000002ba61e45390: 1802 0000 | 750d 4883 | 8320 0200 | 0001 e960 | 0000 0048 | 3bbb 2802 | 0000 750d | 4883 8330 
  0x000002ba61e453b0: 0200 0001 | e94a 0000 | 0048 83bb | 1802 0000 | 0075 1748 | 89bb 1802 | 0000 48c7 | 8320 0200 
  0x000002ba61e453d0: 0001 0000 | 00e9 2900 | 0000 4883 | bb28 0200 | 0000 7517 | 4889 bb28 | 0200 0048 | c783 3002 
  0x000002ba61e453f0: 0000 0100 | 0000 e908 | 0000 0048 | 8383 1002 | 0000 0148 | 8bd6 0f1f | 8000 0000 | 0048 b888 
  0x000002ba61e45410: dad5 45ba 

  0x000002ba61e45414: ;   {virtual_call}
  0x000002ba61e45414: 0200 00e8 

  0x000002ba61e45418: ; ImmutableOopMap {[24]=Oop }
                      ;*invokeinterface run {reexecute=0 rethrow=0 return_oop=0}
                      ; - java.awt.event.InvocationEvent::dispatch@47 (line 318)
  0x000002ba61e45418: 3467 2907 

  0x000002ba61e4541c: ;   {post_call_nop}
  0x000002ba61e4541c: 0f1f 8400 | 9403 0001 | 488b 5424 | 18e9 5702 | 0000 498b | 8708 0500 | 004d 33d2 | 4d89 9708 
  0x000002ba61e4543c: 0500 004d | 33d2 4d89 | 9710 0500 | 0048 85c0 

  0x000002ba61e4544c: ;   {metadata(method data for {method} {0x000002ba4169cc30} 'dispatch' '()V' in 'java/awt/event/InvocationEvent')}
  0x000002ba61e4544c: 48be 885c | 9141 ba02 | 0000 750c | 808e 7101 | 0000 01e9 | af00 0000 | 8b78 0849 | ba00 0000 
  0x000002ba61e4546c: 00ba 0200 | 0049 03fa | 483b be80 | 0100 0075 | 0d48 8386 | 8801 0000 | 01e9 6000 | 0000 483b 
  0x000002ba61e4548c: be90 0100 | 0075 0d48 | 8386 9801 | 0000 01e9 | 4a00 0000 | 4883 be80 | 0100 0000 | 7517 4889 
  0x000002ba61e454ac: be80 0100 | 0048 c786 | 8801 0000 | 0100 0000 | e929 0000 | 0048 83be | 9001 0000 | 0075 1748 
  0x000002ba61e454cc: 89be 9001 | 0000 48c7 | 8698 0100 | 0001 0000 | 00e9 0800 | 0000 4883 | 8678 0100 

  0x000002ba61e454e8: ;   {metadata('java/lang/Exception')}
  0x000002ba61e454e8: 0001 48bf | e8f4 1b00 | ba02 0000 | 8b70 0849 | ba00 0000 | 00ba 0200 | 0049 03f2 | 483b 7e40 
  0x000002ba61e45508: 0f85 0500 | 0000 e905 | 0000 004d | 33c0 eb06 | 41b8 0100 | 0000 4585 

  0x000002ba61e45520: ;   {metadata(method data for {method} {0x000002ba4169cc30} 'dispatch' '()V' in 'java/awt/event/InvocationEvent')}
  0x000002ba61e45520: c049 b888 | 5c91 41ba | 0200 00ba | a801 0000 | 7405 bab8 | 0100 0049 | 8b34 1048 | 8d76 0149 
  0x000002ba61e45540: 8934 1048 | 8b54 2418 | 0f84 f900 | 0000 4885 

  0x000002ba61e45550: ;   {metadata(method data for {method} {0x000002ba4169cc30} 'dispatch' '()V' in 'java/awt/event/InvocationEvent')}
  0x000002ba61e45550: c048 bf88 | 5c91 41ba | 0200 0075 | 0c80 8fc1 | 0100 0001 | e9af 0000 | 008b 5808 | 49ba 0000 
  0x000002ba61e45570: 0000 ba02 | 0000 4903 | da48 3b9f | d001 0000 | 750d 4883 | 87d8 0100 | 0001 e960 | 0000 0048 
  0x000002ba61e45590: 3b9f e001 | 0000 750d | 4883 87e8 | 0100 0001 | e94a 0000 | 0048 83bf | d001 0000 | 0075 1748 
  0x000002ba61e455b0: 899f d001 | 0000 48c7 | 87d8 0100 | 0001 0000 | 00e9 2900 | 0000 4883 | bfe0 0100 | 0000 7517 
  0x000002ba61e455d0: 4889 9fe0 | 0100 0048 | c787 e801 | 0000 0100 | 0000 e908 | 0000 0048 | 8387 c801 

  0x000002ba61e455ec: ;   {metadata('java/lang/Exception')}
  0x000002ba61e455ec: 0000 0148 | bbe8 f41b | 00ba 0200 | 008b 7808 | 49ba 0000 | 0000 ba02 | 0000 4903 | fa48 3b5f 
  0x000002ba61e4560c: 400f 8546 | 0100 00e9 | 0000 0000 | 4c8b c041 | 0fbe 7748 | 85f6 0f85 | 3a01 0000 | 4d8b d049 
  0x000002ba61e4562c: c1ea 0344 | 8952 3448 | 8bf2 4933 | f048 c1ee | 1548 83fe | 000f 853a | 0100 0045 | 0fbe 4748 
  0x000002ba61e4564c: 4585 c00f | 8544 0100 | 004c 8bd0 | 49c1 ea03 | 4489 5238 | 4c8b c24c | 33c0 49c1 | e815 4983 
  0x000002ba61e4566c: f800 0f85 | 4501 0000 

  0x000002ba61e45674: ;   {metadata(method data for {method} {0x000002ba4169cc30} 'dispatch' '()V' in 'java/awt/event/InvocationEvent')}
  0x000002ba61e45674: 49b8 885c | 9141 ba02 | 0000 41ff | 80f8 0100 | 004c 8bc2 

  0x000002ba61e45688: ;   {metadata(method data for {method} {0x000002ba4169cc30} 'dispatch' '()V' in 'java/awt/event/InvocationEvent')}
  0x000002ba61e45688: 48be 885c | 9141 ba02 | 0000 4883 | 8640 0200 | 0001 41b8 | 0100 0000 | 0f1f 8000 

  0x000002ba61e456a4: ;   {optimized virtual_call}
  0x000002ba61e456a4: 0000 00e8 

  0x000002ba61e456a8: ; ImmutableOopMap {}
                      ;*invokevirtual finishedDispatching {reexecute=0 rethrow=0 return_oop=0}
                      ; - java.awt.event.InvocationEvent::dispatch@54 (line 321)
  0x000002ba61e456a8: 349c 0200 

  0x000002ba61e456ac: ;   {post_call_nop}
  0x000002ba61e456ac: 0f1f 8400 | 2406 0002 

  0x000002ba61e456b4: ;   {metadata(method data for {method} {0x000002ba4169cc30} 'dispatch' '()V' in 'java/awt/event/InvocationEvent')}
  0x000002ba61e456b4: 48b8 885c | 9141 ba02 | 0000 ff80 | 7002 0000 | 4883 c430 

  0x000002ba61e456c8: ;   {poll_return}
  0x000002ba61e456c8: 5d49 3b67 | 280f 87fe | 0000 00c3 | 488b 5424 | 1849 8b87 | 0805 0000 | 4d33 d24d | 8997 0805 
  0x000002ba61e456e8: 0000 4d33 | d24d 8997 | 1005 0000 

  0x000002ba61e456f4: ;   {metadata(method data for {method} {0x000002ba4169cc30} 'dispatch' '()V' in 'java/awt/event/InvocationEvent')}
  0x000002ba61e456f4: 4c8b c248 | be88 5c91 | 41ba 0200 | 0048 8386 | 8802 0000 | 0141 b801 | 0000 0048 | 8944 2420 
  0x000002ba61e45714: ;   {optimized virtual_call}
  0x000002ba61e45714: 6666 90e8 

  0x000002ba61e45718: ; ImmutableOopMap {[32]=Oop }
                      ;*invokevirtual finishedDispatching {reexecute=0 rethrow=0 return_oop=0}
                      ; - java.awt.event.InvocationEvent::dispatch@63 (line 321)
  0x000002ba61e45718: 4493 1c07 

  0x000002ba61e4571c: ;   {post_call_nop}
  0x000002ba61e4571c: 0f1f 8400 | 9406 0003 | 488b 4424 | 20e9 d600 

  0x000002ba61e4572c: ;   {metadata({method} {0x000002ba4169cc30} 'dispatch' '()V' in 'java/awt/event/InvocationEvent')}
  0x000002ba61e4572c: 0000 49ba | 28cc 6941 | ba02 0000 | 4c89 5424 | 0848 c704 | 24ff ffff 

  0x000002ba61e45744: ;   {runtime_call C1 Runtime counter_overflow_blob}
  0x000002ba61e45744: ffe8 16df 

  0x000002ba61e45748: ; ImmutableOopMap {rdx=Oop [24]=Oop }
                      ;*synchronization entry
                      ; - java.awt.event.InvocationEvent::dispatch@-1 (line 306)
  0x000002ba61e45748: 2807 e918 

  0x000002ba61e4574c: ;   {runtime_call C1 Runtime throw_null_pointer_exception_blob}
  0x000002ba61e4574c: fbff ffe8 

  0x000002ba61e45750: ; ImmutableOopMap {rdx=Oop rsi=Oop [24]=Oop }
                      ;*invokeinterface run {reexecute=0 rethrow=0 return_oop=0}
                      ; - java.awt.event.InvocationEvent::dispatch@11 (line 308)
  0x000002ba61e45750: 0c82 2807 

  0x000002ba61e45754: ;   {runtime_call C1 Runtime throw_null_pointer_exception_blob}
  0x000002ba61e45754: e807 8228 

  0x000002ba61e45758: ; ImmutableOopMap {rdx=Oop rsi=Oop [24]=Oop }
                      ;*invokeinterface run {reexecute=0 rethrow=0 return_oop=0}
                      ; - java.awt.event.InvocationEvent::dispatch@47 (line 318)
  0x000002ba61e45758: 0748 8904 

  0x000002ba61e4575c: ;   {runtime_call C1 Runtime throw_class_cast_exception_blob}
  0x000002ba61e4575c: 24e8 7ea9 

  0x000002ba61e45760: ; ImmutableOopMap {rax=Oop rdx=Oop [24]=Oop }
                      ;*checkcast {reexecute=0 rethrow=0 return_oop=0}
                      ; - java.awt.event.InvocationEvent::dispatch@29 (line 312)
  0x000002ba61e45760: 2807 8b72 | 3448 c1e6 | 0348 83fe | 000f 84b5 | feff ff48 

  0x000002ba61e45774: ;   {runtime_call g1_pre_barrier_slow}
  0x000002ba61e45774: 8934 24e8 | e4e4 2807 | e9a7 feff | ff49 83f8 | 000f 84bc | feff ff48 

  0x000002ba61e4578c: ;   {runtime_call g1_post_barrier_slow}
  0x000002ba61e4578c: 8914 24e8 | cce7 2807 | e9ae feff | ff44 8b42 | 3849 c1e0 | 0349 83f8 | 000f 84aa | feff ff4c 
  0x000002ba61e457ac: ;   {runtime_call g1_pre_barrier_slow}
  0x000002ba61e457ac: 8904 24e8 | ace4 2807 | e99c feff | ff48 83f8 | 000f 84b1 | feff ff48 

  0x000002ba61e457c4: ;   {runtime_call g1_post_barrier_slow}
  0x000002ba61e457c4: 8914 24e8 | 94e7 2807 | e9a3 feff 

  0x000002ba61e457d0: ;   {internal_word}
  0x000002ba61e457d0: ff49 bac9 | 56e4 61ba | 0200 004d | 8997 6004 

  0x000002ba61e457e0: ;   {runtime_call SafepointBlob}
  0x000002ba61e457e0: 0000 e9f9 | 041d 0749 | 8b87 0805 | 0000 49c7 | 8708 0500 | 0000 0000 | 0049 c787 | 1005 0000 
  0x000002ba61e45800: 0000 0000 | 4883 c430 

  0x000002ba61e45808: ;   {runtime_call C1 Runtime unwind_exception_blob}
  0x000002ba61e45808: 5de9 d26e | 2807 f4f4 
[Stub Code]
  0x000002ba61e45810: ;   {no_reloc}
  0x000002ba61e45810: 0f1f 4400 

  0x000002ba61e45814: ;   {static_stub}
  0x000002ba61e45814: 0048 bb00 | 0000 0000 

  0x000002ba61e4581c: ;   {runtime_call nmethod}
  0x000002ba61e4581c: 0000 00e9 | fbff ffff 

  0x000002ba61e45824: ;   {static_stub}
  0x000002ba61e45824: 9048 bb00 | 0000 0000 

  0x000002ba61e4582c: ;   {runtime_call nmethod}
  0x000002ba61e4582c: 0000 00e9 | fbff ffff 

  0x000002ba61e45834: ;   {static_stub}
  0x000002ba61e45834: 48bb 28d0 | 6941 ba02 

  0x000002ba61e4583c: ;   {runtime_call I2C/C2I adapters}
  0x000002ba61e4583c: 0000 e973 

  0x000002ba61e45840: ;   {runtime_call C1 Runtime handle_exception_from_callee_blob}
  0x000002ba61e45840: ef1c 07e8 | 98a2 2807 

  0x000002ba61e45848: ;   {external_word}
  0x000002ba61e45848: 48b9 e034 | 8ede f87f | 0000 4883 

  0x000002ba61e45854: ;   {runtime_call}
  0x000002ba61e45854: e4f0 48b8 | 1090 4bde | f87f 0000 

  0x000002ba61e45860: ;   {section_word}
  0x000002ba61e45860: ffd0 f449 | ba63 58e4 | 61ba 0200 

  0x000002ba61e4586c: ;   {runtime_call DeoptimizationBlob}
  0x000002ba61e4586c: 0041 52e9 | 0cfa 1c07 | f4f4 f4f4 
[/MachCode]


Compiled method (c1) 22906558 1881       3       java.awt.EventQueue::dispatchEventImpl (139 bytes)
 total in heap  [0x000002ba61e3e908,0x000002ba61e40e40] = 9528
 relocation     [0x000002ba61e3e9e0,0x000002ba61e3ec88] = 680
 main code      [0x000002ba61e3eca0,0x000002ba61e40c58] = 8120
 stub code      [0x000002ba61e40c58,0x000002ba61e40d68] = 272
 oops           [0x000002ba61e40d68,0x000002ba61e40d78] = 16
 metadata       [0x000002ba61e40d78,0x000002ba61e40e40] = 200
 immutable data [0x000002ba7920a620,0x000002ba7920ada8] = 1928
 dependencies   [0x000002ba7920a620,0x000002ba7920a658] = 56
 nul chk table  [0x000002ba7920a658,0x000002ba7920a6d8] = 128
 handler table  [0x000002ba7920a6d8,0x000002ba7920a798] = 192
 scopes pcs     [0x000002ba7920a798,0x000002ba7920ab78] = 992
 scopes data    [0x000002ba7920ab78,0x000002ba7920ada8] = 560

[Constant Pool (empty)]

[MachCode]
[Instructions begin]
  0x000002ba61e3eca0: 6666 660f | 1f84 0000 | 0000 0066 | 6666 9066 | 6690 448b | 5208 443b 

  0x000002ba61e3ecb8: ;   {runtime_call Shared Runtime ic_miss_blob}
  0x000002ba61e3ecb8: 5008 0f85 | a0fa 1c07 
[Verified Entry Point]
  0x000002ba61e3ecc0: 8984 2400 | 80ff ff55 | 4881 ecd0 | 0000 0090 | 4181 7f20 | 0100 0000 

  0x000002ba61e3ecd8: ;   {runtime_call StubRoutines (final stubs)}
  0x000002ba61e3ecd8: 7405 e821 | 6c1b 074c | 8984 24a8 

  0x000002ba61e3ece4: ;   {metadata(method data for {method} {0x000002ba41189398} 'dispatchEventImpl' '(Ljava/awt/AWTEvent;Ljava/lang/Object;)V' in 'java/awt/EventQueue')}
  0x000002ba61e3ece4: 0000 0048 | be90 9a83 | 41ba 0200 | 008b becc | 0000 0083 | c702 89be | cc00 0000 | 81e7 fe07 
  0x000002ba61e3ed04: 0000 85ff | 0f84 121b | 0000 41c6 | 4016 014d 

  0x000002ba61e3ed14: ;   {metadata(method data for {method} {0x000002ba41189398} 'dispatchEventImpl' '(Ljava/awt/AWTEvent;Ljava/lang/Object;)V' in 'java/awt/EventQueue')}
  0x000002ba61e3ed14: 85c0 48bb | 909a 8341 | ba02 0000 | 750c 808b | 0901 0000 | 01e9 cb00 | 0000 418b | 4008 49ba 
  0x000002ba61e3ed34: 0000 0000 | ba02 0000 | 4903 c248 | 3b83 1801 | 0000 750d | 4883 8320 | 0100 0001 | e960 0000 
  0x000002ba61e3ed54: 0048 3b83 | 2801 0000 | 750d 4883 | 8330 0100 | 0001 e94a | 0000 0048 | 83bb 1801 | 0000 0075 
  0x000002ba61e3ed74: 1748 8983 | 1801 0000 | 48c7 8320 | 0100 0001 | 0000 00e9 | 2900 0000 | 4883 bb28 | 0100 0000 
  0x000002ba61e3ed94: 7517 4889 | 8328 0100 | 0048 c783 | 3001 0000 | 0100 0000 | e908 0000 | 0048 8383 | 1001 0000 
  0x000002ba61e3edb4: ;   {metadata('java/awt/ActiveEvent')}
  0x000002ba61e3edb4: 0148 b830 | c469 41ba | 0200 0041 | 8b58 0849 | ba00 0000 | 00ba 0200 | 0049 03da | 483b 4320 
  0x000002ba61e3edd4: 0f84 2400 | 0000 483b | d80f 841b | 0000 0053 

  0x000002ba61e3ede4: ;   {runtime_call C1 Runtime slow_subtype_check_blob}
  0x000002ba61e3ede4: 50e8 561d | 2907 5b5b | 85db 0f84 | 0500 0000 | e905 0000 | 0048 33f6 | eb05 be01 | 0000 0085 
  0x000002ba61e3ee04: ;   {metadata(method data for {method} {0x000002ba41189398} 'dispatchEventImpl' '(Ljava/awt/AWTEvent;Ljava/lang/Object;)V' in 'java/awt/EventQueue')}
  0x000002ba61e3ee04: f648 be90 | 9a83 41ba | 0200 00bf | 5001 0000 | 7505 bf40 | 0100 0048 | 8b1c 3e48 | 8d5b 0148 
  0x000002ba61e3ee24: 891c 3e0f | 85ab 1500 | 004d 85c9 

  0x000002ba61e3ee30: ;   {metadata(method data for {method} {0x000002ba41189398} 'dispatchEventImpl' '(Ljava/awt/AWTEvent;Ljava/lang/Object;)V' in 'java/awt/EventQueue')}
  0x000002ba61e3ee30: 48bb 909a | 8341 ba02 | 0000 750c | 808b 0102 | 0000 01e9 | b100 0000 | 418b 4108 | 49ba 0000 
  0x000002ba61e3ee50: 0000 ba02 | 0000 4903 | c248 3b83 | 1002 0000 | 750d 4883 | 8318 0200 | 0001 e960 | 0000 0048 
  0x000002ba61e3ee70: 3b83 2002 | 0000 750d | 4883 8328 | 0200 0001 | e94a 0000 | 0048 83bb | 1002 0000 | 0075 1748 
  0x000002ba61e3ee90: 8983 1002 | 0000 48c7 | 8318 0200 | 0001 0000 | 00e9 2900 | 0000 4883 | bb20 0200 | 0000 7517 
  0x000002ba61e3eeb0: 4889 8320 | 0200 0048 | c783 2802 | 0000 0100 | 0000 e908 | 0000 0048 | 8383 0802 

  0x000002ba61e3eecc: ;   {metadata('java/awt/Component')}
  0x000002ba61e3eecc: 0000 0148 | b880 2009 | 41ba 0200 | 0041 8b59 | 0849 ba00 | 0000 00ba | 0200 0049 | 03da 483b 
  0x000002ba61e3eeec: 4338 0f85 | 0500 0000 | e905 0000 | 0048 33f6 | eb05 be01 | 0000 0085 

  0x000002ba61e3ef04: ;   {metadata(method data for {method} {0x000002ba41189398} 'dispatchEventImpl' '(Ljava/awt/AWTEvent;Ljava/lang/Object;)V' in 'java/awt/EventQueue')}
  0x000002ba61e3ef04: f648 be90 | 9a83 41ba | 0200 00bf | 3802 0000 | 7405 bf48 | 0200 0048 | 8b1c 3e48 | 8d5b 0148 
  0x000002ba61e3ef24: 891c 3e0f | 84e4 0600 | 004d 85c9 

  0x000002ba61e3ef30: ;   {metadata(method data for {method} {0x000002ba41189398} 'dispatchEventImpl' '(Ljava/awt/AWTEvent;Ljava/lang/Object;)V' in 'java/awt/EventQueue')}
  0x000002ba61e3ef30: 48bf 909a | 8341 ba02 | 0000 750c | 808f 5102 | 0000 01e9 | b100 0000 | 418b 5908 | 49ba 0000 
  0x000002ba61e3ef50: 0000 ba02 | 0000 4903 | da48 3b9f | 6002 0000 | 750d 4883 | 8768 0200 | 0001 e960 | 0000 0048 
  0x000002ba61e3ef70: 3b9f 7002 | 0000 750d | 4883 8778 | 0200 0001 | e94a 0000 | 0048 83bf | 6002 0000 | 0075 1748 
  0x000002ba61e3ef90: 899f 6002 | 0000 48c7 | 8768 0200 | 0001 0000 | 00e9 2900 | 0000 4883 | bf70 0200 | 0000 7517 
  0x000002ba61e3efb0: 4889 9f70 | 0200 0048 | c787 7802 | 0000 0100 | 0000 e908 | 0000 0048 | 8387 5802 

  0x000002ba61e3efcc: ;   {metadata('java/awt/Component')}
  0x000002ba61e3efcc: 0000 0148 | bb80 2009 | 41ba 0200 | 0041 8b79 | 0849 ba00 | 0000 00ba | 0200 0049 | 03fa 483b 
  0x000002ba61e3efec: 5f38 0f85 | 5218 0000 | e900 0000 | 0049 8bd1 

  0x000002ba61e3effc: ; implicit exception: dispatches to 0x000002ba61e4084f
  0x000002ba61e3effc: 483b 0248 

  0x000002ba61e3f000: ;   {metadata(method data for {method} {0x000002ba41189398} 'dispatchEventImpl' '(Ljava/awt/AWTEvent;Ljava/lang/Object;)V' in 'java/awt/EventQueue')}
  0x000002ba61e3f000: 8bf2 48bf | 909a 8341 | ba02 0000 | 8b76 0849 | ba00 0000 | 00ba 0200 | 0049 03f2 | 483b b790 
  0x000002ba61e3f020: 0200 0075 | 0d48 8387 | 9802 0000 | 01e9 6000 | 0000 483b | b7a0 0200 | 0075 0d48 | 8387 a802 
  0x000002ba61e3f040: 0000 01e9 | 4a00 0000 | 4883 bf90 | 0200 0000 | 7517 4889 | b790 0200 | 0048 c787 | 9802 0000 
  0x000002ba61e3f060: 0100 0000 | e929 0000 | 0048 83bf | a002 0000 | 0075 1748 | 89b7 a002 | 0000 48c7 | 87a8 0200 
  0x000002ba61e3f080: 0001 0000 | 00e9 0800 | 0000 4883 | 8788 0200 

  0x000002ba61e3f090: ;   {metadata(method data for {method} {0x000002ba41085510} 'dispatchEvent' '(Ljava/awt/AWTEvent;)V' in 'java/awt/Component')}
  0x000002ba61e3f090: 0001 48be | c83c 9141 | ba02 0000 | 8bbe cc00 | 0000 83c7 | 0289 becc | 0000 0081 | e7fe ff1f 
  0x000002ba61e3f0b0: 0085 ff0f | 849b 1700 | 0048 8bf2 

  0x000002ba61e3f0bc: ;   {metadata(method data for {method} {0x000002ba41085510} 'dispatchEvent' '(Ljava/awt/AWTEvent;)V' in 'java/awt/Component')}
  0x000002ba61e3f0bc: 48bf c83c | 9141 ba02 | 0000 8b76 | 0849 ba00 | 0000 00ba | 0200 0049 | 03f2 483b | b718 0100 
  0x000002ba61e3f0dc: 0075 0d48 | 8387 2001 | 0000 01e9 | 6000 0000 | 483b b728 | 0100 0075 | 0d48 8387 | 3001 0000 
  0x000002ba61e3f0fc: 01e9 4a00 | 0000 4883 | bf18 0100 | 0000 7517 | 4889 b718 | 0100 0048 | c787 2001 | 0000 0100 
  0x000002ba61e3f11c: 0000 e929 | 0000 0048 | 83bf 2801 | 0000 0075 | 1748 89b7 | 2801 0000 | 48c7 8730 | 0100 0001 
  0x000002ba61e3f13c: 0000 00e9 | 0800 0000 | 4883 8710 | 0100 0001 | 498b f04c | 8bc6 6666 | 9048 b8c0 | c8ca 45ba 
  0x000002ba61e3f15c: ;   {virtual_call}
  0x000002ba61e3f15c: 0200 00e8 

  0x000002ba61e3f160: ; ImmutableOopMap {[168]=Oop }
                      ;*invokevirtual dispatchEventImpl {reexecute=0 rethrow=0 return_oop=0}
                      ; - java.awt.Component::dispatchEvent@2 (line 4790)
                      ; - java.awt.EventQueue::dispatchEventImpl@41 (line 725)
  0x000002ba61e3f160: 9cb3 4807 

  0x000002ba61e3f164: ;   {post_call_nop}
  0x000002ba61e3f164: 0f1f 8400 | 5c08 0000 | 4c8b 8424 | a800 0000 

  0x000002ba61e3f174: ;   {metadata(method data for {method} {0x000002ba41189398} 'dispatchEventImpl' '(Ljava/awt/AWTEvent;Ljava/lang/Object;)V' in 'java/awt/EventQueue')}
  0x000002ba61e3f174: 48be 909a | 8341 ba02 | 0000 458b | 4008 49ba | 0000 0000 | ba02 0000 | 4d03 c24c | 3b86 c002 
  0x000002ba61e3f194: 0000 750d | 4883 86c8 | 0200 0001 | e960 0000 | 004c 3b86 | d002 0000 | 750d 4883 | 86d8 0200 
  0x000002ba61e3f1b4: 0001 e94a | 0000 0048 | 83be c002 | 0000 0075 | 174c 8986 | c002 0000 | 48c7 86c8 | 0200 0001 
  0x000002ba61e3f1d4: 0000 00e9 | 2900 0000 | 4883 bed0 | 0200 0000 | 7517 4c89 | 86d0 0200 | 0048 c786 | d802 0000 
  0x000002ba61e3f1f4: 0100 0000 | e908 0000 | 0048 8386 | b802 0000 

  0x000002ba61e3f204: ;   {metadata(method data for {method} {0x000002ba410d8b70} 'dispatched' '()V' in 'java/awt/AWTEvent')}
  0x000002ba61e3f204: 0148 be50 | 3e91 41ba | 0200 008b | becc 0000 | 0083 c702 | 89be cc00 | 0000 81e7 | feff 1f00 
  0x000002ba61e3f224: 85ff 0f84 | 4916 0000 | 4c8b 8424 | a800 0000 

  0x000002ba61e3f234: ;   {metadata(method data for {method} {0x000002ba410d8b70} 'dispatched' '()V' in 'java/awt/AWTEvent')}
  0x000002ba61e3f234: 4d85 c048 | bb50 3e91 | 41ba 0200 | 0075 0c80 | 8b09 0100 | 0001 e9b1 | 0000 0041 | 8b40 0849 
  0x000002ba61e3f254: ba00 0000 | 00ba 0200 | 0049 03c2 | 483b 8318 | 0100 0075 | 0d48 8383 | 2001 0000 | 01e9 6000 
  0x000002ba61e3f274: 0000 483b | 8328 0100 | 0075 0d48 | 8383 3001 | 0000 01e9 | 4a00 0000 | 4883 bb18 | 0100 0000 
  0x000002ba61e3f294: 7517 4889 | 8318 0100 | 0048 c783 | 2001 0000 | 0100 0000 | e929 0000 | 0048 83bb | 2801 0000 
  0x000002ba61e3f2b4: 0075 1748 | 8983 2801 | 0000 48c7 | 8330 0100 | 0001 0000 | 00e9 0800 | 0000 4883 | 8310 0100 
  0x000002ba61e3f2d4: ;   {metadata('java/awt/event/InputEvent')}
  0x000002ba61e3f2d4: 0001 48b8 | 40e3 1041 | ba02 0000 | 418b 5808 | 49ba 0000 | 0000 ba02 | 0000 4903 | da48 3b43 
  0x000002ba61e3f2f4: 500f 8505 | 0000 00e9 | 0500 0000 | 4833 f6eb | 05be 0100 | 0000 85f6 

  0x000002ba61e3f30c: ;   {metadata(method data for {method} {0x000002ba410d8b70} 'dispatched' '()V' in 'java/awt/AWTEvent')}
  0x000002ba61e3f30c: 48be 503e | 9141 ba02 | 0000 bf40 | 0100 0074 | 05bf 5001 | 0000 488b | 1c3e 488d | 5b01 4889 
  0x000002ba61e3f32c: 1c3e 0f84 | c914 0000 

  0x000002ba61e3f334: ;   {metadata(method data for {method} {0x000002ba410d8b70} 'dispatched' '()V' in 'java/awt/AWTEvent')}
  0x000002ba61e3f334: 48be 503e | 9141 ba02 | 0000 4883 | 8660 0100 

  0x000002ba61e3f344: ;   {metadata(method data for {method} {0x000002ba410f2d28} 'getInputEventAccessor' '()Lsun/awt/AWTAccessor$InputEventAccessor;' in 'sun/awt/AWTAccessor')}
  0x000002ba61e3f344: 0001 48be | 6040 9141 | ba02 0000 | 8bbe cc00 | 0000 83c7 | 0289 becc | 0000 0081 | e7fe ff1f 
  0x000002ba61e3f364: 0085 ff0f | 8429 1500 

  0x000002ba61e3f36c: ;   {oop(a 'java/lang/Class'{0x0000000715783408} = 'sun/awt/AWTAccessor')}
  0x000002ba61e3f36c: 0048 be08 | 3478 1507 | 0000 008b | b684 0000 | 0048 c1e6 | 0348 85f6 

  0x000002ba61e3f384: ;   {metadata(method data for {method} {0x000002ba410f2d28} 'getInputEventAccessor' '()Lsun/awt/AWTAccessor$InputEventAccessor;' in 'sun/awt/AWTAccessor')}
  0x000002ba61e3f384: 48bf 6040 | 9141 ba02 | 0000 bb10 | 0100 0075 | 05bb 2001 | 0000 488b | 041f 488d | 4001 4889 
  0x000002ba61e3f3a4: 041f 0f85 | f412 0000 

  0x000002ba61e3f3ac: ;   {metadata(method data for {method} {0x000002ba410f2d28} 'getInputEventAccessor' '()Lsun/awt/AWTAccessor$InputEventAccessor;' in 'sun/awt/AWTAccessor')}
  0x000002ba61e3f3ac: 48be 6040 | 9141 ba02 | 0000 4883 | 8630 0100 

  0x000002ba61e3f3bc: ;   {metadata(method data for {method} {0x000002ba410f54e8} 'ensureClassInitialized' '(Ljava/lang/Class;)V' in 'sun/awt/AWTAccessor')}
  0x000002ba61e3f3bc: 0001 48be | 887a 6b41 | ba02 0000 | 8bbe cc00 | 0000 83c7 | 0289 becc | 0000 0081 | e7fe ff1f 
  0x000002ba61e3f3dc: 0085 ff0f | 84d2 1400 

  0x000002ba61e3f3e4: ;   {metadata(method data for {method} {0x000002ba410f54e8} 'ensureClassInitialized' '(Ljava/lang/Class;)V' in 'sun/awt/AWTAccessor')}
  0x000002ba61e3f3e4: 0048 be88 | 7a6b 41ba | 0200 0048 | 8386 1001 

  0x000002ba61e3f3f4: ;   {metadata(method data for {method} {0x000002ba0044ab28} 'lookup' '()Ljava/lang/invoke/MethodHandles$Lookup;' in 'java/lang/invoke/MethodHandles')}
  0x000002ba61e3f3f4: 0000 0148 | be38 7c6b | 41ba 0200 | 008b becc | 0000 0083 | c702 89be | cc00 0000 | 81e7 feff 
  0x000002ba61e3f414: 1f00 85ff | 0f84 ba14 

  0x000002ba61e3f41c: ;   {metadata(method data for {method} {0x000002ba0044ab28} 'lookup' '()Ljava/lang/invoke/MethodHandles$Lookup;' in 'java/lang/invoke/MethodHandles')}
  0x000002ba61e3f41c: 0000 48be | 387c 6b41 | ba02 0000 | 4883 8610 | 0100 0001 | 0f1f 8000 

  0x000002ba61e3f434: ;   {static_call}
  0x000002ba61e3f434: 0000 00e8 

  0x000002ba61e3f438: ; ImmutableOopMap {[168]=Oop }
                      ;*invokestatic getCallerClass {reexecute=0 rethrow=0 return_oop=0}
                      ; - java.lang.invoke.MethodHandles::lookup@0 (line 126)
                      ; - sun.awt.AWTAccessor::ensureClassInitialized@0 (line 1464)
                      ; - sun.awt.AWTAccessor::getInputEventAccessor@10 (line 963)
                      ; - java.awt.AWTEvent::dispatched@7 (line 571)
                      ; - java.awt.EventQueue::dispatchEventImpl@45 (line 726)
  0x000002ba61e3f438: 24fc 1c07 

  0x000002ba61e3f43c: ;   {post_call_nop}
  0x000002ba61e3f43c: 0f1f 8400 | 340b 0001 | 4c8b c04d 

  0x000002ba61e3f448: ;   {metadata(method data for {method} {0x000002ba0044ab28} 'lookup' '()Ljava/lang/invoke/MethodHandles$Lookup;' in 'java/lang/invoke/MethodHandles')}
  0x000002ba61e3f448: 85c0 48ba | 387c 6b41 | ba02 0000 | be30 0100 | 0074 05be | 2001 0000 | 488b 3c32 | 488d 7f01 
  0x000002ba61e3f468: 4889 3c32 | 0f84 5511 

  0x000002ba61e3f470: ;   {metadata('java/lang/invoke/MethodHandles$Lookup')}
  0x000002ba61e3f470: 0000 48ba | b8a5 1e00 | ba02 0000 | 498b 87c8 | 0100 0048 | 8d78 2049 | 3bbf d801 | 0000 0f87 
  0x000002ba61e3f490: 6514 0000 | 4989 bfc8 | 0100 0048 | c700 0100 | 0000 488b | ca49 ba00 | 0000 00ba | 0200 0049 
  0x000002ba61e3f4b0: 2bca 8948 | 0848 33c9 | 8948 0c48 | 33c9 4889 | 4810 4889 | 4818 4c8b 

  0x000002ba61e3f4c8: ;   {metadata(method data for {method} {0x000002ba0044ab28} 'lookup' '()Ljava/lang/invoke/MethodHandles$Lookup;' in 'java/lang/invoke/MethodHandles')}
  0x000002ba61e3f4c8: c848 bf38 | 7c6b 41ba | 0200 0048 | 8387 5001 

  0x000002ba61e3f4d8: ;   {metadata(method data for {method} {0x000002ba0044edd8} '<init>' '(Ljava/lang/Class;)V' in 'java/lang/invoke/MethodHandles$Lookup')}
  0x000002ba61e3f4d8: 0000 0149 | b9d0 7d6b | 41ba 0200 | 0041 8bb9 | cc00 0000 | 83c7 0241 | 89b9 cc00 | 0000 81e7 
  0x000002ba61e3f4f8: feff 1f00 | 85ff 0f84 | 0214 0000 

  0x000002ba61e3f504: ;   {metadata(method data for {method} {0x000002ba0044edd8} '<init>' '(Ljava/lang/Class;)V' in 'java/lang/invoke/MethodHandles$Lookup')}
  0x000002ba61e3f504: 4c8b c848 | bfd0 7d6b | 41ba 0200 | 0048 8387 | 1001 0000 

  0x000002ba61e3f518: ;   {oop(nullptr)}
  0x000002ba61e3f518: 0149 b900 | 0000 0000 | 0000 00bf | 5f00 0000 | 488b d048 | 8984 24b0 | 0000 000f 

  0x000002ba61e3f534: ;   {optimized virtual_call}
  0x000002ba61e3f534: 1f40 00e8 

  0x000002ba61e3f538: ; ImmutableOopMap {[168]=Oop [176]=Oop }
                      ;*invokespecial <init> {reexecute=0 rethrow=0 return_oop=0}
                      ; - java.lang.invoke.MethodHandles$Lookup::<init>@5 (line 1534)
                      ; - java.lang.invoke.MethodHandles::lookup@23 (line 130)
                      ; - sun.awt.AWTAccessor::ensureClassInitialized@0 (line 1464)
                      ; - sun.awt.AWTAccessor::getInputEventAccessor@10 (line 963)
                      ; - java.awt.AWTEvent::dispatched@7 (line 571)
                      ; - java.awt.EventQueue::dispatchEventImpl@45 (line 726)
  0x000002ba61e3f538: 24f5 1c07 

  0x000002ba61e3f53c: ;   {post_call_nop}
  0x000002ba61e3f53c: 0f1f 8400 | 340c 0002 | 488b 8424 | b000 0000 

  0x000002ba61e3f54c: ;   {metadata(method data for {method} {0x000002ba410f54e8} 'ensureClassInitialized' '(Ljava/lang/Class;)V' in 'sun/awt/AWTAccessor')}
  0x000002ba61e3f54c: 4c8b c048 | ba88 7a6b | 41ba 0200 | 0045 8b40 | 0849 ba00 | 0000 00ba | 0200 004d | 03c2 4c3b 
  0x000002ba61e3f56c: 8228 0100 | 0075 0d48 | 8382 3001 | 0000 01e9 | 6000 0000 | 4c3b 8238 | 0100 0075 | 0d48 8382 
  0x000002ba61e3f58c: 4001 0000 | 01e9 4a00 | 0000 4883 | ba28 0100 | 0000 7517 | 4c89 8228 | 0100 0048 | c782 3001 
  0x000002ba61e3f5ac: 0000 0100 | 0000 e929 | 0000 0048 | 83ba 3801 | 0000 0075 | 174c 8982 | 3801 0000 | 48c7 8240 
  0x000002ba61e3f5cc: 0100 0001 | 0000 00e9 | 0800 0000 | 4883 8220 | 0100 0001 

  0x000002ba61e3f5e0: ;   {oop(a 'java/lang/Class'{0x00000007157c38d8} = 'java/awt/event/InputEvent')}
  0x000002ba61e3f5e0: 49b8 d838 | 7c15 0700 | 0000 488b 

  0x000002ba61e3f5ec: ;   {optimized virtual_call}
  0x000002ba61e3f5ec: d066 90e8 

  0x000002ba61e3f5f0: ; ImmutableOopMap {[168]=Oop }
                      ;*invokevirtual ensureInitialized {reexecute=0 rethrow=0 return_oop=0}
                      ; - sun.awt.AWTAccessor::ensureClassInitialized@4 (line 1464)
                      ; - sun.awt.AWTAccessor::getInputEventAccessor@10 (line 963)
                      ; - java.awt.AWTEvent::dispatched@7 (line 571)
                      ; - java.awt.EventQueue::dispatchEventImpl@45 (line 726)
  0x000002ba61e3f5f0: 6cf4 1c07 

  0x000002ba61e3f5f4: ;   {post_call_nop}
  0x000002ba61e3f5f4: 0f1f 8400 | ec0c 0003 

  0x000002ba61e3f5fc: ;   {metadata(method data for {method} {0x000002ba410f54e8} 'ensureClassInitialized' '(Ljava/lang/Class;)V' in 'sun/awt/AWTAccessor')}
  0x000002ba61e3f5fc: 48ba 887a | 6b41 ba02 | 0000 ff82 | 5001 0000 | e97b 1000 | 004d 85c9 

  0x000002ba61e3f614: ;   {metadata(method data for {method} {0x000002ba41189398} 'dispatchEventImpl' '(Ljava/awt/AWTEvent;Ljava/lang/Object;)V' in 'java/awt/EventQueue')}
  0x000002ba61e3f614: 48bb 909a | 8341 ba02 | 0000 750c | 808b f902 | 0000 01e9 | b000 0000 | 418b 4108 | 49ba 0000 
  0x000002ba61e3f634: 0000 ba02 | 0000 4903 | c248 3b83 | 0803 0000 | 750d 4883 | 8310 0300 | 0001 e960 | 0000 0048 
  0x000002ba61e3f654: 3b83 1803 | 0000 750d | 4883 8320 | 0300 0001 | e94a 0000 | 0048 83bb | 0803 0000 | 0075 1748 
  0x000002ba61e3f674: 8983 0803 | 0000 48c7 | 8310 0300 | 0001 0000 | 00e9 2900 | 0000 4883 | bb18 0300 | 0000 7517 
  0x000002ba61e3f694: 4889 8318 | 0300 0048 | c783 2003 | 0000 0100 | 0000 e908 | 0000 0048 | 8383 0003 

  0x000002ba61e3f6b0: ;   {metadata('java/awt/MenuComponent')}
  0x000002ba61e3f6b0: 0000 0148 | b888 d58e | 41ba 0200 | 0041 8b79 | 0849 ba00 | 0000 00ba | 0200 0049 | 03fa 483b 
  0x000002ba61e3f6d0: c70f 8505 | 0000 00e9 | 0500 0000 | 4833 f6eb | 05be 0100 | 0000 85f6 

  0x000002ba61e3f6e8: ;   {metadata(method data for {method} {0x000002ba41189398} 'dispatchEventImpl' '(Ljava/awt/AWTEvent;Ljava/lang/Object;)V' in 'java/awt/EventQueue')}
  0x000002ba61e3f6e8: 48be 909a | 8341 ba02 | 0000 bf40 | 0300 0075 | 05bf 3003 | 0000 488b | 1c3e 488d | 5b01 4889 
  0x000002ba61e3f708: 1c3e 0f85 | 280b 0000 

  0x000002ba61e3f710: ;   {metadata(method data for {method} {0x000002ba41189398} 'dispatchEventImpl' '(Ljava/awt/AWTEvent;Ljava/lang/Object;)V' in 'java/awt/EventQueue')}
  0x000002ba61e3f710: 4d85 c948 | bb90 9a83 | 41ba 0200 | 0075 0c80 | 8bc1 0300 | 0001 e9dd | 0000 0041 | 8b41 0849 
  0x000002ba61e3f730: ba00 0000 | 00ba 0200 | 0049 03c2 | 483b 83d0 | 0300 0075 | 0d48 8383 | d803 0000 | 01e9 6000 
  0x000002ba61e3f750: 0000 483b | 83e0 0300 | 0075 0d48 | 8383 e803 | 0000 01e9 | 4a00 0000 | 4883 bbd0 | 0300 0000 
  0x000002ba61e3f770: 7517 4889 | 83d0 0300 | 0048 c783 | d803 0000 | 0100 0000 | e929 0000 | 0048 83bb | e003 0000 
  0x000002ba61e3f790: 0075 1748 | 8983 e003 | 0000 48c7 | 83e8 0300 | 0001 0000 | 00e9 0800 | 0000 4883 | 83c8 0300 
  0x000002ba61e3f7b0: 0001 660f | 1f44 0000 

  0x000002ba61e3f7b8: ;   {no_reloc}
  0x000002ba61e3f7b8: e979 1100 | 0000 0000 | 0000 418b | 5908 49ba | 0000 0000 | ba02 0000 | 4903 da48 | 3bd8 0f84 
  0x000002ba61e3f7d8: 3100 0000 | 8b78 1448 | 3b04 3b0f | 8424 0000 | 0083 ff20 | 0f85 1600 | 0000 5350 

  0x000002ba61e3f7f4: ;   {runtime_call C1 Runtime slow_subtype_check_blob}
  0x000002ba61e3f7f4: e847 1329 | 075b 5885 | c00f 8405 | 0000 00e9 | 0500 0000 | 4833 f6eb | 05be 0100 | 0000 85f6 
  0x000002ba61e3f814: ;   {metadata(method data for {method} {0x000002ba41189398} 'dispatchEventImpl' '(Ljava/awt/AWTEvent;Ljava/lang/Object;)V' in 'java/awt/EventQueue')}
  0x000002ba61e3f814: 48be 909a | 8341 ba02 | 0000 bf08 | 0400 0075 | 05bf f803 | 0000 488b | 1c3e 488d | 5b01 4889 
  0x000002ba61e3f834: 1c3e 0f85 | be08 0000 

  0x000002ba61e3f83c: ;   {metadata(method data for {method} {0x000002ba41189398} 'dispatchEventImpl' '(Ljava/awt/AWTEvent;Ljava/lang/Object;)V' in 'java/awt/EventQueue')}
  0x000002ba61e3f83c: 4d85 c948 | bb90 9a83 | 41ba 0200 | 0075 0c80 | 8b89 0400 | 0001 e9b0 | 0000 0041 | 8b41 0849 
  0x000002ba61e3f85c: ba00 0000 | 00ba 0200 | 0049 03c2 | 483b 8398 | 0400 0075 | 0d48 8383 | a004 0000 | 01e9 6000 
  0x000002ba61e3f87c: 0000 483b | 83a8 0400 | 0075 0d48 | 8383 b004 | 0000 01e9 | 4a00 0000 | 4883 bb98 | 0400 0000 
  0x000002ba61e3f89c: 7517 4889 | 8398 0400 | 0048 c783 | a004 0000 | 0100 0000 | e929 0000 | 0048 83bb | a804 0000 
  0x000002ba61e3f8bc: 0075 1748 | 8983 a804 | 0000 48c7 | 83b0 0400 | 0001 0000 | 00e9 0800 | 0000 4883 | 8390 0400 
  0x000002ba61e3f8dc: ;   {metadata('sun/awt/AWTAutoShutdown')}
  0x000002ba61e3f8dc: 0001 48b8 | 18c2 0601 | ba02 0000 | 418b 7908 | 49ba 0000 | 0000 ba02 | 0000 4903 | fa48 3bc7 
  0x000002ba61e3f8fc: 0f85 0500 | 0000 e905 | 0000 0048 | 33f6 eb05 | be01 0000 

  0x000002ba61e3f910: ;   {metadata(method data for {method} {0x000002ba41189398} 'dispatchEventImpl' '(Ljava/awt/AWTEvent;Ljava/lang/Object;)V' in 'java/awt/EventQueue')}
  0x000002ba61e3f910: 0085 f648 | be90 9a83 | 41ba 0200 | 00bf c004 | 0000 7405 | bfd0 0400 | 0048 8b1c | 3e48 8d5b 
  0x000002ba61e3f930: 0148 891c | 3e0f 8448 | 0100 0048 

  0x000002ba61e3f93c: ;   {metadata(method data for {method} {0x000002ba41189398} 'dispatchEventImpl' '(Ljava/awt/AWTEvent;Ljava/lang/Object;)V' in 'java/awt/EventQueue')}
  0x000002ba61e3f93c: 8bf2 48bf | 909a 8341 | ba02 0000 | 4883 87e0 | 0400 0001 

  0x000002ba61e3f950: ;   {metadata(method data for {method} {0x000002ba411889d0} 'noEvents' '()Z' in 'java/awt/EventQueue')}
  0x000002ba61e3f950: 48be 08fe | 9341 ba02 | 0000 8bbe | cc00 0000 | 83c7 0289 | becc 0000 | 0081 e7fe | ff1f 0085 
  0x000002ba61e3f970: ff0f 84c9 | 0f00 00be | 0000 0000 | e994 0000 | 000f 1f80 | 0000 0000 | 8b7a 2048 | c1e7 033b 
  0x000002ba61e3f990: 770c 0f83 | d30f 0000 | 4863 de8b | 7c9f 1048 | c1e7 038b | 7f0c 48c1 | e703 4885 

  0x000002ba61e3f9ac: ;   {metadata(method data for {method} {0x000002ba411889d0} 'noEvents' '()Z' in 'java/awt/EventQueue')}
  0x000002ba61e3f9ac: ff48 bf08 | fe93 41ba | 0200 00bb | 4001 0000 | 7505 bb30 | 0100 0048 | 8b04 1f48 | 8d40 0148 
  0x000002ba61e3f9cc: 8904 1f0f | 8570 0000 

  0x000002ba61e3f9d4: ;   {metadata(method data for {method} {0x000002ba411889d0} 'noEvents' '()Z' in 'java/awt/EventQueue')}
  0x000002ba61e3f9d4: 00ff c648 | bf08 fe93 | 41ba 0200 | 008b 9fd0 | 0000 0083 | c302 899f | d000 0000 | 81e3 fe3f 
  0x000002ba61e3f9f4: 0000 85db | 0f84 800f | 0000 4d8b 

  0x000002ba61e3fa00: ; ImmutableOopMap {rdx=Oop }
                      ;*goto {reexecute=1 rethrow=0 return_oop=0}
                      ; - (reexecute) java.awt.EventQueue::noEvents@24 (line 520)
                      ; - java.awt.EventQueue::dispatchEventImpl@95 (line 732)
                      ;   {poll}
  0x000002ba61e3fa00: 5730 4185 

  0x000002ba61e3fa04: ;   {metadata(method data for {method} {0x000002ba411889d0} 'noEvents' '()Z' in 'java/awt/EventQueue')}
  0x000002ba61e3fa04: 0248 bf08 | fe93 41ba | 0200 00ff | 8750 0100 | 0083 fe04 

  0x000002ba61e3fa18: ;   {metadata(method data for {method} {0x000002ba411889d0} 'noEvents' '()Z' in 'java/awt/EventQueue')}
  0x000002ba61e3fa18: 48bf 08fe | 9341 ba02 | 0000 bb10 | 0100 007d | 05bb 2001 | 0000 488b | 041f 488d | 4001 4889 
  0x000002ba61e3fa38: 041f 0f8d | 0f00 0000 | e943 ffff | ffbe 0000 | 0000 e905 | 0000 00be | 0100 0000 

  0x000002ba61e3fa54: ;   {metadata(method data for {method} {0x000002ba41189398} 'dispatchEventImpl' '(Ljava/awt/AWTEvent;Ljava/lang/Object;)V' in 'java/awt/EventQueue')}
  0x000002ba61e3fa54: 85f6 48be | 909a 8341 | ba02 0000 | bf10 0500 | 0074 05bf | 2005 0000 | 488b 1c3e | 488d 5b01 
  0x000002ba61e3fa74: 4889 1c3e | 0f84 8f0d | 0000 e9ec 

  0x000002ba61e3fa80: ;   {metadata(method data for {method} {0x000002ba41189398} 'dispatchEventImpl' '(Ljava/awt/AWTEvent;Ljava/lang/Object;)V' in 'java/awt/EventQueue')}
  0x000002ba61e3fa80: 0500 0048 | ba90 9a83 | 41ba 0200 | 0048 8382 | 7805 0000 

  0x000002ba61e3fa94: ;   {metadata(method data for {method} {0x000002ba411877a0} 'getEventLog' '()Lsun/util/logging/PlatformLogger;' in 'java/awt/EventQueue')}
  0x000002ba61e3fa94: 0148 ba50 | 4491 41ba | 0200 008b | b2cc 0000 | 0083 c602 | 89b2 cc00 | 0000 81e6 | feff 1f00 
  0x000002ba61e3fab4: 85f6 0f84 | e30e 0000 

  0x000002ba61e3fabc: ;   {oop(a 'java/lang/Class'{0x00000007157ea980} = 'java/awt/EventQueue')}
  0x000002ba61e3fabc: 48ba 80a9 | 7e15 0700 | 0000 8b52 | 7848 c1e2 | 0348 85d2 

  0x000002ba61e3fad0: ;   {metadata(method data for {method} {0x000002ba411877a0} 'getEventLog' '()Lsun/util/logging/PlatformLogger;' in 'java/awt/EventQueue')}
  0x000002ba61e3fad0: 48ba 5044 | 9141 ba02 | 0000 be10 | 0100 0075 | 05be 2001 | 0000 488b | 3c32 488d | 7f01 4889 
  0x000002ba61e3faf0: 3c32 0f85 | 6800 0000 

  0x000002ba61e3faf8: ;   {metadata(method data for {method} {0x000002ba411877a0} 'getEventLog' '()Lsun/util/logging/PlatformLogger;' in 'java/awt/EventQueue')}
  0x000002ba61e3faf8: 48ba 5044 | 9141 ba02 | 0000 4883 | 8230 0100 

  0x000002ba61e3fb08: ;   {oop("java.awt.event.EventQueue"{0x00000007156001f8})}
  0x000002ba61e3fb08: 0001 48ba | f801 6015 | 0700 0000 

  0x000002ba61e3fb14: ;   {static_call}
  0x000002ba61e3fb14: 6666 90e8 

  0x000002ba61e3fb18: ; ImmutableOopMap {[168]=Oop }
                      ;*invokestatic getLogger {reexecute=0 rethrow=0 return_oop=0}
                      ; - java.awt.EventQueue::getEventLog@8 (line 181)
                      ; - java.awt.EventQueue::dispatchEventImpl@111 (line 736)
  0x000002ba61e3fb18: 44f5 1c07 

  0x000002ba61e3fb1c: ;   {post_call_nop}
  0x000002ba61e3fb1c: 0f1f 8400 | 1412 0005 

  0x000002ba61e3fb24: ;   {oop(a 'java/lang/Class'{0x00000007157ea980} = 'java/awt/EventQueue')}
  0x000002ba61e3fb24: 49b8 80a9 | 7e15 0700 | 0000 410f | be57 4885 | d20f 8585 | 0e00 004c | 8bd0 49c1 | ea03 4589 
  0x000002ba61e3fb44: 5078 f083 | 4424 c000 | 498b d048 | 33d0 48c1 | ea15 4883 | fa00 0f85 | 800e 0000 

  0x000002ba61e3fb60: ;   {oop(a 'java/lang/Class'{0x00000007157ea980} = 'java/awt/EventQueue')}
  0x000002ba61e3fb60: 49b8 80a9 | 7e15 0700 | 0000 458b | 4078 49c1 | e003 493b | 0049 8bd0 

  0x000002ba61e3fb78: ;   {metadata(method data for {method} {0x000002ba41189398} 'dispatchEventImpl' '(Ljava/awt/AWTEvent;Ljava/lang/Object;)V' in 'java/awt/EventQueue')}
  0x000002ba61e3fb78: 48be 909a | 8341 ba02 

  0x000002ba61e3fb80: ;   {metadata('sun/util/logging/PlatformLogger')}
  0x000002ba61e3fb80: 0000 49ba | 30f2 0401 | ba02 0000 | 4c89 9690 | 0500 0048 | 8386 9805 

  0x000002ba61e3fb98: ;   {metadata(method data for {method} {0x000002ba410da380} 'isLoggable' '(Lsun/util/logging/PlatformLogger$Level;)Z' in 'sun/util/logging/PlatformLogger')}
  0x000002ba61e3fb98: 0000 0148 | ba90 263e | 41ba 0200 | 008b b2cc | 0000 0083 | c602 89b2 | cc00 0000 | 81e6 feff 
  0x000002ba61e3fbb8: 1f00 85f6 | 0f84 3b0e 

  0x000002ba61e3fbc0: ;   {metadata(method data for {method} {0x000002ba410da380} 'isLoggable' '(Lsun/util/logging/PlatformLogger$Level;)Z' in 'sun/util/logging/PlatformLogger')}
  0x000002ba61e3fbc0: 0000 48ba | 9026 3e41 | ba02 0000 | ff82 1001 | 0000 418b | 500c 48c1 | e203 483b | 024c 8bc2 
  0x000002ba61e3fbe0: ;   {metadata(method data for {method} {0x000002ba410da380} 'isLoggable' '(Lsun/util/logging/PlatformLogger$Level;)Z' in 'sun/util/logging/PlatformLogger')}
  0x000002ba61e3fbe0: 48be 9026 | 3e41 ba02 | 0000 458b | 4008 49ba | 0000 0000 | ba02 0000 | 4d03 c24c | 3b86 4801 
  0x000002ba61e3fc00: 0000 750d | 4883 8650 | 0100 0001 | e960 0000 | 004c 3b86 | 5801 0000 | 750d 4883 | 8660 0100 
  0x000002ba61e3fc20: 0001 e94a | 0000 0048 | 83be 4801 | 0000 0075 | 174c 8986 | 4801 0000 | 48c7 8650 | 0100 0001 
  0x000002ba61e3fc40: 0000 00e9 | 2900 0000 | 4883 be58 | 0100 0000 | 7517 4c89 | 8658 0100 | 0048 c786 | 6001 0000 
  0x000002ba61e3fc60: 0100 0000 | e908 0000 | 0048 8386 | 4001 0000 

  0x000002ba61e3fc70: ;   {oop(a 'sun/util/logging/PlatformLogger$Level'{0x000000071577bb20})}
  0x000002ba61e3fc70: 0149 b820 | bb77 1507 | 0000 0066 | 9048 b8e8 | c8ca 45ba 

  0x000002ba61e3fc84: ;   {virtual_call}
  0x000002ba61e3fc84: 0200 00e8 

  0x000002ba61e3fc88: ; ImmutableOopMap {[168]=Oop }
                      ;*invokeinterface isLoggable {reexecute=0 rethrow=0 return_oop=0}
                      ; - sun.util.logging.PlatformLogger::isLoggable@17 (line 340)
                      ; - java.awt.EventQueue::dispatchEventImpl@117 (line 736)
  0x000002ba61e3fc88: d4f0 1c07 

  0x000002ba61e3fc8c: ;   {post_call_nop}
  0x000002ba61e3fc8c: 0f1f 8400 | 8413 0006 | 83e0 0185 

  0x000002ba61e3fc98: ;   {metadata(method data for {method} {0x000002ba41189398} 'dispatchEventImpl' '(Ljava/awt/AWTEvent;Ljava/lang/Object;)V' in 'java/awt/EventQueue')}
  0x000002ba61e3fc98: c048 ba90 | 9a83 41ba | 0200 00be | b805 0000 | 7405 bec8 | 0500 0048 | 8b3c 3248 | 8d7f 0148 
  0x000002ba61e3fcb8: 893c 320f | 844c 0b00 

  0x000002ba61e3fcc0: ;   {metadata(method data for {method} {0x000002ba41189398} 'dispatchEventImpl' '(Ljava/awt/AWTEvent;Ljava/lang/Object;)V' in 'java/awt/EventQueue')}
  0x000002ba61e3fcc0: 0048 ba90 | 9a83 41ba | 0200 0048 | 8382 d805 

  0x000002ba61e3fcd0: ;   {metadata(method data for {method} {0x000002ba411877a0} 'getEventLog' '()Lsun/util/logging/PlatformLogger;' in 'java/awt/EventQueue')}
  0x000002ba61e3fcd0: 0000 0148 | ba50 4491 | 41ba 0200 | 008b b2cc | 0000 0083 | c602 89b2 | cc00 0000 | 81e6 feff 
  0x000002ba61e3fcf0: 1f00 85f6 | 0f84 290d 

  0x000002ba61e3fcf8: ;   {oop(a 'java/lang/Class'{0x00000007157ea980} = 'java/awt/EventQueue')}
  0x000002ba61e3fcf8: 0000 48ba | 80a9 7e15 | 0700 0000 | 8b52 7848 | c1e2 0348 

  0x000002ba61e3fd0c: ;   {metadata(method data for {method} {0x000002ba411877a0} 'getEventLog' '()Lsun/util/logging/PlatformLogger;' in 'java/awt/EventQueue')}
  0x000002ba61e3fd0c: 85d2 48ba | 5044 9141 | ba02 0000 | be10 0100 | 0075 05be | 2001 0000 | 488b 3c32 | 488d 7f01 
  0x000002ba61e3fd2c: 4889 3c32 | 0f85 6a00 

  0x000002ba61e3fd34: ;   {metadata(method data for {method} {0x000002ba411877a0} 'getEventLog' '()Lsun/util/logging/PlatformLogger;' in 'java/awt/EventQueue')}
  0x000002ba61e3fd34: 0000 48ba | 5044 9141 | ba02 0000 | 4883 8230 | 0100 0001 

  0x000002ba61e3fd48: ;   {oop("java.awt.event.EventQueue"{0x00000007156001f8})}
  0x000002ba61e3fd48: 48ba f801 | 6015 0700 | 0000 0f1f 

  0x000002ba61e3fd54: ;   {static_call}
  0x000002ba61e3fd54: 4400 00e8 

  0x000002ba61e3fd58: ; ImmutableOopMap {[168]=Oop }
                      ;*invokestatic getLogger {reexecute=0 rethrow=0 return_oop=0}
                      ; - java.awt.EventQueue::getEventLog@8 (line 181)
                      ; - java.awt.EventQueue::dispatchEventImpl@123 (line 737)
  0x000002ba61e3fd58: 04f3 1c07 

  0x000002ba61e3fd5c: ;   {post_call_nop}
  0x000002ba61e3fd5c: 0f1f 8400 | 5414 0007 

  0x000002ba61e3fd64: ;   {oop(a 'java/lang/Class'{0x00000007157ea980} = 'java/awt/EventQueue')}
  0x000002ba61e3fd64: 48ba 80a9 | 7e15 0700 | 0000 410f | be77 4885 | f60f 85c9 | 0c00 004c | 8bd0 49c1 | ea03 4489 
  0x000002ba61e3fd84: 5278 f083 | 4424 c000 | 488b f248 | 33f0 48c1 | ee15 4883 | fe00 0f85 | c30c 0000 

  0x000002ba61e3fda0: ;   {oop(a 'java/lang/Class'{0x00000007157ea980} = 'java/awt/EventQueue')}
  0x000002ba61e3fda0: 48ba 80a9 | 7e15 0700 | 0000 8b72 | 7848 c1e6 | 0348 89b4 | 24b8 0000 | 004c 8b84 | 24a8 0000 
  0x000002ba61e3fdc0: ;   {metadata(method data for {method} {0x000002ba41189398} 'dispatchEventImpl' '(Ljava/awt/AWTEvent;Ljava/lang/Object;)V' in 'java/awt/EventQueue')}
  0x000002ba61e3fdc0: 0048 ba90 | 9a83 41ba | 0200 0048 | 8382 e805 

  0x000002ba61e3fdd0: ;   {metadata(method data for {method} {0x000002ba0047e890} 'valueOf' '(Ljava/lang/Object;)Ljava/lang/String;' in 'java/lang/String')}
  0x000002ba61e3fdd0: 0000 0148 | ba78 5320 | 41ba 0200 | 008b bacc | 0000 0083 | c702 89ba | cc00 0000 | 81e7 feff 
  0x000002ba61e3fdf0: 1f00 85ff | 0f84 810c | 0000 4d85 

  0x000002ba61e3fdfc: ;   {metadata(method data for {method} {0x000002ba0047e890} 'valueOf' '(Ljava/lang/Object;)Ljava/lang/String;' in 'java/lang/String')}
  0x000002ba61e3fdfc: c048 ba78 | 5320 41ba | 0200 00bf | 1001 0000 | 7505 bf20 | 0100 0048 | 8b1c 3a48 | 8d5b 0148 
  0x000002ba61e3fe1c: 891c 3a0f | 851f 0000 

  0x000002ba61e3fe24: ;   {metadata(method data for {method} {0x000002ba0047e890} 'valueOf' '(Ljava/lang/Object;)Ljava/lang/String;' in 'java/lang/String')}
  0x000002ba61e3fe24: 0048 ba78 | 5320 41ba | 0200 00ff | 8230 0100 

  0x000002ba61e3fe34: ;   {oop("null"{0x00000007ffe1c918})}
  0x000002ba61e3fe34: 0048 bf18 | c9e1 ff07 | 0000 00e9 | ab00 0000 

  0x000002ba61e3fe44: ;   {metadata(method data for {method} {0x000002ba0047e890} 'valueOf' '(Ljava/lang/Object;)Ljava/lang/String;' in 'java/lang/String')}
  0x000002ba61e3fe44: 498b d048 | bf78 5320 | 41ba 0200 | 008b 5208 | 49ba 0000 | 0000 ba02 | 0000 4903 | d248 3b97 
  0x000002ba61e3fe64: 5001 0000 | 750d 4883 | 8758 0100 | 0001 e960 | 0000 0048 | 3b97 6001 | 0000 750d | 4883 8768 
  0x000002ba61e3fe84: 0100 0001 | e94a 0000 | 0048 83bf | 5001 0000 | 0075 1748 | 8997 5001 | 0000 48c7 | 8758 0100 
  0x000002ba61e3fea4: 0001 0000 | 00e9 2900 | 0000 4883 | bf60 0100 | 0000 7517 | 4889 9760 | 0100 0048 | c787 6801 
  0x000002ba61e3fec4: 0000 0100 | 0000 e908 | 0000 0048 | 8387 4801 | 0000 0149 | 8bd0 0f1f 

  0x000002ba61e3fedc: ;   {optimized virtual_call}
  0x000002ba61e3fedc: 4400 00e8 

  0x000002ba61e3fee0: ; ImmutableOopMap {[184]=Oop }
                      ;*invokevirtual toString {reexecute=0 rethrow=0 return_oop=0}
                      ; - java.lang.String::valueOf@11 (line 4543)
                      ; - java.awt.EventQueue::dispatchEventImpl@127 (line 737)
  0x000002ba61e3fee0: 7ceb 1c07 

  0x000002ba61e3fee4: ;   {post_call_nop}
  0x000002ba61e3fee4: 0f1f 8400 | dc15 0008 | 488b f890 

  0x000002ba61e3fef0: ;   {no_reloc}
  0x000002ba61e3fef0: e9b6 0b00 | 0090 9090 | 9090 488b 

  0x000002ba61e3fefc: ;   {static_call}
  0x000002ba61e3fefc: d766 90e8 

  0x000002ba61e3ff00: ; ImmutableOopMap {[184]=Oop }
                      ;*invokedynamic {reexecute=0 rethrow=0 return_oop=0}
                      ; - java.awt.EventQueue::dispatchEventImpl@130 (line 737)
  0x000002ba61e3ff00: 5cf1 1c07 

  0x000002ba61e3ff04: ;   {post_call_nop}
  0x000002ba61e3ff04: 0f1f 8400 | fc15 0009 

  0x000002ba61e3ff0c: ;   {metadata(method data for {method} {0x000002ba41189398} 'dispatchEventImpl' '(Ljava/awt/AWTEvent;Ljava/lang/Object;)V' in 'java/awt/EventQueue')}
  0x000002ba61e3ff0c: 49b8 909a | 8341 ba02 | 0000 4d8d | 8018 0600 | 0048 85c0 | 750b 41f6 | 0001 7505 | f049 8308 
  0x000002ba61e3ff2c: 0148 8bb4 | 24b8 0000 | 0048 3b06 

  0x000002ba61e3ff38: ;   {metadata(method data for {method} {0x000002ba41189398} 'dispatchEventImpl' '(Ljava/awt/AWTEvent;Ljava/lang/Object;)V' in 'java/awt/EventQueue')}
  0x000002ba61e3ff38: 4c8b c649 | b990 9a83 | 41ba 0200 

  0x000002ba61e3ff44: ;   {metadata('sun/util/logging/PlatformLogger')}
  0x000002ba61e3ff44: 0049 ba30 | f204 01ba | 0200 004d | 8991 3006 | 0000 4983 | 8138 0600 

  0x000002ba61e3ff5c: ;   {metadata(method data for {method} {0x000002ba410dafd8} 'fine' '(Ljava/lang/String;)V' in 'sun/util/logging/PlatformLogger')}
  0x000002ba61e3ff5c: 0001 49b8 | 98d7 8441 | ba02 0000 | 458b 88cc | 0000 0041 | 83c1 0245 | 8988 cc00 | 0000 4181 
  0x000002ba61e3ff7c: e1fe ff1f | 0045 85c9 | 0f84 300b | 0000 8b56 | 0c48 c1e2 | 0348 3b02 

  0x000002ba61e3ff94: ;   {metadata(method data for {method} {0x000002ba410dafd8} 'fine' '(Ljava/lang/String;)V' in 'sun/util/logging/PlatformLogger')}
  0x000002ba61e3ff94: 4c8b c249 | b998 d784 | 41ba 0200 | 0045 8b40 | 0849 ba00 | 0000 00ba | 0200 004d | 03c2 4d3b 
  0x000002ba61e3ffb4: 8148 0100 | 0075 0d49 | 8381 5001 | 0000 01e9 | 6000 0000 | 4d3b 8158 | 0100 0075 | 0d49 8381 
  0x000002ba61e3ffd4: 6001 0000 | 01e9 4a00 | 0000 4983 | b948 0100 | 0000 7517 | 4d89 8148 | 0100 0049 | c781 5001 
  0x000002ba61e3fff4: 0000 0100 | 0000 e929 | 0000 0049 | 83b9 5801 | 0000 0075 | 174d 8981 | 5801 0000 | 49c7 8160 
  0x000002ba61e40014: 0100 0001 | 0000 00e9 | 0800 0000 | 4983 8140 | 0100 0001 

  0x000002ba61e40028: ;   {oop(a 'sun/util/logging/PlatformLogger$Level'{0x000000071577bb20})}
  0x000002ba61e40028: 49b8 20bb | 7715 0700 | 0000 4c8b 

  0x000002ba61e40034: ;   {oop(nullptr)}
  0x000002ba61e40034: c848 bf00 | 0000 0000 | 0000 0066 | 0f1f 4400 | 0048 b810 | c9ca 45ba 

  0x000002ba61e4004c: ;   {virtual_call}
  0x000002ba61e4004c: 0200 00e8 

  0x000002ba61e40050: ; ImmutableOopMap {}
                      ;*invokeinterface log {reexecute=0 rethrow=0 return_oop=0}
                      ; - sun.util.logging.PlatformLogger::fine@12 (line 449)
                      ; - java.awt.EventQueue::dispatchEventImpl@135 (line 737)
  0x000002ba61e40050: 0ced 1c07 

  0x000002ba61e40054: ;   {post_call_nop}
  0x000002ba61e40054: 0f1f 8400 | 4c17 000a | 4881 c4d0 | 0000 005d 

  0x000002ba61e40064: ;   {poll_return}
  0x000002ba61e40064: 493b 6728 | 0f87 720a | 0000 c344 | 8b42 3449 | c1e0 0349 | 3b00 498b 

  0x000002ba61e4007c: ;   {metadata(method data for {method} {0x000002ba41189398} 'dispatchEventImpl' '(Ljava/awt/AWTEvent;Ljava/lang/Object;)V' in 'java/awt/EventQueue')}
  0x000002ba61e4007c: d048 be90 | 9a83 41ba 

  0x000002ba61e40084: ;   {metadata('java/awt/EventDispatchThread')}
  0x000002ba61e40084: 0200 0049 | bad8 690e | 01ba 0200 | 004c 8996 | 3805 0000 | 4883 8640 | 0500 0001 

  0x000002ba61e400a0: ;   {metadata(method data for {method} {0x000002ba416a1d50} 'stopDispatching' '()V' in 'java/awt/EventDispatchThread')}
  0x000002ba61e400a0: 48ba 1843 | 9141 ba02 | 0000 8bb2 | cc00 0000 | 83c6 0289 | b2cc 0000 | 0081 e6fe | ff1f 0085 
  0x000002ba61e400c0: f60f 8434 | 0a00 00ba | 0000 0000 | 4188 5070 | f083 4424 

  0x000002ba61e400d4: ;   {metadata(method data for {method} {0x000002ba41189398} 'dispatchEventImpl' '(Ljava/awt/AWTEvent;Ljava/lang/Object;)V' in 'java/awt/EventQueue')}
  0x000002ba61e400d4: c000 49b8 | 909a 8341 | ba02 0000 | 41ff 8060 | 0500 0048 | 81c4 d000 

  0x000002ba61e400ec: ;   {poll_return}
  0x000002ba61e400ec: 0000 5d49 | 3b67 280f | 8723 0a00 | 00c3 4c8b | 8424 a800 | 0000 4d85 

  0x000002ba61e40104: ;   {metadata(method data for {method} {0x000002ba41189398} 'dispatchEventImpl' '(Ljava/awt/AWTEvent;Ljava/lang/Object;)V' in 'java/awt/EventQueue')}
  0x000002ba61e40104: c948 bf90 | 9a83 41ba | 0200 0075 | 0c80 8f11 | 0400 0001 | e9db 0000 | 0041 8b59 | 0849 ba00 
  0x000002ba61e40124: 0000 00ba | 0200 0049 | 03da 483b | 9f20 0400 | 0075 0d48 | 8387 2804 | 0000 01e9 | 6000 0000 
  0x000002ba61e40144: 483b 9f30 | 0400 0075 | 0d48 8387 | 3804 0000 | 01e9 4a00 | 0000 4883 | bf20 0400 | 0000 7517 
  0x000002ba61e40164: 4889 9f20 | 0400 0048 | c787 2804 | 0000 0100 | 0000 e929 | 0000 0048 | 83bf 3004 | 0000 0075 
  0x000002ba61e40184: 1748 899f | 3004 0000 | 48c7 8738 | 0400 0001 | 0000 00e9 | 0800 0000 | 4883 8718 | 0400 0001 
  0x000002ba61e401a4: 0f1f 4000 

  0x000002ba61e401a8: ;   {no_reloc}
  0x000002ba61e401a8: e994 0900 | 0000 0000 | 0000 418b | 7908 49ba | 0000 0000 | ba02 0000 | 4903 fa48 | 3bfb 0f84 
  0x000002ba61e401c8: 2c00 0000 | 8b73 1448 | 3b1c 370f | 841f 0000 | 0083 fe20 | 0f85 6909 | 0000 5753 

  0x000002ba61e401e4: ;   {runtime_call C1 Runtime slow_subtype_check_blob}
  0x000002ba61e401e4: e857 0929 | 075f 5b85 | db0f 8458 | 0900 00e9 | 0000 0000 | 498b d166 | 9048 b838 | c9ca 45ba 
  0x000002ba61e40204: ;   {virtual_call}
  0x000002ba61e40204: 0200 00e8 

  0x000002ba61e40208: ; ImmutableOopMap {}
                      ;*invokevirtual dispatchEvent {reexecute=0 rethrow=0 return_oop=0}
                      ; - java.awt.EventQueue::dispatchEventImpl@81 (line 730)
  0x000002ba61e40208: 54eb 1c07 

  0x000002ba61e4020c: ;   {post_call_nop}
  0x000002ba61e4020c: 0f1f 8400 | 0419 000b 

  0x000002ba61e40214: ;   {metadata(method data for {method} {0x000002ba41189398} 'dispatchEventImpl' '(Ljava/awt/AWTEvent;Ljava/lang/Object;)V' in 'java/awt/EventQueue')}
  0x000002ba61e40214: 49b8 909a | 8341 ba02 | 0000 41ff | 8078 0400 | 0048 81c4 | d000 0000 

  0x000002ba61e4022c: ;   {poll_return}
  0x000002ba61e4022c: 5d49 3b67 | 280f 871d | 0900 00c3 | 4c8b 8424 | a800 0000 

  0x000002ba61e40240: ;   {metadata(method data for {method} {0x000002ba41189398} 'dispatchEventImpl' '(Ljava/awt/AWTEvent;Ljava/lang/Object;)V' in 'java/awt/EventQueue')}
  0x000002ba61e40240: 4d85 c948 | bf90 9a83 | 41ba 0200 | 0075 0c80 | 8f49 0300 | 0001 e9b0 | 0000 0041 | 8b59 0849 
  0x000002ba61e40260: ba00 0000 | 00ba 0200 | 0049 03da | 483b 9f58 | 0300 0075 | 0d48 8387 | 6003 0000 | 01e9 6000 
  0x000002ba61e40280: 0000 483b | 9f68 0300 | 0075 0d48 | 8387 7003 | 0000 01e9 | 4a00 0000 | 4883 bf58 | 0300 0000 
  0x000002ba61e402a0: 7517 4889 | 9f58 0300 | 0048 c787 | 6003 0000 | 0100 0000 | e929 0000 | 0048 83bf | 6803 0000 
  0x000002ba61e402c0: 0075 1748 | 899f 6803 | 0000 48c7 | 8770 0300 | 0001 0000 | 00e9 0800 | 0000 4883 | 8750 0300 
  0x000002ba61e402e0: ;   {metadata('java/awt/MenuComponent')}
  0x000002ba61e402e0: 0001 48bb | 88d5 8e41 | ba02 0000 | 418b 7108 | 49ba 0000 | 0000 ba02 | 0000 4903 | f248 3bde 
  0x000002ba61e40300: 0f85 6408 | 0000 e900 | 0000 0049 | 8bd1 483b | 0248 8bf2 

  0x000002ba61e40314: ;   {metadata(method data for {method} {0x000002ba41189398} 'dispatchEventImpl' '(Ljava/awt/AWTEvent;Ljava/lang/Object;)V' in 'java/awt/EventQueue')}
  0x000002ba61e40314: 48bf 909a | 8341 ba02 | 0000 8b76 | 0849 ba00 | 0000 00ba | 0200 0049 | 03f2 483b | b788 0300 
  0x000002ba61e40334: 0075 0d48 | 8387 9003 | 0000 01e9 | 6000 0000 | 483b b798 | 0300 0075 | 0d48 8387 | a003 0000 
  0x000002ba61e40354: 01e9 4a00 | 0000 4883 | bf88 0300 | 0000 7517 | 4889 b788 | 0300 0048 | c787 9003 | 0000 0100 
  0x000002ba61e40374: 0000 e929 | 0000 0048 | 83bf 9803 | 0000 0075 | 1748 89b7 | 9803 0000 | 48c7 87a0 | 0300 0001 
  0x000002ba61e40394: 0000 00e9 | 0800 0000 | 4883 8780 | 0300 0001 

  0x000002ba61e403a4: ;   {optimized virtual_call}
  0x000002ba61e403a4: 6666 90e8 

  0x000002ba61e403a8: ; ImmutableOopMap {}
                      ;*invokevirtual dispatchEvent {reexecute=0 rethrow=0 return_oop=0}
                      ; - java.awt.EventQueue::dispatchEventImpl@63 (line 728)
  0x000002ba61e403a8: b4e6 1c07 

  0x000002ba61e403ac: ;   {post_call_nop}
  0x000002ba61e403ac: 0f1f 8400 | a41a 000c 

  0x000002ba61e403b4: ;   {metadata(method data for {method} {0x000002ba41189398} 'dispatchEventImpl' '(Ljava/awt/AWTEvent;Ljava/lang/Object;)V' in 'java/awt/EventQueue')}
  0x000002ba61e403b4: 49b8 909a | 8341 ba02 | 0000 41ff | 80b0 0300 | 0048 81c4 | d000 0000 

  0x000002ba61e403cc: ;   {poll_return}
  0x000002ba61e403cc: 5d49 3b67 | 280f 87a1 | 0700 00c3 

  0x000002ba61e403d8: ;   {metadata(method data for {method} {0x000002ba41189398} 'dispatchEventImpl' '(Ljava/awt/AWTEvent;Ljava/lang/Object;)V' in 'java/awt/EventQueue')}
  0x000002ba61e403d8: 488b f248 | bf90 9a83 | 41ba 0200 | 0048 8387 | 6001 0000 | 0149 8bf0 | 4c8b c60f 

  0x000002ba61e403f4: ;   {optimized virtual_call}
  0x000002ba61e403f4: 1f40 00e8 

  0x000002ba61e403f8: ; ImmutableOopMap {[168]=Oop }
                      ;*invokevirtual setCurrentEventAndMostRecentTimeImpl {reexecute=0 rethrow=0 return_oop=0}
                      ; - java.awt.EventQueue::dispatchEventImpl@14 (line 722)
  0x000002ba61e403f8: c46a ffff 

  0x000002ba61e403fc: ;   {post_call_nop}
  0x000002ba61e403fc: 0f1f 8400 | f41a 000d | 4c8b 8424 | a800 0000 

  0x000002ba61e4040c: ;   {metadata(method data for {method} {0x000002ba41189398} 'dispatchEventImpl' '(Ljava/awt/AWTEvent;Ljava/lang/Object;)V' in 'java/awt/EventQueue')}
  0x000002ba61e4040c: 4d85 c048 | bf90 9a83 | 41ba 0200 | 0075 0c80 | 8f89 0100 | 0001 e9cb | 0000 0041 | 8b58 0849 
  0x000002ba61e4042c: ba00 0000 | 00ba 0200 | 0049 03da | 483b 9f98 | 0100 0075 | 0d48 8387 | a001 0000 | 01e9 6000 
  0x000002ba61e4044c: 0000 483b | 9fa8 0100 | 0075 0d48 | 8387 b001 | 0000 01e9 | 4a00 0000 | 4883 bf98 | 0100 0000 
  0x000002ba61e4046c: 7517 4889 | 9f98 0100 | 0048 c787 | a001 0000 | 0100 0000 | e929 0000 | 0048 83bf | a801 0000 
  0x000002ba61e4048c: 0075 1748 | 899f a801 | 0000 48c7 | 87b0 0100 | 0001 0000 | 00e9 0800 | 0000 4883 | 8790 0100 
  0x000002ba61e404ac: ;   {metadata('java/awt/ActiveEvent')}
  0x000002ba61e404ac: 0001 48bb | 30c4 6941 | ba02 0000 | 418b 7808 | 49ba 0000 | 0000 ba02 | 0000 4903 | fa48 3b5f 
  0x000002ba61e404cc: 200f 841f | 0000 0048 | 3bfb 0f84 | 1600 0000 

  0x000002ba61e404dc: ;   {runtime_call C1 Runtime slow_subtype_check_blob}
  0x000002ba61e404dc: 5753 e85d | 0629 075f | 5f85 ff0f | 84a1 0600 | 00e9 0000 | 0000 498b | d048 3b02 

  0x000002ba61e404f8: ;   {metadata(method data for {method} {0x000002ba41189398} 'dispatchEventImpl' '(Ljava/awt/AWTEvent;Ljava/lang/Object;)V' in 'java/awt/EventQueue')}
  0x000002ba61e404f8: 488b f248 | bf90 9a83 | 41ba 0200 | 008b 7608 | 49ba 0000 | 0000 ba02 | 0000 4903 | f248 3bb7 
  0x000002ba61e40518: c801 0000 | 750d 4883 | 87d0 0100 | 0001 e960 | 0000 0048 | 3bb7 d801 | 0000 750d | 4883 87e0 
  0x000002ba61e40538: 0100 0001 | e94a 0000 | 0048 83bf | c801 0000 | 0075 1748 | 89b7 c801 | 0000 48c7 | 87d0 0100 
  0x000002ba61e40558: 0001 0000 | 00e9 2900 | 0000 4883 | bfd8 0100 | 0000 7517 | 4889 b7d8 | 0100 0048 | c787 e001 
  0x000002ba61e40578: 0000 0100 | 0000 e908 | 0000 0048 | 8387 c001 | 0000 0166 | 9048 b860 | c9ca 45ba 

  0x000002ba61e40594: ;   {virtual_call}
  0x000002ba61e40594: 0200 00e8 

  0x000002ba61e40598: ; ImmutableOopMap {}
                      ;*invokeinterface dispatch {reexecute=0 rethrow=0 return_oop=0}
                      ; - java.awt.EventQueue::dispatchEventImpl@21 (line 723)
  0x000002ba61e40598: b4b5 2907 

  0x000002ba61e4059c: ;   {post_call_nop}
  0x000002ba61e4059c: 0f1f 8400 | 941c 000e 

  0x000002ba61e405a4: ;   {metadata(method data for {method} {0x000002ba41189398} 'dispatchEventImpl' '(Ljava/awt/AWTEvent;Ljava/lang/Object;)V' in 'java/awt/EventQueue')}
  0x000002ba61e405a4: 48ba 909a | 8341 ba02 | 0000 ff82 | f001 0000 | 4881 c4d0 | 0000 005d 

  0x000002ba61e405bc: ;   {poll_return}
  0x000002ba61e405bc: 493b 6728 | 0f87 d605 | 0000 c390 

  0x000002ba61e405c8: ;   {no_reloc}
  0x000002ba61e405c8: e9f4 0500 | 0000 0000 | 0000 80ba | 4001 0000 | 040f 85f1 | 0500 0049 | 8b87 c801 | 0000 488d 
  0x000002ba61e405e8: 7828 493b | bfd8 0100 | 000f 87d9 | 0500 0049 | 89bf c801 | 0000 48c7 | 0001 0000 | 0048 8bca 
  0x000002ba61e40608: 49ba 0000 | 0000 ba02 | 0000 492b | ca89 4808 | 4833 c989 | 480c 4833 | c948 8948 | 1048 8948 
  0x000002ba61e40628: 1848 8948 | 2048 8bd0 

  0x000002ba61e40630: ;   {metadata(method data for {method} {0x000002ba0044ab28} 'lookup' '()Ljava/lang/invoke/MethodHandles$Lookup;' in 'java/lang/invoke/MethodHandles')}
  0x000002ba61e40630: 48be 387c | 6b41 ba02 | 0000 4883 | 8640 0100 

  0x000002ba61e40640: ;   {oop("no caller frame"{0x00000007ffe27160})}
  0x000002ba61e40640: 0001 49b8 | 6071 e2ff | 0700 0000 | 488b d048 | 8984 24c0 

  0x000002ba61e40654: ;   {optimized virtual_call}
  0x000002ba61e40654: 0000 00e8 

  0x000002ba61e40658: ; ImmutableOopMap {[168]=Oop [192]=Oop }
                      ;*invokespecial <init> {reexecute=0 rethrow=0 return_oop=0}
                      ; - java.lang.invoke.MethodHandles::lookup@14 (line 128)
                      ; - sun.awt.AWTAccessor::ensureClassInitialized@0 (line 1464)
                      ; - sun.awt.AWTAccessor::getInputEventAccessor@10 (line 963)
                      ; - java.awt.AWTEvent::dispatched@7 (line 571)
                      ; - java.awt.EventQueue::dispatchEventImpl@45 (line 726)
  0x000002ba61e40658: 04e4 1c07 

  0x000002ba61e4065c: ;   {post_call_nop}
  0x000002ba61e4065c: 0f1f 8400 | 541d 000f | 488b 8424 | c000 0000 | e9d8 0500 | 0049 8b87 | 0805 0000 | 4d33 d24d 
  0x000002ba61e4067c: 8997 0805 | 0000 4d33 | d24d 8997 | 1005 0000 

  0x000002ba61e4068c: ;   {oop(a 'java/lang/Class'{0x0000000715783408} = 'sun/awt/AWTAccessor')}
  0x000002ba61e4068c: 48be 0834 | 7815 0700 | 0000 8bb6 | 8400 0000 | 48c1 e603 | 4c8b 8424 | a800 0000 

  0x000002ba61e406a8: ;   {metadata(method data for {method} {0x000002ba410d8b70} 'dispatched' '()V' in 'java/awt/AWTEvent')}
  0x000002ba61e406a8: 4d85 c048 | b850 3e91 | 41ba 0200 | 0075 0c80 | 8869 0100 | 0001 e9b1 | 0000 0041 | 8b50 0849 
  0x000002ba61e406c8: ba00 0000 | 00ba 0200 | 0049 03d2 | 483b 9078 | 0100 0075 | 0d48 8380 | 8001 0000 | 01e9 6000 
  0x000002ba61e406e8: 0000 483b | 9088 0100 | 0075 0d48 | 8380 9001 | 0000 01e9 | 4a00 0000 | 4883 b878 | 0100 0000 
  0x000002ba61e40708: 7517 4889 | 9078 0100 | 0048 c780 | 8001 0000 | 0100 0000 | e929 0000 | 0048 83b8 | 8801 0000 
  0x000002ba61e40728: 0075 1748 | 8990 8801 | 0000 48c7 | 8090 0100 | 0001 0000 | 00e9 0800 | 0000 4883 | 8070 0100 
  0x000002ba61e40748: ;   {metadata('java/awt/event/InputEvent')}
  0x000002ba61e40748: 0001 48ba | 40e3 1041 | ba02 0000 | 418b 4008 | 49ba 0000 | 0000 ba02 | 0000 4903 | c248 3b50 
  0x000002ba61e40768: 500f 856e | 0400 00e9 | 0000 0000 | 498b f848 | 85f6 0f84 | 2900 0000 

  0x000002ba61e40780: ;   {metadata('java/awt/event/InputEvent$1')}
  0x000002ba61e40780: 48b9 1837 | 0501 ba02 | 0000 8b56 | 0849 ba00 | 0000 00ba | 0200 0049 | 03d2 483b | 4a38 0f85 
  0x000002ba61e407a0: 4204 0000 | e900 0000 | 0048 8bde 

  0x000002ba61e407ac: ; implicit exception: dispatches to 0x000002ba61e40beb
                      ;   {metadata(method data for {method} {0x000002ba410d8b70} 'dispatched' '()V' in 'java/awt/AWTEvent')}
  0x000002ba61e407ac: 483b 0648 | bb50 3e91 | 41ba 0200 

  0x000002ba61e407b8: ;   {metadata('java/awt/event/InputEvent$1')}
  0x000002ba61e407b8: 0049 ba18 | 3705 01ba | 0200 004c | 8993 a801 | 0000 4883 | 83b0 0100 

  0x000002ba61e407d0: ;   {metadata(method data for {method} {0x000002ba41110db8} 'setCanAccessSystemClipboard' '(Ljava/awt/event/InputEvent;Z)V' in 'java/awt/event/InputEvent$1')}
  0x000002ba61e407d0: 0001 48be | d841 9141 | ba02 0000 | 8b9e cc00 | 0000 83c3 | 0289 9ecc | 0000 0081 | e3fe ff1f 
  0x000002ba61e407f0: 0085 db0f | 84f7 0300 | 00c6 4728 

  0x000002ba61e407fc: ;   {metadata(method data for {method} {0x000002ba41189398} 'dispatchEventImpl' '(Ljava/awt/AWTEvent;Ljava/lang/Object;)V' in 'java/awt/EventQueue')}
  0x000002ba61e407fc: 0048 be90 | 9a83 41ba | 0200 00ff | 86e8 0200 | 0048 81c4 | d000 0000 

  0x000002ba61e40814: ;   {poll_return}
  0x000002ba61e40814: 5d49 3b67 | 280f 87f7 | 0300 00c3 

  0x000002ba61e40820: ;   {metadata({method} {0x000002ba41189398} 'dispatchEventImpl' '(Ljava/awt/AWTEvent;Ljava/lang/Object;)V' in 'java/awt/EventQueue')}
  0x000002ba61e40820: 49ba 9093 | 1841 ba02 | 0000 4c89 | 5424 0848 | c704 24ff 

  0x000002ba61e40834: ;   {runtime_call C1 Runtime counter_overflow_blob}
  0x000002ba61e40834: ffff ffe8 

  0x000002ba61e40838: ; ImmutableOopMap {rdx=Oop r8=Oop r9=Oop [168]=Oop }
                      ;*synchronization entry
                      ; - java.awt.EventQueue::dispatchEventImpl@-1 (line 719)
  0x000002ba61e40838: 242e 2907 | e9cd e4ff 

  0x000002ba61e40840: ;   {runtime_call C1 Runtime throw_null_pointer_exception_blob}
  0x000002ba61e40840: ffe8 1ad1 

  0x000002ba61e40844: ; ImmutableOopMap {rdx=Oop r8=Oop r9=Oop [168]=Oop }
                      ;*putfield isPosted {reexecute=1 rethrow=0 return_oop=0}
                      ; - (reexecute) java.awt.EventQueue::dispatchEventImpl@2 (line 719)
  0x000002ba61e40844: 2807 4c89 

  0x000002ba61e40848: ;   {runtime_call C1 Runtime throw_class_cast_exception_blob}
  0x000002ba61e40848: 0c24 e891 

  0x000002ba61e4084c: ; ImmutableOopMap {r8=Oop [168]=Oop }
                      ;*checkcast {reexecute=0 rethrow=0 return_oop=0}
                      ; - java.awt.EventQueue::dispatchEventImpl@37 (line 725)
                      ;   {runtime_call C1 Runtime throw_null_pointer_exception_blob}
  0x000002ba61e4084c: f828 07e8 

  0x000002ba61e40850: ; ImmutableOopMap {r8=Oop rdx=Oop [168]=Oop }
                      ;*invokevirtual dispatchEvent {reexecute=0 rethrow=0 return_oop=0}
                      ; - java.awt.EventQueue::dispatchEventImpl@41 (line 725)
  0x000002ba61e40850: 0cd1 2807 

  0x000002ba61e40854: ;   {metadata({method} {0x000002ba41085510} 'dispatchEvent' '(Ljava/awt/AWTEvent;)V' in 'java/awt/Component')}
  0x000002ba61e40854: 49ba 0855 | 0841 ba02 | 0000 4c89 | 5424 0848 | c704 24ff 

  0x000002ba61e40868: ;   {runtime_call C1 Runtime counter_overflow_blob}
  0x000002ba61e40868: ffff ffe8 

  0x000002ba61e4086c: ; ImmutableOopMap {r8=Oop rdx=Oop [168]=Oop }
                      ;*synchronization entry
                      ; - java.awt.Component::dispatchEvent@-1 (line 4790)
                      ; - java.awt.EventQueue::dispatchEventImpl@41 (line 725)
  0x000002ba61e4086c: f02d 2907 | e944 e8ff 

  0x000002ba61e40874: ;   {metadata({method} {0x000002ba410d8b70} 'dispatched' '()V' in 'java/awt/AWTEvent')}
  0x000002ba61e40874: ff49 ba68 | 8b0d 41ba | 0200 004c | 8954 2408 | 48c7 0424 | ffff ffff 

  0x000002ba61e4088c: ;   {runtime_call C1 Runtime counter_overflow_blob}
  0x000002ba61e4088c: e8cf 2d29 

  0x000002ba61e40890: ; ImmutableOopMap {[168]=Oop }
                      ;*synchronization entry
                      ; - java.awt.AWTEvent::dispatched@-1 (line 570)
                      ; - java.awt.EventQueue::dispatchEventImpl@45 (line 726)
  0x000002ba61e40890: 07e9 96e9 

  0x000002ba61e40894: ;   {metadata({method} {0x000002ba410f2d28} 'getInputEventAccessor' '()Lsun/awt/AWTAccessor$InputEventAccessor;' in 'sun/awt/AWTAccessor')}
  0x000002ba61e40894: ffff 49ba | 202d 0f41 | ba02 0000 | 4c89 5424 | 0848 c704 | 24ff ffff 

  0x000002ba61e408ac: ;   {runtime_call C1 Runtime counter_overflow_blob}
  0x000002ba61e408ac: ffe8 ae2d 

  0x000002ba61e408b0: ; ImmutableOopMap {r8=Oop [168]=Oop }
                      ;*synchronization entry
                      ; - sun.awt.AWTAccessor::getInputEventAccessor@-1 (line 961)
                      ; - java.awt.AWTEvent::dispatched@7 (line 571)
                      ; - java.awt.EventQueue::dispatchEventImpl@45 (line 726)
  0x000002ba61e408b0: 2907 e9b6 

  0x000002ba61e408b4: ;   {metadata({method} {0x000002ba410f54e8} 'ensureClassInitialized' '(Ljava/lang/Class;)V' in 'sun/awt/AWTAccessor')}
  0x000002ba61e408b4: eaff ff49 | bae0 540f | 41ba 0200 | 004c 8954 | 2408 48c7 | 0424 ffff 

  0x000002ba61e408cc: ;   {runtime_call C1 Runtime counter_overflow_blob}
  0x000002ba61e408cc: ffff e88d 

  0x000002ba61e408d0: ; ImmutableOopMap {[168]=Oop }
                      ;*synchronization entry
                      ; - sun.awt.AWTAccessor::ensureClassInitialized@-1 (line 1464)
                      ; - sun.awt.AWTAccessor::getInputEventAccessor@10 (line 963)
                      ; - java.awt.AWTEvent::dispatched@7 (line 571)
                      ; - java.awt.EventQueue::dispatchEventImpl@45 (line 726)
  0x000002ba61e408d0: 2d29 07e9 | 0deb ffff 

  0x000002ba61e408d8: ;   {metadata({method} {0x000002ba0044ab28} 'lookup' '()Ljava/lang/invoke/MethodHandles$Lookup;' in 'java/lang/invoke/MethodHandles')}
  0x000002ba61e408d8: 49ba 20ab | 4400 ba02 | 0000 4c89 | 5424 0848 | c704 24ff 

  0x000002ba61e408ec: ;   {runtime_call C1 Runtime counter_overflow_blob}
  0x000002ba61e408ec: ffff ffe8 

  0x000002ba61e408f0: ; ImmutableOopMap {[168]=Oop }
                      ;*synchronization entry
                      ; - java.lang.invoke.MethodHandles::lookup@-1 (line 126)
                      ; - sun.awt.AWTAccessor::ensureClassInitialized@0 (line 1464)
                      ; - sun.awt.AWTAccessor::getInputEventAccessor@10 (line 963)
                      ; - java.awt.AWTEvent::dispatched@7 (line 571)
                      ; - java.awt.EventQueue::dispatchEventImpl@45 (line 726)
  0x000002ba61e408f0: 6c2d 2907 | e925 ebff | ff48 8bd2 

  0x000002ba61e408fc: ;   {runtime_call C1 Runtime fast_new_instance_blob}
  0x000002ba61e408fc: e85f d928 

  0x000002ba61e40900: ; ImmutableOopMap {r8=Oop [168]=Oop }
                      ;*new {reexecute=0 rethrow=0 return_oop=0}
                      ; - java.lang.invoke.MethodHandles::lookup@18 (line 130)
                      ; - sun.awt.AWTAccessor::ensureClassInitialized@0 (line 1464)
                      ; - sun.awt.AWTAccessor::getInputEventAccessor@10 (line 963)
                      ; - java.awt.AWTEvent::dispatched@7 (line 571)
                      ; - java.awt.EventQueue::dispatchEventImpl@45 (line 726)
  0x000002ba61e40900: 07e9 c0eb 

  0x000002ba61e40904: ;   {metadata({method} {0x000002ba0044edd8} '<init>' '(Ljava/lang/Class;)V' in 'java/lang/invoke/MethodHandles$Lookup')}
  0x000002ba61e40904: ffff 49ba | d0ed 4400 | ba02 0000 | 4c89 5424 | 0848 c704 | 24ff ffff 

  0x000002ba61e4091c: ;   {runtime_call C1 Runtime counter_overflow_blob}
  0x000002ba61e4091c: ffe8 3e2d 

  0x000002ba61e40920: ; ImmutableOopMap {r8=Oop rax=Oop [168]=Oop }
                      ;*synchronization entry
                      ; - java.lang.invoke.MethodHandles$Lookup::<init>@-1 (line 1534)
                      ; - java.lang.invoke.MethodHandles::lookup@23 (line 130)
                      ; - sun.awt.AWTAccessor::ensureClassInitialized@0 (line 1464)
                      ; - sun.awt.AWTAccessor::getInputEventAccessor@10 (line 963)
                      ; - java.awt.AWTEvent::dispatched@7 (line 571)
                      ; - java.awt.EventQueue::dispatchEventImpl@45 (line 726)
  0x000002ba61e40920: 2907 e9dd 

  0x000002ba61e40924: ;   {metadata(nullptr)}
  0x000002ba61e40924: ebff ff48 | b800 0000 | 0000 0000 | 00b8 000f 

  0x000002ba61e40934: ;   {runtime_call C1 Runtime load_klass_patching_blob}
  0x000002ba61e40934: 050a e8a5 

  0x000002ba61e40938: ; ImmutableOopMap {rdx=Oop r9=Oop [168]=Oop }
                      ;*instanceof {reexecute=1 rethrow=0 return_oop=0}
                      ; - (reexecute) java.awt.EventQueue::dispatchEventImpl@70 (line 729)
  0x000002ba61e40938: 1c29 07e9 | 78ee ffff 

  0x000002ba61e40940: ;   {metadata({method} {0x000002ba411889d0} 'noEvents' '()Z' in 'java/awt/EventQueue')}
  0x000002ba61e40940: 49ba c889 | 1841 ba02 | 0000 4c89 | 5424 0848 | c704 24ff 

  0x000002ba61e40954: ;   {runtime_call C1 Runtime counter_overflow_blob}
  0x000002ba61e40954: ffff ffe8 

  0x000002ba61e40958: ; ImmutableOopMap {rdx=Oop }
                      ;*synchronization entry
                      ; - java.awt.EventQueue::noEvents@-1 (line 520)
                      ; - java.awt.EventQueue::dispatchEventImpl@95 (line 732)
  0x000002ba61e40958: 042d 2907 | e916 f0ff 

  0x000002ba61e40960: ;   {runtime_call C1 Runtime throw_null_pointer_exception_blob}
  0x000002ba61e40960: ffe8 facf 

  0x000002ba61e40964: ; ImmutableOopMap {rdx=Oop rdi=Oop }
                      ;*aaload {reexecute=0 rethrow=0 return_oop=0}
                      ; - java.awt.EventQueue::noEvents@12 (line 521)
                      ; - java.awt.EventQueue::dispatchEventImpl@95 (line 732)
                      ;   {runtime_call C1 Runtime throw_null_pointer_exception_blob}
  0x000002ba61e40964: 2807 e8f5 

  0x000002ba61e40968: ; ImmutableOopMap {rdx=Oop rdi=Oop }
                      ;*aaload {reexecute=0 rethrow=0 return_oop=0}
                      ; - java.awt.EventQueue::noEvents@12 (line 521)
                      ; - java.awt.EventQueue::dispatchEventImpl@95 (line 732)
  0x000002ba61e40968: cf28 0748 | 8934 2448 | 897c 2408 

  0x000002ba61e40974: ;   {runtime_call C1 Runtime throw_range_check_failed_blob}
  0x000002ba61e40974: e8e7 c628 

  0x000002ba61e40978: ; ImmutableOopMap {rdx=Oop rdi=Oop }
                      ;*aaload {reexecute=0 rethrow=0 return_oop=0}
                      ; - java.awt.EventQueue::noEvents@12 (line 521)
                      ; - java.awt.EventQueue::dispatchEventImpl@95 (line 732)
                      ;   {runtime_call C1 Runtime throw_null_pointer_exception_blob}
  0x000002ba61e40978: 07e8 e2cf 

  0x000002ba61e4097c: ; ImmutableOopMap {rdx=Oop }
                      ;*getfield head {reexecute=1 rethrow=0 return_oop=0}
                      ; - (reexecute) java.awt.EventQueue::noEvents@13 (line 521)
                      ; - java.awt.EventQueue::dispatchEventImpl@95 (line 732)
                      ;   {metadata({method} {0x000002ba411889d0} 'noEvents' '()Z' in 'java/awt/EventQueue')}
  0x000002ba61e4097c: 2807 49ba | c889 1841 | ba02 0000 | 4c89 5424 | 0848 c704 | 2418 0000 

  0x000002ba61e40994: ;   {runtime_call C1 Runtime counter_overflow_blob}
  0x000002ba61e40994: 00e8 c62c 

  0x000002ba61e40998: ; ImmutableOopMap {rdx=Oop }
                      ;*goto {reexecute=1 rethrow=0 return_oop=0}
                      ; - (reexecute) java.awt.EventQueue::noEvents@24 (line 520)
                      ; - java.awt.EventQueue::dispatchEventImpl@95 (line 732)
  0x000002ba61e40998: 2907 e95f 

  0x000002ba61e4099c: ;   {metadata({method} {0x000002ba411877a0} 'getEventLog' '()Lsun/util/logging/PlatformLogger;' in 'java/awt/EventQueue')}
  0x000002ba61e4099c: f0ff ff49 | ba98 7718 | 41ba 0200 | 004c 8954 | 2408 48c7 | 0424 ffff 

  0x000002ba61e409b4: ;   {runtime_call C1 Runtime counter_overflow_blob}
  0x000002ba61e409b4: ffff e8a5 

  0x000002ba61e409b8: ; ImmutableOopMap {[168]=Oop }
                      ;*synchronization entry
                      ; - java.awt.EventQueue::getEventLog@-1 (line 180)
                      ; - java.awt.EventQueue::dispatchEventImpl@111 (line 736)
  0x000002ba61e409b8: 2c29 07e9 | fcf0 ffff | 418b 5078 | 48c1 e203 | 4883 fa00 | 0f84 69f1 | ffff 4889 

  0x000002ba61e409d4: ;   {runtime_call g1_pre_barrier_slow}
  0x000002ba61e409d4: 1424 e885 | 3229 07e9 | 5bf1 ffff | 4883 f800 | 0f84 76f1 | ffff 4c89 

  0x000002ba61e409ec: ;   {runtime_call g1_post_barrier_slow}
  0x000002ba61e409ec: 0424 e86d | 3529 07e9 | 68f1 ffff 

  0x000002ba61e409f8: ;   {runtime_call C1 Runtime throw_null_pointer_exception_blob}
  0x000002ba61e409f8: e863 cf28 

  0x000002ba61e409fc: ; ImmutableOopMap {r8=Oop [168]=Oop }
                      ;*invokevirtual isLoggable {reexecute=0 rethrow=0 return_oop=0}
                      ; - java.awt.EventQueue::dispatchEventImpl@117 (line 736)
                      ;   {metadata({method} {0x000002ba410da380} 'isLoggable' '(Lsun/util/logging/PlatformLogger$Level;)Z' in 'sun/util/logging/PlatformLogger')}
  0x000002ba61e409fc: 0749 ba78 | a30d 41ba | 0200 004c | 8954 2408 | 48c7 0424 | ffff ffff 

  0x000002ba61e40a14: ;   {runtime_call C1 Runtime counter_overflow_blob}
  0x000002ba61e40a14: e847 2c29 

  0x000002ba61e40a18: ; ImmutableOopMap {r8=Oop [168]=Oop }
                      ;*synchronization entry
                      ; - sun.util.logging.PlatformLogger::isLoggable@-1 (line 336)
                      ; - java.awt.EventQueue::dispatchEventImpl@117 (line 736)
  0x000002ba61e40a18: 07e9 a4f1 

  0x000002ba61e40a1c: ;   {runtime_call C1 Runtime throw_null_pointer_exception_blob}
  0x000002ba61e40a1c: ffff e83d 

  0x000002ba61e40a20: ; ImmutableOopMap {rdx=Oop [168]=Oop }
                      ;*invokeinterface isLoggable {reexecute=0 rethrow=0 return_oop=0}
                      ; - sun.util.logging.PlatformLogger::isLoggable@17 (line 340)
                      ; - java.awt.EventQueue::dispatchEventImpl@117 (line 736)
                      ;   {metadata({method} {0x000002ba411877a0} 'getEventLog' '()Lsun/util/logging/PlatformLogger;' in 'java/awt/EventQueue')}
  0x000002ba61e40a20: cf28 0749 | ba98 7718 | 41ba 0200 | 004c 8954 | 2408 48c7 | 0424 ffff 

  0x000002ba61e40a38: ;   {runtime_call C1 Runtime counter_overflow_blob}
  0x000002ba61e40a38: ffff e821 

  0x000002ba61e40a3c: ; ImmutableOopMap {[168]=Oop }
                      ;*synchronization entry
                      ; - java.awt.EventQueue::getEventLog@-1 (line 180)
                      ; - java.awt.EventQueue::dispatchEventImpl@123 (line 737)
  0x000002ba61e40a3c: 2c29 07e9 | b6f2 ffff | 8b72 7848 | c1e6 0348 | 83fe 000f | 8426 f3ff | ff48 8934 

  0x000002ba61e40a58: ;   {runtime_call g1_pre_barrier_slow}
  0x000002ba61e40a58: 24e8 0232 | 2907 e918 | f3ff ff48 | 83f8 000f | 8433 f3ff | ff48 8914 

  0x000002ba61e40a70: ;   {runtime_call g1_post_barrier_slow}
  0x000002ba61e40a70: 24e8 ea34 | 2907 e925 

  0x000002ba61e40a78: ;   {metadata({method} {0x000002ba0047e890} 'valueOf' '(Ljava/lang/Object;)Ljava/lang/String;' in 'java/lang/String')}
  0x000002ba61e40a78: f3ff ff49 | ba88 e847 | 00ba 0200 | 004c 8954 | 2408 48c7 | 0424 ffff 

  0x000002ba61e40a90: ;   {runtime_call C1 Runtime counter_overflow_blob}
  0x000002ba61e40a90: ffff e8c9 

  0x000002ba61e40a94: ; ImmutableOopMap {rsi=Oop r8=Oop [168]=Oop [184]=Oop }
                      ;*synchronization entry
                      ; - java.lang.String::valueOf@-1 (line 4543)
                      ; - java.awt.EventQueue::dispatchEventImpl@127 (line 737)
  0x000002ba61e40a94: 2b29 07e9 | 5ef3 ffff | 49b8 0000 | 0000 0000 | 0000 b800 

  0x000002ba61e40aa8: ;   {runtime_call C1 Runtime load_appendix_patching_blob}
  0x000002ba61e40aa8: 0f05 0ae8 

  0x000002ba61e40aac: ; ImmutableOopMap {rdi=Oop [184]=Oop }
                      ;*invokedynamic {reexecute=1 rethrow=0 return_oop=0}
                      ; - (reexecute) java.awt.EventQueue::dispatchEventImpl@130 (line 737)
  0x000002ba61e40aac: 3024 2907 | e93b f4ff 

  0x000002ba61e40ab4: ;   {runtime_call C1 Runtime throw_null_pointer_exception_blob}
  0x000002ba61e40ab4: ffe8 a6ce 

  0x000002ba61e40ab8: ; ImmutableOopMap {rax=Oop rsi=Oop [184]=Oop }
                      ;*invokevirtual fine {reexecute=0 rethrow=0 return_oop=0}
                      ; - java.awt.EventQueue::dispatchEventImpl@135 (line 737)
                      ;   {metadata({method} {0x000002ba410dafd8} 'fine' '(Ljava/lang/String;)V' in 'sun/util/logging/PlatformLogger')}
  0x000002ba61e40ab8: 2807 49ba | d0af 0d41 | ba02 0000 | 4c89 5424 | 0848 c704 | 24ff ffff 

  0x000002ba61e40ad0: ;   {runtime_call C1 Runtime counter_overflow_blob}
  0x000002ba61e40ad0: ffe8 8a2b 

  0x000002ba61e40ad4: ; ImmutableOopMap {rax=Oop rsi=Oop [184]=Oop }
                      ;*synchronization entry
                      ; - sun.util.logging.PlatformLogger::fine@-1 (line 449)
                      ; - java.awt.EventQueue::dispatchEventImpl@135 (line 737)
  0x000002ba61e40ad4: 2907 e9af 

  0x000002ba61e40ad8: ;   {runtime_call C1 Runtime throw_null_pointer_exception_blob}
  0x000002ba61e40ad8: f4ff ffe8 

  0x000002ba61e40adc: ; ImmutableOopMap {rax=Oop rdx=Oop }
                      ;*invokeinterface log {reexecute=0 rethrow=0 return_oop=0}
                      ; - sun.util.logging.PlatformLogger::fine@12 (line 449)
                      ; - java.awt.EventQueue::dispatchEventImpl@135 (line 737)
  0x000002ba61e40adc: 80ce 2807 

  0x000002ba61e40ae0: ;   {internal_word}
  0x000002ba61e40ae0: 49ba 6400 | e461 ba02 | 0000 4d89 | 9760 0400 

  0x000002ba61e40af0: ;   {runtime_call SafepointBlob}
  0x000002ba61e40af0: 00e9 ea51 

  0x000002ba61e40af4: ;   {runtime_call C1 Runtime throw_null_pointer_exception_blob}
  0x000002ba61e40af4: 1d07 e865 

  0x000002ba61e40af8: ; ImmutableOopMap {r8=Oop }
                      ;*invokevirtual stopDispatching {reexecute=0 rethrow=0 return_oop=0}
                      ; - java.awt.EventQueue::dispatchEventImpl@105 (line 733)
                      ;   {metadata({method} {0x000002ba416a1d50} 'stopDispatching' '()V' in 'java/awt/EventDispatchThread')}
  0x000002ba61e40af8: ce28 0749 | ba48 1d6a | 41ba 0200 | 004c 8954 | 2408 48c7 | 0424 ffff 

  0x000002ba61e40b10: ;   {runtime_call C1 Runtime counter_overflow_blob}
  0x000002ba61e40b10: ffff e849 

  0x000002ba61e40b14: ; ImmutableOopMap {r8=Oop }
                      ;*synchronization entry
                      ; - java.awt.EventDispatchThread::stopDispatching@-1 (line 85)
                      ; - java.awt.EventQueue::dispatchEventImpl@105 (line 733)
  0x000002ba61e40b14: 2b29 07e9 | abf5 ffff 

  0x000002ba61e40b1c: ;   {internal_word}
  0x000002ba61e40b1c: 49ba ef00 | e461 ba02 | 0000 4d89 | 9760 0400 

  0x000002ba61e40b2c: ;   {runtime_call SafepointBlob}
  0x000002ba61e40b2c: 00e9 ae51 

  0x000002ba61e40b30: ;   {metadata(nullptr)}
  0x000002ba61e40b30: 1d07 48bb | 0000 0000 | 0000 0000 | b800 0f05 

  0x000002ba61e40b40: ;   {runtime_call C1 Runtime load_klass_patching_blob}
  0x000002ba61e40b40: 0ae8 9a1a 

  0x000002ba61e40b44: ; ImmutableOopMap {r9=Oop r8=Oop [168]=Oop }
                      ;*checkcast {reexecute=1 rethrow=0 return_oop=0}
                      ; - (reexecute) java.awt.EventQueue::dispatchEventImpl@77 (line 730)
  0x000002ba61e40b44: 2907 e95d | f6ff ff4c 

  0x000002ba61e40b4c: ;   {runtime_call C1 Runtime throw_class_cast_exception_blob}
  0x000002ba61e40b4c: 890c 24e8 

  0x000002ba61e40b50: ; ImmutableOopMap {r9=Oop r8=Oop [168]=Oop }
                      ;*checkcast {reexecute=0 rethrow=0 return_oop=0}
                      ; - java.awt.EventQueue::dispatchEventImpl@77 (line 730)
  0x000002ba61e40b50: 8cf5 2807 

  0x000002ba61e40b54: ;   {internal_word}
  0x000002ba61e40b54: 49ba 2d02 | e461 ba02 | 0000 4d89 | 9760 0400 

  0x000002ba61e40b64: ;   {runtime_call SafepointBlob}
  0x000002ba61e40b64: 00e9 7651 | 1d07 4c89 

  0x000002ba61e40b6c: ;   {runtime_call C1 Runtime throw_class_cast_exception_blob}
  0x000002ba61e40b6c: 0c24 e86d 

  0x000002ba61e40b70: ; ImmutableOopMap {r8=Oop [168]=Oop }
                      ;*checkcast {reexecute=0 rethrow=0 return_oop=0}
                      ; - java.awt.EventQueue::dispatchEventImpl@59 (line 728)
                      ;   {runtime_call C1 Runtime throw_null_pointer_exception_blob}
  0x000002ba61e40b70: f528 07e8 

  0x000002ba61e40b74: ; ImmutableOopMap {r8=Oop rdx=Oop [168]=Oop }
                      ;*invokevirtual dispatchEvent {reexecute=0 rethrow=0 return_oop=0}
                      ; - java.awt.EventQueue::dispatchEventImpl@63 (line 728)
  0x000002ba61e40b74: e8cd 2807 

  0x000002ba61e40b78: ;   {internal_word}
  0x000002ba61e40b78: 49ba cd03 | e461 ba02 | 0000 4d89 | 9760 0400 

  0x000002ba61e40b88: ;   {runtime_call SafepointBlob}
  0x000002ba61e40b88: 00e9 5251 | 1d07 4c89 

  0x000002ba61e40b90: ;   {runtime_call C1 Runtime throw_class_cast_exception_blob}
  0x000002ba61e40b90: 0424 e849 

  0x000002ba61e40b94: ; ImmutableOopMap {}
                      ;*checkcast {reexecute=0 rethrow=0 return_oop=0}
                      ; - java.awt.EventQueue::dispatchEventImpl@18 (line 723)
                      ;   {runtime_call C1 Runtime throw_null_pointer_exception_blob}
  0x000002ba61e40b94: f528 07e8 

  0x000002ba61e40b98: ; ImmutableOopMap {rdx=Oop }
                      ;*invokeinterface dispatch {reexecute=0 rethrow=0 return_oop=0}
                      ; - java.awt.EventQueue::dispatchEventImpl@21 (line 723)
  0x000002ba61e40b98: c4cd 2807 

  0x000002ba61e40b9c: ;   {internal_word}
  0x000002ba61e40b9c: 49ba bc05 | e461 ba02 | 0000 4d89 | 9760 0400 

  0x000002ba61e40bac: ;   {runtime_call SafepointBlob}
  0x000002ba61e40bac: 00e9 2e51 

  0x000002ba61e40bb0: ;   {metadata(nullptr)}
  0x000002ba61e40bb0: 1d07 48ba | 0000 0000 | 0000 0000 | b800 0f05 

  0x000002ba61e40bc0: ;   {runtime_call C1 Runtime load_klass_patching_blob}
  0x000002ba61e40bc0: 0ae8 1a1a 

  0x000002ba61e40bc4: ; ImmutableOopMap {[168]=Oop }
                      ;*new {reexecute=1 rethrow=0 return_oop=0}
                      ; - (reexecute) java.lang.invoke.MethodHandles::lookup@8 (line 128)
                      ; - sun.awt.AWTAccessor::ensureClassInitialized@0 (line 1464)
                      ; - sun.awt.AWTAccessor::getInputEventAccessor@10 (line 963)
                      ; - java.awt.AWTEvent::dispatched@7 (line 571)
                      ; - java.awt.EventQueue::dispatchEventImpl@45 (line 726)
  0x000002ba61e40bc4: 2907 e9fd 

  0x000002ba61e40bc8: ;   {runtime_call C1 Runtime throw_null_pointer_exception_blob}
  0x000002ba61e40bc8: f9ff ffe8 

  0x000002ba61e40bcc: ; ImmutableOopMap {[168]=Oop }
                      ;*new {reexecute=0 rethrow=0 return_oop=0}
                      ; - java.lang.invoke.MethodHandles::lookup@8 (line 128)
                      ; - sun.awt.AWTAccessor::ensureClassInitialized@0 (line 1464)
                      ; - sun.awt.AWTAccessor::getInputEventAccessor@10 (line 963)
                      ; - java.awt.AWTEvent::dispatched@7 (line 571)
                      ; - java.awt.EventQueue::dispatchEventImpl@45 (line 726)
  0x000002ba61e40bcc: 90cd 2807 

  0x000002ba61e40bd0: ;   {runtime_call C1 Runtime fast_new_instance_init_check_blob}
  0x000002ba61e40bd0: 488b d2e8 

  0x000002ba61e40bd4: ; ImmutableOopMap {[168]=Oop }
                      ;*new {reexecute=0 rethrow=0 return_oop=0}
                      ; - java.lang.invoke.MethodHandles::lookup@8 (line 128)
                      ; - sun.awt.AWTAccessor::ensureClassInitialized@0 (line 1464)
                      ; - sun.awt.AWTAccessor::getInputEventAccessor@10 (line 963)
                      ; - java.awt.AWTEvent::dispatched@7 (line 571)
                      ; - java.awt.EventQueue::dispatchEventImpl@45 (line 726)
  0x000002ba61e40bd4: 88d9 2807 | e950 faff | ff4c 8904 

  0x000002ba61e40be0: ;   {runtime_call C1 Runtime throw_class_cast_exception_blob}
  0x000002ba61e40be0: 24e8 faf4 

  0x000002ba61e40be4: ; ImmutableOopMap {rsi=Oop }
                      ;*checkcast {reexecute=0 rethrow=0 return_oop=0}
                      ; - java.awt.AWTEvent::dispatched@11 (line 571)
                      ; - java.awt.EventQueue::dispatchEventImpl@45 (line 726)
                      ;   {runtime_call C1 Runtime throw_incompatible_class_change_error_blob}
  0x000002ba61e40be4: 2807 e8f5 

  0x000002ba61e40be8: ; ImmutableOopMap {rsi=Oop rdi=Oop }
                      ;*invokeinterface setCanAccessSystemClipboard {reexecute=0 rethrow=0 return_oop=0}
                      ; - java.awt.AWTEvent::dispatched@15 (line 572)
                      ; - java.awt.EventQueue::dispatchEventImpl@45 (line 726)
                      ;   {runtime_call C1 Runtime throw_null_pointer_exception_blob}
  0x000002ba61e40be8: f728 07e8 

  0x000002ba61e40bec: ; ImmutableOopMap {rsi=Oop rdi=Oop }
                      ;*invokeinterface setCanAccessSystemClipboard {reexecute=0 rethrow=0 return_oop=0}
                      ; - java.awt.AWTEvent::dispatched@15 (line 572)
                      ; - java.awt.EventQueue::dispatchEventImpl@45 (line 726)
  0x000002ba61e40bec: 70cd 2807 

  0x000002ba61e40bf0: ;   {metadata({method} {0x000002ba41110db8} 'setCanAccessSystemClipboard' '(Ljava/awt/event/InputEvent;Z)V' in 'java/awt/event/InputEvent$1')}
  0x000002ba61e40bf0: 49ba b00d | 1141 ba02 | 0000 4c89 | 5424 0848 | c704 24ff 

  0x000002ba61e40c04: ;   {runtime_call C1 Runtime counter_overflow_blob}
  0x000002ba61e40c04: ffff ffe8 

  0x000002ba61e40c08: ; ImmutableOopMap {rdi=Oop }
                      ;*synchronization entry
                      ; - java.awt.event.InputEvent$1::setCanAccessSystemClipboard@-1 (line 338)
                      ; - java.awt.AWTEvent::dispatched@15 (line 572)
                      ; - java.awt.EventQueue::dispatchEventImpl@45 (line 726)
  0x000002ba61e40c08: 542a 2907 | e9e8 fbff 

  0x000002ba61e40c10: ;   {runtime_call C1 Runtime throw_null_pointer_exception_blob}
  0x000002ba61e40c10: ffe8 4acd 

  0x000002ba61e40c14: ; ImmutableOopMap {}
                      ;*putfield canAccessSystemClipboard {reexecute=1 rethrow=0 return_oop=0}
                      ; - (reexecute) java.awt.event.InputEvent$1::setCanAccessSystemClipboard@2 (line 338)
                      ; - java.awt.AWTEvent::dispatched@15 (line 572)
                      ; - java.awt.EventQueue::dispatchEventImpl@45 (line 726)
                      ;   {internal_word}
  0x000002ba61e40c14: 2807 49ba | 1508 e461 | ba02 0000 | 4d89 9760 

  0x000002ba61e40c24: ;   {runtime_call SafepointBlob}
  0x000002ba61e40c24: 0400 00e9 | b450 1d07 | 498b 8708 | 0500 0049 | c787 0805 | 0000 0000 | 0000 49c7 | 8710 0500 
  0x000002ba61e40c44: 0000 0000 | 0048 81c4 | d000 0000 

  0x000002ba61e40c50: ;   {runtime_call C1 Runtime unwind_exception_blob}
  0x000002ba61e40c50: 5de9 8aba | 2807 f4f4 
[Stub Code]
  0x000002ba61e40c58: ;   {no_reloc}
  0x000002ba61e40c58: 0f1f 4400 

  0x000002ba61e40c5c: ;   {static_stub}
  0x000002ba61e40c5c: 0048 bb00 | 0000 0000 

  0x000002ba61e40c64: ;   {runtime_call nmethod}
  0x000002ba61e40c64: 0000 00e9 | fbff ffff 

  0x000002ba61e40c6c: ;   {static_stub}
  0x000002ba61e40c6c: 9048 bb00 | 0000 0000 

  0x000002ba61e40c74: ;   {runtime_call nmethod}
  0x000002ba61e40c74: 0000 00e9 | fbff ffff 

  0x000002ba61e40c7c: ;   {static_stub}
  0x000002ba61e40c7c: 9048 bb00 | 0000 0000 

  0x000002ba61e40c84: ;   {runtime_call nmethod}
  0x000002ba61e40c84: 0000 00e9 | fbff ffff 

  0x000002ba61e40c8c: ;   {static_stub}
  0x000002ba61e40c8c: 9048 bb00 | 0000 0000 

  0x000002ba61e40c94: ;   {runtime_call nmethod}
  0x000002ba61e40c94: 0000 00e9 | fbff ffff 

  0x000002ba61e40c9c: ;   {static_stub}
  0x000002ba61e40c9c: 9048 bb00 | 0000 0000 

  0x000002ba61e40ca4: ;   {runtime_call nmethod}
  0x000002ba61e40ca4: 0000 00e9 | fbff ffff 

  0x000002ba61e40cac: ;   {static_stub}
  0x000002ba61e40cac: 9048 bb00 | 0000 0000 

  0x000002ba61e40cb4: ;   {runtime_call nmethod}
  0x000002ba61e40cb4: 0000 00e9 | fbff ffff 

  0x000002ba61e40cbc: ;   {static_stub}
  0x000002ba61e40cbc: 9048 bb00 | 0000 0000 

  0x000002ba61e40cc4: ;   {runtime_call nmethod}
  0x000002ba61e40cc4: 0000 00e9 | fbff ffff 

  0x000002ba61e40ccc: ;   {static_stub}
  0x000002ba61e40ccc: 9048 bb00 | 0000 0000 

  0x000002ba61e40cd4: ;   {runtime_call nmethod}
  0x000002ba61e40cd4: 0000 00e9 | fbff ffff 

  0x000002ba61e40cdc: ;   {static_stub}
  0x000002ba61e40cdc: 9048 bb00 | 0000 0000 

  0x000002ba61e40ce4: ;   {runtime_call nmethod}
  0x000002ba61e40ce4: 0000 00e9 | fbff ffff 

  0x000002ba61e40cec: ;   {static_stub}
  0x000002ba61e40cec: 48bb 0000 | 0000 0000 

  0x000002ba61e40cf4: ;   {runtime_call nmethod}
  0x000002ba61e40cf4: 0000 e9fb 

  0x000002ba61e40cf8: ;   {static_stub}
  0x000002ba61e40cf8: ffff ff48 | bb00 0000 | 0000 0000 

  0x000002ba61e40d04: ;   {runtime_call nmethod}
  0x000002ba61e40d04: 00e9 fbff 

  0x000002ba61e40d08: ;   {static_stub}
  0x000002ba61e40d08: ffff 48bb | 0000 0000 | 0000 0000 

  0x000002ba61e40d14: ;   {runtime_call nmethod}
  0x000002ba61e40d14: e9fb ffff 

  0x000002ba61e40d18: ;   {static_stub}
  0x000002ba61e40d18: ff48 bb00 | 0000 0000 

  0x000002ba61e40d20: ;   {runtime_call nmethod}
  0x000002ba61e40d20: 0000 00e9 | fbff ffff 

  0x000002ba61e40d28: ;   {static_stub}
  0x000002ba61e40d28: 48bb 0000 | 0000 0000 

  0x000002ba61e40d30: ;   {runtime_call nmethod}
  0x000002ba61e40d30: 0000 e9fb 

  0x000002ba61e40d34: ;   {runtime_call C1 Runtime handle_exception_from_callee_blob}
  0x000002ba61e40d34: ffff ffe8 | a4ed 2807 

  0x000002ba61e40d3c: ;   {external_word}
  0x000002ba61e40d3c: 48b9 e034 | 8ede f87f | 0000 4883 

  0x000002ba61e40d48: ;   {runtime_call}
  0x000002ba61e40d48: e4f0 48b8 | 1090 4bde | f87f 0000 

  0x000002ba61e40d54: ;   {section_word}
  0x000002ba61e40d54: ffd0 f449 | ba57 0de4 | 61ba 0200 

  0x000002ba61e40d60: ;   {runtime_call DeoptimizationBlob}
  0x000002ba61e40d60: 0041 52e9 | 1845 1d07 
[/MachCode]


---------------  P R O C E S S  ---------------

Threads class SMR info:
_java_thread_list=0x000002ba45c687e0, length=16, elements={
0x000002ba791e5230, 0x000002ba791e5b70, 0x000002ba791ecf10, 0x000002ba791eda40,
0x000002ba791ef210, 0x000002ba791f1200, 0x000002ba791f2190, 0x000002ba79208050,
0x000002ba451302e0, 0x000002ba451d3eb0, 0x000002ba458c41a0, 0x000002ba453436c0,
0x000002ba458c1960, 0x000002ba45af8f20, 0x000002ba56cffba0, 0x000002ba45cc39d0
}

Java Threads: ( => current thread )
  0x000002ba791e5230 JavaThread "Reference Handler"          daemon [_thread_blocked, id=36220, stack(0x000000db23000000,0x000000db23100000) (1024K)]
  0x000002ba791e5b70 JavaThread "Finalizer"                  daemon [_thread_blocked, id=31104, stack(0x000000db23100000,0x000000db23200000) (1024K)]
  0x000002ba791ecf10 JavaThread "Signal Dispatcher"          daemon [_thread_blocked, id=38208, stack(0x000000db23200000,0x000000db23300000) (1024K)]
  0x000002ba791eda40 JavaThread "Attach Listener"            daemon [_thread_blocked, id=27756, stack(0x000000db23300000,0x000000db23400000) (1024K)]
  0x000002ba791ef210 JavaThread "Service Thread"             daemon [_thread_blocked, id=35052, stack(0x000000db23400000,0x000000db23500000) (1024K)]
  0x000002ba791f1200 JavaThread "Monitor Deflation Thread"   daemon [_thread_blocked, id=23448, stack(0x000000db23500000,0x000000db23600000) (1024K)]
  0x000002ba791f2190 JavaThread "C2 CompilerThread0"         daemon [_thread_blocked, id=38656, stack(0x000000db23600000,0x000000db23700000) (1024K)]
  0x000002ba79208050 JavaThread "C1 CompilerThread0"         daemon [_thread_blocked, id=27592, stack(0x000000db23700000,0x000000db23800000) (1024K)]
  0x000002ba451302e0 JavaThread "Common-Cleaner"             daemon [_thread_blocked, id=23116, stack(0x000000db23800000,0x000000db23900000) (1024K)]
  0x000002ba451d3eb0 JavaThread "Notification Thread"        daemon [_thread_blocked, id=30024, stack(0x000000db23c00000,0x000000db23d00000) (1024K)]
  0x000002ba458c41a0 JavaThread "Java2D Disposer"            daemon [_thread_blocked, id=25808, stack(0x000000db23d00000,0x000000db23e00000) (1024K)]
  0x000002ba453436c0 JavaThread "AWT-Shutdown"                      [_thread_blocked, id=35932, stack(0x000000db23e00000,0x000000db23f00000) (1024K)]
  0x000002ba458c1960 JavaThread "AWT-Windows"                daemon [_thread_in_native, id=36228, stack(0x000000db23f00000,0x000000db24000000) (1024K)]
=>0x000002ba45af8f20 JavaThread "AWT-EventQueue-0"                  [_thread_in_native, id=34904, stack(0x000000db24200000,0x000000db24300000) (1024K)]
  0x000002ba56cffba0 JavaThread "DestroyJavaVM"                     [_thread_blocked, id=38400, stack(0x000000db22800000,0x000000db22900000) (1024K)]
  0x000002ba45cc39d0 JavaThread "TimerQueue"                 daemon [_thread_blocked, id=38172, stack(0x000000db24100000,0x000000db24200000) (1024K)]
Total: 16

Other Threads:
  0x000002ba791d7ba0 VMThread "VM Thread"                           [id=5992, stack(0x000000db22f00000,0x000000db23000000) (1024K)]
  0x000002ba791c4f20 WatcherThread "VM Periodic Task Thread"        [id=30692, stack(0x000000db22e00000,0x000000db22f00000) (1024K)]
  0x000002ba590d2fc0 WorkerThread "GC Thread#0"                     [id=38404, stack(0x000000db22900000,0x000000db22a00000) (1024K)]
  0x000002ba590e8790 ConcurrentGCThread "G1 Main Marker"            [id=38740, stack(0x000000db22a00000,0x000000db22b00000) (1024K)]
  0x000002ba590e9a40 WorkerThread "G1 Conc#0"                       [id=38332, stack(0x000000db22b00000,0x000000db22c00000) (1024K)]
  0x000002ba7907b270 ConcurrentGCThread "G1 Refine#0"               [id=34140, stack(0x000000db22c00000,0x000000db22d00000) (1024K)]
  0x000002ba7907bdf0 ConcurrentGCThread "G1 Service"                [id=37488, stack(0x000000db22d00000,0x000000db22e00000) (1024K)]
Total: 7

Threads with active compile tasks:
Total: 0

VM state: not at safepoint (normal execution)

VM Mutex/Monitor currently owned by a thread: None

Heap address: 0x0000000705e00000, size: 4002 MB, Compressed Oops mode: Zero based, Oop shift amount: 3

CDS archive(s) mapped at: [0x000002ba00000000-0x000002ba00d40000-0x000002ba00d40000), size 13893632, SharedBaseAddress: 0x000002ba00000000, ArchiveRelocationMode: 1.
Compressed class space mapped at: 0x000002ba01000000-0x000002ba41000000, reserved size: 1073741824
UseCompressedClassPointers 1, UseCompactObjectHeaders 0
Narrow klass pointer bits 32, Max shift 3
Narrow klass base: 0x000002ba00000000, Narrow klass shift: 0
Encoding Range: [0x000002ba00000000 - 0x000002bb00000000), (4294967296 bytes)
Klass Range:    [0x000002ba00000000 - 0x000002ba41000000), (1090519040 bytes)
Klass ID Range:  [8 - 1090519033) (1090519025)

GC Precious Log:
 CardTable entry size: 512
 Card Set container configuration: InlinePtr #cards 4 size 8 Array Of Cards #cards 16 size 48 Howl #buckets 8 coarsen threshold 3686 Howl Bitmap #cards 512 size 80 coarsen threshold 460 Card regions per heap region 1 cards per card region 4096
 CPUs: 16 total, 16 available
 Memory: 16004M
 Large Page Support: Disabled
 NUMA Support: Disabled
 Compressed Oops: Enabled (Zero based)
 Heap Region Size: 2M
 Heap Min Capacity: 8M
 Heap Initial Capacity: 252M
 Heap Max Capacity: 4002M
 Pre-touch: Disabled
 Parallel Workers: 13
 Concurrent Workers: 3
 Concurrent Refinement Workers: 13
 Periodic GC: Disabled

Heap:
 garbage-first heap   total reserved 4098048K, committed 260096K, used 31856K [0x0000000705e00000, 0x0000000800000000)
  region size 2048K, 14 young (28672K), 0 survivors (0K)
 Metaspace       used 11326K, committed 11520K, reserved 1114112K
  class space    used 1082K, committed 1216K, reserved 1048576K

Heap Regions: E=young(eden), S=young(survivor), O=old, HS=humongous(starts), HC=humongous(continues), CS=collection set, F=free, TAMS=top-at-mark-start, PB=parsable bottom
|   0|0x0000000705e00000, 0x0000000706000000, 0x0000000706000000|100%|HS|  |TAMS 0x0000000705e00000| PB 0x0000000705e00000| Complete |  0
|   1|0x0000000706000000, 0x0000000706200000, 0x0000000706200000|100%|HC|  |TAMS 0x0000000706000000| PB 0x0000000706000000| Complete |  0
|   2|0x0000000706200000, 0x0000000706200000, 0x0000000706400000|  0%| F|  |TAMS 0x0000000706200000| PB 0x0000000706200000| Untracked |  0
|   3|0x0000000706400000, 0x0000000706400000, 0x0000000706600000|  0%| F|  |TAMS 0x0000000706400000| PB 0x0000000706400000| Untracked |  0
|   4|0x0000000706600000, 0x0000000706600000, 0x0000000706800000|  0%| F|  |TAMS 0x0000000706600000| PB 0x0000000706600000| Untracked |  0
|   5|0x0000000706800000, 0x0000000706800000, 0x0000000706a00000|  0%| F|  |TAMS 0x0000000706800000| PB 0x0000000706800000| Untracked |  0
|   6|0x0000000706a00000, 0x0000000706a00000, 0x0000000706c00000|  0%| F|  |TAMS 0x0000000706a00000| PB 0x0000000706a00000| Untracked |  0
|   7|0x0000000706c00000, 0x0000000706c00000, 0x0000000706e00000|  0%| F|  |TAMS 0x0000000706c00000| PB 0x0000000706c00000| Untracked |  0
|   8|0x0000000706e00000, 0x0000000706e00000, 0x0000000707000000|  0%| F|  |TAMS 0x0000000706e00000| PB 0x0000000706e00000| Untracked |  0
|   9|0x0000000707000000, 0x0000000707000000, 0x0000000707200000|  0%| F|  |TAMS 0x0000000707000000| PB 0x0000000707000000| Untracked |  0
|  10|0x0000000707200000, 0x0000000707200000, 0x0000000707400000|  0%| F|  |TAMS 0x0000000707200000| PB 0x0000000707200000| Untracked |  0
|  11|0x0000000707400000, 0x0000000707400000, 0x0000000707600000|  0%| F|  |TAMS 0x0000000707400000| PB 0x0000000707400000| Untracked |  0
|  12|0x0000000707600000, 0x0000000707600000, 0x0000000707800000|  0%| F|  |TAMS 0x0000000707600000| PB 0x0000000707600000| Untracked |  0
|  13|0x0000000707800000, 0x0000000707800000, 0x0000000707a00000|  0%| F|  |TAMS 0x0000000707800000| PB 0x0000000707800000| Untracked |  0
|  14|0x0000000707a00000, 0x0000000707a00000, 0x0000000707c00000|  0%| F|  |TAMS 0x0000000707a00000| PB 0x0000000707a00000| Untracked |  0
|  15|0x0000000707c00000, 0x0000000707c00000, 0x0000000707e00000|  0%| F|  |TAMS 0x0000000707c00000| PB 0x0000000707c00000| Untracked |  0
|  16|0x0000000707e00000, 0x0000000707e00000, 0x0000000708000000|  0%| F|  |TAMS 0x0000000707e00000| PB 0x0000000707e00000| Untracked |  0
|  17|0x0000000708000000, 0x0000000708000000, 0x0000000708200000|  0%| F|  |TAMS 0x0000000708000000| PB 0x0000000708000000| Untracked |  0
|  18|0x0000000708200000, 0x0000000708200000, 0x0000000708400000|  0%| F|  |TAMS 0x0000000708200000| PB 0x0000000708200000| Untracked |  0
|  19|0x0000000708400000, 0x0000000708400000, 0x0000000708600000|  0%| F|  |TAMS 0x0000000708400000| PB 0x0000000708400000| Untracked |  0
|  20|0x0000000708600000, 0x0000000708600000, 0x0000000708800000|  0%| F|  |TAMS 0x0000000708600000| PB 0x0000000708600000| Untracked |  0
|  21|0x0000000708800000, 0x0000000708800000, 0x0000000708a00000|  0%| F|  |TAMS 0x0000000708800000| PB 0x0000000708800000| Untracked |  0
|  22|0x0000000708a00000, 0x0000000708a00000, 0x0000000708c00000|  0%| F|  |TAMS 0x0000000708a00000| PB 0x0000000708a00000| Untracked |  0
|  23|0x0000000708c00000, 0x0000000708c00000, 0x0000000708e00000|  0%| F|  |TAMS 0x0000000708c00000| PB 0x0000000708c00000| Untracked |  0
|  24|0x0000000708e00000, 0x0000000708e00000, 0x0000000709000000|  0%| F|  |TAMS 0x0000000708e00000| PB 0x0000000708e00000| Untracked |  0
|  25|0x0000000709000000, 0x0000000709000000, 0x0000000709200000|  0%| F|  |TAMS 0x0000000709000000| PB 0x0000000709000000| Untracked |  0
|  26|0x0000000709200000, 0x0000000709200000, 0x0000000709400000|  0%| F|  |TAMS 0x0000000709200000| PB 0x0000000709200000| Untracked |  0
|  27|0x0000000709400000, 0x0000000709400000, 0x0000000709600000|  0%| F|  |TAMS 0x0000000709400000| PB 0x0000000709400000| Untracked |  0
|  28|0x0000000709600000, 0x0000000709600000, 0x0000000709800000|  0%| F|  |TAMS 0x0000000709600000| PB 0x0000000709600000| Untracked |  0
|  29|0x0000000709800000, 0x0000000709800000, 0x0000000709a00000|  0%| F|  |TAMS 0x0000000709800000| PB 0x0000000709800000| Untracked |  0
|  30|0x0000000709a00000, 0x0000000709a00000, 0x0000000709c00000|  0%| F|  |TAMS 0x0000000709a00000| PB 0x0000000709a00000| Untracked |  0
|  31|0x0000000709c00000, 0x0000000709c00000, 0x0000000709e00000|  0%| F|  |TAMS 0x0000000709c00000| PB 0x0000000709c00000| Untracked |  0
|  32|0x0000000709e00000, 0x0000000709e00000, 0x000000070a000000|  0%| F|  |TAMS 0x0000000709e00000| PB 0x0000000709e00000| Untracked |  0
|  33|0x000000070a000000, 0x000000070a000000, 0x000000070a200000|  0%| F|  |TAMS 0x000000070a000000| PB 0x000000070a000000| Untracked |  0
|  34|0x000000070a200000, 0x000000070a200000, 0x000000070a400000|  0%| F|  |TAMS 0x000000070a200000| PB 0x000000070a200000| Untracked |  0
|  35|0x000000070a400000, 0x000000070a400000, 0x000000070a600000|  0%| F|  |TAMS 0x000000070a400000| PB 0x000000070a400000| Untracked |  0
|  36|0x000000070a600000, 0x000000070a600000, 0x000000070a800000|  0%| F|  |TAMS 0x000000070a600000| PB 0x000000070a600000| Untracked |  0
|  37|0x000000070a800000, 0x000000070a800000, 0x000000070aa00000|  0%| F|  |TAMS 0x000000070a800000| PB 0x000000070a800000| Untracked |  0
|  38|0x000000070aa00000, 0x000000070aa00000, 0x000000070ac00000|  0%| F|  |TAMS 0x000000070aa00000| PB 0x000000070aa00000| Untracked |  0
|  39|0x000000070ac00000, 0x000000070ac00000, 0x000000070ae00000|  0%| F|  |TAMS 0x000000070ac00000| PB 0x000000070ac00000| Untracked |  0
|  40|0x000000070ae00000, 0x000000070ae00000, 0x000000070b000000|  0%| F|  |TAMS 0x000000070ae00000| PB 0x000000070ae00000| Untracked |  0
|  41|0x000000070b000000, 0x000000070b000000, 0x000000070b200000|  0%| F|  |TAMS 0x000000070b000000| PB 0x000000070b000000| Untracked |  0
|  42|0x000000070b200000, 0x000000070b200000, 0x000000070b400000|  0%| F|  |TAMS 0x000000070b200000| PB 0x000000070b200000| Untracked |  0
|  43|0x000000070b400000, 0x000000070b400000, 0x000000070b600000|  0%| F|  |TAMS 0x000000070b400000| PB 0x000000070b400000| Untracked |  0
|  44|0x000000070b600000, 0x000000070b600000, 0x000000070b800000|  0%| F|  |TAMS 0x000000070b600000| PB 0x000000070b600000| Untracked |  0
|  45|0x000000070b800000, 0x000000070b800000, 0x000000070ba00000|  0%| F|  |TAMS 0x000000070b800000| PB 0x000000070b800000| Untracked |  0
|  46|0x000000070ba00000, 0x000000070ba00000, 0x000000070bc00000|  0%| F|  |TAMS 0x000000070ba00000| PB 0x000000070ba00000| Untracked |  0
|  47|0x000000070bc00000, 0x000000070bc00000, 0x000000070be00000|  0%| F|  |TAMS 0x000000070bc00000| PB 0x000000070bc00000| Untracked |  0
|  48|0x000000070be00000, 0x000000070be00000, 0x000000070c000000|  0%| F|  |TAMS 0x000000070be00000| PB 0x000000070be00000| Untracked |  0
|  49|0x000000070c000000, 0x000000070c000000, 0x000000070c200000|  0%| F|  |TAMS 0x000000070c000000| PB 0x000000070c000000| Untracked |  0
|  50|0x000000070c200000, 0x000000070c200000, 0x000000070c400000|  0%| F|  |TAMS 0x000000070c200000| PB 0x000000070c200000| Untracked |  0
|  51|0x000000070c400000, 0x000000070c400000, 0x000000070c600000|  0%| F|  |TAMS 0x000000070c400000| PB 0x000000070c400000| Untracked |  0
|  52|0x000000070c600000, 0x000000070c600000, 0x000000070c800000|  0%| F|  |TAMS 0x000000070c600000| PB 0x000000070c600000| Untracked |  0
|  53|0x000000070c800000, 0x000000070c800000, 0x000000070ca00000|  0%| F|  |TAMS 0x000000070c800000| PB 0x000000070c800000| Untracked |  0
|  54|0x000000070ca00000, 0x000000070ca00000, 0x000000070cc00000|  0%| F|  |TAMS 0x000000070ca00000| PB 0x000000070ca00000| Untracked |  0
|  55|0x000000070cc00000, 0x000000070cc00000, 0x000000070ce00000|  0%| F|  |TAMS 0x000000070cc00000| PB 0x000000070cc00000| Untracked |  0
|  56|0x000000070ce00000, 0x000000070ce00000, 0x000000070d000000|  0%| F|  |TAMS 0x000000070ce00000| PB 0x000000070ce00000| Untracked |  0
|  57|0x000000070d000000, 0x000000070d000000, 0x000000070d200000|  0%| F|  |TAMS 0x000000070d000000| PB 0x000000070d000000| Untracked |  0
|  58|0x000000070d200000, 0x000000070d200000, 0x000000070d400000|  0%| F|  |TAMS 0x000000070d200000| PB 0x000000070d200000| Untracked |  0
|  59|0x000000070d400000, 0x000000070d400000, 0x000000070d600000|  0%| F|  |TAMS 0x000000070d400000| PB 0x000000070d400000| Untracked |  0
|  60|0x000000070d600000, 0x000000070d600000, 0x000000070d800000|  0%| F|  |TAMS 0x000000070d600000| PB 0x000000070d600000| Untracked |  0
|  61|0x000000070d800000, 0x000000070d800000, 0x000000070da00000|  0%| F|  |TAMS 0x000000070d800000| PB 0x000000070d800000| Untracked |  0
|  62|0x000000070da00000, 0x000000070da00000, 0x000000070dc00000|  0%| F|  |TAMS 0x000000070da00000| PB 0x000000070da00000| Untracked |  0
|  63|0x000000070dc00000, 0x000000070dc00000, 0x000000070de00000|  0%| F|  |TAMS 0x000000070dc00000| PB 0x000000070dc00000| Untracked |  0
|  64|0x000000070de00000, 0x000000070de00000, 0x000000070e000000|  0%| F|  |TAMS 0x000000070de00000| PB 0x000000070de00000| Untracked |  0
|  65|0x000000070e000000, 0x000000070e000000, 0x000000070e200000|  0%| F|  |TAMS 0x000000070e000000| PB 0x000000070e000000| Untracked |  0
|  66|0x000000070e200000, 0x000000070e200000, 0x000000070e400000|  0%| F|  |TAMS 0x000000070e200000| PB 0x000000070e200000| Untracked |  0
|  67|0x000000070e400000, 0x000000070e400000, 0x000000070e600000|  0%| F|  |TAMS 0x000000070e400000| PB 0x000000070e400000| Untracked |  0
|  68|0x000000070e600000, 0x000000070e600000, 0x000000070e800000|  0%| F|  |TAMS 0x000000070e600000| PB 0x000000070e600000| Untracked |  0
|  69|0x000000070e800000, 0x000000070e800000, 0x000000070ea00000|  0%| F|  |TAMS 0x000000070e800000| PB 0x000000070e800000| Untracked |  0
|  70|0x000000070ea00000, 0x000000070ea00000, 0x000000070ec00000|  0%| F|  |TAMS 0x000000070ea00000| PB 0x000000070ea00000| Untracked |  0
|  71|0x000000070ec00000, 0x000000070ec00000, 0x000000070ee00000|  0%| F|  |TAMS 0x000000070ec00000| PB 0x000000070ec00000| Untracked |  0
|  72|0x000000070ee00000, 0x000000070ee00000, 0x000000070f000000|  0%| F|  |TAMS 0x000000070ee00000| PB 0x000000070ee00000| Untracked |  0
|  73|0x000000070f000000, 0x000000070f000000, 0x000000070f200000|  0%| F|  |TAMS 0x000000070f000000| PB 0x000000070f000000| Untracked |  0
|  74|0x000000070f200000, 0x000000070f200000, 0x000000070f400000|  0%| F|  |TAMS 0x000000070f200000| PB 0x000000070f200000| Untracked |  0
|  75|0x000000070f400000, 0x000000070f400000, 0x000000070f600000|  0%| F|  |TAMS 0x000000070f400000| PB 0x000000070f400000| Untracked |  0
|  76|0x000000070f600000, 0x000000070f600000, 0x000000070f800000|  0%| F|  |TAMS 0x000000070f600000| PB 0x000000070f600000| Untracked |  0
|  77|0x000000070f800000, 0x000000070f800000, 0x000000070fa00000|  0%| F|  |TAMS 0x000000070f800000| PB 0x000000070f800000| Untracked |  0
|  78|0x000000070fa00000, 0x000000070fa00000, 0x000000070fc00000|  0%| F|  |TAMS 0x000000070fa00000| PB 0x000000070fa00000| Untracked |  0
|  79|0x000000070fc00000, 0x000000070fc00000, 0x000000070fe00000|  0%| F|  |TAMS 0x000000070fc00000| PB 0x000000070fc00000| Untracked |  0
|  80|0x000000070fe00000, 0x000000070fe00000, 0x0000000710000000|  0%| F|  |TAMS 0x000000070fe00000| PB 0x000000070fe00000| Untracked |  0
|  81|0x0000000710000000, 0x0000000710000000, 0x0000000710200000|  0%| F|  |TAMS 0x0000000710000000| PB 0x0000000710000000| Untracked |  0
|  82|0x0000000710200000, 0x0000000710200000, 0x0000000710400000|  0%| F|  |TAMS 0x0000000710200000| PB 0x0000000710200000| Untracked |  0
|  83|0x0000000710400000, 0x0000000710400000, 0x0000000710600000|  0%| F|  |TAMS 0x0000000710400000| PB 0x0000000710400000| Untracked |  0
|  84|0x0000000710600000, 0x0000000710600000, 0x0000000710800000|  0%| F|  |TAMS 0x0000000710600000| PB 0x0000000710600000| Untracked |  0
|  85|0x0000000710800000, 0x0000000710800000, 0x0000000710a00000|  0%| F|  |TAMS 0x0000000710800000| PB 0x0000000710800000| Untracked |  0
|  86|0x0000000710a00000, 0x0000000710a00000, 0x0000000710c00000|  0%| F|  |TAMS 0x0000000710a00000| PB 0x0000000710a00000| Untracked |  0
|  87|0x0000000710c00000, 0x0000000710c00000, 0x0000000710e00000|  0%| F|  |TAMS 0x0000000710c00000| PB 0x0000000710c00000| Untracked |  0
|  88|0x0000000710e00000, 0x0000000710e00000, 0x0000000711000000|  0%| F|  |TAMS 0x0000000710e00000| PB 0x0000000710e00000| Untracked |  0
|  89|0x0000000711000000, 0x0000000711000000, 0x0000000711200000|  0%| F|  |TAMS 0x0000000711000000| PB 0x0000000711000000| Untracked |  0
|  90|0x0000000711200000, 0x0000000711200000, 0x0000000711400000|  0%| F|  |TAMS 0x0000000711200000| PB 0x0000000711200000| Untracked |  0
|  91|0x0000000711400000, 0x0000000711400000, 0x0000000711600000|  0%| F|  |TAMS 0x0000000711400000| PB 0x0000000711400000| Untracked |  0
|  92|0x0000000711600000, 0x0000000711600000, 0x0000000711800000|  0%| F|  |TAMS 0x0000000711600000| PB 0x0000000711600000| Untracked |  0
|  93|0x0000000711800000, 0x0000000711800000, 0x0000000711a00000|  0%| F|  |TAMS 0x0000000711800000| PB 0x0000000711800000| Untracked |  0
|  94|0x0000000711a00000, 0x0000000711a00000, 0x0000000711c00000|  0%| F|  |TAMS 0x0000000711a00000| PB 0x0000000711a00000| Untracked |  0
|  95|0x0000000711c00000, 0x0000000711c00000, 0x0000000711e00000|  0%| F|  |TAMS 0x0000000711c00000| PB 0x0000000711c00000| Untracked |  0
|  96|0x0000000711e00000, 0x0000000711e00000, 0x0000000712000000|  0%| F|  |TAMS 0x0000000711e00000| PB 0x0000000711e00000| Untracked |  0
|  97|0x0000000712000000, 0x0000000712000000, 0x0000000712200000|  0%| F|  |TAMS 0x0000000712000000| PB 0x0000000712000000| Untracked |  0
|  98|0x0000000712200000, 0x0000000712200000, 0x0000000712400000|  0%| F|  |TAMS 0x0000000712200000| PB 0x0000000712200000| Untracked |  0
|  99|0x0000000712400000, 0x0000000712400000, 0x0000000712600000|  0%| F|  |TAMS 0x0000000712400000| PB 0x0000000712400000| Untracked |  0
| 100|0x0000000712600000, 0x0000000712600000, 0x0000000712800000|  0%| F|  |TAMS 0x0000000712600000| PB 0x0000000712600000| Untracked |  0
| 101|0x0000000712800000, 0x0000000712800000, 0x0000000712a00000|  0%| F|  |TAMS 0x0000000712800000| PB 0x0000000712800000| Untracked |  0
| 102|0x0000000712a00000, 0x0000000712a00000, 0x0000000712c00000|  0%| F|  |TAMS 0x0000000712a00000| PB 0x0000000712a00000| Untracked |  0
| 103|0x0000000712c00000, 0x0000000712c00000, 0x0000000712e00000|  0%| F|  |TAMS 0x0000000712c00000| PB 0x0000000712c00000| Untracked |  0
| 104|0x0000000712e00000, 0x0000000712e00000, 0x0000000713000000|  0%| F|  |TAMS 0x0000000712e00000| PB 0x0000000712e00000| Untracked |  0
| 105|0x0000000713000000, 0x0000000713000000, 0x0000000713200000|  0%| F|  |TAMS 0x0000000713000000| PB 0x0000000713000000| Untracked |  0
| 106|0x0000000713200000, 0x0000000713200000, 0x0000000713400000|  0%| F|  |TAMS 0x0000000713200000| PB 0x0000000713200000| Untracked |  0
| 107|0x0000000713400000, 0x0000000713400000, 0x0000000713600000|  0%| F|  |TAMS 0x0000000713400000| PB 0x0000000713400000| Untracked |  0
| 108|0x0000000713600000, 0x0000000713600000, 0x0000000713800000|  0%| F|  |TAMS 0x0000000713600000| PB 0x0000000713600000| Untracked |  0
| 109|0x0000000713800000, 0x0000000713800000, 0x0000000713a00000|  0%| F|  |TAMS 0x0000000713800000| PB 0x0000000713800000| Untracked |  0
| 110|0x0000000713a00000, 0x0000000713a00000, 0x0000000713c00000|  0%| F|  |TAMS 0x0000000713a00000| PB 0x0000000713a00000| Untracked |  0
| 111|0x0000000713c00000, 0x0000000713c00000, 0x0000000713e00000|  0%| F|  |TAMS 0x0000000713c00000| PB 0x0000000713c00000| Untracked |  0
| 112|0x0000000713e00000, 0x0000000714000000, 0x0000000714000000|100%| E|  |TAMS 0x0000000713e00000| PB 0x0000000713e00000| Complete |  0
| 113|0x0000000714000000, 0x0000000714200000, 0x0000000714200000|100%| E|CS|TAMS 0x0000000714000000| PB 0x0000000714000000| Complete |  0
| 114|0x0000000714200000, 0x0000000714400000, 0x0000000714400000|100%| E|CS|TAMS 0x0000000714200000| PB 0x0000000714200000| Complete |  0
| 115|0x0000000714400000, 0x0000000714600000, 0x0000000714600000|100%| E|CS|TAMS 0x0000000714400000| PB 0x0000000714400000| Complete |  0
| 116|0x0000000714600000, 0x0000000714800000, 0x0000000714800000|100%| E|CS|TAMS 0x0000000714600000| PB 0x0000000714600000| Complete |  0
| 117|0x0000000714800000, 0x0000000714a00000, 0x0000000714a00000|100%| E|CS|TAMS 0x0000000714800000| PB 0x0000000714800000| Complete |  0
| 118|0x0000000714a00000, 0x0000000714c00000, 0x0000000714c00000|100%| E|CS|TAMS 0x0000000714a00000| PB 0x0000000714a00000| Complete |  0
| 119|0x0000000714c00000, 0x0000000714e00000, 0x0000000714e00000|100%| E|CS|TAMS 0x0000000714c00000| PB 0x0000000714c00000| Complete |  0
| 120|0x0000000714e00000, 0x0000000715000000, 0x0000000715000000|100%| E|CS|TAMS 0x0000000714e00000| PB 0x0000000714e00000| Complete |  0
| 121|0x0000000715000000, 0x0000000715200000, 0x0000000715200000|100%| E|CS|TAMS 0x0000000715000000| PB 0x0000000715000000| Complete |  0
| 122|0x0000000715200000, 0x0000000715400000, 0x0000000715400000|100%| E|CS|TAMS 0x0000000715200000| PB 0x0000000715200000| Complete |  0
| 123|0x0000000715400000, 0x0000000715600000, 0x0000000715600000|100%| E|CS|TAMS 0x0000000715400000| PB 0x0000000715400000| Complete |  0
| 124|0x0000000715600000, 0x0000000715800000, 0x0000000715800000|100%| E|CS|TAMS 0x0000000715600000| PB 0x0000000715600000| Complete |  0
| 125|0x0000000715800000, 0x0000000715a00000, 0x0000000715a00000|100%| E|CS|TAMS 0x0000000715800000| PB 0x0000000715800000| Complete |  0
|2000|0x00000007ffe00000, 0x00000007fff1c318, 0x0000000800000000| 55%| O|  |TAMS 0x00000007ffe00000| PB 0x00000007ffe00000| Untracked |  0

Card table byte_map: [0x000002ba71bd0000,0x000002ba723b0000] _byte_map_base: 0x000002ba6e3a1000

Marking Bits: (CMBitMap*) 0x000002ba590d36d0
 Bits: [0x000002ba723b0000, 0x000002ba76238000)

Polling page: 0x000002ba56ef0000

Metaspace:

Usage:
  Non-class:     10.00 MB used.
      Class:      1.06 MB used.
       Both:     11.06 MB used.

Virtual space:
  Non-class space:       64.00 MB reserved,      10.06 MB ( 16%) committed,  1 nodes.
      Class space:        1.00 GB reserved,       1.19 MB ( <1%) committed,  1 nodes.
             Both:        1.06 GB reserved,      11.25 MB (  1%) committed. 

Chunk freelists:
   Non-Class:  5.01 MB
       Class:  14.75 MB
        Both:  19.76 MB

MaxMetaspaceSize: unlimited
CompressedClassSpaceSize: 1.00 GB
Initial GC threshold: 21.00 MB
Current GC threshold: 21.00 MB
CDS: on
 - commit_granule_bytes: 65536.
 - commit_granule_words: 8192.
 - virtual_space_node_default_size: 8388608.
 - enlarge_chunks_in_place: 1.
UseCompressedClassPointers 1, UseCompactObjectHeaders 0
Narrow klass pointer bits 32, Max shift 3
Narrow klass base: 0x000002ba00000000, Narrow klass shift: 0
Encoding Range: [0x000002ba00000000 - 0x000002bb00000000), (4294967296 bytes)
Klass Range:    [0x000002ba00000000 - 0x000002ba41000000), (1090519040 bytes)
Klass ID Range:  [8 - 1090519033) (1090519025)


Internal statistics:

num_allocs_failed_limit: 0.
num_arena_births: 112.
num_arena_deaths: 0.
num_vsnodes_births: 2.
num_vsnodes_deaths: 0.
num_space_committed: 180.
num_space_uncommitted: 0.
num_chunks_returned_to_freelist: 0.
num_chunks_taken_from_freelist: 162.
num_chunk_merges: 0.
num_chunk_splits: 96.
num_chunks_enlarged: 54.
num_inconsistent_stats: 0.

CodeHeap 'non-profiled nmethods': size=119232Kb used=509Kb max_used=509Kb free=118722Kb
 bounds [0x000002ba69700000, 0x000002ba69970000, 0x000002ba70b70000]
CodeHeap 'profiled nmethods': size=119104Kb used=3185Kb max_used=3185Kb free=115918Kb
 bounds [0x000002ba61b70000, 0x000002ba61e90000, 0x000002ba68fc0000]
CodeHeap 'non-nmethods': size=7424Kb used=1520Kb max_used=3276Kb free=5903Kb
 bounds [0x000002ba68fc0000, 0x000002ba69300000, 0x000002ba69700000]
CodeCache: size=245760Kb, used=5214Kb, max_used=6970Kb, free=240543Kb
 total_blobs=2735, nmethods=2040, adapters=600, full_count=0
Compilation: enabled, stopped_count=0, restarted_count=0

Compilation events (20 events):
Event: 143.068 Thread 0x000002ba79208050 2032       3       java.util.concurrent.locks.AbstractQueuedSynchronizer::enqueue (72 bytes)
Event: 143.069 Thread 0x000002ba79208050 nmethod 2032 0x000002ba61e88208 code [0x000002ba61e883e0, 0x000002ba61e88ff8]
Event: 143.069 Thread 0x000002ba79208050 2030       3       java.awt.Toolkit::notifyAWTEventListeners (36 bytes)
Event: 143.069 Thread 0x000002ba79208050 nmethod 2030 0x000002ba61e89088 code [0x000002ba61e891e0, 0x000002ba61e89760]
Event: 143.069 Thread 0x000002ba79208050 2031       3       java.awt.Component::areInputMethodsEnabled (39 bytes)
Event: 143.069 Thread 0x000002ba79208050 nmethod 2031 0x000002ba61e89788 code [0x000002ba61e898a0, 0x000002ba61e89a80]
Event: 2574.016 Thread 0x000002ba791f2190 2034  s    4       sun.java2d.loops.GraphicsPrimitive::makeUniqueID (26 bytes)
Event: 2574.017 Thread 0x000002ba791f2190 nmethod 2034 0x000002ba6977eb88 code [0x000002ba6977eca0, 0x000002ba6977ef00]
Event: 11152.846 Thread 0x000002ba79208050 2035       3       java.lang.ref.ReferenceQueue::poll0 (65 bytes)
Event: 11152.854 Thread 0x000002ba79208050 nmethod 2035 0x000002ba61e89b08 code [0x000002ba61e89c40, 0x000002ba61e8a120]
Event: 18953.689 Thread 0x000002ba79208050 2036  s    3       jdk.internal.ref.CleanerImpl$CleanableList::isEmpty (16 bytes)
Event: 18953.692 Thread 0x000002ba79208050 nmethod 2036 0x000002ba61e8a188 code [0x000002ba61e8a2a0, 0x000002ba61e8a550]
Event: 18953.692 Thread 0x000002ba79208050 2039       3       java.lang.ref.ReferenceQueue::remove0 (67 bytes)
Event: 18953.695 Thread 0x000002ba79208050 nmethod 2039 0x000002ba61e8a588 code [0x000002ba61e8a700, 0x000002ba61e8ab60]
Event: 18953.695 Thread 0x000002ba79208050 2037       3       jdk.internal.misc.InnocuousThread::eraseThreadLocals (23 bytes)
Event: 18953.698 Thread 0x000002ba79208050 nmethod 2037 0x000002ba61e8ab88 code [0x000002ba61e8aca0, 0x000002ba61e8ae90]
Event: 18953.698 Thread 0x000002ba79208050 2038   !   3       java.lang.ref.ReferenceQueue::remove (49 bytes)
Event: 18953.702 Thread 0x000002ba79208050 nmethod 2038 0x000002ba61e8af08 code [0x000002ba61e8b0a0, 0x000002ba61e8ba50]
Event: 22902.056 Thread 0x000002ba79208050 2040   !   3       java.awt.Toolkit::setDesktopProperty (81 bytes)
Event: 22902.062 Thread 0x000002ba79208050 nmethod 2040 0x000002ba61e8ba88 code [0x000002ba61e8bc20, 0x000002ba61e8c530]

GC Heap History (0 events):
No events

Dll operation events (10 events):
Event: 0.011 Loaded shared library C:\Program Files\Apache NetBeans\jdk\bin\java.dll
Event: 0.050 Loaded shared library C:\Program Files\Apache NetBeans\jdk\bin\jsvml.dll
Event: 0.081 Loaded shared library C:\Program Files\Apache NetBeans\jdk\bin\net.dll
Event: 0.083 Loaded shared library C:\Program Files\Apache NetBeans\jdk\bin\nio.dll
Event: 0.116 Loaded shared library C:\Program Files\Apache NetBeans\jdk\bin\zip.dll
Event: 0.120 Loaded shared library C:\Program Files\Apache NetBeans\jdk\bin\jimage.dll
Event: 0.129 Loaded shared library C:\Program Files\Apache NetBeans\jdk\bin\awt.dll
Event: 0.326 Loaded shared library C:\Program Files\Apache NetBeans\jdk\bin\verify.dll
Event: 0.414 Loaded shared library C:\Program Files\Apache NetBeans\jdk\bin\freetype.dll
Event: 0.415 Loaded shared library C:\Program Files\Apache NetBeans\jdk\bin\fontmanager.dll

Deoptimization events (20 events):
Event: 0.948 Thread 0x000002ba45af8f20 Uncommon trap: trap_request=0xffffff4d fr.pc=0x000002ba69769f3c relative=0x00000000000003dc
Event: 0.948 Thread 0x000002ba45af8f20 Uncommon trap: reason=unstable_if action=reinterpret pc=0x000002ba69769f3c method=java.lang.Character.isSurrogate(C)Z @ 3 c2
Event: 0.949 Thread 0x000002ba45af8f20 DEOPT PACKING pc=0x000002ba69769f3c sp=0x000000db242fce20
Event: 0.949 Thread 0x000002ba45af8f20 DEOPT UNPACKING pc=0x000002ba690d6302 sp=0x000000db242fcd38 mode 2
Event: 0.949 Thread 0x000002ba45af8f20 Uncommon trap: trap_request=0xffffff4d fr.pc=0x000002ba69768644 relative=0x0000000000000044
Event: 0.949 Thread 0x000002ba45af8f20 Uncommon trap: reason=unstable_if action=reinterpret pc=0x000002ba69768644 method=java.lang.Character.isSurrogate(C)Z @ 3 c2
Event: 0.949 Thread 0x000002ba45af8f20 DEOPT PACKING pc=0x000002ba69768644 sp=0x000000db242fcda0
Event: 0.949 Thread 0x000002ba45af8f20 DEOPT UNPACKING pc=0x000002ba690d6302 sp=0x000000db242fcd38 mode 2
Event: 0.982 Thread 0x000002ba45af8f20 Uncommon trap: trap_request=0xffffff5c fr.pc=0x000002ba69761860 relative=0x0000000000000060
Event: 0.982 Thread 0x000002ba45af8f20 Uncommon trap: reason=speculate_null_check action=make_not_entrant pc=0x000002ba69761860 method=jdk.internal.misc.Unsafe.getIntUnaligned(Ljava/lang/Object;JZ)I @ 5 c2
Event: 0.982 Thread 0x000002ba45af8f20 DEOPT PACKING pc=0x000002ba69761860 sp=0x000000db242fcf00
Event: 0.982 Thread 0x000002ba45af8f20 DEOPT UNPACKING pc=0x000002ba690d6302 sp=0x000000db242fce58 mode 2
Event: 0.992 Thread 0x000002ba45af8f20 Uncommon trap: trap_request=0xffffff4d fr.pc=0x000002ba69768048 relative=0x0000000000000128
Event: 0.992 Thread 0x000002ba45af8f20 Uncommon trap: reason=unstable_if action=reinterpret pc=0x000002ba69768048 method=java.lang.ThreadLocal$ThreadLocalMap.getEntry(Ljava/lang/ThreadLocal;)Ljava/lang/ThreadLocal$ThreadLocalMap$Entry; @ 21 c2
Event: 0.992 Thread 0x000002ba45af8f20 DEOPT PACKING pc=0x000002ba69768048 sp=0x000000db242fd630
Event: 0.992 Thread 0x000002ba45af8f20 DEOPT UNPACKING pc=0x000002ba690d6302 sp=0x000000db242fd550 mode 2
Event: 4.422 Thread 0x000002ba45af8f20 Uncommon trap: trap_request=0xffffff4d fr.pc=0x000002ba69778940 relative=0x00000000000000a0
Event: 4.422 Thread 0x000002ba45af8f20 Uncommon trap: reason=unstable_if action=reinterpret pc=0x000002ba69778940 method=java.awt.Component.inside(II)Z @ 13 c2
Event: 4.422 Thread 0x000002ba45af8f20 DEOPT PACKING pc=0x000002ba69778940 sp=0x000000db242fe750
Event: 4.422 Thread 0x000002ba45af8f20 DEOPT UNPACKING pc=0x000002ba690d6302 sp=0x000000db242fe5e0 mode 2

Classes loaded (20 events):
Event: 2.770 Loading class sun/awt/AWTAccessor$MouseEventAccessor done
Event: 2.770 Loading class java/awt/event/MouseEvent$1 done
Event: 2.773 Loading class java/awt/Cursor$CursorDisposer
Event: 2.773 Loading class java/awt/Cursor$CursorDisposer done
Event: 2.774 Loading class java/awt/Container$MouseEventTargetFilter
Event: 2.774 Loading class java/awt/Container$EventTargetFilter
Event: 2.774 Loading class java/awt/Container$EventTargetFilter done
Event: 2.774 Loading class java/awt/Container$MouseEventTargetFilter done
Event: 2.774 Loading class java/awt/event/MouseWheelEvent
Event: 2.774 Loading class java/awt/event/MouseWheelEvent done
Event: 4.439 Loading class java/lang/FdLibm$Acos
Event: 4.439 Loading class java/lang/FdLibm$Acos done
Event: 143.355 Loading class sun/awt/SunToolkit$1
Event: 143.355 Loading class sun/awt/SunToolkit$1 done
Event: 2574.014 Loading class java/util/WeakHashMap$KeyIterator
Event: 2574.014 Loading class java/util/WeakHashMap$HashIterator
Event: 2574.014 Loading class java/util/WeakHashMap$HashIterator done
Event: 2574.014 Loading class java/util/WeakHashMap$KeyIterator done
Event: 2574.014 Loading class javax/swing/RepaintManager$DisplayChangedRunnable
Event: 2574.015 Loading class javax/swing/RepaintManager$DisplayChangedRunnable done

Classes unloaded (0 events):
No events

Classes redefined (0 events):
No events

Internal exceptions (20 events):
Event: 0.207 Thread 0x000002ba56cffba0 Exception <a 'java/lang/NoSuchMethodError'{0x00000007154709b8}: 'java.lang.Object java.lang.invoke.DirectMethodHandle$Holder.invokeStaticInit(java.lang.Object, long)'> (0x00000007154709b8) 
thrown [s\src\hotspot\share\interpreter\linkResolver.cpp, line 805]
Event: 0.228 Thread 0x000002ba56cffba0 Exception <a 'java/lang/NoSuchMethodError'{0x00000007154a0d48}: 'void java.lang.invoke.DirectMethodHandle$Holder.invokeSpecial(java.lang.Object, java.lang.Object, java.lang.Object)'> (0x00000007154a0d48) 
thrown [s\src\hotspot\share\interpreter\linkResolver.cpp, line 805]
Event: 0.241 Thread 0x000002ba56cffba0 Exception <a 'java/lang/NoSuchMethodError'{0x000000071521d648}: 'java.lang.Object java.lang.invoke.DirectMethodHandle$Holder.newInvokeSpecial(java.lang.Object, java.lang.Object, java.lang.Object, java.lang.Object, java.lang.Object)'> (0x000000071521d648) 
thrown [s\src\hotspot\share\interpreter\linkResolver.cpp, line 805]
Event: 0.248 Thread 0x000002ba56cffba0 Exception <a 'java/lang/NoSuchMethodError'{0x0000000715285790}: 'java.lang.Object java.lang.invoke.DirectMethodHandle$Holder.invokeStatic(java.lang.Object, int, java.lang.Object)'> (0x0000000715285790) 
thrown [s\src\hotspot\share\interpreter\linkResolver.cpp, line 805]
Event: 0.284 Thread 0x000002ba56cffba0 Exception <a 'java/lang/ClassNotFoundException'{0x00000007150b2e88}: com/sun/swing/internal/plaf/metal/resources/spi/metalProvider> (0x00000007150b2e88) 
thrown [s\src\hotspot\share\classfile\systemDictionary.cpp, line 327]
Event: 0.285 Thread 0x000002ba56cffba0 Exception <a 'java/lang/ClassNotFoundException'{0x00000007150b6898}: com/sun/swing/internal/plaf/basic/resources/spi/basicProvider> (0x00000007150b6898) 
thrown [s\src\hotspot\share\classfile\systemDictionary.cpp, line 327]
Event: 0.299 Thread 0x000002ba56cffba0 Exception <a 'java/lang/NoSuchMethodError'{0x00000007150e4350}: 'int java.lang.invoke.Invokers$Holder.invokeExact_MT(java.lang.Object, java.lang.Object)'> (0x00000007150e4350) 
thrown [s\src\hotspot\share\interpreter\linkResolver.cpp, line 805]
Event: 0.428 Thread 0x000002ba56cffba0 Exception <a 'java/lang/NoSuchMethodError'{0x0000000714fadaf0}: 'long java.lang.invoke.DirectMethodHandle$Holder.invokeStaticInit(java.lang.Object, long, long, long, long)'> (0x0000000714fadaf0) 
thrown [s\src\hotspot\share\interpreter\linkResolver.cpp, line 805]
Event: 0.428 Thread 0x000002ba56cffba0 Exception <a 'java/lang/NoSuchMethodError'{0x0000000714fb64f8}: 'java.lang.Object java.lang.invoke.DirectMethodHandle$Holder.invokeInterface(java.lang.Object, java.lang.Object, long, long)'> (0x0000000714fb64f8) 
thrown [s\src\hotspot\share\interpreter\linkResolver.cpp, line 805]
Event: 0.430 Thread 0x000002ba56cffba0 Exception <a 'java/lang/NoSuchMethodError'{0x0000000714fcecb8}: 'void java.lang.invoke.DirectMethodHandle$Holder.invokeStaticInit(java.lang.Object, java.lang.Object, long, java.lang.Object)'> (0x0000000714fcecb8) 
thrown [s\src\hotspot\share\interpreter\linkResolver.cpp, line 805]
Event: 0.431 Thread 0x000002ba56cffba0 Exception <a 'java/lang/NoSuchMethodError'{0x0000000714fd78a0}: 'long java.lang.invoke.DirectMethodHandle$Holder.invokeStatic(java.lang.Object, long, long)'> (0x0000000714fd78a0) 
thrown [s\src\hotspot\share\interpreter\linkResolver.cpp, line 805]
Event: 0.435 Thread 0x000002ba56cffba0 Exception <a 'java/lang/NoSuchMethodError'{0x0000000714c06f90}: 'java.lang.Object java.lang.invoke.DirectMethodHandle$Holder.newInvokeSpecial(java.lang.Object, int, java.lang.Object)'> (0x0000000714c06f90) 
thrown [s\src\hotspot\share\interpreter\linkResolver.cpp, line 805]
Event: 0.471 Thread 0x000002ba56cffba0 Exception <a 'java/lang/NoSuchMethodError'{0x0000000714c7a5d8}: 'void java.lang.invoke.DelegatingMethodHandle$Holder.reinvoke_L(java.lang.Object, java.lang.Object, java.lang.Object, java.lang.Object, long, long, float)'> (0x0000000714c7a5d8) 
thrown [s\src\hotspot\share\interpreter\linkResolver.cpp, line 805]
Event: 0.474 Thread 0x000002ba56cffba0 Exception <a 'java/lang/NoSuchMethodError'{0x0000000714c9ac28}: 'java.lang.Object java.lang.invoke.DirectMethodHandle$Holder.invokeStatic(java.lang.Object, java.lang.Object, java.lang.Object, java.lang.Object, java.lang.Object, long)'> (0x0000000714c9ac28) 
thrown [s\src\hotspot\share\interpreter\linkResolver.cpp, line 805]
Event: 0.480 Thread 0x000002ba56cffba0 Exception <a 'java/lang/NoSuchMethodError'{0x0000000714cde388}: 'float java.lang.invoke.DelegatingMethodHandle$Holder.reinvoke_L(java.lang.Object, java.lang.Object, java.lang.Object, java.lang.Object, long, long)'> (0x0000000714cde388) 
thrown [s\src\hotspot\share\interpreter\linkResolver.cpp, line 805]
Event: 0.634 Thread 0x000002ba458c1960 Exception <a 'java/lang/NoSuchMethodError'{0x0000000715505c08}: 'void java.lang.invoke.DirectMethodHandle$Holder.invokeVirtual(java.lang.Object, java.lang.Object)'> (0x0000000715505c08) 
thrown [s\src\hotspot\share\interpreter\linkResolver.cpp, line 805]
Event: 0.651 Thread 0x000002ba56cffba0 Exception <a 'java/lang/NoSuchMethodError'{0x0000000714b723f0}: 'void java.lang.invoke.DirectMethodHandle$Holder.invokeStaticInit(java.lang.Object)'> (0x0000000714b723f0) 
thrown [s\src\hotspot\share\interpreter\linkResolver.cpp, line 805]
Event: 0.753 Thread 0x000002ba45af8f20 Exception <a 'java/io/FileNotFoundException'{0x0000000714643d08}> (0x0000000714643d08) 
thrown [s\src\hotspot\share\prims\jni.cpp, line 518]
Event: 0.758 Thread 0x000002ba45af8f20 Exception <a 'java/io/FileNotFoundException'{0x000000071465d850}> (0x000000071465d850) 
thrown [s\src\hotspot\share\prims\jni.cpp, line 518]
Event: 0.992 Thread 0x000002ba45af8f20 Implicit null exception at 0x000002ba69767f75 to 0x000002ba69768028

VM Operations (20 events):
Event: 0.638 Executing VM operation: HandshakeAllThreads (Deoptimize)
Event: 0.638 Executing VM operation: HandshakeAllThreads (Deoptimize) done
Event: 0.707 Executing VM operation: HandshakeAllThreads (Deoptimize)
Event: 0.707 Executing VM operation: HandshakeAllThreads (Deoptimize) done
Event: 60.216 Executing VM operation: HandshakeAllThreads (HandshakeForDeflation)
Event: 60.216 Executing VM operation: HandshakeAllThreads (HandshakeForDeflation) done
Event: 60.216 Executing VM operation: RendezvousGCThreads
Event: 60.216 Executing VM operation: RendezvousGCThreads done
Event: 180.463 Executing VM operation: HandshakeAllThreads (HandshakeForDeflation)
Event: 180.463 Executing VM operation: HandshakeAllThreads (HandshakeForDeflation) done
Event: 180.463 Executing VM operation: RendezvousGCThreads
Event: 180.463 Executing VM operation: RendezvousGCThreads done
Event: 2618.263 Executing VM operation: HandshakeAllThreads (HandshakeForDeflation)
Event: 2618.263 Executing VM operation: HandshakeAllThreads (HandshakeForDeflation) done
Event: 2618.264 Executing VM operation: RendezvousGCThreads
Event: 2618.264 Executing VM operation: RendezvousGCThreads done
Event: 8700.430 Executing VM operation: HandshakeAllThreads (HandshakeForDeflation)
Event: 8700.431 Executing VM operation: HandshakeAllThreads (HandshakeForDeflation) done
Event: 8700.431 Executing VM operation: RendezvousGCThreads
Event: 8700.431 Executing VM operation: RendezvousGCThreads done

Memory protections (0 events):
No events

Nmethod flushes (0 events):
No events

Events (20 events):
Event: 0.089 Thread 0x000002ba79208050 Thread added: 0x000002ba79209700
Event: 0.089 Thread 0x000002ba79208050 Thread added: 0x000002ba792087e0
Event: 0.090 Thread 0x000002ba79208050 Thread added: 0x000002ba79209e90
Event: 0.101 Thread 0x000002ba56cffba0 Thread added: 0x000002ba451d3eb0
Event: 0.186 Thread 0x000002ba56cffba0 Thread added: 0x000002ba458c41a0
Event: 0.186 Thread 0x000002ba56cffba0 Thread added: 0x000002ba453436c0
Event: 0.187 Thread 0x000002ba56cffba0 Thread added: 0x000002ba458c1960
Event: 0.370 Thread 0x000002ba79208050 Thread added: 0x000002ba7920a620
Event: 0.393 Thread 0x000002ba7920a620 Thread added: 0x000002ba7920adb0
Event: 0.486 Thread 0x000002ba56cffba0 Thread added: 0x000002ba45af8f20
Event: 0.606 Thread 0x000002ba56cffba0 Thread added: 0x000002ba45d6aad0
Event: 0.711 Thread 0x000002ba56cffba0 Thread exited: 0x000002ba56cffba0
Event: 0.711 Thread 0x000002ba56cffba0 Thread added: 0x000002ba56cffba0
Event: 0.758 Thread 0x000002ba7920adb0 Thread exited: 0x000002ba7920adb0
Event: 1.048 Thread 0x000002ba45af8f20 Thread added: 0x000002ba45cc39d0
Event: 1.550 Thread 0x000002ba7920a620 Thread exited: 0x000002ba7920a620
Event: 2.051 Thread 0x000002ba79209e90 Thread exited: 0x000002ba79209e90
Event: 5.613 Thread 0x000002ba45d6aad0 Thread exited: 0x000002ba45d6aad0
Event: 7.120 Thread 0x000002ba792087e0 Thread exited: 0x000002ba792087e0
Event: 7.120 Thread 0x000002ba79209700 Thread exited: 0x000002ba79209700


Dynamic libraries:
0x00007ff635500000 - 0x00007ff63550e000 	C:\Program Files\Apache NetBeans\jdk\bin\java.exe
0x00007ff9d5f00000 - 0x00007ff9d6169000 	C:\WINDOWS\SYSTEM32\ntdll.dll
0x00007ff9d5090000 - 0x00007ff9d5159000 	C:\WINDOWS\System32\KERNEL32.DLL
0x00007ff9d3370000 - 0x00007ff9d3763000 	C:\WINDOWS\System32\KERNELBASE.dll
0x00007ff9d3ad0000 - 0x00007ff9d3c1b000 	C:\WINDOWS\System32\ucrtbase.dll
0x00007ff9aca80000 - 0x00007ff9aca9e000 	C:\Program Files\Apache NetBeans\jdk\bin\VCRUNTIME140.dll
0x00007ff9a0910000 - 0x00007ff9a0926000 	C:\Program Files\Apache NetBeans\jdk\bin\jli.dll
0x00007ff9d4690000 - 0x00007ff9d4854000 	C:\WINDOWS\System32\USER32.dll
0x00007ff9d32b0000 - 0x00007ff9d32d7000 	C:\WINDOWS\System32\win32u.dll
0x00007ff9b99e0000 - 0x00007ff9b9c73000 	C:\WINDOWS\WinSxS\amd64_microsoft.windows.common-controls_6595b64144ccf1df_6.0.26100.5074_none_3e0d6f78e32fd63f\COMCTL32.dll
0x00007ff9d55f0000 - 0x00007ff9d561b000 	C:\WINDOWS\System32\GDI32.dll
0x00007ff9d5e10000 - 0x00007ff9d5eb9000 	C:\WINDOWS\System32\msvcrt.dll
0x00007ff9d3770000 - 0x00007ff9d389d000 	C:\WINDOWS\System32\gdi32full.dll
0x00007ff9d3c20000 - 0x00007ff9d3cc3000 	C:\WINDOWS\System32\msvcp_win.dll
0x00007ff9d4600000 - 0x00007ff9d462f000 	C:\WINDOWS\System32\IMM32.DLL
0x00007ff9ac280000 - 0x00007ff9ac28c000 	C:\Program Files\Apache NetBeans\jdk\bin\vcruntime140_1.dll
0x00007ff995080000 - 0x00007ff99510d000 	C:\Program Files\Apache NetBeans\jdk\bin\msvcp140.dll
0x00007ff8dde30000 - 0x00007ff8decac000 	C:\Program Files\Apache NetBeans\jdk\bin\server\jvm.dll
0x00007ff9d4860000 - 0x00007ff9d4914000 	C:\WINDOWS\System32\ADVAPI32.dll
0x00007ff9d5b00000 - 0x00007ff9d5ba6000 	C:\WINDOWS\System32\sechost.dll
0x00007ff9d5840000 - 0x00007ff9d5958000 	C:\WINDOWS\System32\RPCRT4.dll
0x00007ff9d5620000 - 0x00007ff9d5694000 	C:\WINDOWS\System32\WS2_32.dll
0x00007ff9c8120000 - 0x00007ff9c8155000 	C:\WINDOWS\SYSTEM32\WINMM.dll
0x00007ff9cba50000 - 0x00007ff9cba5b000 	C:\WINDOWS\SYSTEM32\VERSION.dll
0x00007ff9d1ca0000 - 0x00007ff9d1cfe000 	C:\WINDOWS\SYSTEM32\POWRPROF.dll
0x00007ff9d1c80000 - 0x00007ff9d1c94000 	C:\WINDOWS\SYSTEM32\UMPDC.dll
0x00007ff9d1f90000 - 0x00007ff9d1fab000 	C:\WINDOWS\SYSTEM32\kernel.appcore.dll
0x00007ff9ac270000 - 0x00007ff9ac27a000 	C:\Program Files\Apache NetBeans\jdk\bin\jimage.dll
0x00007ff9d08c0000 - 0x00007ff9d0b02000 	C:\WINDOWS\SYSTEM32\DBGHELP.DLL
0x00007ff9d4920000 - 0x00007ff9d4c9b000 	C:\WINDOWS\System32\combase.dll
0x00007ff9d4f10000 - 0x00007ff9d4fe7000 	C:\WINDOWS\System32\OLEAUT32.dll
0x00007ff9a1490000 - 0x00007ff9a14cd000 	C:\WINDOWS\SYSTEM32\dbgcore.DLL
0x00007ff9d3090000 - 0x00007ff9d3129000 	C:\WINDOWS\System32\bcryptPrimitives.dll
0x00007ff9a1d60000 - 0x00007ff9a1d7e000 	C:\Program Files\Apache NetBeans\jdk\bin\java.dll
0x00007ff9d56a0000 - 0x00007ff9d5838000 	C:\WINDOWS\System32\ole32.dll
0x00007ff9d3e30000 - 0x00007ff9d457d000 	C:\WINDOWS\System32\SHELL32.dll
0x00007ff9d38a0000 - 0x00007ff9d3a0c000 	C:\WINDOWS\System32\wintypes.dll
0x00007ff9d0cd0000 - 0x00007ff9d1529000 	C:\WINDOWS\SYSTEM32\windows.storage.dll
0x00007ff9d5960000 - 0x00007ff9d5a50000 	C:\WINDOWS\System32\SHCORE.dll
0x00007ff9d5bb0000 - 0x00007ff9d5c12000 	C:\WINDOWS\System32\shlwapi.dll
0x00007ff9d2fb0000 - 0x00007ff9d2fd9000 	C:\WINDOWS\SYSTEM32\profapi.dll
0x00007ff9433d0000 - 0x00007ff9434a7000 	C:\Program Files\Apache NetBeans\jdk\bin\jsvml.dll
0x00007ff9a1d50000 - 0x00007ff9a1d60000 	C:\Program Files\Apache NetBeans\jdk\bin\net.dll
0x00007ff9d2510000 - 0x00007ff9d257b000 	C:\WINDOWS\system32\mswsock.dll
0x00007ff99d250000 - 0x00007ff99d266000 	C:\Program Files\Apache NetBeans\jdk\bin\nio.dll
0x00007ff99e060000 - 0x00007ff99e077000 	C:\Program Files\Apache NetBeans\jdk\bin\zip.dll
0x00007ff92b200000 - 0x00007ff92b37e000 	C:\Program Files\Apache NetBeans\jdk\bin\awt.dll
0x00007ff9cf950000 - 0x00007ff9cf9ee000 	C:\WINDOWS\SYSTEM32\apphelp.dll
0x00007ff9cfb20000 - 0x00007ff9cfb4b000 	C:\WINDOWS\system32\DWMAPI.DLL
0x00007ff9cfa70000 - 0x00007ff9cfb18000 	C:\WINDOWS\system32\uxtheme.dll
0x00007ff92add0000 - 0x00007ff92aedc000 	C:\WINDOWS\system32\opengl32.dll
0x00007ff92ad80000 - 0x00007ff92adad000 	C:\WINDOWS\SYSTEM32\GLU32.dll
0x00007ff9d0130000 - 0x00007ff9d0174000 	C:\WINDOWS\SYSTEM32\dxcore.dll
0x00007ff9d3cd0000 - 0x00007ff9d3e28000 	C:\WINDOWS\System32\MSCTF.dll
0x00007ff9a0bd0000 - 0x00007ff9a0be0000 	C:\Program Files\Apache NetBeans\jdk\bin\verify.dll
0x00007ff988140000 - 0x00007ff9881c7000 	C:\Program Files\Apache NetBeans\jdk\bin\freetype.dll
0x00007ff938a40000 - 0x00007ff938b29000 	C:\Program Files\Apache NetBeans\jdk\bin\fontmanager.dll
0x00007ff9d5c20000 - 0x00007ff9d5cd1000 	C:\WINDOWS\System32\clbcatq.dll
0x00007ff9cde30000 - 0x00007ff9ce05f000 	C:\WINDOWS\SYSTEM32\WindowsCodecs.dll
0x00007ff99eca0000 - 0x00007ff99ecfa000 	C:\WINDOWS\system32\dataexchange.dll
0x00007ff9c30f0000 - 0x00007ff9c3329000 	C:\WINDOWS\system32\twinapi.appcore.dll
0x00007ff9ca660000 - 0x00007ff9ca7a9000 	C:\WINDOWS\SYSTEM32\textinputframework.dll
0x00007ff9cf690000 - 0x00007ff9cf7b5000 	C:\WINDOWS\SYSTEM32\CoreMessaging.dll
0x00007ff9cb4d0000 - 0x00007ff9cb7b3000 	C:\WINDOWS\SYSTEM32\CoreUIComponents.dll
0x00007ff9d27d0000 - 0x00007ff9d27dc000 	C:\WINDOWS\SYSTEM32\CRYPTBASE.DLL

JVMTI agents: none

dbghelp: loaded successfully - version: 4.0.5 - missing functions: none
symbol engine: initialized successfully - sym options: 0x614 - pdb path: .;C:\Program Files\Apache NetBeans\jdk\bin;C:\WINDOWS\SYSTEM32;C:\WINDOWS\WinSxS\amd64_microsoft.windows.common-controls_6595b64144ccf1df_6.0.26100.5074_none_3e0d6f78e32fd63f;C:\Program Files\Apache NetBeans\jdk\bin\server

VM Arguments:
jvm_args: -Dfile.encoding=UTF-8 --module-path=C:\Users\Istiak\Documents\NetBeansProjects\Bank Management System\build\classes 
java_command: bank.management.system.SignupOne
java_class_path (initial): C:\Users\Istiak\Downloads\jcalendar-1.4\lib\jcalendar-1.4.jar;C:\Users\Istiak\Documents\NetBeansProjects\Bank Management System\build\classes
Launcher Type: SUN_STANDARD

[Global flags]
     intx CICompilerCount                          = 12                                        {product} {ergonomic}
     uint ConcGCThreads                            = 3                                         {product} {ergonomic}
     uint G1ConcRefinementThreads                  = 13                                        {product} {ergonomic}
   size_t G1HeapRegionSize                         = 2097152                                   {product} {ergonomic}
   size_t InitialHeapSize                          = 264241152                                 {product} {ergonomic}
   size_t MarkStackSize                            = 4194304                                   {product} {ergonomic}
   size_t MarkStackSizeMax                         = 536870912                                 {product} {ergonomic}
   size_t MaxHeapSize                              = 4196401152                                {product} {ergonomic}
   size_t MaxNewSize                               = 2516582400                                {product} {ergonomic}
   size_t MinHeapDeltaBytes                        = 2097152                                   {product} {ergonomic}
   size_t MinHeapSize                              = 8388608                                   {product} {ergonomic}
    uintx NonNMethodCodeHeapSize                   = 7602176                                {pd product} {ergonomic}
    uintx NonProfiledCodeHeapSize                  = 122093568                              {pd product} {ergonomic}
     bool PerfDisableSharedMem                     = true                                      {product} {ergonomic}
    uintx ProfiledCodeHeapSize                     = 121962496                              {pd product} {ergonomic}
    uintx ReservedCodeCacheSize                    = 251658240                              {pd product} {ergonomic}
     bool SegmentedCodeCache                       = true                                      {product} {ergonomic}
   size_t SoftMaxHeapSize                          = 4196401152                             {manageable} {ergonomic}
     bool UseCompressedOops                        = true                           {product lp64_product} {ergonomic}
     bool UseG1GC                                  = true                                      {product} {ergonomic}
     bool UseLargePagesIndividualAllocation        = false                                  {pd product} {ergonomic}

Logging:
Log output configuration:
 #0: stdout all=warning uptime,level,tags foldmultilines=false
 #1: stderr all=off uptime,level,tags foldmultilines=false

Environment Variables:
JAVA_HOME=C:\Program Files\Eclipse Adoptium\jdk-17.0.15.6-hotspot\
PATH=C:\Program Files\Eclipse Adoptium\jdk-17.0.15.6-hotspot\bin;C:\Program Files (x86)\Common Files\Oracle\Java\java8path;C:\Program Files (x86)\Common Files\Oracle\Java\javapath;C:\Program Files (x86)\Common Files\Intel\Shared Libraries\redist\intel64\compiler;C:\Windows\system32;C:\Windows;C:\Windows\System32\Wbem;C:\Windows\System32\WindowsPowerShell\v1.0\;C:\Windows\System32\OpenSSH\;C:\Program Files (x86)\NVIDIA Corporation\PhysX\Common;C:\Program Files\steghide;C:\WINDOWS\system32;C:\WINDOWS;C:\WINDOWS\System32\Wbem;C:\WINDOWS\System32\WindowsPowerShell\v1.0\;C:\WINDOWS\System32\OpenSSH\;C:\Program Files\NVIDIA Corporation\NVIDIA app\NvDLISR;C:\Program Files\Git\cmd;C:\Program Files\dotnet\;C:\Users\Istiak\AppData\Local\Programs\Python\Python39\Scripts\;C:\Users\Istiak\AppData\Local\Programs\Python\Python39\;C:\Users\Istiak\AppData\Local\Microsoft\WindowsApps;C:\Users\Istiak\AppData\Local\Programs\Microsoft VS Code\bin;C:\msys64\ucrt64\bin;C:\Users\Istiak\AppData\Local\Programs\Microsoft VS Code\bin;C:\Users\Istiak\AppData\Local\GitHubDesktop\bin
USERNAME=Istiak
OS=Windows_NT
PROCESSOR_IDENTIFIER=Intel64 Family 6 Model 154 Stepping 3, GenuineIntel
TMP=C:\Users\Istiak\AppData\Local\Temp
TEMP=C:\Users\Istiak\AppData\Local\Temp




Periodic native trim disabled

---------------  S Y S T E M  ---------------

OS:
 Windows 11 , 64 bit Build 26100 (10.0.26100.5074)
OS uptime: 2 days 15:46 hours
Hyper-V role detected

CPU: total 16 (initial active 16) (8 cores per cpu, 2 threads per core) family 6 model 154 stepping 3 microcode 0x434, cx8, cmov, fxsr, ht, mmx, 3dnowpref, sse, sse2, sse3, ssse3, sse4.1, sse4.2, popcnt, lzcnt, tsc, tscinvbit, avx, avx2, aes, erms, clmul, bmi1, bmi2, adx, sha, fma, vzeroupper, clflush, clflushopt, clwb, hv, serialize, rdtscp, rdpid, fsrm, gfni, f16c, cet_ibt, cet_ss
Processor Information for the first 16 processors :
  Max Mhz: 2500, Current Mhz: 2500, Mhz Limit: 2500

Memory: 4k page, system-wide physical 16004M (4592M free)
TotalPageFile size 37239M (AvailPageFile size 8435M)
current process WorkingSet (physical memory assigned to process): 17M, peak: 104M
current process commit charge ("private bytes"): 374M, peak: 378M

vm_info: OpenJDK 64-Bit Server VM (24.0.2+12) for windows-amd64 JRE (24.0.2+12) (Zulu24.32+13-CA), built on 2025-07-11T12:45:44Z with MS VC++ 17.1 (VS2022)

END.
