#
# A fatal error has been detected by the Java Runtime Environment:
#
#  EXCEPTION_ACCESS_VIOLATION (0xc0000005) at pc=0x00007ff92b2db006, pid=13708, tid=18884
#
# JRE version: OpenJDK Runtime Environment Zulu24.32+13-CA (24.0.2+12) (build 24.0.2+12)
# Java VM: OpenJDK 64-Bit Server VM Zulu24.32+13-CA (24.0.2+12, mixed mode, sharing, tiered, compressed oops, compressed class ptrs, g1 gc, windows-amd64)
# Problematic frame:
# C  [awt.dll+0xdb006]
#
# No core dump will be written. Minidumps are not enabled by default on client versions of Windows
#
# If you would like to submit a bug report, please visit:
#   http://www.azul.com/support/
# The crash happened outside the Java Virtual Machine in native code.
# See problematic frame for where to report the bug.
#

---------------  S U M M A R Y ------------

Command Line: -Dfile.encoding=UTF-8 --module-path=C:\Users\Istiak\Documents\NetBeansProjects\Bank Management System\build\classes bank.management.system.SignupOne

Host: 12th Gen Intel(R) Core(TM) i5-12500H, 16 cores, 15G,  Windows 11 , 64 bit Build 26100 (10.0.26100.5074)
Time: Sat Sep 13 06:20:53 2025 Bangladesh Standard Time elapsed time: 22940.259559 seconds (0d 6h 22m 20s)

---------------  T H R E A D  ---------------

Current thread (0x0000027d635af8e0):  JavaThread "AWT-EventQueue-0"        [_thread_in_native, id=18884, stack(0x0000008a67300000,0x0000008a67400000) (1024K)]

Stack: [0x0000008a67300000,0x0000008a67400000],  sp=0x0000008a673fe9a0,  free space=1018k
Native frames: (J=compiled Java code, j=interpreted, Vv=VM code, C=native code)
C  [awt.dll+0xdb006]  (no source info available)
C  [awt.dll+0xdc842]  (no source info available)
C  0x0000027d0fe9ce20  (no source info available)

The last pc belongs to native method entry point (kind = native) (printed below).
Java frames: (J=compiled Java code, j=interpreted, Vv=VM code)
j  sun.awt.Win32GraphicsDevice.initNativeScale(I)V+0 java.desktop@24.0.2
j  sun.awt.Win32GraphicsDevice.initScaleFactors()V+60 java.desktop@24.0.2
j  sun.awt.Win32GraphicsDevice.displayChanged()V+16 java.desktop@24.0.2
j  sun.awt.Win32GraphicsEnvironment.displayChanged()V+271 java.desktop@24.0.2
j  sun.awt.windows.WToolkit.lambda$displayChanged$0()V+15 java.desktop@24.0.2
j  sun.awt.windows.WToolkit$$Lambda+0x0000027d1f156650.run()V+0 java.desktop@24.0.2
j  java.awt.event.InvocationEvent.dispatch()V+47 java.desktop@24.0.2
J 1363 c1 java.awt.EventQueue.dispatchEventImpl(Ljava/awt/AWTEvent;Ljava/lang/Object;)V java.desktop@24.0.2 (139 bytes) @ 0x0000027d08c3ec64 [0x0000027d08c3d3a0+0x00000000000018c4]
J 1852 c1 java.awt.EventQueue.dispatchEvent(Ljava/awt/AWTEvent;)V java.desktop@24.0.2 (48 bytes) @ 0x0000027d08cffcb4 [0x0000027d08cffa60+0x0000000000000254]
J 1354 c1 java.awt.EventDispatchThread.pumpOneEventForFilters(I)V java.desktop@24.0.2 (106 bytes) @ 0x0000027d08c34154 [0x0000027d08c33940+0x0000000000000814]
j  java.awt.EventDispatchThread.pumpEventsForFilter(ILjava/awt/Conditional;Ljava/awt/EventFilter;)V+35 java.desktop@24.0.2
j  java.awt.EventDispatchThread.pumpEventsForHierarchy(ILjava/awt/Conditional;Ljava/awt/Component;)V+11 java.desktop@24.0.2
j  java.awt.EventDispatchThread.pumpEvents(ILjava/awt/Conditional;)V+4 java.desktop@24.0.2
j  java.awt.EventDispatchThread.pumpEvents(Ljava/awt/Conditional;)V+3 java.desktop@24.0.2
j  java.awt.EventDispatchThread.run()V+9 java.desktop@24.0.2
v  ~StubRoutines::call_stub 0x0000027d0fe90fcd

siginfo: EXCEPTION_ACCESS_VIOLATION (0xc0000005), reading address 0x0000000000000081


Registers:
RAX=0x0000000000000031, RBX=0x0000027d637b1690, RCX=0x0000000000000031, RDX=0x0000000000000000
RSP=0x0000008a673fe9a0, RBP=0x0000008a673fea80, RSI=0x0000000000000000, RDI=0x0000000000000000
R8 =0x0000000000000001, R9 =0x0000008a65402000, R10=0x0000027d0fe9cec0, R11=0x0000000000000100
R12=0x0000000000000000, R13=0x0000027d5f244280, R14=0x0000008a673feaa8, R15=0x0000027d635af8e0
RIP=0x00007ff92b2db006, EFLAGS=0x0000000000010206

XMM[0]=0x0000000000000000 0x0000000000000000
XMM[1]=0x0000000000000000 0x00000000bf800000
XMM[2]=0x0000000000000000 0x0000000000000000
XMM[3]=0x0000000000000000 0x0000000000000000
XMM[4]=0x0000000000000000 0x0000000000000000
XMM[5]=0x0000000000000000 0x0000000000000000
XMM[6]=0x0000000000000000 0x00000000e27ccffd
XMM[7]=0x0000000000000000 0x000000000000000b
XMM[8]=0x0000000000000000 0x9cc768205c52007f
XMM[9]=0x0000000000000000 0xecb1a5c806856c91
XMM[10]=0x0000000000000000 0x0000000019d3c6c9
XMM[11]=0x0000000000000000 0x7214675f7899d3f0
XMM[12]=0x0000000000000000 0x0000000006856c91
XMM[13]=0x0000000000000000 0x0000000000000000
XMM[14]=0x0000000000000000 0x0000000000000000
XMM[15]=0x0000000000000000 0x0000000000000000
  MXCSR=0x00001fa2


Register to memory mapping:

RAX=0x0000000000000031 is an unknown value
RBX=0x0000027d637b1690 points into unknown readable memory: 0x0000027d64710590 | 90 05 71 64 7d 02 00 00
RCX=0x0000000000000031 is an unknown value
RDX=0x0 is null
RSP=0x0000008a673fe9a0 is pointing into the stack for thread: 0x0000027d635af8e0
RBP=0x0000008a673fea80 is pointing into the stack for thread: 0x0000027d635af8e0
RSI=0x0 is null
RDI=0x0 is null
R8 =0x0000000000000001 is an unknown value
R9 =0x0000008a65402000 points into unknown readable memory: 0x0000000000000000 | 00 00 00 00 00 00 00 00
R10=0x0000027d0fe9cec0 is at code_begin+1152 in an Interpreter codelet
native method entry point (kind = native)  [0x0000027d0fe9ca40, 0x0000027d0fe9d478]  2616 bytes
R11=0x0000000000000100 is an unknown value
R12=0x0 is null
R13={method} {0x0000027d5f244288} 'initNativeScale' '(I)V' in 'sun/awt/Win32GraphicsDevice'
R14=0x0000008a673feaa8 is pointing into the stack for thread: 0x0000027d635af8e0
R15=0x0000027d635af8e0 is a thread

Top of Stack: (sp=0x0000008a673fe9a0)
0x0000008a673fe9a0:   0000027d637b1690 0000027d635af8e0   ..{c}.....Zc}...
0x0000008a673fe9b0:   0000027d1e166538 0000027d637b1690   8e..}.....{c}...
0x0000008a673fe9c0:   0000027d637b1690 00007ff92b2dc842   ..{c}...B.-+....
0x0000008a673fe9d0:   00007ff92b337838 0000027d5f244280   8x3+.....B$_}...
0x0000008a673fe9e0:   0000000000000010 000000000000000a   ................
0x0000008a673fe9f0:   0000027d0fe9899a 0000027d0fe9ce20   ....}... ...}...
0x0000008a673fea00:   0000027d5f244280 0000027d635af8e0   .B$_}.....Zc}...
0x0000008a673fea10:   0000027d635af8e0 0000000000000000   ..Zc}...........
0x0000008a673fea20:   0000008a673fea80 0000000000000001   ..?g............
0x0000008a673fea30:   0000000713f147e8 fffffffffffffff7   .G..............
0x0000008a673fea40:   0000000000000000 0000000000000005   ................
0x0000008a673fea50:   0000027d5f247828 0000000000000000   (x$_}...........
0x0000008a673fea60:   000000071542bbc0 0000027d5f244280   ..B......B$_}...
0x0000008a673fea70:   0000000000000000 0000008a673feaa0   ..........?g....
0x0000008a673fea80:   0000008a673feaf8 0000027d0fe98800   ..?g........}...
0x0000008a673fea90:   0000000000000000 0000027d0fe9a437   ........7...}...
0x0000008a673feaa0:   0000000000000000 0000000713f13bc0   .........;......
0x0000008a673feab0:   fffffffffffffff7 0000027d5f2448e4   .........H$_}...
0x0000008a673feac0:   0000000000000002 0000027d5f247828   ........(x$_}...
0x0000008a673fead0:   0000000000000000 000000071542bbc0   ..........B.....
0x0000008a673feae0:   0000027d5f244930 fffffffffffffff5   0I$_}...........
0x0000008a673feaf0:   0000008a673feb08 0000008a673feb58   ..?g....X.?g....
0x0000008a673feb00:   0000027d0fe98800 0000000713f13bc0   ....}....;......
0x0000008a673feb10:   fffffffffffffff7 0000027d5f2460a0   .........`$_}...
0x0000008a673feb20:   0000000000000003 0000027d5f247828   ........(x$_}...
0x0000008a673feb30:   0000000000000000 000000071542bbc0   ..........B.....
0x0000008a673feb40:   0000027d5f2460e8 fffffffffffffff6   .`$_}...........
0x0000008a673feb50:   0000008a673feb70 0000008a673febc0   p.?g......?g....
0x0000008a673feb60:   0000027d0fe98800 0000000000000000   ....}...........
0x0000008a673feb70:   0000000713f13bc0 fffffffffffffff7   .;..............
0x0000008a673feb80:   0000027d5f19db47 0000000000000008   G.._}...........
0x0000008a673feb90:   0000027d5f1a2260 0000000000000000   `"._}...........

Instructions: (pc=0x00007ff92b2db006)
  0x00007ff92b2daf06:   11 45 d4 0f 11 45 e4 0f 11 45 f4 89 45 04 c7 45
  0x00007ff92b2daf16:   a0 68 00 00 00 0f 11 44 24 34 0f 11 44 24 44 0f
  0x00007ff92b2daf26:   11 44 24 54 0f 11 44 24 64 0f 11 44 24 74 0f 11
  0x00007ff92b2daf36:   45 84 89 45 94 c7 44 24 30 68 00 00 00 48 8d 55
  0x00007ff92b2daf46:   a0 49 8b ce ff 15 c8 59 06 00 85 c0 74 41 48 8d
  0x00007ff92b2daf56:   54 24 30 48 8b ce ff 15 b6 59 06 00 85 c0 74 2f
  0x00007ff92b2daf66:   48 8d 54 24 34 48 8d 4d a4 ff 15 eb 58 06 00 85
  0x00007ff92b2daf76:   c0 74 1c 48 8d 54 24 44 48 8d 4d b4 ff 15 d8 58
  0x00007ff92b2daf86:   06 00 85 c0 74 09 8b 44 24 54 39 45 c4 74 11 ff
  0x00007ff92b2daf96:   c7 3b 7b 0c 0f 8c 40 ff ff ff 8b 3d 7a 93 06 00
  0x00007ff92b2dafa6:   48 8b cb e8 e2 d1 f4 ff 90 8b c7 48 8b 4d 10 48
  0x00007ff92b2dafb6:   33 cc e8 b3 ee 00 00 4c 8d 9c 24 20 01 00 00 49
  0x00007ff92b2dafc6:   8b 5b 28 49 8b 73 30 49 8b e3 41 5e 5f 5d c3 cc
  0x00007ff92b2dafd6:   cc cc cc cc cc cc cc cc cc cc 48 8b 41 08 48 8b
  0x00007ff92b2dafe6:   80 18 0c 00 00 c3 cc cc cc cc 48 8b 41 08 48 05
  0x00007ff92b2daff6:   00 04 00 00 c3 cc cc cc cc cc 40 53 48 83 ec 20
=>0x00007ff92b2db006:   83 79 50 00 48 8b d9 75 56 48 8b 49 28 4c 8d 44
  0x00007ff92b2db016:   24 38 48 8d 54 24 30 c7 44 24 30 00 00 80 bf c7
  0x00007ff92b2db026:   44 24 38 00 00 80 bf e8 4e ce 00 00 f3 0f 10 54
  0x00007ff92b2db036:   24 30 0f 57 c0 0f 2f d0 76 25 f3 0f 10 4c 24 38
  0x00007ff92b2db046:   0f 2f c8 76 1a f3 0f 5e 15 b9 8c 02 00 f3 0f 5e
  0x00007ff92b2db056:   0d b1 8c 02 00 f3 0f 11 53 48 f3 0f 11 4b 4c 48
  0x00007ff92b2db066:   83 c4 20 5b c3 cc cc cc cc cc 48 89 5c 24 10 48
  0x00007ff92b2db076:   89 74 24 18 57 41 56 41 57 48 83 ec 40 48 8b d9
  0x00007ff92b2db086:   48 83 79 18 00 75 14 b9 28 04 00 00 e8 a9 85 00
  0x00007ff92b2db096:   00 48 89 43 18 c7 00 28 00 00 00 48 8b 43 18 33
  0x00007ff92b2db0a6:   ff 66 89 78 0e 48 8b 4b 28 e8 5c 03 00 00 48 8b
  0x00007ff92b2db0b6:   f0 41 bf 01 00 00 00 45 8b c7 41 8b d7 48 8b c8
  0x00007ff92b2db0c6:   ff 15 f4 54 06 00 4c 8b f0 89 7c 24 30 48 8b 4b
  0x00007ff92b2db0d6:   18 48 89 4c 24 28 48 89 7c 24 20 45 8b cf 45 33
  0x00007ff92b2db0e6:   c0 48 8b d0 48 8b ce ff 15 ed 53 06 00 48 8b 53
  0x00007ff92b2db0f6:   30 48 8b 0b 8b 05 24 92 06 00 83 79 04 08 0f 8e


Stack slot to memory mapping:

stack at sp + 0 slots: 0x0000027d637b1690 points into unknown readable memory: 0x0000027d64710590 | 90 05 71 64 7d 02 00 00
stack at sp + 1 slots: 0x0000027d635af8e0 is a thread
stack at sp + 2 slots: 0x0000027d1e166538 is a pointer to class: 
stack at sp + 3 slots: 0x0000027d637b1690 points into unknown readable memory: 0x0000027d64710590 | 90 05 71 64 7d 02 00 00
stack at sp + 4 slots: 0x0000027d637b1690 points into unknown readable memory: 0x0000027d64710590 | 90 05 71 64 7d 02 00 00
stack at sp + 5 slots: 0x00007ff92b2dc842 awt.dll
stack at sp + 6 slots: 0x00007ff92b337838 awt.dll
stack at sp + 7 slots: {method} {0x0000027d5f244288} 'initNativeScale' '(I)V' in 'sun/awt/Win32GraphicsDevice'

Lock stack of current Java thread (top to bottom):

native method entry point (kind = native)  [0x0000027d0fe9ca40, 0x0000027d0fe9d478]  2616 bytes
[MachCode]
  0x0000027d0fe9ca40: 488b 4b08 | 0fb7 492e | 584c 8d74 | ccf8 6800 | 0000 0068 | 0000 0000 | 5055 488b | ec41 5568 
  0x0000027d0fe9ca60: 0000 0000 | 4c8b 6b08 | 4d8d 6d38 | 5348 8b53 | 0848 8b52 | 0848 8b52 | 1848 8b52 | 7048 8b12 
  0x0000027d0fe9ca80: 5248 8b53 | 1048 85d2 | 0f84 0700 | 0000 4881 | c208 0100 | 0052 488b | 5308 488b | 5208 488b 
  0x0000027d0fe9caa0: 5210 5249 | 8bc6 482b | c548 c1e8 | 0350 6800 | 0000 0068 | f7ff ffff | 41c6 8771 | 0400 0001 
  0x0000027d0fe9cac0: 488b 4310 | 4885 c074 | 208b 88cc | 0000 0083 | c102 8988 | cc00 0000 | 2388 e000 | 0000 0f84 
  0x0000027d0fe9cae0: e408 0000 | e9cd 0000 | 0048 8b43 | 1848 85c0 | 0f85 b000 | 0000 e805 | 0000 00e9 | 9900 0000 
  0x0000027d0fe9cb00: 488b d348 | 8d44 2408 | 4c89 6dc0 | 498b cfc5 | f877 4989 | afb8 0300 | 0049 8987 | a803 0000 
  0x0000027d0fe9cb20: 4883 ec20 | 40f6 c40f | 0f84 1900 | 0000 4883 | ec08 48b8 | e016 25de | f87f 0000 | ffd0 4883 
  0x0000027d0fe9cb40: c408 e90c | 0000 0048 | b8e0 1625 | def8 7f00 | 00ff d048 | 83c4 2049 | c787 a803 | 0000 0000 
  0x0000027d0fe9cb60: 0000 49c7 | 87b8 0300 | 0000 0000 | 0049 c787 | b003 0000 | 0000 0000 | c5f8 7749 | 837f 0800 
  0x0000027d0fe9cb80: 0f84 0500 | 0000 e935 | 43ff ff4c | 8b6d c04c | 8b75 c84e | 8d74 f500 | c348 8b43 | 1848 85c0 
  0x0000027d0fe9cba0: 0f84 1000 | 0000 8b08 | 83c1 0289 | 0823 4814 | 0f84 1208 | 0000 493b | a7f0 0400 | 000f 8748 
  0x0000027d0fe9cbc0: 0000 0089 | 8424 00f0 | ffff 8984 | 2400 e0ff | ff89 8424 | 00d0 ffff | 8984 2400 | c0ff ff89 
  0x0000027d0fe9cbe0: 8424 00b0 | ffff 8984 | 2400 a0ff | ff89 8424 | 0090 ffff | 8984 2400 | 80ff ff49 | 3ba7 e804 
  0x0000027d0fe9cc00: 0000 7607 | 4989 a7f0 | 0400 0041 | c687 7104 | 0000 0048 | 8b5d e84c | 8b5b 0845 | 0fb7 5b2e 
  0x0000027d0fe9cc20: 41c1 e303 | 492b e348 | 83ec 2048 | 83e4 f04c | 8b5b 604d | 85db 0f85 | ab00 0000 | e805 0000 
  0x0000027d0fe9cc40: 00e9 9900 | 0000 488b | d348 8d44 | 2408 4c89 | 6dc0 498b | cfc5 f877 | 4989 afb8 | 0300 0049 
  0x0000027d0fe9cc60: 8987 a803 | 0000 4883 | ec20 40f6 | c40f 0f84 | 1900 0000 | 4883 ec08 | 48b8 0041 | 25de f87f 
  0x0000027d0fe9cc80: 0000 ffd0 | 4883 c408 | e90c 0000 | 0048 b800 | 4125 def8 | 7f00 00ff | d048 83c4 | 2049 c787 
  0x0000027d0fe9cca0: a803 0000 | 0000 0000 | 49c7 87b8 | 0300 0000 | 0000 0049 | c787 b003 | 0000 0000 | 0000 c5f8 
  0x0000027d0fe9ccc0: 7749 837f | 0800 0f84 | 0500 0000 | e9ef 41ff | ff4c 8b6d | c04c 8b75 | c84e 8d74 | f500 c348 
  0x0000027d0fe9cce0: 8b5d e84c | 8b5b 6041 | ffd3 488b | 5de8 4889 | 4518 448b | 5b28 41f6 | c308 0f84 | 1b00 0000 
  0x0000027d0fe9cd00: 4c8b 5b08 | 4d8b 5b08 | 4d8b 5b18 | 4d8b 5b70 | 4d8b 1b4c | 895d 1048 | 8d55 1048 | 8b43 5849 
  0x0000027d0fe9cd20: ba70 8c5e | def8 7f00 | 0049 3bc2 | 0f85 ab00 | 0000 e805 | 0000 00e9 | 9900 0000 | 488b d348 
  0x0000027d0fe9cd40: 8d44 2408 | 4c89 6dc0 | 498b cfc5 | f877 4989 | afb8 0300 | 0049 8987 | a803 0000 | 4883 ec20 
  0x0000027d0fe9cd60: 40f6 c40f | 0f84 1900 | 0000 4883 | ec08 48b8 | 0041 25de | f87f 0000 | ffd0 4883 | c408 e90c 
  0x0000027d0fe9cd80: 0000 0048 | b800 4125 | def8 7f00 | 00ff d048 | 83c4 2049 | c787 a803 | 0000 0000 | 0000 49c7 
  0x0000027d0fe9cda0: 87b8 0300 | 0000 0000 | 0049 c787 | b003 0000 | 0000 0000 | c5f8 7749 | 837f 0800 | 0f84 0500 
  0x0000027d0fe9cdc0: 0000 e9f9 | 40ff ff4c | 8b6d c04c | 8b75 c84e | 8d74 f500 | c348 8b5d | e848 8b43 | 5849 8d8f 
  0x0000027d0fe9cde0: c803 0000 | 4c8d 15d5 | 0000 004d | 8997 b003 | 0000 c5f8 | 7749 89af | b803 0000 | 4989 a7a8 
  0x0000027d0fe9ce00: 0300 0041 | c787 5404 | 0000 0400 | 0000 493b | a748 0500 | 0076 0749 | 89a7 4805 | 0000 ffd0 
  0x0000027d0fe9ce20: 493b a748 | 0500 0072 | 0b49 c787 | 4805 0000 | 0000 0000 | c5f8 7748 | 83ec 10c5 | fb11 0424 
  0x0000027d0fe9ce40: 4883 ec10 | 4889 0424 | 48c7 4424 | 0800 0000 | 0041 c787 | 5404 0000 | 0500 0000 | f083 4424 
  0x0000027d0fe9ce60: c000 493b | 6f28 0f87 | 0e00 0000 | 4183 bf50 | 0400 0000 | 0f84 2000 | 0000 498b | cf4c 8be4 
  0x0000027d0fe9ce80: 4883 ec20 | 4883 e4f0 | 48b8 f0a5 | 26de f87f | 0000 ffd0 | 498b e44d | 33e4 41c7 | 8754 0400 
  0x0000027d0fe9cea0: 0008 0000 | 004d 8b97 | 7005 0000 | 4983 fa00 | 7435 49c7 | 8770 0500 | 0000 0000 | 0041 ffe2 
  0x0000027d0fe9cec0: 49ba 00bb | e90f 7d02 | 0000 41ff | d248 83ec | 10c5 fb11 | 0424 4883 | ec10 4889 | 0424 48c7 
  0x0000027d0fe9cee0: 4424 0800 | 0000 0049 | c787 a803 | 0000 0000 | 0000 49c7 | 87b8 0300 | 0000 0000 | 0049 c787 
  0x0000027d0fe9cf00: b003 0000 | 0000 0000 | c5f8 774d | 8b9f 3804 | 0000 41c7 | 8300 0100 | 0000 0000 | 0049 bb3a 
  0x0000027d0fe9cf20: a4e9 0f7d | 0200 004c | 3b5d 180f | 8555 0100 | 0048 8b04 | 2448 83c4 | 1048 85c0 | 0f84 2f01 
  0x0000027d0fe9cf40: 0000 a803 | 0f85 0800 | 0000 488b | 00e9 1f01 | 0000 a801 | 0f85 0900 | 0000 488b | 40fe e90e 
  0x0000027d0fe9cf60: 0100 0048 | 8b40 ff41 | 807f 4800 | 0f84 ff00 | 0000 4883 | f800 0f84 | f500 0000 | 4d8b 5f38 
  0x0000027d0fe9cf80: 4d85 db0f | 8414 0000 | 0049 83eb | 084d 895f | 384d 035f | 4049 8903 | e9d4 0000 | 0048 83ec 
  0x0000027d0fe9cfa0: 7048 8904 | 2448 894c | 2408 4889 | 5424 104c | 8944 2418 | 4c89 4c24 | 204c 8954 | 2428 4c89 
  0x0000027d0fe9cfc0: 5c24 30c5 | fb11 4424 | 40c5 fb11 | 4c24 48c5 | fb11 5424 | 50c5 fb11 | 5c24 58c5 | fb11 6424 
  0x0000027d0fe9cfe0: 60c5 fb11 | 6c24 6849 | 8bd7 488b | c848 83ec | 2040 f6c4 | 0f0f 8419 | 0000 0048 | 83ec 0848 
  0x0000027d0fe9d000: b8e0 1819 | def8 7f00 | 00ff d048 | 83c4 08e9 | 0c00 0000 | 48b8 e018 | 19de f87f | 0000 ffd0 
  0x0000027d0fe9d020: 4883 c420 | c5fb 106c | 2468 c5fb | 1064 2460 | c5fb 105c | 2458 c5fb | 1054 2450 | c5fb 104c 
  0x0000027d0fe9d040: 2448 c5fb | 1044 2440 | 4c8b 5c24 | 304c 8b54 | 2428 4c8b | 4c24 204c | 8b44 2418 | 488b 5424 
  0x0000027d0fe9d060: 1048 8b4c | 2408 488b | 0424 4883 | c470 c5f8 | 7748 8945 | 1048 83ec | 1048 8904 | 2448 c744 
  0x0000027d0fe9d080: 2408 0000 | 0000 4183 | bfd0 0400 | 0002 0f85 | bf00 0000 | 4881 ec80 | 0000 0048 | 8944 2478 
  0x0000027d0fe9d0a0: 4889 4c24 | 7048 8954 | 2468 4889 | 5c24 6048 | 896c 2450 | 4889 7424 | 4848 897c | 2440 4c89 
  0x0000027d0fe9d0c0: 4424 384c | 894c 2430 | 4c89 5424 | 284c 895c | 2420 4c89 | 6424 184c | 896c 2410 | 4c89 7424 
  0x0000027d0fe9d0e0: 084c 893c | 244c 8be4 | 4883 ec20 | 4883 e4f0 | 48b8 6074 | 5ede f87f | 0000 ffd0 | 498b e44c 
  0x0000027d0fe9d100: 8b3c 244c | 8b74 2408 | 4c8b 6c24 | 104c 8b64 | 2418 4c8b | 5c24 204c | 8b54 2428 | 4c8b 4c24 
  0x0000027d0fe9d120: 304c 8b44 | 2438 488b | 7c24 4048 | 8b74 2448 | 488b 6c24 | 5048 8b5c | 2460 488b | 5424 6848 
  0x0000027d0fe9d140: 8b4c 2470 | 488b 4424 | 7848 81c4 | 8000 0000 | 4d33 e448 | 8b5d e84c | 8b6b 084d | 8d6d 3849 
  0x0000027d0fe9d160: 837f 0800 | 0f84 bb00 | 0000 e805 | 0000 00e9 | 9600 0000 | 488d 4424 | 084c 896d | c049 8bcf 
  0x0000027d0fe9d180: c5f8 7749 | 89af b803 | 0000 4989 | 87a8 0300 | 0048 83ec | 2040 f6c4 | 0f0f 8419 | 0000 0048 
  0x0000027d0fe9d1a0: 83ec 0848 | b8a0 5f25 | def8 7f00 | 00ff d048 | 83c4 08e9 | 0c00 0000 | 48b8 a05f | 25de f87f 
  0x0000027d0fe9d1c0: 0000 ffd0 | 4883 c420 | 49c7 87a8 | 0300 0000 | 0000 0049 | c787 b803 | 0000 0000 | 0000 49c7 
  0x0000027d0fe9d1e0: 87b0 0300 | 0000 0000 | 00c5 f877 | 4983 7f08 | 000f 8405 | 0000 00e9 | c43c ffff | 4c8b 6dc0 
  0x0000027d0fe9d200: 4c8b 75c8 | 4e8d 74f5 | 00c3 48b9 | e034 8ede | f87f 0000 | 4883 e4f0 | 48b8 1090 | 4bde f87f 
  0x0000027d0fe9d220: 0000 ffd0 | f444 8b5b | 2841 f6c3 | 200f 8472 | 0100 0048 | 8d55 a84c | 8b5a 084d | 85db 0f85 
  0x0000027d0fe9d240: bb00 0000 | e805 0000 | 00e9 9600 | 0000 488d | 4424 084c | 896d c049 | 8bcf c5f8 | 7749 89af 
  0x0000027d0fe9d260: b803 0000 | 4989 87a8 | 0300 0048 | 83ec 2040 | f6c4 0f0f | 8419 0000 | 0048 83ec | 0848 b8d0 
  0x0000027d0fe9d280: 5e25 def8 | 7f00 00ff | d048 83c4 | 08e9 0c00 | 0000 48b8 | d05e 25de | f87f 0000 | ffd0 4883 
  0x0000027d0fe9d2a0: c420 49c7 | 87a8 0300 | 0000 0000 | 0049 c787 | b803 0000 | 0000 0000 | 49c7 87b0 | 0300 0000 
  0x0000027d0fe9d2c0: 0000 00c5 | f877 4983 | 7f08 000f | 8405 0000 | 00e9 ea3b | ffff 4c8b | 6dc0 4c8b | 75c8 4e8d 
  0x0000027d0fe9d2e0: 74f5 00c3 | 48b9 e034 | 8ede f87f | 0000 4883 | e4f0 48b8 | 1090 4bde | f87f 0000 | ffd0 f44c 
  0x0000027d0fe9d300: 896d c04c | 8b4a 0848 | c742 0800 | 0000 0045 | 8b87 5806 | 0000 4f3b | 4c07 f80f | 8542 0000 
  0x0000027d0fe9d320: 0041 83af | 5806 0000 | 084f 3b4c | 07f0 0f84 | 2a00 0000 | 498b 01a8 | 020f 8512 | 0000 004c 
  0x0000027d0fe9d340: 8bc0 4983 | c801 f04d | 0fb1 010f | 840d 0000 | 0041 8387 | 5806 0000 | 08e9 0500 | 0000 e93e 
  0x0000027d0fe9d360: 0000 004c | 894a 0848 | 8bca 4883 | ec20 40f6 | c40f 0f84 | 1900 0000 | 4883 ec08 | 48b8 f030 
  0x0000027d0fe9d380: 25de f87f | 0000 ffd0 | 4883 c408 | e90c 0000 | 0048 b8f0 | 3025 def8 | 7f00 00ff | d048 83c4 
  0x0000027d0fe9d3a0: 204c 8b6d | c048 8b04 | 2448 83c4 | 10c5 fb10 | 0424 4883 | c410 4c8b | 5d18 41ff | d34c 8b5d 
  0x0000027d0fe9d3c0: f8c9 5f49 | 8be3 ffe7 | ba00 0000 | 00e8 0500 | 0000 e996 | 0000 0048 | 8d44 2408 | 4c89 6dc0 
  0x0000027d0fe9d3e0: 498b cfc5 | f877 4989 | afb8 0300 | 0049 8987 | a803 0000 | 4883 ec20 | 40f6 c40f | 0f84 1900 
  0x0000027d0fe9d400: 0000 4883 | ec08 48b8 | a025 25de | f87f 0000 | ffd0 4883 | c408 e90c | 0000 0048 | b8a0 2525 
  0x0000027d0fe9d420: def8 7f00 | 00ff d048 | 83c4 2049 | c787 a803 | 0000 0000 | 0000 49c7 | 87b8 0300 | 0000 0000 
  0x0000027d0fe9d440: 0049 c787 | b003 0000 | 0000 0000 | c5f8 7749 | 837f 0800 | 0f84 0500 | 0000 e961 | 3aff ff4c 
  0x0000027d0fe9d460: 8b6d c04c | 8b75 c84e | 8d74 f500 | c348 8b5d | e8e9 40f7 | ffff 6690 
[/MachCode]

Compiled method (c1) 22941671 1363       3       java.awt.EventQueue::dispatchEventImpl (139 bytes)
 total in heap  [0x0000027d08c3d008,0x0000027d08c3f560] = 9560
 relocation     [0x0000027d08c3d0e0,0x0000027d08c3d390] = 688
 main code      [0x0000027d08c3d3a0,0x0000027d08c3f380] = 8160
 stub code      [0x0000027d08c3f380,0x0000027d08c3f490] = 272
 oops           [0x0000027d08c3f490,0x0000027d08c3f4a0] = 16
 metadata       [0x0000027d08c3f4a0,0x0000027d08c3f560] = 192
 immutable data [0x0000027d637aba00,0x0000027d637ac1c8] = 1992
 dependencies   [0x0000027d637aba00,0x0000027d637aba38] = 56
 nul chk table  [0x0000027d637aba38,0x0000027d637abab0] = 120
 handler table  [0x0000027d637abab0,0x0000027d637abb70] = 192
 scopes pcs     [0x0000027d637abb70,0x0000027d637abf80] = 1040
 scopes data    [0x0000027d637abf80,0x0000027d637ac1c8] = 584

[Constant Pool (empty)]

[MachCode]
[Instructions begin]
  0x0000027d08c3d3a0: 6666 660f | 1f84 0000 | 0000 0066 | 6666 9066 | 6690 448b | 5208 443b 

  0x0000027d08c3d3b8: ;   {runtime_call Shared Runtime ic_miss_blob}
  0x0000027d08c3d3b8: 5008 0f85 | a013 2a07 
[Verified Entry Point]
  0x0000027d08c3d3c0: 8984 2400 | 80ff ff55 | 4881 ecd0 | 0000 0090 | 4181 7f20 | 0100 0000 

  0x0000027d08c3d3d8: ;   {runtime_call StubRoutines (final stubs)}
  0x0000027d08c3d3d8: 7405 e821 | 8528 074c | 8984 24a8 

  0x0000027d08c3d3e4: ;   {metadata(method data for {method} {0x0000027d5f1879f8} 'dispatchEventImpl' '(Ljava/awt/AWTEvent;Ljava/lang/Object;)V' in 'java/awt/EventQueue')}
  0x0000027d08c3d3e4: 0000 0048 | be78 7783 | 5f7d 0200 | 008b becc | 0000 0083 | c702 89be | cc00 0000 | 81e7 fe07 
  0x0000027d08c3d404: 0000 85ff | 0f84 ec1a | 0000 41c6 | 4016 014d 

  0x0000027d08c3d414: ;   {metadata(method data for {method} {0x0000027d5f1879f8} 'dispatchEventImpl' '(Ljava/awt/AWTEvent;Ljava/lang/Object;)V' in 'java/awt/EventQueue')}
  0x0000027d08c3d414: 85c0 48bb | 7877 835f | 7d02 0000 | 750c 808b | 0901 0000 | 01e9 cb00 | 0000 418b | 4008 49ba 
  0x0000027d08c3d434: 0000 001e | 7d02 0000 | 4903 c248 | 3b83 1801 | 0000 750d | 4883 8320 | 0100 0001 | e960 0000 
  0x0000027d08c3d454: 0048 3b83 | 2801 0000 | 750d 4883 | 8330 0100 | 0001 e94a | 0000 0048 | 83bb 1801 | 0000 0075 
  0x0000027d08c3d474: 1748 8983 | 1801 0000 | 48c7 8320 | 0100 0001 | 0000 00e9 | 2900 0000 | 4883 bb28 | 0100 0000 
  0x0000027d08c3d494: 7517 4889 | 8328 0100 | 0048 c783 | 3001 0000 | 0100 0000 | e908 0000 | 0048 8383 | 1001 0000 
  0x0000027d08c3d4b4: ;   {metadata('java/awt/ActiveEvent')}
  0x0000027d08c3d4b4: 0148 b898 | ac69 5f7d | 0200 0041 | 8b58 0849 | ba00 0000 | 1e7d 0200 | 0049 03da | 483b 4320 
  0x0000027d08c3d4d4: 0f84 2400 | 0000 483b | d80f 841b | 0000 0053 

  0x0000027d08c3d4e4: ;   {runtime_call C1 Runtime slow_subtype_check_blob}
  0x0000027d08c3d4e4: 50e8 563a | 3607 5b5b | 85db 0f84 | 0500 0000 | e905 0000 | 0048 33f6 | eb05 be01 | 0000 0085 
  0x0000027d08c3d504: ;   {metadata(method data for {method} {0x0000027d5f1879f8} 'dispatchEventImpl' '(Ljava/awt/AWTEvent;Ljava/lang/Object;)V' in 'java/awt/EventQueue')}
  0x0000027d08c3d504: f648 be78 | 7783 5f7d | 0200 00bf | 5001 0000 | 7505 bf40 | 0100 0048 | 8b1c 3e48 | 8d5b 0148 
  0x0000027d08c3d524: 891c 3e0f | 8573 1500 | 004d 85c9 

  0x0000027d08c3d530: ;   {metadata(method data for {method} {0x0000027d5f1879f8} 'dispatchEventImpl' '(Ljava/awt/AWTEvent;Ljava/lang/Object;)V' in 'java/awt/EventQueue')}
  0x0000027d08c3d530: 48bb 7877 | 835f 7d02 | 0000 750c | 808b 0102 | 0000 01e9 | b100 0000 | 418b 4108 | 49ba 0000 
  0x0000027d08c3d550: 001e 7d02 | 0000 4903 | c248 3b83 | 1002 0000 | 750d 4883 | 8318 0200 | 0001 e960 | 0000 0048 
  0x0000027d08c3d570: 3b83 2002 | 0000 750d | 4883 8328 | 0200 0001 | e94a 0000 | 0048 83bb | 1002 0000 | 0075 1748 
  0x0000027d08c3d590: 8983 1002 | 0000 48c7 | 8318 0200 | 0001 0000 | 00e9 2900 | 0000 4883 | bb20 0200 | 0000 7517 
  0x0000027d08c3d5b0: 4889 8320 | 0200 0048 | c783 2802 | 0000 0100 | 0000 e908 | 0000 0048 | 8383 0802 

  0x0000027d08c3d5cc: ;   {metadata('java/awt/Component')}
  0x0000027d08c3d5cc: 0000 0148 | b8d0 2309 | 5f7d 0200 | 0041 8b59 | 0849 ba00 | 0000 1e7d | 0200 0049 | 03da 483b 
  0x0000027d08c3d5ec: 4338 0f85 | 0500 0000 | e905 0000 | 0048 33f6 | eb05 be01 | 0000 0085 

  0x0000027d08c3d604: ;   {metadata(method data for {method} {0x0000027d5f1879f8} 'dispatchEventImpl' '(Ljava/awt/AWTEvent;Ljava/lang/Object;)V' in 'java/awt/EventQueue')}
  0x0000027d08c3d604: f648 be78 | 7783 5f7d | 0200 00bf | 3802 0000 | 7405 bf48 | 0200 0048 | 8b1c 3e48 | 8d5b 0148 
  0x0000027d08c3d624: 891c 3e0f | 84e4 0600 | 004d 85c9 

  0x0000027d08c3d630: ;   {metadata(method data for {method} {0x0000027d5f1879f8} 'dispatchEventImpl' '(Ljava/awt/AWTEvent;Ljava/lang/Object;)V' in 'java/awt/EventQueue')}
  0x0000027d08c3d630: 48bf 7877 | 835f 7d02 | 0000 750c | 808f 5102 | 0000 01e9 | b100 0000 | 418b 5908 | 49ba 0000 
  0x0000027d08c3d650: 001e 7d02 | 0000 4903 | da48 3b9f | 6002 0000 | 750d 4883 | 8768 0200 | 0001 e960 | 0000 0048 
  0x0000027d08c3d670: 3b9f 7002 | 0000 750d | 4883 8778 | 0200 0001 | e94a 0000 | 0048 83bf | 6002 0000 | 0075 1748 
  0x0000027d08c3d690: 899f 6002 | 0000 48c7 | 8768 0200 | 0001 0000 | 00e9 2900 | 0000 4883 | bf70 0200 | 0000 7517 
  0x0000027d08c3d6b0: 4889 9f70 | 0200 0048 | c787 7802 | 0000 0100 | 0000 e908 | 0000 0048 | 8387 5802 

  0x0000027d08c3d6cc: ;   {metadata('java/awt/Component')}
  0x0000027d08c3d6cc: 0000 0148 | bbd0 2309 | 5f7d 0200 | 0041 8b79 | 0849 ba00 | 0000 1e7d | 0200 0049 | 03fa 483b 
  0x0000027d08c3d6ec: 5f38 0f85 | 2c18 0000 | e900 0000 | 0049 8bd1 

  0x0000027d08c3d6fc: ; implicit exception: dispatches to 0x0000027d08c3ef29
  0x0000027d08c3d6fc: 483b 0248 

  0x0000027d08c3d700: ;   {metadata(method data for {method} {0x0000027d5f1879f8} 'dispatchEventImpl' '(Ljava/awt/AWTEvent;Ljava/lang/Object;)V' in 'java/awt/EventQueue')}
  0x0000027d08c3d700: 8bf2 48bf | 7877 835f | 7d02 0000 | 8b76 0849 | ba00 0000 | 1e7d 0200 | 0049 03f2 | 483b b790 
  0x0000027d08c3d720: 0200 0075 | 0d48 8387 | 9802 0000 | 01e9 6000 | 0000 483b | b7a0 0200 | 0075 0d48 | 8387 a802 
  0x0000027d08c3d740: 0000 01e9 | 4a00 0000 | 4883 bf90 | 0200 0000 | 7517 4889 | b790 0200 | 0048 c787 | 9802 0000 
  0x0000027d08c3d760: 0100 0000 | e929 0000 | 0048 83bf | a002 0000 | 0075 1748 | 89b7 a002 | 0000 48c7 | 87a8 0200 
  0x0000027d08c3d780: 0001 0000 | 00e9 0800 | 0000 4883 | 8788 0200 

  0x0000027d08c3d790: ;   {metadata(method data for {method} {0x0000027d5f085860} 'dispatchEvent' '(Ljava/awt/AWTEvent;)V' in 'java/awt/Component')}
  0x0000027d08c3d790: 0001 48be | d888 835f | 7d02 0000 | 8bbe cc00 | 0000 83c7 | 0289 becc | 0000 0081 | e7fe ff1f 
  0x0000027d08c3d7b0: 0085 ff0f | 8475 1700 | 0048 8bf2 

  0x0000027d08c3d7bc: ;   {metadata(method data for {method} {0x0000027d5f085860} 'dispatchEvent' '(Ljava/awt/AWTEvent;)V' in 'java/awt/Component')}
  0x0000027d08c3d7bc: 48bf d888 | 835f 7d02 | 0000 8b76 | 0849 ba00 | 0000 1e7d | 0200 0049 | 03f2 483b | b718 0100 
  0x0000027d08c3d7dc: 0075 0d48 | 8387 2001 | 0000 01e9 | 6000 0000 | 483b b728 | 0100 0075 | 0d48 8387 | 3001 0000 
  0x0000027d08c3d7fc: 01e9 4a00 | 0000 4883 | bf18 0100 | 0000 7517 | 4889 b718 | 0100 0048 | c787 2001 | 0000 0100 
  0x0000027d08c3d81c: 0000 e929 | 0000 0048 | 83bf 2801 | 0000 0075 | 1748 89b7 | 2801 0000 | 48c7 8730 | 0100 0001 
  0x0000027d08c3d83c: 0000 00e9 | 0800 0000 | 4883 8710 | 0100 0001 | 498b f04c | 8bc6 6666 | 9048 b830 | 27bb 1d7d 
  0x0000027d08c3d85c: ;   {virtual_call}
  0x0000027d08c3d85c: 0200 00e8 

  0x0000027d08c3d860: ; ImmutableOopMap {[168]=Oop }
                      ;*invokevirtual dispatchEventImpl {reexecute=0 rethrow=0 return_oop=0}
                      ; - java.awt.Component::dispatchEvent@2 (line 4790)
                      ; - java.awt.EventQueue::dispatchEventImpl@41 (line 725)
  0x0000027d08c3d860: bc3a 5607 

  0x0000027d08c3d864: ;   {post_call_nop}
  0x0000027d08c3d864: 0f1f 8400 | 5c08 0000 | 4c8b 8424 | a800 0000 

  0x0000027d08c3d874: ;   {metadata(method data for {method} {0x0000027d5f1879f8} 'dispatchEventImpl' '(Ljava/awt/AWTEvent;Ljava/lang/Object;)V' in 'java/awt/EventQueue')}
  0x0000027d08c3d874: 48be 7877 | 835f 7d02 | 0000 458b | 4008 49ba | 0000 001e | 7d02 0000 | 4d03 c24c | 3b86 c002 
  0x0000027d08c3d894: 0000 750d | 4883 86c8 | 0200 0001 | e960 0000 | 004c 3b86 | d002 0000 | 750d 4883 | 86d8 0200 
  0x0000027d08c3d8b4: 0001 e94a | 0000 0048 | 83be c002 | 0000 0075 | 174c 8986 | c002 0000 | 48c7 86c8 | 0200 0001 
  0x0000027d08c3d8d4: 0000 00e9 | 2900 0000 | 4883 bed0 | 0200 0000 | 7517 4c89 | 86d0 0200 | 0048 c786 | d802 0000 
  0x0000027d08c3d8f4: 0100 0000 | e908 0000 | 0048 8386 | b802 0000 

  0x0000027d08c3d904: ;   {metadata(method data for {method} {0x0000027d5f0d8ec0} 'dispatched' '()V' in 'java/awt/AWTEvent')}
  0x0000027d08c3d904: 0148 be60 | 8a83 5f7d | 0200 008b | becc 0000 | 0083 c702 | 89be cc00 | 0000 81e7 | feff 1f00 
  0x0000027d08c3d924: 85ff 0f84 | 2316 0000 | 4c8b 8424 | a800 0000 

  0x0000027d08c3d934: ;   {metadata(method data for {method} {0x0000027d5f0d8ec0} 'dispatched' '()V' in 'java/awt/AWTEvent')}
  0x0000027d08c3d934: 4d85 c048 | bb60 8a83 | 5f7d 0200 | 0075 0c80 | 8b09 0100 | 0001 e9b1 | 0000 0041 | 8b40 0849 
  0x0000027d08c3d954: ba00 0000 | 1e7d 0200 | 0049 03c2 | 483b 8318 | 0100 0075 | 0d48 8383 | 2001 0000 | 01e9 6000 
  0x0000027d08c3d974: 0000 483b | 8328 0100 | 0075 0d48 | 8383 3001 | 0000 01e9 | 4a00 0000 | 4883 bb18 | 0100 0000 
  0x0000027d08c3d994: 7517 4889 | 8318 0100 | 0048 c783 | 2001 0000 | 0100 0000 | e929 0000 | 0048 83bb | 2801 0000 
  0x0000027d08c3d9b4: 0075 1748 | 8983 2801 | 0000 48c7 | 8330 0100 | 0001 0000 | 00e9 0800 | 0000 4883 | 8310 0100 
  0x0000027d08c3d9d4: ;   {metadata('java/awt/event/InputEvent')}
  0x0000027d08c3d9d4: 0001 48b8 | 88c7 105f | 7d02 0000 | 418b 5808 | 49ba 0000 | 001e 7d02 | 0000 4903 | da48 3b43 
  0x0000027d08c3d9f4: 500f 8505 | 0000 00e9 | 0500 0000 | 4833 f6eb | 05be 0100 | 0000 85f6 

  0x0000027d08c3da0c: ;   {metadata(method data for {method} {0x0000027d5f0d8ec0} 'dispatched' '()V' in 'java/awt/AWTEvent')}
  0x0000027d08c3da0c: 48be 608a | 835f 7d02 | 0000 bf40 | 0100 0074 | 05bf 5001 | 0000 488b | 1c3e 488d | 5b01 4889 
  0x0000027d08c3da2c: 1c3e 0f84 | a314 0000 

  0x0000027d08c3da34: ;   {metadata(method data for {method} {0x0000027d5f0d8ec0} 'dispatched' '()V' in 'java/awt/AWTEvent')}
  0x0000027d08c3da34: 48be 608a | 835f 7d02 | 0000 4883 | 8660 0100 

  0x0000027d08c3da44: ;   {metadata(method data for {method} {0x0000027d5f0f3078} 'getInputEventAccessor' '()Lsun/awt/AWTAccessor$InputEventAccessor;' in 'sun/awt/AWTAccessor')}
  0x0000027d08c3da44: 0001 48be | 708c 835f | 7d02 0000 | 8bbe cc00 | 0000 83c7 | 0289 becc | 0000 0081 | e7fe ff1f 
  0x0000027d08c3da64: 0085 ff0f | 8403 1500 

  0x0000027d08c3da6c: ;   {oop(a 'java/lang/Class'{0x0000000715783408} = 'sun/awt/AWTAccessor')}
  0x0000027d08c3da6c: 0048 be08 | 3478 1507 | 0000 008b | b684 0000 | 0048 c1e6 | 0348 85f6 

  0x0000027d08c3da84: ;   {metadata(method data for {method} {0x0000027d5f0f3078} 'getInputEventAccessor' '()Lsun/awt/AWTAccessor$InputEventAccessor;' in 'sun/awt/AWTAccessor')}
  0x0000027d08c3da84: 48bf 708c | 835f 7d02 | 0000 bb10 | 0100 0075 | 05bb 2001 | 0000 488b | 041f 488d | 4001 4889 
  0x0000027d08c3daa4: 041f 0f85 | bc12 0000 

  0x0000027d08c3daac: ;   {metadata(method data for {method} {0x0000027d5f0f3078} 'getInputEventAccessor' '()Lsun/awt/AWTAccessor$InputEventAccessor;' in 'sun/awt/AWTAccessor')}
  0x0000027d08c3daac: 48be 708c | 835f 7d02 | 0000 4883 | 8630 0100 

  0x0000027d08c3dabc: ;   {metadata(method data for {method} {0x0000027d5f0f5838} 'ensureClassInitialized' '(Ljava/lang/Class;)V' in 'sun/awt/AWTAccessor')}
  0x0000027d08c3dabc: 0001 48be | f85f 6b5f | 7d02 0000 | 8bbe cc00 | 0000 83c7 | 0289 becc | 0000 0081 | e7fe ff1f 
  0x0000027d08c3dadc: 0085 ff0f | 84ac 1400 

  0x0000027d08c3dae4: ;   {metadata(method data for {method} {0x0000027d5f0f5838} 'ensureClassInitialized' '(Ljava/lang/Class;)V' in 'sun/awt/AWTAccessor')}
  0x0000027d08c3dae4: 0048 bef8 | 5f6b 5f7d | 0200 0048 | 8386 1001 

  0x0000027d08c3daf4: ;   {metadata(method data for {method} {0x0000027d1e44ab28} 'lookup' '()Ljava/lang/invoke/MethodHandles$Lookup;' in 'java/lang/invoke/MethodHandles')}
  0x0000027d08c3daf4: 0000 0148 | bef8 616b | 5f7d 0200 | 008b becc | 0000 0083 | c702 89be | cc00 0000 | 81e7 feff 
  0x0000027d08c3db14: 1f00 85ff | 0f84 9414 

  0x0000027d08c3db1c: ;   {metadata(method data for {method} {0x0000027d1e44ab28} 'lookup' '()Ljava/lang/invoke/MethodHandles$Lookup;' in 'java/lang/invoke/MethodHandles')}
  0x0000027d08c3db1c: 0000 48be | f861 6b5f | 7d02 0000 | 4883 8610 | 0100 0001 | 0f1f 8000 

  0x0000027d08c3db34: ;   {static_call}
  0x0000027d08c3db34: 0000 00e8 

  0x0000027d08c3db38: ; ImmutableOopMap {[168]=Oop }
                      ;*invokestatic getCallerClass {reexecute=0 rethrow=0 return_oop=0}
                      ; - java.lang.invoke.MethodHandles::lookup@0 (line 126)
                      ; - sun.awt.AWTAccessor::ensureClassInitialized@0 (line 1464)
                      ; - sun.awt.AWTAccessor::getInputEventAccessor@10 (line 963)
                      ; - java.awt.AWTEvent::dispatched@7 (line 571)
                      ; - java.awt.EventQueue::dispatchEventImpl@45 (line 726)
  0x0000027d08c3db38: 2415 2a07 

  0x0000027d08c3db3c: ;   {post_call_nop}
  0x0000027d08c3db3c: 0f1f 8400 | 340b 0001 | 4c8b c04d 

  0x0000027d08c3db48: ;   {metadata(method data for {method} {0x0000027d1e44ab28} 'lookup' '()Ljava/lang/invoke/MethodHandles$Lookup;' in 'java/lang/invoke/MethodHandles')}
  0x0000027d08c3db48: 85c0 48ba | f861 6b5f | 7d02 0000 | be30 0100 | 0074 05be | 2001 0000 | 488b 3c32 | 488d 7f01 
  0x0000027d08c3db68: 4889 3c32 | 0f84 1d11 

  0x0000027d08c3db70: ;   {metadata('java/lang/invoke/MethodHandles$Lookup')}
  0x0000027d08c3db70: 0000 48ba | b8a5 1e1e | 7d02 0000 | 498b 87c8 | 0100 0048 | 8d78 2049 | 3bbf d801 | 0000 0f87 
  0x0000027d08c3db90: 3f14 0000 | 4989 bfc8 | 0100 0048 | c700 0100 | 0000 488b | ca49 ba00 | 0000 1e7d | 0200 0049 
  0x0000027d08c3dbb0: 2bca 8948 | 0848 33c9 | 8948 0c48 | 33c9 4889 | 4810 4889 | 4818 4c8b 

  0x0000027d08c3dbc8: ;   {metadata(method data for {method} {0x0000027d1e44ab28} 'lookup' '()Ljava/lang/invoke/MethodHandles$Lookup;' in 'java/lang/invoke/MethodHandles')}
  0x0000027d08c3dbc8: c848 bff8 | 616b 5f7d | 0200 0048 | 8387 5001 

  0x0000027d08c3dbd8: ;   {metadata(method data for {method} {0x0000027d1e44edd8} '<init>' '(Ljava/lang/Class;)V' in 'java/lang/invoke/MethodHandles$Lookup')}
  0x0000027d08c3dbd8: 0000 0149 | b9e0 636b | 5f7d 0200 | 0041 8bb9 | cc00 0000 | 83c7 0241 | 89b9 cc00 | 0000 81e7 
  0x0000027d08c3dbf8: feff 1f00 | 85ff 0f84 | dc13 0000 

  0x0000027d08c3dc04: ;   {metadata(method data for {method} {0x0000027d1e44edd8} '<init>' '(Ljava/lang/Class;)V' in 'java/lang/invoke/MethodHandles$Lookup')}
  0x0000027d08c3dc04: 4c8b c848 | bfe0 636b | 5f7d 0200 | 0048 8387 | 1001 0000 

  0x0000027d08c3dc18: ;   {oop(nullptr)}
  0x0000027d08c3dc18: 0149 b900 | 0000 0000 | 0000 00bf | 5f00 0000 | 488b d048 | 8984 24b0 | 0000 000f 

  0x0000027d08c3dc34: ;   {optimized virtual_call}
  0x0000027d08c3dc34: 1f40 00e8 

  0x0000027d08c3dc38: ; ImmutableOopMap {[168]=Oop [176]=Oop }
                      ;*invokespecial <init> {reexecute=0 rethrow=0 return_oop=0}
                      ; - java.lang.invoke.MethodHandles$Lookup::<init>@5 (line 1534)
                      ; - java.lang.invoke.MethodHandles::lookup@23 (line 130)
                      ; - sun.awt.AWTAccessor::ensureClassInitialized@0 (line 1464)
                      ; - sun.awt.AWTAccessor::getInputEventAccessor@10 (line 963)
                      ; - java.awt.AWTEvent::dispatched@7 (line 571)
                      ; - java.awt.EventQueue::dispatchEventImpl@45 (line 726)
  0x0000027d08c3dc38: 240e 2a07 

  0x0000027d08c3dc3c: ;   {post_call_nop}
  0x0000027d08c3dc3c: 0f1f 8400 | 340c 0002 | 488b 8424 | b000 0000 

  0x0000027d08c3dc4c: ;   {metadata(method data for {method} {0x0000027d5f0f5838} 'ensureClassInitialized' '(Ljava/lang/Class;)V' in 'sun/awt/AWTAccessor')}
  0x0000027d08c3dc4c: 4c8b c048 | baf8 5f6b | 5f7d 0200 | 0045 8b40 | 0849 ba00 | 0000 1e7d | 0200 004d | 03c2 4c3b 
  0x0000027d08c3dc6c: 8228 0100 | 0075 0d48 | 8382 3001 | 0000 01e9 | 6000 0000 | 4c3b 8238 | 0100 0075 | 0d48 8382 
  0x0000027d08c3dc8c: 4001 0000 | 01e9 4a00 | 0000 4883 | ba28 0100 | 0000 7517 | 4c89 8228 | 0100 0048 | c782 3001 
  0x0000027d08c3dcac: 0000 0100 | 0000 e929 | 0000 0048 | 83ba 3801 | 0000 0075 | 174c 8982 | 3801 0000 | 48c7 8240 
  0x0000027d08c3dccc: 0100 0001 | 0000 00e9 | 0800 0000 | 4883 8220 | 0100 0001 

  0x0000027d08c3dce0: ;   {oop(a 'java/lang/Class'{0x00000007157c38d8} = 'java/awt/event/InputEvent')}
  0x0000027d08c3dce0: 49b8 d838 | 7c15 0700 | 0000 488b 

  0x0000027d08c3dcec: ;   {optimized virtual_call}
  0x0000027d08c3dcec: d066 90e8 

  0x0000027d08c3dcf0: ; ImmutableOopMap {[168]=Oop }
                      ;*invokevirtual ensureInitialized {reexecute=0 rethrow=0 return_oop=0}
                      ; - sun.awt.AWTAccessor::ensureClassInitialized@4 (line 1464)
                      ; - sun.awt.AWTAccessor::getInputEventAccessor@10 (line 963)
                      ; - java.awt.AWTEvent::dispatched@7 (line 571)
                      ; - java.awt.EventQueue::dispatchEventImpl@45 (line 726)
  0x0000027d08c3dcf0: 6c0d 2a07 

  0x0000027d08c3dcf4: ;   {post_call_nop}
  0x0000027d08c3dcf4: 0f1f 8400 | ec0c 0003 

  0x0000027d08c3dcfc: ;   {metadata(method data for {method} {0x0000027d5f0f5838} 'ensureClassInitialized' '(Ljava/lang/Class;)V' in 'sun/awt/AWTAccessor')}
  0x0000027d08c3dcfc: 48ba f85f | 6b5f 7d02 | 0000 ff82 | 5001 0000 | e943 1000 | 004d 85c9 

  0x0000027d08c3dd14: ;   {metadata(method data for {method} {0x0000027d5f1879f8} 'dispatchEventImpl' '(Ljava/awt/AWTEvent;Ljava/lang/Object;)V' in 'java/awt/EventQueue')}
  0x0000027d08c3dd14: 48bb 7877 | 835f 7d02 | 0000 750c | 808b f902 | 0000 01e9 | dc00 0000 | 418b 4108 | 49ba 0000 
  0x0000027d08c3dd34: 001e 7d02 | 0000 4903 | c248 3b83 | 0803 0000 | 750d 4883 | 8310 0300 | 0001 e960 | 0000 0048 
  0x0000027d08c3dd54: 3b83 1803 | 0000 750d | 4883 8320 | 0300 0001 | e94a 0000 | 0048 83bb | 0803 0000 | 0075 1748 
  0x0000027d08c3dd74: 8983 0803 | 0000 48c7 | 8310 0300 | 0001 0000 | 00e9 2900 | 0000 4883 | bb18 0300 | 0000 7517 
  0x0000027d08c3dd94: 4889 8318 | 0300 0048 | c783 2003 | 0000 0100 | 0000 e908 | 0000 0048 | 8383 0003 | 0000 010f 
  0x0000027d08c3ddb4: 1f44 0000 

  0x0000027d08c3ddb8: ;   {no_reloc}
  0x0000027d08c3ddb8: e953 1200 | 0000 0000 | 0000 418b | 5908 49ba | 0000 001e | 7d02 0000 | 4903 da48 | 3bd8 0f84 
  0x0000027d08c3ddd8: 3100 0000 | 8b78 1448 | 3b04 3b0f | 8424 0000 | 0083 ff20 | 0f85 1600 | 0000 5350 

  0x0000027d08c3ddf4: ;   {runtime_call C1 Runtime slow_subtype_check_blob}
  0x0000027d08c3ddf4: e847 3136 | 075b 5885 | c00f 8405 | 0000 00e9 | 0500 0000 | 4833 f6eb | 05be 0100 | 0000 85f6 
  0x0000027d08c3de14: ;   {metadata(method data for {method} {0x0000027d5f1879f8} 'dispatchEventImpl' '(Ljava/awt/AWTEvent;Ljava/lang/Object;)V' in 'java/awt/EventQueue')}
  0x0000027d08c3de14: 48be 7877 | 835f 7d02 | 0000 bf40 | 0300 0075 | 05bf 3003 | 0000 488b | 1c3e 488d | 5b01 4889 
  0x0000027d08c3de34: 1c3e 0f85 | 240b 0000 

  0x0000027d08c3de3c: ;   {metadata(method data for {method} {0x0000027d5f1879f8} 'dispatchEventImpl' '(Ljava/awt/AWTEvent;Ljava/lang/Object;)V' in 'java/awt/EventQueue')}
  0x0000027d08c3de3c: 4d85 c948 | bb78 7783 | 5f7d 0200 | 0075 0c80 | 8bc1 0300 | 0001 e9d9 | 0000 0041 | 8b41 0849 
  0x0000027d08c3de5c: ba00 0000 | 1e7d 0200 | 0049 03c2 | 483b 83d0 | 0300 0075 | 0d48 8383 | d803 0000 | 01e9 6000 
  0x0000027d08c3de7c: 0000 483b | 83e0 0300 | 0075 0d48 | 8383 e803 | 0000 01e9 | 4a00 0000 | 4883 bbd0 | 0300 0000 
  0x0000027d08c3de9c: 7517 4889 | 83d0 0300 | 0048 c783 | d803 0000 | 0100 0000 | e929 0000 | 0048 83bb | e003 0000 
  0x0000027d08c3debc: 0075 1748 | 8983 e003 | 0000 48c7 | 83e8 0300 | 0001 0000 | 00e9 0800 | 0000 4883 | 83c8 0300 
  0x0000027d08c3dedc: 0001 6690 

  0x0000027d08c3dee0: ;   {no_reloc}
  0x0000027d08c3dee0: e944 1100 | 0000 0000 | 0000 418b | 5908 49ba | 0000 001e | 7d02 0000 | 4903 da48 | 3bd8 0f84 
  0x0000027d08c3df00: 3100 0000 | 8b78 1448 | 3b04 3b0f | 8424 0000 | 0083 ff20 | 0f85 1600 | 0000 5350 

  0x0000027d08c3df1c: ;   {runtime_call C1 Runtime slow_subtype_check_blob}
  0x0000027d08c3df1c: e81f 3036 | 075b 5885 | c00f 8405 | 0000 00e9 | 0500 0000 | 4833 f6eb | 05be 0100 | 0000 85f6 
  0x0000027d08c3df3c: ;   {metadata(method data for {method} {0x0000027d5f1879f8} 'dispatchEventImpl' '(Ljava/awt/AWTEvent;Ljava/lang/Object;)V' in 'java/awt/EventQueue')}
  0x0000027d08c3df3c: 48be 7877 | 835f 7d02 | 0000 bf08 | 0400 0075 | 05bf f803 | 0000 488b | 1c3e 488d | 5b01 4889 
  0x0000027d08c3df5c: 1c3e 0f85 | be08 0000 

  0x0000027d08c3df64: ;   {metadata(method data for {method} {0x0000027d5f1879f8} 'dispatchEventImpl' '(Ljava/awt/AWTEvent;Ljava/lang/Object;)V' in 'java/awt/EventQueue')}
  0x0000027d08c3df64: 4d85 c948 | bb78 7783 | 5f7d 0200 | 0075 0c80 | 8b89 0400 | 0001 e9b0 | 0000 0041 | 8b41 0849 
  0x0000027d08c3df84: ba00 0000 | 1e7d 0200 | 0049 03c2 | 483b 8398 | 0400 0075 | 0d48 8383 | a004 0000 | 01e9 6000 
  0x0000027d08c3dfa4: 0000 483b | 83a8 0400 | 0075 0d48 | 8383 b004 | 0000 01e9 | 4a00 0000 | 4883 bb98 | 0400 0000 
  0x0000027d08c3dfc4: 7517 4889 | 8398 0400 | 0048 c783 | a004 0000 | 0100 0000 | e929 0000 | 0048 83bb | a804 0000 
  0x0000027d08c3dfe4: 0075 1748 | 8983 a804 | 0000 48c7 | 83b0 0400 | 0001 0000 | 00e9 0800 | 0000 4883 | 8390 0400 
  0x0000027d08c3e004: ;   {metadata('sun/awt/AWTAutoShutdown')}
  0x0000027d08c3e004: 0001 48b8 | 18c2 061f | 7d02 0000 | 418b 7908 | 49ba 0000 | 001e 7d02 | 0000 4903 | fa48 3bc7 
  0x0000027d08c3e024: 0f85 0500 | 0000 e905 | 0000 0048 | 33f6 eb05 | be01 0000 

  0x0000027d08c3e038: ;   {metadata(method data for {method} {0x0000027d5f1879f8} 'dispatchEventImpl' '(Ljava/awt/AWTEvent;Ljava/lang/Object;)V' in 'java/awt/EventQueue')}
  0x0000027d08c3e038: 0085 f648 | be78 7783 | 5f7d 0200 | 00bf c004 | 0000 7405 | bfd0 0400 | 0048 8b1c | 3e48 8d5b 
  0x0000027d08c3e058: 0148 891c | 3e0f 8448 | 0100 0048 

  0x0000027d08c3e064: ;   {metadata(method data for {method} {0x0000027d5f1879f8} 'dispatchEventImpl' '(Ljava/awt/AWTEvent;Ljava/lang/Object;)V' in 'java/awt/EventQueue')}
  0x0000027d08c3e064: 8bf2 48bf | 7877 835f | 7d02 0000 | 4883 87e0 | 0400 0001 

  0x0000027d08c3e078: ;   {metadata(method data for {method} {0x0000027d5f187030} 'noEvents' '()Z' in 'java/awt/EventQueue')}
  0x0000027d08c3e078: 48be 2854 | 835f 7d02 | 0000 8bbe | cc00 0000 | 83c7 0289 | becc 0000 | 0081 e7fe | ff1f 0085 
  0x0000027d08c3e098: ff0f 8494 | 0f00 00be | 0000 0000 | e994 0000 | 000f 1f80 | 0000 0000 | 8b7a 2048 | c1e7 033b 
  0x0000027d08c3e0b8: 770c 0f83 | 9e0f 0000 | 4863 de8b | 7c9f 1048 | c1e7 038b | 7f0c 48c1 | e703 4885 

  0x0000027d08c3e0d4: ;   {metadata(method data for {method} {0x0000027d5f187030} 'noEvents' '()Z' in 'java/awt/EventQueue')}
  0x0000027d08c3e0d4: ff48 bf28 | 5483 5f7d | 0200 00bb | 4001 0000 | 7505 bb30 | 0100 0048 | 8b04 1f48 | 8d40 0148 
  0x0000027d08c3e0f4: 8904 1f0f | 8570 0000 

  0x0000027d08c3e0fc: ;   {metadata(method data for {method} {0x0000027d5f187030} 'noEvents' '()Z' in 'java/awt/EventQueue')}
  0x0000027d08c3e0fc: 00ff c648 | bf28 5483 | 5f7d 0200 | 008b 9fd0 | 0000 0083 | c302 899f | d000 0000 | 81e3 fe3f 
  0x0000027d08c3e11c: 0000 85db | 0f84 4b0f | 0000 4d8b 

  0x0000027d08c3e128: ; ImmutableOopMap {rdx=Oop }
                      ;*goto {reexecute=1 rethrow=0 return_oop=0}
                      ; - (reexecute) java.awt.EventQueue::noEvents@24 (line 520)
                      ; - java.awt.EventQueue::dispatchEventImpl@95 (line 732)
                      ;   {poll}
  0x0000027d08c3e128: 5730 4185 

  0x0000027d08c3e12c: ;   {metadata(method data for {method} {0x0000027d5f187030} 'noEvents' '()Z' in 'java/awt/EventQueue')}
  0x0000027d08c3e12c: 0248 bf28 | 5483 5f7d | 0200 00ff | 8750 0100 | 0083 fe04 

  0x0000027d08c3e140: ;   {metadata(method data for {method} {0x0000027d5f187030} 'noEvents' '()Z' in 'java/awt/EventQueue')}
  0x0000027d08c3e140: 48bf 2854 | 835f 7d02 | 0000 bb10 | 0100 007d | 05bb 2001 | 0000 488b | 041f 488d | 4001 4889 
  0x0000027d08c3e160: 041f 0f8d | 0f00 0000 | e943 ffff | ffbe 0000 | 0000 e905 | 0000 00be | 0100 0000 

  0x0000027d08c3e17c: ;   {metadata(method data for {method} {0x0000027d5f1879f8} 'dispatchEventImpl' '(Ljava/awt/AWTEvent;Ljava/lang/Object;)V' in 'java/awt/EventQueue')}
  0x0000027d08c3e17c: 85f6 48be | 7877 835f | 7d02 0000 | bf10 0500 | 0074 05bf | 2005 0000 | 488b 1c3e | 488d 5b01 
  0x0000027d08c3e19c: 4889 1c3e | 0f84 410d | 0000 e9ec 

  0x0000027d08c3e1a8: ;   {metadata(method data for {method} {0x0000027d5f1879f8} 'dispatchEventImpl' '(Ljava/awt/AWTEvent;Ljava/lang/Object;)V' in 'java/awt/EventQueue')}
  0x0000027d08c3e1a8: 0500 0048 | ba78 7783 | 5f7d 0200 | 0048 8382 | 7805 0000 

  0x0000027d08c3e1bc: ;   {metadata(method data for {method} {0x0000027d5f185e00} 'getEventLog' '()Lsun/util/logging/PlatformLogger;' in 'java/awt/EventQueue')}
  0x0000027d08c3e1bc: 0148 ba90 | 9483 5f7d | 0200 008b | b2cc 0000 | 0083 c602 | 89b2 cc00 | 0000 81e6 | feff 1f00 
  0x0000027d08c3e1dc: 85f6 0f84 | ae0e 0000 

  0x0000027d08c3e1e4: ;   {oop(a 'java/lang/Class'{0x00000007157ea980} = 'java/awt/EventQueue')}
  0x0000027d08c3e1e4: 48ba 80a9 | 7e15 0700 | 0000 8b52 | 7848 c1e2 | 0348 85d2 

  0x0000027d08c3e1f8: ;   {metadata(method data for {method} {0x0000027d5f185e00} 'getEventLog' '()Lsun/util/logging/PlatformLogger;' in 'java/awt/EventQueue')}
  0x0000027d08c3e1f8: 48ba 9094 | 835f 7d02 | 0000 be10 | 0100 0075 | 05be 2001 | 0000 488b | 3c32 488d | 7f01 4889 
  0x0000027d08c3e218: 3c32 0f85 | 6800 0000 

  0x0000027d08c3e220: ;   {metadata(method data for {method} {0x0000027d5f185e00} 'getEventLog' '()Lsun/util/logging/PlatformLogger;' in 'java/awt/EventQueue')}
  0x0000027d08c3e220: 48ba 9094 | 835f 7d02 | 0000 4883 | 8230 0100 

  0x0000027d08c3e230: ;   {oop("java.awt.event.EventQueue"{0x0000000714beb910})}
  0x0000027d08c3e230: 0001 48ba | 10b9 be14 | 0700 0000 

  0x0000027d08c3e23c: ;   {static_call}
  0x0000027d08c3e23c: 6666 90e8 

  0x0000027d08c3e240: ; ImmutableOopMap {[168]=Oop }
                      ;*invokestatic getLogger {reexecute=0 rethrow=0 return_oop=0}
                      ; - java.awt.EventQueue::getEventLog@8 (line 181)
                      ; - java.awt.EventQueue::dispatchEventImpl@111 (line 736)
  0x0000027d08c3e240: 1c0e 2a07 

  0x0000027d08c3e244: ;   {post_call_nop}
  0x0000027d08c3e244: 0f1f 8400 | 3c12 0005 

  0x0000027d08c3e24c: ;   {oop(a 'java/lang/Class'{0x00000007157ea980} = 'java/awt/EventQueue')}
  0x0000027d08c3e24c: 49b8 80a9 | 7e15 0700 | 0000 410f | be57 4885 | d20f 8550 | 0e00 004c | 8bd0 49c1 | ea03 4589 
  0x0000027d08c3e26c: 5078 f083 | 4424 c000 | 498b d048 | 33d0 48c1 | ea15 4883 | fa00 0f85 | 4b0e 0000 

  0x0000027d08c3e288: ;   {oop(a 'java/lang/Class'{0x00000007157ea980} = 'java/awt/EventQueue')}
  0x0000027d08c3e288: 49b8 80a9 | 7e15 0700 | 0000 458b | 4078 49c1 | e003 493b | 0049 8bd0 

  0x0000027d08c3e2a0: ;   {metadata(method data for {method} {0x0000027d5f1879f8} 'dispatchEventImpl' '(Ljava/awt/AWTEvent;Ljava/lang/Object;)V' in 'java/awt/EventQueue')}
  0x0000027d08c3e2a0: 48be 7877 | 835f 7d02 

  0x0000027d08c3e2a8: ;   {metadata('sun/util/logging/PlatformLogger')}
  0x0000027d08c3e2a8: 0000 49ba | 30f2 041f | 7d02 0000 | 4c89 9690 | 0500 0048 | 8386 9805 

  0x0000027d08c3e2c0: ;   {metadata(method data for {method} {0x0000027d5f0da6d0} 'isLoggable' '(Lsun/util/logging/PlatformLogger$Level;)Z' in 'sun/util/logging/PlatformLogger')}
  0x0000027d08c3e2c0: 0000 0148 | bad8 0d3e | 5f7d 0200 | 008b b2cc | 0000 0083 | c602 89b2 | cc00 0000 | 81e6 feff 
  0x0000027d08c3e2e0: 1f00 85f6 | 0f84 060e 

  0x0000027d08c3e2e8: ;   {metadata(method data for {method} {0x0000027d5f0da6d0} 'isLoggable' '(Lsun/util/logging/PlatformLogger$Level;)Z' in 'sun/util/logging/PlatformLogger')}
  0x0000027d08c3e2e8: 0000 48ba | d80d 3e5f | 7d02 0000 | ff82 1001 | 0000 418b | 500c 48c1 | e203 483b | 024c 8bc2 
  0x0000027d08c3e308: ;   {metadata(method data for {method} {0x0000027d5f0da6d0} 'isLoggable' '(Lsun/util/logging/PlatformLogger$Level;)Z' in 'sun/util/logging/PlatformLogger')}
  0x0000027d08c3e308: 48be d80d | 3e5f 7d02 | 0000 458b | 4008 49ba | 0000 001e | 7d02 0000 | 4d03 c24c | 3b86 4801 
  0x0000027d08c3e328: 0000 750d | 4883 8650 | 0100 0001 | e960 0000 | 004c 3b86 | 5801 0000 | 750d 4883 | 8660 0100 
  0x0000027d08c3e348: 0001 e94a | 0000 0048 | 83be 4801 | 0000 0075 | 174c 8986 | 4801 0000 | 48c7 8650 | 0100 0001 
  0x0000027d08c3e368: 0000 00e9 | 2900 0000 | 4883 be58 | 0100 0000 | 7517 4c89 | 8658 0100 | 0048 c786 | 6001 0000 
  0x0000027d08c3e388: 0100 0000 | e908 0000 | 0048 8386 | 4001 0000 

  0x0000027d08c3e398: ;   {oop(a 'sun/util/logging/PlatformLogger$Level'{0x000000071577bb20})}
  0x0000027d08c3e398: 0149 b820 | bb77 1507 | 0000 0066 | 9048 b858 | 27bb 1d7d 

  0x0000027d08c3e3ac: ;   {virtual_call}
  0x0000027d08c3e3ac: 0200 00e8 

  0x0000027d08c3e3b0: ; ImmutableOopMap {[168]=Oop }
                      ;*invokeinterface isLoggable {reexecute=0 rethrow=0 return_oop=0}
                      ; - sun.util.logging.PlatformLogger::isLoggable@17 (line 340)
                      ; - java.awt.EventQueue::dispatchEventImpl@117 (line 736)
  0x0000027d08c3e3b0: ac09 2a07 

  0x0000027d08c3e3b4: ;   {post_call_nop}
  0x0000027d08c3e3b4: 0f1f 8400 | ac13 0006 | 83e0 0185 

  0x0000027d08c3e3c0: ;   {metadata(method data for {method} {0x0000027d5f1879f8} 'dispatchEventImpl' '(Ljava/awt/AWTEvent;Ljava/lang/Object;)V' in 'java/awt/EventQueue')}
  0x0000027d08c3e3c0: c048 ba78 | 7783 5f7d | 0200 00be | b805 0000 | 7405 bec8 | 0500 0048 | 8b3c 3248 | 8d7f 0148 
  0x0000027d08c3e3e0: 893c 320f | 84fe 0a00 

  0x0000027d08c3e3e8: ;   {metadata(method data for {method} {0x0000027d5f1879f8} 'dispatchEventImpl' '(Ljava/awt/AWTEvent;Ljava/lang/Object;)V' in 'java/awt/EventQueue')}
  0x0000027d08c3e3e8: 0048 ba78 | 7783 5f7d | 0200 0048 | 8382 d805 

  0x0000027d08c3e3f8: ;   {metadata(method data for {method} {0x0000027d5f185e00} 'getEventLog' '()Lsun/util/logging/PlatformLogger;' in 'java/awt/EventQueue')}
  0x0000027d08c3e3f8: 0000 0148 | ba90 9483 | 5f7d 0200 | 008b b2cc | 0000 0083 | c602 89b2 | cc00 0000 | 81e6 feff 
  0x0000027d08c3e418: 1f00 85f6 | 0f84 f40c 

  0x0000027d08c3e420: ;   {oop(a 'java/lang/Class'{0x00000007157ea980} = 'java/awt/EventQueue')}
  0x0000027d08c3e420: 0000 48ba | 80a9 7e15 | 0700 0000 | 8b52 7848 | c1e2 0348 

  0x0000027d08c3e434: ;   {metadata(method data for {method} {0x0000027d5f185e00} 'getEventLog' '()Lsun/util/logging/PlatformLogger;' in 'java/awt/EventQueue')}
  0x0000027d08c3e434: 85d2 48ba | 9094 835f | 7d02 0000 | be10 0100 | 0075 05be | 2001 0000 | 488b 3c32 | 488d 7f01 
  0x0000027d08c3e454: 4889 3c32 | 0f85 6a00 

  0x0000027d08c3e45c: ;   {metadata(method data for {method} {0x0000027d5f185e00} 'getEventLog' '()Lsun/util/logging/PlatformLogger;' in 'java/awt/EventQueue')}
  0x0000027d08c3e45c: 0000 48ba | 9094 835f | 7d02 0000 | 4883 8230 | 0100 0001 

  0x0000027d08c3e470: ;   {oop("java.awt.event.EventQueue"{0x0000000714beb910})}
  0x0000027d08c3e470: 48ba 10b9 | be14 0700 | 0000 0f1f 

  0x0000027d08c3e47c: ;   {static_call}
  0x0000027d08c3e47c: 4400 00e8 

  0x0000027d08c3e480: ; ImmutableOopMap {[168]=Oop }
                      ;*invokestatic getLogger {reexecute=0 rethrow=0 return_oop=0}
                      ; - java.awt.EventQueue::getEventLog@8 (line 181)
                      ; - java.awt.EventQueue::dispatchEventImpl@123 (line 737)
  0x0000027d08c3e480: dc0b 2a07 

  0x0000027d08c3e484: ;   {post_call_nop}
  0x0000027d08c3e484: 0f1f 8400 | 7c14 0007 

  0x0000027d08c3e48c: ;   {oop(a 'java/lang/Class'{0x00000007157ea980} = 'java/awt/EventQueue')}
  0x0000027d08c3e48c: 48ba 80a9 | 7e15 0700 | 0000 410f | be77 4885 | f60f 8594 | 0c00 004c | 8bd0 49c1 | ea03 4489 
  0x0000027d08c3e4ac: 5278 f083 | 4424 c000 | 488b f248 | 33f0 48c1 | ee15 4883 | fe00 0f85 | 8e0c 0000 

  0x0000027d08c3e4c8: ;   {oop(a 'java/lang/Class'{0x00000007157ea980} = 'java/awt/EventQueue')}
  0x0000027d08c3e4c8: 48ba 80a9 | 7e15 0700 | 0000 8b72 | 7848 c1e6 | 0348 89b4 | 24b8 0000 | 004c 8b84 | 24a8 0000 
  0x0000027d08c3e4e8: ;   {metadata(method data for {method} {0x0000027d5f1879f8} 'dispatchEventImpl' '(Ljava/awt/AWTEvent;Ljava/lang/Object;)V' in 'java/awt/EventQueue')}
  0x0000027d08c3e4e8: 0048 ba78 | 7783 5f7d | 0200 0048 | 8382 e805 

  0x0000027d08c3e4f8: ;   {metadata(method data for {method} {0x0000027d1e47e890} 'valueOf' '(Ljava/lang/Object;)Ljava/lang/String;' in 'java/lang/String')}
  0x0000027d08c3e4f8: 0000 0148 | ba30 4920 | 5f7d 0200 | 008b bacc | 0000 0083 | c702 89ba | cc00 0000 | 81e7 feff 
  0x0000027d08c3e518: 1f00 85ff | 0f84 4c0c | 0000 4d85 

  0x0000027d08c3e524: ;   {metadata(method data for {method} {0x0000027d1e47e890} 'valueOf' '(Ljava/lang/Object;)Ljava/lang/String;' in 'java/lang/String')}
  0x0000027d08c3e524: c048 ba30 | 4920 5f7d | 0200 00bf | 1001 0000 | 7505 bf20 | 0100 0048 | 8b1c 3a48 | 8d5b 0148 
  0x0000027d08c3e544: 891c 3a0f | 851f 0000 

  0x0000027d08c3e54c: ;   {metadata(method data for {method} {0x0000027d1e47e890} 'valueOf' '(Ljava/lang/Object;)Ljava/lang/String;' in 'java/lang/String')}
  0x0000027d08c3e54c: 0048 ba30 | 4920 5f7d | 0200 00ff | 8230 0100 

  0x0000027d08c3e55c: ;   {oop("null"{0x00000007ffe1c918})}
  0x0000027d08c3e55c: 0048 bf18 | c9e1 ff07 | 0000 00e9 | ab00 0000 

  0x0000027d08c3e56c: ;   {metadata(method data for {method} {0x0000027d1e47e890} 'valueOf' '(Ljava/lang/Object;)Ljava/lang/String;' in 'java/lang/String')}
  0x0000027d08c3e56c: 498b d048 | bf30 4920 | 5f7d 0200 | 008b 5208 | 49ba 0000 | 001e 7d02 | 0000 4903 | d248 3b97 
  0x0000027d08c3e58c: 5001 0000 | 750d 4883 | 8758 0100 | 0001 e960 | 0000 0048 | 3b97 6001 | 0000 750d | 4883 8768 
  0x0000027d08c3e5ac: 0100 0001 | e94a 0000 | 0048 83bf | 5001 0000 | 0075 1748 | 8997 5001 | 0000 48c7 | 8758 0100 
  0x0000027d08c3e5cc: 0001 0000 | 00e9 2900 | 0000 4883 | bf60 0100 | 0000 7517 | 4889 9760 | 0100 0048 | c787 6801 
  0x0000027d08c3e5ec: 0000 0100 | 0000 e908 | 0000 0048 | 8387 4801 | 0000 0149 | 8bd0 0f1f 

  0x0000027d08c3e604: ;   {optimized virtual_call}
  0x0000027d08c3e604: 4400 00e8 

  0x0000027d08c3e608: ; ImmutableOopMap {[184]=Oop }
                      ;*invokevirtual toString {reexecute=0 rethrow=0 return_oop=0}
                      ; - java.lang.String::valueOf@11 (line 4543)
                      ; - java.awt.EventQueue::dispatchEventImpl@127 (line 737)
  0x0000027d08c3e608: 5404 2a07 

  0x0000027d08c3e60c: ;   {post_call_nop}
  0x0000027d08c3e60c: 0f1f 8400 | 0416 0008 | 488b f890 

  0x0000027d08c3e618: ;   {no_reloc}
  0x0000027d08c3e618: e981 0b00 | 0090 9090 | 9090 488b 

  0x0000027d08c3e624: ;   {static_call}
  0x0000027d08c3e624: d766 90e8 

  0x0000027d08c3e628: ; ImmutableOopMap {[184]=Oop }
                      ;*invokedynamic {reexecute=0 rethrow=0 return_oop=0}
                      ; - java.awt.EventQueue::dispatchEventImpl@130 (line 737)
  0x0000027d08c3e628: 340a 2a07 

  0x0000027d08c3e62c: ;   {post_call_nop}
  0x0000027d08c3e62c: 0f1f 8400 | 2416 0009 

  0x0000027d08c3e634: ;   {metadata(method data for {method} {0x0000027d5f1879f8} 'dispatchEventImpl' '(Ljava/awt/AWTEvent;Ljava/lang/Object;)V' in 'java/awt/EventQueue')}
  0x0000027d08c3e634: 49b8 7877 | 835f 7d02 | 0000 4d8d | 8018 0600 | 0048 85c0 | 750b 41f6 | 0001 7505 | f049 8308 
  0x0000027d08c3e654: 0148 8bb4 | 24b8 0000 | 0048 3b06 

  0x0000027d08c3e660: ;   {metadata(method data for {method} {0x0000027d5f1879f8} 'dispatchEventImpl' '(Ljava/awt/AWTEvent;Ljava/lang/Object;)V' in 'java/awt/EventQueue')}
  0x0000027d08c3e660: 4c8b c649 | b978 7783 | 5f7d 0200 

  0x0000027d08c3e66c: ;   {metadata('sun/util/logging/PlatformLogger')}
  0x0000027d08c3e66c: 0049 ba30 | f204 1f7d | 0200 004d | 8991 3006 | 0000 4983 | 8138 0600 

  0x0000027d08c3e684: ;   {metadata(method data for {method} {0x0000027d5f0db328} 'fine' '(Ljava/lang/String;)V' in 'sun/util/logging/PlatformLogger')}
  0x0000027d08c3e684: 0001 49b8 | e09e 835f | 7d02 0000 | 458b 88cc | 0000 0041 | 83c1 0245 | 8988 cc00 | 0000 4181 
  0x0000027d08c3e6a4: e1fe ff1f | 0045 85c9 | 0f84 fb0a | 0000 8b56 | 0c48 c1e2 | 0348 3b02 

  0x0000027d08c3e6bc: ;   {metadata(method data for {method} {0x0000027d5f0db328} 'fine' '(Ljava/lang/String;)V' in 'sun/util/logging/PlatformLogger')}
  0x0000027d08c3e6bc: 4c8b c249 | b9e0 9e83 | 5f7d 0200 | 0045 8b40 | 0849 ba00 | 0000 1e7d | 0200 004d | 03c2 4d3b 
  0x0000027d08c3e6dc: 8148 0100 | 0075 0d49 | 8381 5001 | 0000 01e9 | 6000 0000 | 4d3b 8158 | 0100 0075 | 0d49 8381 
  0x0000027d08c3e6fc: 6001 0000 | 01e9 4a00 | 0000 4983 | b948 0100 | 0000 7517 | 4d89 8148 | 0100 0049 | c781 5001 
  0x0000027d08c3e71c: 0000 0100 | 0000 e929 | 0000 0049 | 83b9 5801 | 0000 0075 | 174d 8981 | 5801 0000 | 49c7 8160 
  0x0000027d08c3e73c: 0100 0001 | 0000 00e9 | 0800 0000 | 4983 8140 | 0100 0001 

  0x0000027d08c3e750: ;   {oop(a 'sun/util/logging/PlatformLogger$Level'{0x000000071577bb20})}
  0x0000027d08c3e750: 49b8 20bb | 7715 0700 | 0000 4c8b 

  0x0000027d08c3e75c: ;   {oop(nullptr)}
  0x0000027d08c3e75c: c848 bf00 | 0000 0000 | 0000 0066 | 0f1f 4400 | 0048 b880 | 27bb 1d7d 

  0x0000027d08c3e774: ;   {virtual_call}
  0x0000027d08c3e774: 0200 00e8 

  0x0000027d08c3e778: ; ImmutableOopMap {}
                      ;*invokeinterface log {reexecute=0 rethrow=0 return_oop=0}
                      ; - sun.util.logging.PlatformLogger::fine@12 (line 449)
                      ; - java.awt.EventQueue::dispatchEventImpl@135 (line 737)
  0x0000027d08c3e778: e405 2a07 

  0x0000027d08c3e77c: ;   {post_call_nop}
  0x0000027d08c3e77c: 0f1f 8400 | 7417 000a | 4881 c4d0 | 0000 005d 

  0x0000027d08c3e78c: ;   {poll_return}
  0x0000027d08c3e78c: 493b 6728 | 0f87 3d0a | 0000 c344 | 8b42 3449 | c1e0 0349 | 3b00 498b 

  0x0000027d08c3e7a4: ;   {metadata(method data for {method} {0x0000027d5f1879f8} 'dispatchEventImpl' '(Ljava/awt/AWTEvent;Ljava/lang/Object;)V' in 'java/awt/EventQueue')}
  0x0000027d08c3e7a4: d048 be78 | 7783 5f7d 

  0x0000027d08c3e7ac: ;   {metadata('java/awt/EventDispatchThread')}
  0x0000027d08c3e7ac: 0200 0049 | bad8 690e | 1f7d 0200 | 004c 8996 | 3805 0000 | 4883 8640 | 0500 0001 

  0x0000027d08c3e7c8: ;   {metadata(method data for {method} {0x0000027d5f6a05b8} 'stopDispatching' '()V' in 'java/awt/EventDispatchThread')}
  0x0000027d08c3e7c8: 48ba 5893 | 835f 7d02 | 0000 8bb2 | cc00 0000 | 83c6 0289 | b2cc 0000 | 0081 e6fe | ff1f 0085 
  0x0000027d08c3e7e8: f60f 84ff | 0900 00ba | 0000 0000 | 4188 5070 | f083 4424 

  0x0000027d08c3e7fc: ;   {metadata(method data for {method} {0x0000027d5f1879f8} 'dispatchEventImpl' '(Ljava/awt/AWTEvent;Ljava/lang/Object;)V' in 'java/awt/EventQueue')}
  0x0000027d08c3e7fc: c000 49b8 | 7877 835f | 7d02 0000 | 41ff 8060 | 0500 0048 | 81c4 d000 

  0x0000027d08c3e814: ;   {poll_return}
  0x0000027d08c3e814: 0000 5d49 | 3b67 280f | 87ee 0900 | 00c3 4c8b | 8424 a800 | 0000 4d85 

  0x0000027d08c3e82c: ;   {metadata(method data for {method} {0x0000027d5f1879f8} 'dispatchEventImpl' '(Ljava/awt/AWTEvent;Ljava/lang/Object;)V' in 'java/awt/EventQueue')}
  0x0000027d08c3e82c: c948 bf78 | 7783 5f7d | 0200 0075 | 0c80 8f11 | 0400 0001 | e9db 0000 | 0041 8b59 | 0849 ba00 
  0x0000027d08c3e84c: 0000 1e7d | 0200 0049 | 03da 483b | 9f20 0400 | 0075 0d48 | 8387 2804 | 0000 01e9 | 6000 0000 
  0x0000027d08c3e86c: 483b 9f30 | 0400 0075 | 0d48 8387 | 3804 0000 | 01e9 4a00 | 0000 4883 | bf20 0400 | 0000 7517 
  0x0000027d08c3e88c: 4889 9f20 | 0400 0048 | c787 2804 | 0000 0100 | 0000 e929 | 0000 0048 | 83bf 3004 | 0000 0075 
  0x0000027d08c3e8ac: 1748 899f | 3004 0000 | 48c7 8738 | 0400 0001 | 0000 00e9 | 0800 0000 | 4883 8718 | 0400 0001 
  0x0000027d08c3e8cc: 0f1f 4000 

  0x0000027d08c3e8d0: ;   {no_reloc}
  0x0000027d08c3e8d0: e95f 0900 | 0000 0000 | 0000 418b | 7908 49ba | 0000 001e | 7d02 0000 | 4903 fa48 | 3bfb 0f84 
  0x0000027d08c3e8f0: 2c00 0000 | 8b73 1448 | 3b1c 370f | 841f 0000 | 0083 fe20 | 0f85 3409 | 0000 5753 

  0x0000027d08c3e90c: ;   {runtime_call C1 Runtime slow_subtype_check_blob}
  0x0000027d08c3e90c: e82f 2636 | 075f 5b85 | db0f 8423 | 0900 00e9 | 0000 0000 | 498b d166 | 9048 b8a8 | 27bb 1d7d 
  0x0000027d08c3e92c: ;   {virtual_call}
  0x0000027d08c3e92c: 0200 00e8 

  0x0000027d08c3e930: ; ImmutableOopMap {}
                      ;*invokevirtual dispatchEvent {reexecute=0 rethrow=0 return_oop=0}
                      ; - java.awt.EventQueue::dispatchEventImpl@81 (line 730)
  0x0000027d08c3e930: 2c04 2a07 

  0x0000027d08c3e934: ;   {post_call_nop}
  0x0000027d08c3e934: 0f1f 8400 | 2c19 000b 

  0x0000027d08c3e93c: ;   {metadata(method data for {method} {0x0000027d5f1879f8} 'dispatchEventImpl' '(Ljava/awt/AWTEvent;Ljava/lang/Object;)V' in 'java/awt/EventQueue')}
  0x0000027d08c3e93c: 49b8 7877 | 835f 7d02 | 0000 41ff | 8078 0400 | 0048 81c4 | d000 0000 

  0x0000027d08c3e954: ;   {poll_return}
  0x0000027d08c3e954: 5d49 3b67 | 280f 87e8 | 0800 00c3 | 4c8b 8424 | a800 0000 

  0x0000027d08c3e968: ;   {metadata(method data for {method} {0x0000027d5f1879f8} 'dispatchEventImpl' '(Ljava/awt/AWTEvent;Ljava/lang/Object;)V' in 'java/awt/EventQueue')}
  0x0000027d08c3e968: 4d85 c948 | bf78 7783 | 5f7d 0200 | 0075 0c80 | 8f49 0300 | 0001 e9dd | 0000 0041 | 8b59 0849 
  0x0000027d08c3e988: ba00 0000 | 1e7d 0200 | 0049 03da | 483b 9f58 | 0300 0075 | 0d48 8387 | 6003 0000 | 01e9 6000 
  0x0000027d08c3e9a8: 0000 483b | 9f68 0300 | 0075 0d48 | 8387 7003 | 0000 01e9 | 4a00 0000 | 4883 bf58 | 0300 0000 
  0x0000027d08c3e9c8: 7517 4889 | 9f58 0300 | 0048 c787 | 6003 0000 | 0100 0000 | e929 0000 | 0048 83bf | 6803 0000 
  0x0000027d08c3e9e8: 0075 1748 | 899f 6803 | 0000 48c7 | 8770 0300 | 0001 0000 | 00e9 0800 | 0000 4883 | 8750 0300 
  0x0000027d08c3ea08: 0001 660f | 1f44 0000 

  0x0000027d08c3ea10: ;   {no_reloc}
  0x0000027d08c3ea10: e957 0800 | 0000 0000 | 0000 418b | 7908 49ba | 0000 001e | 7d02 0000 | 4903 fa48 | 3bfb 0f84 
  0x0000027d08c3ea30: 2c00 0000 | 8b73 1448 | 3b1c 370f | 841f 0000 | 0083 fe20 | 0f85 2c08 | 0000 5753 

  0x0000027d08c3ea4c: ;   {runtime_call C1 Runtime slow_subtype_check_blob}
  0x0000027d08c3ea4c: e8ef 2436 | 075f 5b85 | db0f 841b | 0800 00e9 | 0000 0000 | 498b d166 | 9048 b8d0 | 27bb 1d7d 
  0x0000027d08c3ea6c: ;   {virtual_call}
  0x0000027d08c3ea6c: 0200 00e8 

  0x0000027d08c3ea70: ; ImmutableOopMap {}
                      ;*invokevirtual dispatchEvent {reexecute=0 rethrow=0 return_oop=0}
                      ; - java.awt.EventQueue::dispatchEventImpl@63 (line 728)
  0x0000027d08c3ea70: ec02 2a07 

  0x0000027d08c3ea74: ;   {post_call_nop}
  0x0000027d08c3ea74: 0f1f 8400 | 6c1a 000c 

  0x0000027d08c3ea7c: ;   {metadata(method data for {method} {0x0000027d5f1879f8} 'dispatchEventImpl' '(Ljava/awt/AWTEvent;Ljava/lang/Object;)V' in 'java/awt/EventQueue')}
  0x0000027d08c3ea7c: 49b8 7877 | 835f 7d02 | 0000 41ff | 80b0 0300 | 0048 81c4 | d000 0000 

  0x0000027d08c3ea94: ;   {poll_return}
  0x0000027d08c3ea94: 5d49 3b67 | 280f 87e0 | 0700 00c3 

  0x0000027d08c3eaa0: ;   {metadata(method data for {method} {0x0000027d5f1879f8} 'dispatchEventImpl' '(Ljava/awt/AWTEvent;Ljava/lang/Object;)V' in 'java/awt/EventQueue')}
  0x0000027d08c3eaa0: 488b f248 | bf78 7783 | 5f7d 0200 | 0048 8387 | 6001 0000 | 0149 8bf0 | 4c8b c60f 

  0x0000027d08c3eabc: ;   {optimized virtual_call}
  0x0000027d08c3eabc: 1f40 00e8 

  0x0000027d08c3eac0: ; ImmutableOopMap {[168]=Oop }
                      ;*invokevirtual setCurrentEventAndMostRecentTimeImpl {reexecute=0 rethrow=0 return_oop=0}
                      ; - java.awt.EventQueue::dispatchEventImpl@14 (line 722)
  0x0000027d08c3eac0: 7c95 0c00 

  0x0000027d08c3eac4: ;   {post_call_nop}
  0x0000027d08c3eac4: 0f1f 8400 | bc1a 000d | 4c8b 8424 | a800 0000 

  0x0000027d08c3ead4: ;   {metadata(method data for {method} {0x0000027d5f1879f8} 'dispatchEventImpl' '(Ljava/awt/AWTEvent;Ljava/lang/Object;)V' in 'java/awt/EventQueue')}
  0x0000027d08c3ead4: 4d85 c048 | bf78 7783 | 5f7d 0200 | 0075 0c80 | 8f89 0100 | 0001 e9cb | 0000 0041 | 8b58 0849 
  0x0000027d08c3eaf4: ba00 0000 | 1e7d 0200 | 0049 03da | 483b 9f98 | 0100 0075 | 0d48 8387 | a001 0000 | 01e9 6000 
  0x0000027d08c3eb14: 0000 483b | 9fa8 0100 | 0075 0d48 | 8387 b001 | 0000 01e9 | 4a00 0000 | 4883 bf98 | 0100 0000 
  0x0000027d08c3eb34: 7517 4889 | 9f98 0100 | 0048 c787 | a001 0000 | 0100 0000 | e929 0000 | 0048 83bf | a801 0000 
  0x0000027d08c3eb54: 0075 1748 | 899f a801 | 0000 48c7 | 87b0 0100 | 0001 0000 | 00e9 0800 | 0000 4883 | 8790 0100 
  0x0000027d08c3eb74: ;   {metadata('java/awt/ActiveEvent')}
  0x0000027d08c3eb74: 0001 48bb | 98ac 695f | 7d02 0000 | 418b 7808 | 49ba 0000 | 001e 7d02 | 0000 4903 | fa48 3b5f 
  0x0000027d08c3eb94: 200f 841f | 0000 0048 | 3bfb 0f84 | 1600 0000 

  0x0000027d08c3eba4: ;   {runtime_call C1 Runtime slow_subtype_check_blob}
  0x0000027d08c3eba4: 5753 e895 | 2336 075f | 5f85 ff0f | 84e0 0600 | 00e9 0000 | 0000 498b | d048 3b02 

  0x0000027d08c3ebc0: ;   {metadata(method data for {method} {0x0000027d5f1879f8} 'dispatchEventImpl' '(Ljava/awt/AWTEvent;Ljava/lang/Object;)V' in 'java/awt/EventQueue')}
  0x0000027d08c3ebc0: 488b f248 | bf78 7783 | 5f7d 0200 | 008b 7608 | 49ba 0000 | 001e 7d02 | 0000 4903 | f248 3bb7 
  0x0000027d08c3ebe0: c801 0000 | 750d 4883 | 87d0 0100 | 0001 e960 | 0000 0048 | 3bb7 d801 | 0000 750d | 4883 87e0 
  0x0000027d08c3ec00: 0100 0001 | e94a 0000 | 0048 83bf | c801 0000 | 0075 1748 | 89b7 c801 | 0000 48c7 | 87d0 0100 
  0x0000027d08c3ec20: 0001 0000 | 00e9 2900 | 0000 4883 | bfd8 0100 | 0000 7517 | 4889 b7d8 | 0100 0048 | c787 e001 
  0x0000027d08c3ec40: 0000 0100 | 0000 e908 | 0000 0048 | 8387 c001 | 0000 0166 | 9048 b8f8 | 27bb 1d7d 

  0x0000027d08c3ec5c: ;   {virtual_call}
  0x0000027d08c3ec5c: 0200 00e8 

  0x0000027d08c3ec60: ; ImmutableOopMap {}
                      ;*invokeinterface dispatch {reexecute=0 rethrow=0 return_oop=0}
                      ; - java.awt.EventQueue::dispatchEventImpl@21 (line 723)
  0x0000027d08c3ec60: 6cbe 3607 

  0x0000027d08c3ec64: ;   {post_call_nop}
  0x0000027d08c3ec64: 0f1f 8400 | 5c1c 000e 

  0x0000027d08c3ec6c: ;   {metadata(method data for {method} {0x0000027d5f1879f8} 'dispatchEventImpl' '(Ljava/awt/AWTEvent;Ljava/lang/Object;)V' in 'java/awt/EventQueue')}
  0x0000027d08c3ec6c: 48ba 7877 | 835f 7d02 | 0000 ff82 | f001 0000 | 4881 c4d0 | 0000 005d 

  0x0000027d08c3ec84: ;   {poll_return}
  0x0000027d08c3ec84: 493b 6728 | 0f87 1506 | 0000 c390 

  0x0000027d08c3ec90: ;   {no_reloc}
  0x0000027d08c3ec90: e933 0600 | 0000 0000 | 0000 80ba | 4001 0000 | 040f 8530 | 0600 0049 | 8b87 c801 | 0000 488d 
  0x0000027d08c3ecb0: 7828 493b | bfd8 0100 | 000f 8718 | 0600 0049 | 89bf c801 | 0000 48c7 | 0001 0000 | 0048 8bca 
  0x0000027d08c3ecd0: 49ba 0000 | 001e 7d02 | 0000 492b | ca89 4808 | 4833 c989 | 480c 4833 | c948 8948 | 1048 8948 
  0x0000027d08c3ecf0: 1848 8948 | 2048 8bd0 

  0x0000027d08c3ecf8: ;   {metadata(method data for {method} {0x0000027d1e44ab28} 'lookup' '()Ljava/lang/invoke/MethodHandles$Lookup;' in 'java/lang/invoke/MethodHandles')}
  0x0000027d08c3ecf8: 48be f861 | 6b5f 7d02 | 0000 4883 | 8640 0100 

  0x0000027d08c3ed08: ;   {oop("no caller frame"{0x00000007ffe27160})}
  0x0000027d08c3ed08: 0001 49b8 | 6071 e2ff | 0700 0000 | 488b d048 | 8984 24c0 

  0x0000027d08c3ed1c: ;   {optimized virtual_call}
  0x0000027d08c3ed1c: 0000 00e8 

  0x0000027d08c3ed20: ; ImmutableOopMap {[168]=Oop [192]=Oop }
                      ;*invokespecial <init> {reexecute=0 rethrow=0 return_oop=0}
                      ; - java.lang.invoke.MethodHandles::lookup@14 (line 128)
                      ; - sun.awt.AWTAccessor::ensureClassInitialized@0 (line 1464)
                      ; - sun.awt.AWTAccessor::getInputEventAccessor@10 (line 963)
                      ; - java.awt.AWTEvent::dispatched@7 (line 571)
                      ; - java.awt.EventQueue::dispatchEventImpl@45 (line 726)
  0x0000027d08c3ed20: 3cfd 2907 

  0x0000027d08c3ed24: ;   {post_call_nop}
  0x0000027d08c3ed24: 0f1f 8400 | 1c1d 000f | 488b 8424 | c000 0000 | e93a 0600 | 0049 8b87 | 0805 0000 | 4d33 d24d 
  0x0000027d08c3ed44: 8997 0805 | 0000 4d33 | d24d 8997 | 1005 0000 

  0x0000027d08c3ed54: ;   {oop(a 'java/lang/Class'{0x0000000715783408} = 'sun/awt/AWTAccessor')}
  0x0000027d08c3ed54: 48be 0834 | 7815 0700 | 0000 8bb6 | 8400 0000 | 48c1 e603 | 4c8b 8424 | a800 0000 

  0x0000027d08c3ed70: ;   {metadata(method data for {method} {0x0000027d5f0d8ec0} 'dispatched' '()V' in 'java/awt/AWTEvent')}
  0x0000027d08c3ed70: 4d85 c048 | b860 8a83 | 5f7d 0200 | 0075 0c80 | 8869 0100 | 0001 e9b1 | 0000 0041 | 8b50 0849 
  0x0000027d08c3ed90: ba00 0000 | 1e7d 0200 | 0049 03d2 | 483b 9078 | 0100 0075 | 0d48 8380 | 8001 0000 | 01e9 6000 
  0x0000027d08c3edb0: 0000 483b | 9088 0100 | 0075 0d48 | 8380 9001 | 0000 01e9 | 4a00 0000 | 4883 b878 | 0100 0000 
  0x0000027d08c3edd0: 7517 4889 | 9078 0100 | 0048 c780 | 8001 0000 | 0100 0000 | e929 0000 | 0048 83b8 | 8801 0000 
  0x0000027d08c3edf0: 0075 1748 | 8990 8801 | 0000 48c7 | 8090 0100 | 0001 0000 | 00e9 0800 | 0000 4883 | 8070 0100 
  0x0000027d08c3ee10: ;   {metadata('java/awt/event/InputEvent')}
  0x0000027d08c3ee10: 0001 48ba | 88c7 105f | 7d02 0000 | 418b 4008 | 49ba 0000 | 001e 7d02 | 0000 4903 | c248 3b50 
  0x0000027d08c3ee30: 500f 85ad | 0400 00e9 | 0000 0000 | 498b f848 | 85f6 0f84 | 2900 0000 

  0x0000027d08c3ee48: ;   {metadata('java/awt/event/InputEvent$1')}
  0x0000027d08c3ee48: 48b9 1837 | 051f 7d02 | 0000 8b56 | 0849 ba00 | 0000 1e7d | 0200 0049 | 03d2 483b | 4a38 0f85 
  0x0000027d08c3ee68: 8104 0000 | e900 0000 | 0048 8bde 

  0x0000027d08c3ee74: ; implicit exception: dispatches to 0x0000027d08c3f2f2
                      ;   {metadata(method data for {method} {0x0000027d5f0d8ec0} 'dispatched' '()V' in 'java/awt/AWTEvent')}
  0x0000027d08c3ee74: 483b 0648 | bb60 8a83 | 5f7d 0200 

  0x0000027d08c3ee80: ;   {metadata('java/awt/event/InputEvent$1')}
  0x0000027d08c3ee80: 0049 ba18 | 3705 1f7d | 0200 004c | 8993 a801 | 0000 4883 | 83b0 0100 

  0x0000027d08c3ee98: ;   {metadata(method data for {method} {0x0000027d5f10f200} 'setCanAccessSystemClipboard' '(Ljava/awt/event/InputEvent;Z)V' in 'java/awt/event/InputEvent$1')}
  0x0000027d08c3ee98: 0001 48be | 1892 835f | 7d02 0000 | 8b9e cc00 | 0000 83c3 | 0289 9ecc | 0000 0081 | e3fe ff1f 
  0x0000027d08c3eeb8: 0085 db0f | 8436 0400 | 00be 0000 | 0000 4885 | ff0f 8449 | 0400 0090 

  0x0000027d08c3eed0: ; implicit exception: dispatches to 0x0000027d08c3f325
  0x0000027d08c3eed0: 4088 b728 

  0x0000027d08c3eed4: ;   {metadata(method data for {method} {0x0000027d5f1879f8} 'dispatchEventImpl' '(Ljava/awt/AWTEvent;Ljava/lang/Object;)V' in 'java/awt/EventQueue')}
  0x0000027d08c3eed4: 0000 0048 | be78 7783 | 5f7d 0200 | 00ff 86e8 | 0200 0048 | 81c4 d000 

  0x0000027d08c3eeec: ;   {poll_return}
  0x0000027d08c3eeec: 0000 5d49 | 3b67 280f | 8747 0400 

  0x0000027d08c3eef8: ;   {metadata({method} {0x0000027d5f1879f8} 'dispatchEventImpl' '(Ljava/awt/AWTEvent;Ljava/lang/Object;)V' in 'java/awt/EventQueue')}
  0x0000027d08c3eef8: 00c3 49ba | f079 185f | 7d02 0000 | 4c89 5424 | 0848 c704 | 24ff ffff 

  0x0000027d08c3ef10: ;   {runtime_call C1 Runtime counter_overflow_blob}
  0x0000027d08c3ef10: ffe8 4a47 

  0x0000027d08c3ef14: ; ImmutableOopMap {rdx=Oop r8=Oop r9=Oop [168]=Oop }
                      ;*synchronization entry
                      ; - java.awt.EventQueue::dispatchEventImpl@-1 (line 719)
  0x0000027d08c3ef14: 3607 e9f3 

  0x0000027d08c3ef18: ;   {runtime_call C1 Runtime throw_null_pointer_exception_blob}
  0x0000027d08c3ef18: e4ff ffe8 

  0x0000027d08c3ef1c: ; ImmutableOopMap {rdx=Oop r8=Oop r9=Oop [168]=Oop }
                      ;*putfield isPosted {reexecute=1 rethrow=0 return_oop=0}
                      ; - (reexecute) java.awt.EventQueue::dispatchEventImpl@2 (line 719)
  0x0000027d08c3ef1c: 40f2 3507 | 4c89 0c24 

  0x0000027d08c3ef24: ;   {runtime_call C1 Runtime throw_class_cast_exception_blob}
  0x0000027d08c3ef24: e837 1a36 

  0x0000027d08c3ef28: ; ImmutableOopMap {r8=Oop [168]=Oop }
                      ;*checkcast {reexecute=0 rethrow=0 return_oop=0}
                      ; - java.awt.EventQueue::dispatchEventImpl@37 (line 725)
                      ;   {runtime_call C1 Runtime throw_null_pointer_exception_blob}
  0x0000027d08c3ef28: 07e8 32f2 

  0x0000027d08c3ef2c: ; ImmutableOopMap {r8=Oop rdx=Oop [168]=Oop }
                      ;*invokevirtual dispatchEvent {reexecute=0 rethrow=0 return_oop=0}
                      ; - java.awt.EventQueue::dispatchEventImpl@41 (line 725)
                      ;   {metadata({method} {0x0000027d5f085860} 'dispatchEvent' '(Ljava/awt/AWTEvent;)V' in 'java/awt/Component')}
  0x0000027d08c3ef2c: 3507 49ba | 5858 085f | 7d02 0000 | 4c89 5424 | 0848 c704 | 24ff ffff 

  0x0000027d08c3ef44: ;   {runtime_call C1 Runtime counter_overflow_blob}
  0x0000027d08c3ef44: ffe8 1647 

  0x0000027d08c3ef48: ; ImmutableOopMap {r8=Oop rdx=Oop [168]=Oop }
                      ;*synchronization entry
                      ; - java.awt.Component::dispatchEvent@-1 (line 4790)
                      ; - java.awt.EventQueue::dispatchEventImpl@41 (line 725)
  0x0000027d08c3ef48: 3607 e96a 

  0x0000027d08c3ef4c: ;   {metadata({method} {0x0000027d5f0d8ec0} 'dispatched' '()V' in 'java/awt/AWTEvent')}
  0x0000027d08c3ef4c: e8ff ff49 | bab8 8e0d | 5f7d 0200 | 004c 8954 | 2408 48c7 | 0424 ffff 

  0x0000027d08c3ef64: ;   {runtime_call C1 Runtime counter_overflow_blob}
  0x0000027d08c3ef64: ffff e8f5 

  0x0000027d08c3ef68: ; ImmutableOopMap {[168]=Oop }
                      ;*synchronization entry
                      ; - java.awt.AWTEvent::dispatched@-1 (line 570)
                      ; - java.awt.EventQueue::dispatchEventImpl@45 (line 726)
  0x0000027d08c3ef68: 4636 07e9 | bce9 ffff 

  0x0000027d08c3ef70: ;   {metadata({method} {0x0000027d5f0f3078} 'getInputEventAccessor' '()Lsun/awt/AWTAccessor$InputEventAccessor;' in 'sun/awt/AWTAccessor')}
  0x0000027d08c3ef70: 49ba 7030 | 0f5f 7d02 | 0000 4c89 | 5424 0848 | c704 24ff 

  0x0000027d08c3ef84: ;   {runtime_call C1 Runtime counter_overflow_blob}
  0x0000027d08c3ef84: ffff ffe8 

  0x0000027d08c3ef88: ; ImmutableOopMap {r8=Oop [168]=Oop }
                      ;*synchronization entry
                      ; - sun.awt.AWTAccessor::getInputEventAccessor@-1 (line 961)
                      ; - java.awt.AWTEvent::dispatched@7 (line 571)
                      ; - java.awt.EventQueue::dispatchEventImpl@45 (line 726)
  0x0000027d08c3ef88: d446 3607 | e9dc eaff 

  0x0000027d08c3ef90: ;   {metadata({method} {0x0000027d5f0f5838} 'ensureClassInitialized' '(Ljava/lang/Class;)V' in 'sun/awt/AWTAccessor')}
  0x0000027d08c3ef90: ff49 ba30 | 580f 5f7d | 0200 004c | 8954 2408 | 48c7 0424 | ffff ffff 

  0x0000027d08c3efa8: ;   {runtime_call C1 Runtime counter_overflow_blob}
  0x0000027d08c3efa8: e8b3 4636 

  0x0000027d08c3efac: ; ImmutableOopMap {[168]=Oop }
                      ;*synchronization entry
                      ; - sun.awt.AWTAccessor::ensureClassInitialized@-1 (line 1464)
                      ; - sun.awt.AWTAccessor::getInputEventAccessor@10 (line 963)
                      ; - java.awt.AWTEvent::dispatched@7 (line 571)
                      ; - java.awt.EventQueue::dispatchEventImpl@45 (line 726)
  0x0000027d08c3efac: 07e9 33eb 

  0x0000027d08c3efb0: ;   {metadata({method} {0x0000027d1e44ab28} 'lookup' '()Ljava/lang/invoke/MethodHandles$Lookup;' in 'java/lang/invoke/MethodHandles')}
  0x0000027d08c3efb0: ffff 49ba | 20ab 441e | 7d02 0000 | 4c89 5424 | 0848 c704 | 24ff ffff 

  0x0000027d08c3efc8: ;   {runtime_call C1 Runtime counter_overflow_blob}
  0x0000027d08c3efc8: ffe8 9246 

  0x0000027d08c3efcc: ; ImmutableOopMap {[168]=Oop }
                      ;*synchronization entry
                      ; - java.lang.invoke.MethodHandles::lookup@-1 (line 126)
                      ; - sun.awt.AWTAccessor::ensureClassInitialized@0 (line 1464)
                      ; - sun.awt.AWTAccessor::getInputEventAccessor@10 (line 963)
                      ; - java.awt.AWTEvent::dispatched@7 (line 571)
                      ; - java.awt.EventQueue::dispatchEventImpl@45 (line 726)
  0x0000027d08c3efcc: 3607 e94b | ebff ff48 

  0x0000027d08c3efd4: ;   {runtime_call C1 Runtime fast_new_instance_blob}
  0x0000027d08c3efd4: 8bd2 e885 

  0x0000027d08c3efd8: ; ImmutableOopMap {r8=Oop [168]=Oop }
                      ;*new {reexecute=0 rethrow=0 return_oop=0}
                      ; - java.lang.invoke.MethodHandles::lookup@18 (line 130)
                      ; - sun.awt.AWTAccessor::ensureClassInitialized@0 (line 1464)
                      ; - sun.awt.AWTAccessor::getInputEventAccessor@10 (line 963)
                      ; - java.awt.AWTEvent::dispatched@7 (line 571)
                      ; - java.awt.EventQueue::dispatchEventImpl@45 (line 726)
  0x0000027d08c3efd8: fe35 07e9 | e6eb ffff 

  0x0000027d08c3efe0: ;   {metadata({method} {0x0000027d1e44edd8} '<init>' '(Ljava/lang/Class;)V' in 'java/lang/invoke/MethodHandles$Lookup')}
  0x0000027d08c3efe0: 49ba d0ed | 441e 7d02 | 0000 4c89 | 5424 0848 | c704 24ff 

  0x0000027d08c3eff4: ;   {runtime_call C1 Runtime counter_overflow_blob}
  0x0000027d08c3eff4: ffff ffe8 

  0x0000027d08c3eff8: ; ImmutableOopMap {r8=Oop rax=Oop [168]=Oop }
                      ;*synchronization entry
                      ; - java.lang.invoke.MethodHandles$Lookup::<init>@-1 (line 1534)
                      ; - java.lang.invoke.MethodHandles::lookup@23 (line 130)
                      ; - sun.awt.AWTAccessor::ensureClassInitialized@0 (line 1464)
                      ; - sun.awt.AWTAccessor::getInputEventAccessor@10 (line 963)
                      ; - java.awt.AWTEvent::dispatched@7 (line 571)
                      ; - java.awt.EventQueue::dispatchEventImpl@45 (line 726)
  0x0000027d08c3eff8: 6446 3607 | e903 ecff 

  0x0000027d08c3f000: ;   {metadata(nullptr)}
  0x0000027d08c3f000: ff48 b800 | 0000 0000 | 0000 00b8 | 000f 050a 

  0x0000027d08c3f010: ;   {runtime_call C1 Runtime load_klass_patching_blob}
  0x0000027d08c3f010: e8cb 3536 

  0x0000027d08c3f014: ; ImmutableOopMap {rdx=Oop r9=Oop [168]=Oop }
                      ;*instanceof {reexecute=1 rethrow=0 return_oop=0}
                      ; - (reexecute) java.awt.EventQueue::dispatchEventImpl@52 (line 727)
  0x0000027d08c3f014: 07e9 9eed 

  0x0000027d08c3f018: ;   {metadata(nullptr)}
  0x0000027d08c3f018: ffff 48b8 | 0000 0000 | 0000 0000 | b800 0f05 

  0x0000027d08c3f028: ;   {runtime_call C1 Runtime load_klass_patching_blob}
  0x0000027d08c3f028: 0ae8 b235 

  0x0000027d08c3f02c: ; ImmutableOopMap {rdx=Oop r9=Oop [168]=Oop }
                      ;*instanceof {reexecute=1 rethrow=0 return_oop=0}
                      ; - (reexecute) java.awt.EventQueue::dispatchEventImpl@70 (line 729)
  0x0000027d08c3f02c: 3607 e9ad 

  0x0000027d08c3f030: ;   {metadata({method} {0x0000027d5f187030} 'noEvents' '()Z' in 'java/awt/EventQueue')}
  0x0000027d08c3f030: eeff ff49 | ba28 7018 | 5f7d 0200 | 004c 8954 | 2408 48c7 | 0424 ffff 

  0x0000027d08c3f048: ;   {runtime_call C1 Runtime counter_overflow_blob}
  0x0000027d08c3f048: ffff e811 

  0x0000027d08c3f04c: ; ImmutableOopMap {rdx=Oop }
                      ;*synchronization entry
                      ; - java.awt.EventQueue::noEvents@-1 (line 520)
                      ; - java.awt.EventQueue::dispatchEventImpl@95 (line 732)
  0x0000027d08c3f04c: 4636 07e9 | 4bf0 ffff 

  0x0000027d08c3f054: ;   {runtime_call C1 Runtime throw_null_pointer_exception_blob}
  0x0000027d08c3f054: e807 f135 

  0x0000027d08c3f058: ; ImmutableOopMap {rdx=Oop rdi=Oop }
                      ;*aaload {reexecute=0 rethrow=0 return_oop=0}
                      ; - java.awt.EventQueue::noEvents@12 (line 521)
                      ; - java.awt.EventQueue::dispatchEventImpl@95 (line 732)
                      ;   {runtime_call C1 Runtime throw_null_pointer_exception_blob}
  0x0000027d08c3f058: 07e8 02f1 

  0x0000027d08c3f05c: ; ImmutableOopMap {rdx=Oop rdi=Oop }
                      ;*aaload {reexecute=0 rethrow=0 return_oop=0}
                      ; - java.awt.EventQueue::noEvents@12 (line 521)
                      ; - java.awt.EventQueue::dispatchEventImpl@95 (line 732)
  0x0000027d08c3f05c: 3507 4889 | 3424 4889 

  0x0000027d08c3f064: ;   {runtime_call C1 Runtime throw_range_check_failed_blob}
  0x0000027d08c3f064: 7c24 08e8 

  0x0000027d08c3f068: ; ImmutableOopMap {rdx=Oop rdi=Oop }
                      ;*aaload {reexecute=0 rethrow=0 return_oop=0}
                      ; - java.awt.EventQueue::noEvents@12 (line 521)
                      ; - java.awt.EventQueue::dispatchEventImpl@95 (line 732)
  0x0000027d08c3f068: 74e3 3507 

  0x0000027d08c3f06c: ;   {runtime_call C1 Runtime throw_null_pointer_exception_blob}
  0x0000027d08c3f06c: e8ef f035 

  0x0000027d08c3f070: ; ImmutableOopMap {rdx=Oop }
                      ;*getfield head {reexecute=1 rethrow=0 return_oop=0}
                      ; - (reexecute) java.awt.EventQueue::noEvents@13 (line 521)
                      ; - java.awt.EventQueue::dispatchEventImpl@95 (line 732)
                      ;   {metadata({method} {0x0000027d5f187030} 'noEvents' '()Z' in 'java/awt/EventQueue')}
  0x0000027d08c3f070: 0749 ba28 | 7018 5f7d | 0200 004c | 8954 2408 | 48c7 0424 | 1800 0000 

  0x0000027d08c3f088: ;   {runtime_call C1 Runtime counter_overflow_blob}
  0x0000027d08c3f088: e8d3 4536 

  0x0000027d08c3f08c: ; ImmutableOopMap {rdx=Oop }
                      ;*goto {reexecute=1 rethrow=0 return_oop=0}
                      ; - (reexecute) java.awt.EventQueue::noEvents@24 (line 520)
                      ; - java.awt.EventQueue::dispatchEventImpl@95 (line 732)
  0x0000027d08c3f08c: 07e9 94f0 

  0x0000027d08c3f090: ;   {metadata({method} {0x0000027d5f185e00} 'getEventLog' '()Lsun/util/logging/PlatformLogger;' in 'java/awt/EventQueue')}
  0x0000027d08c3f090: ffff 49ba | f85d 185f | 7d02 0000 | 4c89 5424 | 0848 c704 | 24ff ffff 

  0x0000027d08c3f0a8: ;   {runtime_call C1 Runtime counter_overflow_blob}
  0x0000027d08c3f0a8: ffe8 b245 

  0x0000027d08c3f0ac: ; ImmutableOopMap {[168]=Oop }
                      ;*synchronization entry
                      ; - java.awt.EventQueue::getEventLog@-1 (line 180)
                      ; - java.awt.EventQueue::dispatchEventImpl@111 (line 736)
  0x0000027d08c3f0ac: 3607 e931 | f1ff ff41 | 8b50 7848 | c1e2 0348 | 83fa 000f | 849e f1ff | ff48 8914 

  0x0000027d08c3f0c8: ;   {runtime_call g1_pre_barrier_slow}
  0x0000027d08c3f0c8: 24e8 924b | 3607 e990 | f1ff ff48 | 83f8 000f | 84ab f1ff | ff4c 8904 

  0x0000027d08c3f0e0: ;   {runtime_call g1_post_barrier_slow}
  0x0000027d08c3f0e0: 24e8 7a4e | 3607 e99d 

  0x0000027d08c3f0e8: ;   {runtime_call C1 Runtime throw_null_pointer_exception_blob}
  0x0000027d08c3f0e8: f1ff ffe8 

  0x0000027d08c3f0ec: ; ImmutableOopMap {r8=Oop [168]=Oop }
                      ;*invokevirtual isLoggable {reexecute=0 rethrow=0 return_oop=0}
                      ; - java.awt.EventQueue::dispatchEventImpl@117 (line 736)
  0x0000027d08c3f0ec: 70f0 3507 

  0x0000027d08c3f0f0: ;   {metadata({method} {0x0000027d5f0da6d0} 'isLoggable' '(Lsun/util/logging/PlatformLogger$Level;)Z' in 'sun/util/logging/PlatformLogger')}
  0x0000027d08c3f0f0: 49ba c8a6 | 0d5f 7d02 | 0000 4c89 | 5424 0848 | c704 24ff 

  0x0000027d08c3f104: ;   {runtime_call C1 Runtime counter_overflow_blob}
  0x0000027d08c3f104: ffff ffe8 

  0x0000027d08c3f108: ; ImmutableOopMap {r8=Oop [168]=Oop }
                      ;*synchronization entry
                      ; - sun.util.logging.PlatformLogger::isLoggable@-1 (line 336)
                      ; - java.awt.EventQueue::dispatchEventImpl@117 (line 736)
  0x0000027d08c3f108: 5445 3607 | e9d9 f1ff 

  0x0000027d08c3f110: ;   {runtime_call C1 Runtime throw_null_pointer_exception_blob}
  0x0000027d08c3f110: ffe8 4af0 

  0x0000027d08c3f114: ; ImmutableOopMap {rdx=Oop [168]=Oop }
                      ;*invokeinterface isLoggable {reexecute=0 rethrow=0 return_oop=0}
                      ; - sun.util.logging.PlatformLogger::isLoggable@17 (line 340)
                      ; - java.awt.EventQueue::dispatchEventImpl@117 (line 736)
                      ;   {metadata({method} {0x0000027d5f185e00} 'getEventLog' '()Lsun/util/logging/PlatformLogger;' in 'java/awt/EventQueue')}
  0x0000027d08c3f114: 3507 49ba | f85d 185f | 7d02 0000 | 4c89 5424 | 0848 c704 | 24ff ffff 

  0x0000027d08c3f12c: ;   {runtime_call C1 Runtime counter_overflow_blob}
  0x0000027d08c3f12c: ffe8 2e45 

  0x0000027d08c3f130: ; ImmutableOopMap {[168]=Oop }
                      ;*synchronization entry
                      ; - java.awt.EventQueue::getEventLog@-1 (line 180)
                      ; - java.awt.EventQueue::dispatchEventImpl@123 (line 737)
  0x0000027d08c3f130: 3607 e9eb | f2ff ff8b | 7278 48c1 | e603 4883 | fe00 0f84 | 5bf3 ffff | 4889 3424 

  0x0000027d08c3f14c: ;   {runtime_call g1_pre_barrier_slow}
  0x0000027d08c3f14c: e80f 4b36 | 07e9 4df3 | ffff 4883 | f800 0f84 | 68f3 ffff | 4889 1424 

  0x0000027d08c3f164: ;   {runtime_call g1_post_barrier_slow}
  0x0000027d08c3f164: e8f7 4d36 | 07e9 5af3 

  0x0000027d08c3f16c: ;   {metadata({method} {0x0000027d1e47e890} 'valueOf' '(Ljava/lang/Object;)Ljava/lang/String;' in 'java/lang/String')}
  0x0000027d08c3f16c: ffff 49ba | 88e8 471e | 7d02 0000 | 4c89 5424 | 0848 c704 | 24ff ffff 

  0x0000027d08c3f184: ;   {runtime_call C1 Runtime counter_overflow_blob}
  0x0000027d08c3f184: ffe8 d644 

  0x0000027d08c3f188: ; ImmutableOopMap {rsi=Oop r8=Oop [168]=Oop [184]=Oop }
                      ;*synchronization entry
                      ; - java.lang.String::valueOf@-1 (line 4543)
                      ; - java.awt.EventQueue::dispatchEventImpl@127 (line 737)
  0x0000027d08c3f188: 3607 e993 | f3ff ff49 | b800 0000 | 0000 0000 | 00b8 000f 

  0x0000027d08c3f19c: ;   {runtime_call C1 Runtime load_appendix_patching_blob}
  0x0000027d08c3f19c: 050a e83d 

  0x0000027d08c3f1a0: ; ImmutableOopMap {rdi=Oop [184]=Oop }
                      ;*invokedynamic {reexecute=1 rethrow=0 return_oop=0}
                      ; - (reexecute) java.awt.EventQueue::dispatchEventImpl@130 (line 737)
  0x0000027d08c3f1a0: 3d36 07e9 | 70f4 ffff 

  0x0000027d08c3f1a8: ;   {runtime_call C1 Runtime throw_null_pointer_exception_blob}
  0x0000027d08c3f1a8: e8b3 ef35 

  0x0000027d08c3f1ac: ; ImmutableOopMap {rax=Oop rsi=Oop [184]=Oop }
                      ;*invokevirtual fine {reexecute=0 rethrow=0 return_oop=0}
                      ; - java.awt.EventQueue::dispatchEventImpl@135 (line 737)
                      ;   {metadata({method} {0x0000027d5f0db328} 'fine' '(Ljava/lang/String;)V' in 'sun/util/logging/PlatformLogger')}
  0x0000027d08c3f1ac: 0749 ba20 | b30d 5f7d | 0200 004c | 8954 2408 | 48c7 0424 | ffff ffff 

  0x0000027d08c3f1c4: ;   {runtime_call C1 Runtime counter_overflow_blob}
  0x0000027d08c3f1c4: e897 4436 

  0x0000027d08c3f1c8: ; ImmutableOopMap {rax=Oop rsi=Oop [184]=Oop }
                      ;*synchronization entry
                      ; - sun.util.logging.PlatformLogger::fine@-1 (line 449)
                      ; - java.awt.EventQueue::dispatchEventImpl@135 (line 737)
  0x0000027d08c3f1c8: 07e9 e4f4 

  0x0000027d08c3f1cc: ;   {runtime_call C1 Runtime throw_null_pointer_exception_blob}
  0x0000027d08c3f1cc: ffff e88d 

  0x0000027d08c3f1d0: ; ImmutableOopMap {rax=Oop rdx=Oop }
                      ;*invokeinterface log {reexecute=0 rethrow=0 return_oop=0}
                      ; - sun.util.logging.PlatformLogger::fine@12 (line 449)
                      ; - java.awt.EventQueue::dispatchEventImpl@135 (line 737)
                      ;   {internal_word}
  0x0000027d08c3f1d0: ef35 0749 | ba8c e7c3 | 087d 0200 | 004d 8997 | 6004 0000 

  0x0000027d08c3f1e4: ;   {runtime_call SafepointBlob}
  0x0000027d08c3f1e4: e9f7 6a2a 

  0x0000027d08c3f1e8: ;   {runtime_call C1 Runtime throw_null_pointer_exception_blob}
  0x0000027d08c3f1e8: 07e8 72ef 

  0x0000027d08c3f1ec: ; ImmutableOopMap {r8=Oop }
                      ;*invokevirtual stopDispatching {reexecute=0 rethrow=0 return_oop=0}
                      ; - java.awt.EventQueue::dispatchEventImpl@105 (line 733)
                      ;   {metadata({method} {0x0000027d5f6a05b8} 'stopDispatching' '()V' in 'java/awt/EventDispatchThread')}
  0x0000027d08c3f1ec: 3507 49ba | b005 6a5f | 7d02 0000 | 4c89 5424 | 0848 c704 | 24ff ffff 

  0x0000027d08c3f204: ;   {runtime_call C1 Runtime counter_overflow_blob}
  0x0000027d08c3f204: ffe8 5644 

  0x0000027d08c3f208: ; ImmutableOopMap {r8=Oop }
                      ;*synchronization entry
                      ; - java.awt.EventDispatchThread::stopDispatching@-1 (line 85)
                      ; - java.awt.EventQueue::dispatchEventImpl@105 (line 733)
  0x0000027d08c3f208: 3607 e9e0 

  0x0000027d08c3f20c: ;   {internal_word}
  0x0000027d08c3f20c: f5ff ff49 | ba17 e8c3 | 087d 0200 | 004d 8997 | 6004 0000 

  0x0000027d08c3f220: ;   {runtime_call SafepointBlob}
  0x0000027d08c3f220: e9bb 6a2a 

  0x0000027d08c3f224: ;   {metadata(nullptr)}
  0x0000027d08c3f224: 0748 bb00 | 0000 0000 | 0000 00b8 | 000f 050a 

  0x0000027d08c3f234: ;   {runtime_call C1 Runtime load_klass_patching_blob}
  0x0000027d08c3f234: e8a7 3336 

  0x0000027d08c3f238: ; ImmutableOopMap {r9=Oop r8=Oop [168]=Oop }
                      ;*checkcast {reexecute=1 rethrow=0 return_oop=0}
                      ; - (reexecute) java.awt.EventQueue::dispatchEventImpl@77 (line 730)
  0x0000027d08c3f238: 07e9 92f6 | ffff 4c89 

  0x0000027d08c3f240: ;   {runtime_call C1 Runtime throw_class_cast_exception_blob}
  0x0000027d08c3f240: 0c24 e819 

  0x0000027d08c3f244: ; ImmutableOopMap {r9=Oop r8=Oop [168]=Oop }
                      ;*checkcast {reexecute=0 rethrow=0 return_oop=0}
                      ; - java.awt.EventQueue::dispatchEventImpl@77 (line 730)
                      ;   {internal_word}
  0x0000027d08c3f244: 1736 0749 | ba55 e9c3 | 087d 0200 | 004d 8997 | 6004 0000 

  0x0000027d08c3f258: ;   {runtime_call SafepointBlob}
  0x0000027d08c3f258: e983 6a2a 

  0x0000027d08c3f25c: ;   {metadata(nullptr)}
  0x0000027d08c3f25c: 0748 bb00 | 0000 0000 | 0000 00b8 | 000f 050a 

  0x0000027d08c3f26c: ;   {runtime_call C1 Runtime load_klass_patching_blob}
  0x0000027d08c3f26c: e86f 3336 

  0x0000027d08c3f270: ; ImmutableOopMap {r9=Oop r8=Oop [168]=Oop }
                      ;*checkcast {reexecute=1 rethrow=0 return_oop=0}
                      ; - (reexecute) java.awt.EventQueue::dispatchEventImpl@59 (line 728)
  0x0000027d08c3f270: 07e9 9af7 | ffff 4c89 

  0x0000027d08c3f278: ;   {runtime_call C1 Runtime throw_class_cast_exception_blob}
  0x0000027d08c3f278: 0c24 e8e1 

  0x0000027d08c3f27c: ; ImmutableOopMap {r9=Oop r8=Oop [168]=Oop }
                      ;*checkcast {reexecute=0 rethrow=0 return_oop=0}
                      ; - java.awt.EventQueue::dispatchEventImpl@59 (line 728)
                      ;   {internal_word}
  0x0000027d08c3f27c: 1636 0749 | ba95 eac3 | 087d 0200 | 004d 8997 | 6004 0000 

  0x0000027d08c3f290: ;   {runtime_call SafepointBlob}
  0x0000027d08c3f290: e94b 6a2a | 074c 8904 

  0x0000027d08c3f298: ;   {runtime_call C1 Runtime throw_class_cast_exception_blob}
  0x0000027d08c3f298: 24e8 c216 

  0x0000027d08c3f29c: ; ImmutableOopMap {}
                      ;*checkcast {reexecute=0 rethrow=0 return_oop=0}
                      ; - java.awt.EventQueue::dispatchEventImpl@18 (line 723)
                      ;   {runtime_call C1 Runtime throw_null_pointer_exception_blob}
  0x0000027d08c3f29c: 3607 e8bd 

  0x0000027d08c3f2a0: ; ImmutableOopMap {rdx=Oop }
                      ;*invokeinterface dispatch {reexecute=0 rethrow=0 return_oop=0}
                      ; - java.awt.EventQueue::dispatchEventImpl@21 (line 723)
                      ;   {internal_word}
  0x0000027d08c3f2a0: ee35 0749 | ba84 ecc3 | 087d 0200 | 004d 8997 | 6004 0000 

  0x0000027d08c3f2b4: ;   {runtime_call SafepointBlob}
  0x0000027d08c3f2b4: e927 6a2a 

  0x0000027d08c3f2b8: ;   {metadata(nullptr)}
  0x0000027d08c3f2b8: 0748 ba00 | 0000 0000 | 0000 00b8 | 000f 050a 

  0x0000027d08c3f2c8: ;   {runtime_call C1 Runtime load_klass_patching_blob}
  0x0000027d08c3f2c8: e813 3336 

  0x0000027d08c3f2cc: ; ImmutableOopMap {[168]=Oop }
                      ;*new {reexecute=1 rethrow=0 return_oop=0}
                      ; - (reexecute) java.lang.invoke.MethodHandles::lookup@8 (line 128)
                      ; - sun.awt.AWTAccessor::ensureClassInitialized@0 (line 1464)
                      ; - sun.awt.AWTAccessor::getInputEventAccessor@10 (line 963)
                      ; - java.awt.AWTEvent::dispatched@7 (line 571)
                      ; - java.awt.EventQueue::dispatchEventImpl@45 (line 726)
  0x0000027d08c3f2cc: 07e9 bef9 

  0x0000027d08c3f2d0: ;   {runtime_call C1 Runtime throw_null_pointer_exception_blob}
  0x0000027d08c3f2d0: ffff e889 

  0x0000027d08c3f2d4: ; ImmutableOopMap {[168]=Oop }
                      ;*new {reexecute=0 rethrow=0 return_oop=0}
                      ; - java.lang.invoke.MethodHandles::lookup@8 (line 128)
                      ; - sun.awt.AWTAccessor::ensureClassInitialized@0 (line 1464)
                      ; - sun.awt.AWTAccessor::getInputEventAccessor@10 (line 963)
                      ; - java.awt.AWTEvent::dispatched@7 (line 571)
                      ; - java.awt.EventQueue::dispatchEventImpl@45 (line 726)
  0x0000027d08c3f2d4: ee35 0748 

  0x0000027d08c3f2d8: ;   {runtime_call C1 Runtime fast_new_instance_init_check_blob}
  0x0000027d08c3f2d8: 8bd2 e881 

  0x0000027d08c3f2dc: ; ImmutableOopMap {[168]=Oop }
                      ;*new {reexecute=0 rethrow=0 return_oop=0}
                      ; - java.lang.invoke.MethodHandles::lookup@8 (line 128)
                      ; - sun.awt.AWTAccessor::ensureClassInitialized@0 (line 1464)
                      ; - sun.awt.AWTAccessor::getInputEventAccessor@10 (line 963)
                      ; - java.awt.AWTEvent::dispatched@7 (line 571)
                      ; - java.awt.EventQueue::dispatchEventImpl@45 (line 726)
  0x0000027d08c3f2dc: fe35 07e9 | 11fa ffff | 4c89 0424 

  0x0000027d08c3f2e8: ;   {runtime_call C1 Runtime throw_class_cast_exception_blob}
  0x0000027d08c3f2e8: e873 1636 

  0x0000027d08c3f2ec: ; ImmutableOopMap {rsi=Oop }
                      ;*checkcast {reexecute=0 rethrow=0 return_oop=0}
                      ; - java.awt.AWTEvent::dispatched@11 (line 571)
                      ; - java.awt.EventQueue::dispatchEventImpl@45 (line 726)
                      ;   {runtime_call C1 Runtime throw_incompatible_class_change_error_blob}
  0x0000027d08c3f2ec: 07e8 6e19 

  0x0000027d08c3f2f0: ; ImmutableOopMap {rsi=Oop rdi=Oop }
                      ;*invokeinterface setCanAccessSystemClipboard {reexecute=0 rethrow=0 return_oop=0}
                      ; - java.awt.AWTEvent::dispatched@15 (line 572)
                      ; - java.awt.EventQueue::dispatchEventImpl@45 (line 726)
                      ;   {runtime_call C1 Runtime throw_null_pointer_exception_blob}
  0x0000027d08c3f2f0: 3607 e869 

  0x0000027d08c3f2f4: ; ImmutableOopMap {rsi=Oop rdi=Oop }
                      ;*invokeinterface setCanAccessSystemClipboard {reexecute=0 rethrow=0 return_oop=0}
                      ; - java.awt.AWTEvent::dispatched@15 (line 572)
                      ; - java.awt.EventQueue::dispatchEventImpl@45 (line 726)
                      ;   {metadata({method} {0x0000027d5f10f200} 'setCanAccessSystemClipboard' '(Ljava/awt/event/InputEvent;Z)V' in 'java/awt/event/InputEvent$1')}
  0x0000027d08c3f2f4: ee35 0749 | baf8 f110 | 5f7d 0200 | 004c 8954 | 2408 48c7 | 0424 ffff 

  0x0000027d08c3f30c: ;   {runtime_call C1 Runtime counter_overflow_blob}
  0x0000027d08c3f30c: ffff e84d 

  0x0000027d08c3f310: ; ImmutableOopMap {rdi=Oop }
                      ;*synchronization entry
                      ; - java.awt.event.InputEvent$1::setCanAccessSystemClipboard@-1 (line 338)
                      ; - java.awt.AWTEvent::dispatched@15 (line 572)
                      ; - java.awt.EventQueue::dispatchEventImpl@45 (line 726)
  0x0000027d08c3f310: 4336 07e9 | a9fb ffff | 48c7 0424 | f7ff ffff 

  0x0000027d08c3f320: ;   {runtime_call C1 Runtime deoptimize_blob}
  0x0000027d08c3f320: e83b 2b36 

  0x0000027d08c3f324: ; ImmutableOopMap {rdi=Oop }
                      ;*putfield canAccessSystemClipboard {reexecute=1 rethrow=0 return_oop=0}
                      ; - (reexecute) java.awt.event.InputEvent$1::setCanAccessSystemClipboard@2 (line 338)
                      ; - java.awt.AWTEvent::dispatched@15 (line 572)
                      ; - java.awt.EventQueue::dispatchEventImpl@45 (line 726)
                      ;   {runtime_call C1 Runtime throw_null_pointer_exception_blob}
  0x0000027d08c3f324: 07e8 36ee 

  0x0000027d08c3f328: ; ImmutableOopMap {rdi=Oop }
                      ;*putfield canAccessSystemClipboard {reexecute=1 rethrow=0 return_oop=0}
                      ; - (reexecute) java.awt.event.InputEvent$1::setCanAccessSystemClipboard@2 (line 338)
                      ; - java.awt.AWTEvent::dispatched@15 (line 572)
                      ; - java.awt.EventQueue::dispatchEventImpl@45 (line 726)
  0x0000027d08c3f328: 3507 4088 | b728 0000 | 00b8 000c 

  0x0000027d08c3f334: ;   {runtime_call C1 Runtime access_field_patching_blob}
  0x0000027d08c3f334: 0507 e825 

  0x0000027d08c3f338: ; ImmutableOopMap {rdi=Oop }
                      ;*putfield canAccessSystemClipboard {reexecute=1 rethrow=0 return_oop=0}
                      ; - (reexecute) java.awt.event.InputEvent$1::setCanAccessSystemClipboard@2 (line 338)
                      ; - java.awt.AWTEvent::dispatched@15 (line 572)
                      ; - java.awt.EventQueue::dispatchEventImpl@45 (line 726)
  0x0000027d08c3f338: 2e36 07e9 | 90fb ffff 

  0x0000027d08c3f340: ;   {internal_word}
  0x0000027d08c3f340: 49ba efee | c308 7d02 | 0000 4d89 | 9760 0400 

  0x0000027d08c3f350: ;   {runtime_call SafepointBlob}
  0x0000027d08c3f350: 00e9 8a69 | 2a07 498b | 8708 0500 | 0049 c787 | 0805 0000 | 0000 0000 | 49c7 8710 | 0500 0000 
  0x0000027d08c3f370: 0000 0048 | 81c4 d000 

  0x0000027d08c3f378: ;   {runtime_call C1 Runtime unwind_exception_blob}
  0x0000027d08c3f378: 0000 5de9 | 60da 3507 
[Stub Code]
  0x0000027d08c3f380: ;   {no_reloc}
  0x0000027d08c3f380: 0f1f 4400 

  0x0000027d08c3f384: ;   {static_stub}
  0x0000027d08c3f384: 0048 bb00 | 0000 0000 

  0x0000027d08c3f38c: ;   {runtime_call nmethod}
  0x0000027d08c3f38c: 0000 00e9 | fbff ffff 

  0x0000027d08c3f394: ;   {static_stub}
  0x0000027d08c3f394: 9048 bb00 | 0000 0000 

  0x0000027d08c3f39c: ;   {runtime_call nmethod}
  0x0000027d08c3f39c: 0000 00e9 | fbff ffff 

  0x0000027d08c3f3a4: ;   {static_stub}
  0x0000027d08c3f3a4: 9048 bb00 | 0000 0000 

  0x0000027d08c3f3ac: ;   {runtime_call nmethod}
  0x0000027d08c3f3ac: 0000 00e9 | fbff ffff 

  0x0000027d08c3f3b4: ;   {static_stub}
  0x0000027d08c3f3b4: 9048 bb00 | 0000 0000 

  0x0000027d08c3f3bc: ;   {runtime_call nmethod}
  0x0000027d08c3f3bc: 0000 00e9 | fbff ffff 

  0x0000027d08c3f3c4: ;   {static_stub}
  0x0000027d08c3f3c4: 9048 bb00 | 0000 0000 

  0x0000027d08c3f3cc: ;   {runtime_call nmethod}
  0x0000027d08c3f3cc: 0000 00e9 | fbff ffff 

  0x0000027d08c3f3d4: ;   {static_stub}
  0x0000027d08c3f3d4: 9048 bb00 | 0000 0000 

  0x0000027d08c3f3dc: ;   {runtime_call nmethod}
  0x0000027d08c3f3dc: 0000 00e9 | fbff ffff 

  0x0000027d08c3f3e4: ;   {static_stub}
  0x0000027d08c3f3e4: 9048 bb00 | 0000 0000 

  0x0000027d08c3f3ec: ;   {runtime_call nmethod}
  0x0000027d08c3f3ec: 0000 00e9 | fbff ffff 

  0x0000027d08c3f3f4: ;   {static_stub}
  0x0000027d08c3f3f4: 9048 bb00 | 0000 0000 

  0x0000027d08c3f3fc: ;   {runtime_call nmethod}
  0x0000027d08c3f3fc: 0000 00e9 | fbff ffff 

  0x0000027d08c3f404: ;   {static_stub}
  0x0000027d08c3f404: 9048 bb00 | 0000 0000 

  0x0000027d08c3f40c: ;   {runtime_call nmethod}
  0x0000027d08c3f40c: 0000 00e9 | fbff ffff 

  0x0000027d08c3f414: ;   {static_stub}
  0x0000027d08c3f414: 48bb 0000 | 0000 0000 

  0x0000027d08c3f41c: ;   {runtime_call nmethod}
  0x0000027d08c3f41c: 0000 e9fb 

  0x0000027d08c3f420: ;   {static_stub}
  0x0000027d08c3f420: ffff ff48 | bb00 0000 | 0000 0000 

  0x0000027d08c3f42c: ;   {runtime_call nmethod}
  0x0000027d08c3f42c: 00e9 fbff 

  0x0000027d08c3f430: ;   {static_stub}
  0x0000027d08c3f430: ffff 48bb | 0000 0000 | 0000 0000 

  0x0000027d08c3f43c: ;   {runtime_call nmethod}
  0x0000027d08c3f43c: e9fb ffff 

  0x0000027d08c3f440: ;   {static_stub}
  0x0000027d08c3f440: ff48 bb00 | 0000 0000 

  0x0000027d08c3f448: ;   {runtime_call nmethod}
  0x0000027d08c3f448: 0000 00e9 | fbff ffff 

  0x0000027d08c3f450: ;   {static_stub}
  0x0000027d08c3f450: 48bb 9890 | 185f 7d02 

  0x0000027d08c3f458: ;   {runtime_call I2C/C2I adapters}
  0x0000027d08c3f458: 0000 e9d7 

  0x0000027d08c3f45c: ;   {runtime_call C1 Runtime handle_exception_from_callee_blob}
  0x0000027d08c3f45c: 562a 07e8 | fc0e 3607 

  0x0000027d08c3f464: ;   {external_word}
  0x0000027d08c3f464: 48b9 e034 | 8ede f87f | 0000 4883 

  0x0000027d08c3f470: ;   {runtime_call}
  0x0000027d08c3f470: e4f0 48b8 | 1090 4bde | f87f 0000 

  0x0000027d08c3f47c: ;   {section_word}
  0x0000027d08c3f47c: ffd0 f449 | ba7f f4c3 | 087d 0200 

  0x0000027d08c3f488: ;   {runtime_call DeoptimizationBlob}
  0x0000027d08c3f488: 0041 52e9 | f05d 2a07 
[/MachCode]


Compiled method (c1) 22942778 1852       3       java.awt.EventQueue::dispatchEvent (48 bytes)
 total in heap  [0x0000027d08cff908,0x0000027d08cffeb8] = 1456
 relocation     [0x0000027d08cff9e0,0x0000027d08cffa60] = 128
 main code      [0x0000027d08cffa60,0x0000027d08cffe20] = 960
 stub code      [0x0000027d08cffe20,0x0000027d08cffe98] = 120
 metadata       [0x0000027d08cffe98,0x0000027d08cffeb8] = 32
 immutable data [0x0000027d637d3360,0x0000027d637d3480] = 288
 dependencies   [0x0000027d637d3360,0x0000027d637d3370] = 16
 nul chk table  [0x0000027d637d3370,0x0000027d637d3380] = 16
 scopes pcs     [0x0000027d637d3380,0x0000027d637d3420] = 160
 scopes data    [0x0000027d637d3420,0x0000027d637d3480] = 96

[Constant Pool (empty)]

[MachCode]
[Instructions begin]
  0x0000027d08cffa60: 6666 660f | 1f84 0000 | 0000 0066 | 6666 9066 | 6690 448b | 5208 443b 

  0x0000027d08cffa78: ;   {runtime_call Shared Runtime ic_miss_blob}
  0x0000027d08cffa78: 5008 0f85 | e0ec 1d07 
[Verified Entry Point]
  0x0000027d08cffa80: 8984 2400 | 80ff ff55 | 4881 ec80 | 0000 0090 | 4181 7f20 | 0100 0000 

  0x0000027d08cffa98: ;   {runtime_call StubRoutines (final stubs)}
  0x0000027d08cffa98: 7405 e861 

  0x0000027d08cffa9c: ;   {metadata(method data for {method} {0x0000027d5f187888} 'dispatchEvent' '(Ljava/awt/AWTEvent;)V' in 'java/awt/EventQueue')}
  0x0000027d08cffa9c: 5e1c 0748 | beb8 4083 | 5f7d 0200 | 008b becc | 0000 0083 | c702 89be | cc00 0000 | 81e7 fe07 
  0x0000027d08cffabc: 0000 85ff | 0f84 b102 | 0000 493b | 0049 8bf0 

  0x0000027d08cffacc: ;   {metadata(method data for {method} {0x0000027d5f187888} 'dispatchEvent' '(Ljava/awt/AWTEvent;)V' in 'java/awt/EventQueue')}
  0x0000027d08cffacc: 48bf b840 | 835f 7d02 | 0000 8b76 | 0849 ba00 | 0000 1e7d | 0200 0049 | 03f2 483b | b718 0100 
  0x0000027d08cffaec: 0075 0d48 | 8387 2001 | 0000 01e9 | 6000 0000 | 483b b728 | 0100 0075 | 0d48 8387 | 3001 0000 
  0x0000027d08cffb0c: 01e9 4a00 | 0000 4883 | bf18 0100 | 0000 7517 | 4889 b718 | 0100 0048 | c787 2001 | 0000 0100 
  0x0000027d08cffb2c: 0000 e929 | 0000 0048 | 83bf 2801 | 0000 0075 | 1748 89b7 | 2801 0000 | 48c7 8730 | 0100 0001 
  0x0000027d08cffb4c: 0000 00e9 | 0800 0000 | 4883 8710 | 0100 0001 | 418b 700c | 48c1 e603 | 8b7a 4c48 | c1e7 0348 
  0x0000027d08cffb6c: ;   {metadata(method data for {method} {0x0000027d5f187888} 'dispatchEvent' '(Ljava/awt/AWTEvent;)V' in 'java/awt/EventQueue')}
  0x0000027d08cffb6c: 85ff 48bf | b840 835f | 7d02 0000 | bb50 0100 | 0075 05bb | 4001 0000 | 488b 041f | 488d 4001 
  0x0000027d08cffb8c: 4889 041f | 4889 7424 | 584c 8944 | 2450 0f85 | 0a00 0000 | 4889 5424 | 48e9 de00 | 0000 488b 
  0x0000027d08cffbac: ;   {metadata(method data for {method} {0x0000027d5f187888} 'dispatchEvent' '(Ljava/awt/AWTEvent;)V' in 'java/awt/EventQueue')}
  0x0000027d08cffbac: fa48 bbb8 | 4083 5f7d | 0200 008b | 7f08 49ba | 0000 001e | 7d02 0000 | 4903 fa48 | 3bbb 6801 
  0x0000027d08cffbcc: 0000 750d | 4883 8370 | 0100 0001 | e960 0000 | 0048 3bbb | 7801 0000 | 750d 4883 | 8380 0100 
  0x0000027d08cffbec: 0001 e94a | 0000 0048 | 83bb 6801 | 0000 0075 | 1748 89bb | 6801 0000 | 48c7 8370 | 0100 0001 
  0x0000027d08cffc0c: 0000 00e9 | 2900 0000 | 4883 bb78 | 0100 0000 | 7517 4889 | bb78 0100 | 0048 c783 | 8001 0000 
  0x0000027d08cffc2c: 0100 0000 | e908 0000 | 0048 8383 | 6001 0000 | 0148 8bfa | 488b d748 | 897c 2448 | 0f1f 8000 
  0x0000027d08cffc4c: ;   {optimized virtual_call}
  0x0000027d08cffc4c: 0000 00e8 

  0x0000027d08cffc50: ; ImmutableOopMap {[72]=Oop [80]=Oop [88]=Oop }
                      ;*invokevirtual isDispatchThreadImpl {reexecute=0 rethrow=0 return_oop=0}
                      ; - java.awt.EventQueue::dispatchEvent@13 (line 701)
  0x0000027d08cffc50: 0cee 1d07 

  0x0000027d08cffc54: ;   {post_call_nop}
  0x0000027d08cffc54: 0f1f 8400 | 4c03 0000 

  0x0000027d08cffc5c: ;   {metadata(method data for {method} {0x0000027d5f187888} 'dispatchEvent' '(Ljava/awt/AWTEvent;)V' in 'java/awt/EventQueue')}
  0x0000027d08cffc5c: 85c0 49b8 | b840 835f | 7d02 0000 | 41b9 9001 | 0000 7406 | 41b9 a001 | 0000 4b8b | 1408 488d 
  0x0000027d08cffc7c: 5201 4b89 | 1408 0f84 | 5700 0000 | 488b 5424 

  0x0000027d08cffc8c: ;   {metadata(method data for {method} {0x0000027d5f187888} 'dispatchEvent' '(Ljava/awt/AWTEvent;)V' in 'java/awt/EventQueue')}
  0x0000027d08cffc8c: 4849 b8b8 | 4083 5f7d | 0200 0049 | 8380 b001 | 0000 014c | 8b44 2450 | 4c8b 4c24 | 5848 8b54 
  0x0000027d08cffcac: ;   {optimized virtual_call}
  0x0000027d08cffcac: 2448 90e8 

  0x0000027d08cffcb0: ; ImmutableOopMap {}
                      ;*invokevirtual dispatchEventImpl {reexecute=0 rethrow=0 return_oop=0}
                      ; - java.awt.EventQueue::dispatchEvent@22 (line 702)
  0x0000027d08cffcb0: 0cd7 f3ff 

  0x0000027d08cffcb4: ;   {post_call_nop}
  0x0000027d08cffcb4: 0f1f 8400 | ac03 0001 

  0x0000027d08cffcbc: ;   {metadata(method data for {method} {0x0000027d5f187888} 'dispatchEvent' '(Ljava/awt/AWTEvent;)V' in 'java/awt/EventQueue')}
  0x0000027d08cffcbc: 48ba b840 | 835f 7d02 | 0000 ff82 | e001 0000 | 4881 c480 | 0000 005d 

  0x0000027d08cffcd4: ;   {poll_return}
  0x0000027d08cffcd4: 493b 6728 | 0f87 bf00 | 0000 c348 | 8b74 2458 | 4c8b 4c24 | 504c 8b44 | 2448 418b | 584c 48c1 
  0x0000027d08cffcf4: e303 6690 

  0x0000027d08cffcf8: ;   {no_reloc}
  0x0000027d08cffcf8: e9c5 0000 | 0000 0000 | 0000 e9c5 | 0000 0048 

  0x0000027d08cffd08: ;   {metadata(method data for {method} {0x0000027d5f187888} 'dispatchEvent' '(Ljava/awt/AWTEvent;)V' in 'java/awt/EventQueue')}
  0x0000027d08cffd08: 8bf8 48ba | b840 835f | 7d02 0000 | 4883 82f8 | 0100 0001 | 488b fe48 | 8bd0 4889 | 5c24 6848 
  0x0000027d08cffd28: 8944 2460 

  0x0000027d08cffd2c: ;   {optimized virtual_call}
  0x0000027d08cffd2c: 6666 90e8 

  0x0000027d08cffd30: ; ImmutableOopMap {[96]=Oop [104]=Oop }
                      ;*invokespecial <init> {reexecute=0 rethrow=0 return_oop=0}
                      ; - java.awt.EventQueue::dispatchEvent@39 (line 704)
  0x0000027d08cffd30: 2ced 1d07 

  0x0000027d08cffd34: ;   {post_call_nop}
  0x0000027d08cffd34: 0f1f 8400 | 2c04 0002 | 4c8b 4424 | 6048 8b54 | 2468 0f1f | 8000 0000 | 0048 b810 | b098 1d7d 
  0x0000027d08cffd54: ;   {virtual_call}
  0x0000027d08cffd54: 0200 00e8 

  0x0000027d08cffd58: ; ImmutableOopMap {}
                      ;*invokeinterface scheduleDispatch {reexecute=0 rethrow=0 return_oop=0}
                      ; - java.awt.EventQueue::dispatchEvent@42 (line 704)
  0x0000027d08cffd58: 04f0 1d07 

  0x0000027d08cffd5c: ;   {post_call_nop}
  0x0000027d08cffd5c: 0f1f 8400 | 5404 0003 | 4881 c480 | 0000 005d 

  0x0000027d08cffd6c: ;   {poll_return}
  0x0000027d08cffd6c: 493b 6728 | 0f87 6300 

  0x0000027d08cffd74: ;   {metadata({method} {0x0000027d5f187888} 'dispatchEvent' '(Ljava/awt/AWTEvent;)V' in 'java/awt/EventQueue')}
  0x0000027d08cffd74: 0000 c349 | ba80 7818 | 5f7d 0200 | 004c 8954 | 2408 48c7 | 0424 ffff 

  0x0000027d08cffd8c: ;   {runtime_call C1 Runtime counter_overflow_blob}
  0x0000027d08cffd8c: ffff e8cd 

  0x0000027d08cffd90: ; ImmutableOopMap {rdx=Oop r8=Oop }
                      ;*synchronization entry
                      ; - java.awt.EventQueue::dispatchEvent@-1 (line 697)
  0x0000027d08cffd90: 382a 07e9 | 2efd ffff 

  0x0000027d08cffd98: ;   {runtime_call C1 Runtime throw_null_pointer_exception_blob}
  0x0000027d08cffd98: e8c3 e329 

  0x0000027d08cffd9c: ; ImmutableOopMap {rdx=Oop r8=Oop }
                      ;*invokevirtual getSource {reexecute=0 rethrow=0 return_oop=0}
                      ; - java.awt.EventQueue::dispatchEvent@1 (line 697)
                      ;   {internal_word}
  0x0000027d08cffd9c: 0749 bad4 | fccf 087d | 0200 004d | 8997 6004 

  0x0000027d08cffdac: ;   {runtime_call SafepointBlob}
  0x0000027d08cffdac: 0000 e92d 

  0x0000027d08cffdb0: ;   {metadata(nullptr)}
  0x0000027d08cffdb0: 5f1e 0748 | ba00 0000 | 0000 0000 | 00b8 000f 

  0x0000027d08cffdc0: ;   {runtime_call C1 Runtime load_klass_patching_blob}
  0x0000027d08cffdc0: 050a e819 

  0x0000027d08cffdc4: ; ImmutableOopMap {r8=Oop rsi=Oop r9=Oop rbx=Oop }
                      ;*new {reexecute=1 rethrow=0 return_oop=0}
                      ; - (reexecute) java.awt.EventQueue::dispatchEvent@32 (line 704)
  0x0000027d08cffdc4: 282a 07e9 | 2cff ffff 

  0x0000027d08cffdcc: ;   {runtime_call C1 Runtime new_instance_blob}
  0x0000027d08cffdcc: 488b d2e8 

  0x0000027d08cffdd0: ; ImmutableOopMap {r8=Oop rsi=Oop r9=Oop rbx=Oop }
                      ;*new {reexecute=0 rethrow=0 return_oop=0}
                      ; - java.awt.EventQueue::dispatchEvent@32 (line 704)
  0x0000027d08cffdd0: 8ced 2907 | e92e ffff 

  0x0000027d08cffdd8: ;   {internal_word}
  0x0000027d08cffdd8: ff49 ba6c | fdcf 087d | 0200 004d | 8997 6004 

  0x0000027d08cffde8: ;   {runtime_call SafepointBlob}
  0x0000027d08cffde8: 0000 e9f1 | 5e1e 0749 | 8b87 0805 | 0000 49c7 | 8708 0500 | 0000 0000 | 0049 c787 | 1005 0000 
  0x0000027d08cffe08: 0000 0000 | 4881 c480 | 0000 005d 

  0x0000027d08cffe14: ;   {runtime_call C1 Runtime unwind_exception_blob}
  0x0000027d08cffe14: e9c7 cf29 | 07f4 f4f4 | f4f4 f4f4 
[Stub Code]
  0x0000027d08cffe20: ;   {no_reloc}
  0x0000027d08cffe20: 0f1f 4400 

  0x0000027d08cffe24: ;   {static_stub}
  0x0000027d08cffe24: 0048 bb00 | 0000 0000 

  0x0000027d08cffe2c: ;   {runtime_call nmethod}
  0x0000027d08cffe2c: 0000 00e9 | fbff ffff 

  0x0000027d08cffe34: ;   {static_stub}
  0x0000027d08cffe34: 9048 bb00 | 0000 0000 

  0x0000027d08cffe3c: ;   {runtime_call nmethod}
  0x0000027d08cffe3c: 0000 00e9 | fbff ffff 

  0x0000027d08cffe44: ;   {static_stub}
  0x0000027d08cffe44: 48bb 0000 | 0000 0000 

  0x0000027d08cffe4c: ;   {runtime_call nmethod}
  0x0000027d08cffe4c: 0000 e9fb 

  0x0000027d08cffe50: ;   {static_stub}
  0x0000027d08cffe50: ffff ff48 | bb00 0000 | 0000 0000 

  0x0000027d08cffe5c: ;   {runtime_call nmethod}
  0x0000027d08cffe5c: 00e9 fbff 

  0x0000027d08cffe60: ;   {runtime_call C1 Runtime handle_exception_from_callee_blob}
  0x0000027d08cffe60: ffff e8f9 

  0x0000027d08cffe64: ;   {external_word}
  0x0000027d08cffe64: 042a 0748 | b9e0 348e | def8 7f00 | 0048 83e4 

  0x0000027d08cffe74: ;   {runtime_call}
  0x0000027d08cffe74: f048 b810 | 904b def8 | 7f00 00ff 

  0x0000027d08cffe80: ;   {section_word}
  0x0000027d08cffe80: d0f4 49ba | 82fe cf08 | 7d02 0000 

  0x0000027d08cffe8c: ;   {runtime_call DeoptimizationBlob}
  0x0000027d08cffe8c: 4152 e9ed | 531e 07f4 | f4f4 f4f4 
[/MachCode]


---------------  P R O C E S S  ---------------

Threads class SMR info:
_java_thread_list=0x0000027d635f0760, length=16, elements={
0x0000027d7f47be00, 0x0000027d7f47c740, 0x0000027d1d8e22f0, 0x0000027d1d8e2f50,
0x0000027d1d903cf0, 0x0000027d1d904f60, 0x0000027d1d90fde0, 0x0000027d1d924f70,
0x0000027d1da2e680, 0x0000027d1dacd220, 0x0000027d63368a50, 0x0000027d63373f80,
0x0000027d6337b190, 0x0000027d635af8e0, 0x0000027d7acef580, 0x0000027d636c29b0
}

Java Threads: ( => current thread )
  0x0000027d7f47be00 JavaThread "Reference Handler"          daemon [_thread_blocked, id=32868, stack(0x0000008a66100000,0x0000008a66200000) (1024K)]
  0x0000027d7f47c740 JavaThread "Finalizer"                  daemon [_thread_blocked, id=28160, stack(0x0000008a66200000,0x0000008a66300000) (1024K)]
  0x0000027d1d8e22f0 JavaThread "Signal Dispatcher"          daemon [_thread_blocked, id=29712, stack(0x0000008a66300000,0x0000008a66400000) (1024K)]
  0x0000027d1d8e2f50 JavaThread "Attach Listener"            daemon [_thread_blocked, id=33076, stack(0x0000008a66400000,0x0000008a66500000) (1024K)]
  0x0000027d1d903cf0 JavaThread "Service Thread"             daemon [_thread_blocked, id=4696, stack(0x0000008a66500000,0x0000008a66600000) (1024K)]
  0x0000027d1d904f60 JavaThread "Monitor Deflation Thread"   daemon [_thread_blocked, id=22284, stack(0x0000008a66600000,0x0000008a66700000) (1024K)]
  0x0000027d1d90fde0 JavaThread "C2 CompilerThread0"         daemon [_thread_blocked, id=20672, stack(0x0000008a66700000,0x0000008a66800000) (1024K)]
  0x0000027d1d924f70 JavaThread "C1 CompilerThread0"         daemon [_thread_blocked, id=4044, stack(0x0000008a66800000,0x0000008a66900000) (1024K)]
  0x0000027d1da2e680 JavaThread "Common-Cleaner"             daemon [_thread_blocked, id=35736, stack(0x0000008a66a00000,0x0000008a66b00000) (1024K)]
  0x0000027d1dacd220 JavaThread "Notification Thread"        daemon [_thread_blocked, id=15952, stack(0x0000008a66d00000,0x0000008a66e00000) (1024K)]
  0x0000027d63368a50 JavaThread "Java2D Disposer"            daemon [_thread_blocked, id=35652, stack(0x0000008a66e00000,0x0000008a66f00000) (1024K)]
  0x0000027d63373f80 JavaThread "AWT-Shutdown"                      [_thread_blocked, id=5440, stack(0x0000008a66f00000,0x0000008a67000000) (1024K)]
  0x0000027d6337b190 JavaThread "AWT-Windows"                daemon [_thread_in_native, id=30220, stack(0x0000008a67000000,0x0000008a67100000) (1024K)]
=>0x0000027d635af8e0 JavaThread "AWT-EventQueue-0"                  [_thread_in_native, id=18884, stack(0x0000008a67300000,0x0000008a67400000) (1024K)]
  0x0000027d7acef580 JavaThread "DestroyJavaVM"                     [_thread_blocked, id=30100, stack(0x0000008a65900000,0x0000008a65a00000) (1024K)]
  0x0000027d636c29b0 JavaThread "TimerQueue"                 daemon [_thread_blocked, id=35612, stack(0x0000008a67700000,0x0000008a67800000) (1024K)]
Total: 16

Other Threads:
  0x0000027d7f46d6e0 VMThread "VM Thread"                           [id=38476, stack(0x0000008a66000000,0x0000008a66100000) (1024K)]
  0x0000027d7f45f260 WatcherThread "VM Periodic Task Thread"        [id=34740, stack(0x0000008a65f00000,0x0000008a66000000) (1024K)]
  0x0000027d7d2510b0 WorkerThread "GC Thread#0"                     [id=17008, stack(0x0000008a65a00000,0x0000008a65b00000) (1024K)]
  0x0000027d7d265990 ConcurrentGCThread "G1 Main Marker"            [id=36552, stack(0x0000008a65b00000,0x0000008a65c00000) (1024K)]
  0x0000027d7d267390 WorkerThread "G1 Conc#0"                       [id=35564, stack(0x0000008a65c00000,0x0000008a65d00000) (1024K)]
  0x0000027d7f31c250 ConcurrentGCThread "G1 Refine#0"               [id=22728, stack(0x0000008a65d00000,0x0000008a65e00000) (1024K)]
  0x0000027d7f31da90 ConcurrentGCThread "G1 Service"                [id=35272, stack(0x0000008a65e00000,0x0000008a65f00000) (1024K)]
Total: 7

Threads with active compile tasks:
Total: 0

VM state: not at safepoint (normal execution)

VM Mutex/Monitor currently owned by a thread: None

Heap address: 0x0000000705e00000, size: 4002 MB, Compressed Oops mode: Zero based, Oop shift amount: 3

CDS archive(s) mapped at: [0x0000027d1e000000-0x0000027d1ed40000-0x0000027d1ed40000), size 13893632, SharedBaseAddress: 0x0000027d1e000000, ArchiveRelocationMode: 1.
Compressed class space mapped at: 0x0000027d1f000000-0x0000027d5f000000, reserved size: 1073741824
UseCompressedClassPointers 1, UseCompactObjectHeaders 0
Narrow klass pointer bits 32, Max shift 3
Narrow klass base: 0x0000027d1e000000, Narrow klass shift: 0
Encoding Range: [0x0000027d1e000000 - 0x0000027e1e000000), (4294967296 bytes)
Klass Range:    [0x0000027d1e000000 - 0x0000027d5f000000), (1090519040 bytes)
Klass ID Range:  [8 - 1090519033) (1090519025)

GC Precious Log:
 CardTable entry size: 512
 Card Set container configuration: InlinePtr #cards 4 size 8 Array Of Cards #cards 16 size 48 Howl #buckets 8 coarsen threshold 3686 Howl Bitmap #cards 512 size 80 coarsen threshold 460 Card regions per heap region 1 cards per card region 4096
 CPUs: 16 total, 16 available
 Memory: 16004M
 Large Page Support: Disabled
 NUMA Support: Disabled
 Compressed Oops: Enabled (Zero based)
 Heap Region Size: 2M
 Heap Min Capacity: 8M
 Heap Initial Capacity: 252M
 Heap Max Capacity: 4002M
 Pre-touch: Disabled
 Parallel Workers: 13
 Concurrent Workers: 3
 Concurrent Refinement Workers: 13
 Periodic GC: Disabled

Heap:
 garbage-first heap   total reserved 4098048K, committed 260096K, used 31856K [0x0000000705e00000, 0x0000000800000000)
  region size 2048K, 14 young (28672K), 0 survivors (0K)
 Metaspace       used 11195K, committed 11456K, reserved 1114112K
  class space    used 1081K, committed 1216K, reserved 1048576K

Heap Regions: E=young(eden), S=young(survivor), O=old, HS=humongous(starts), HC=humongous(continues), CS=collection set, F=free, TAMS=top-at-mark-start, PB=parsable bottom
|   0|0x0000000705e00000, 0x0000000706000000, 0x0000000706000000|100%|HS|  |TAMS 0x0000000705e00000| PB 0x0000000705e00000| Complete |  0
|   1|0x0000000706000000, 0x0000000706200000, 0x0000000706200000|100%|HC|  |TAMS 0x0000000706000000| PB 0x0000000706000000| Complete |  0
|   2|0x0000000706200000, 0x0000000706200000, 0x0000000706400000|  0%| F|  |TAMS 0x0000000706200000| PB 0x0000000706200000| Untracked |  0
|   3|0x0000000706400000, 0x0000000706400000, 0x0000000706600000|  0%| F|  |TAMS 0x0000000706400000| PB 0x0000000706400000| Untracked |  0
|   4|0x0000000706600000, 0x0000000706600000, 0x0000000706800000|  0%| F|  |TAMS 0x0000000706600000| PB 0x0000000706600000| Untracked |  0
|   5|0x0000000706800000, 0x0000000706800000, 0x0000000706a00000|  0%| F|  |TAMS 0x0000000706800000| PB 0x0000000706800000| Untracked |  0
|   6|0x0000000706a00000, 0x0000000706a00000, 0x0000000706c00000|  0%| F|  |TAMS 0x0000000706a00000| PB 0x0000000706a00000| Untracked |  0
|   7|0x0000000706c00000, 0x0000000706c00000, 0x0000000706e00000|  0%| F|  |TAMS 0x0000000706c00000| PB 0x0000000706c00000| Untracked |  0
|   8|0x0000000706e00000, 0x0000000706e00000, 0x0000000707000000|  0%| F|  |TAMS 0x0000000706e00000| PB 0x0000000706e00000| Untracked |  0
|   9|0x0000000707000000, 0x0000000707000000, 0x0000000707200000|  0%| F|  |TAMS 0x0000000707000000| PB 0x0000000707000000| Untracked |  0
|  10|0x0000000707200000, 0x0000000707200000, 0x0000000707400000|  0%| F|  |TAMS 0x0000000707200000| PB 0x0000000707200000| Untracked |  0
|  11|0x0000000707400000, 0x0000000707400000, 0x0000000707600000|  0%| F|  |TAMS 0x0000000707400000| PB 0x0000000707400000| Untracked |  0
|  12|0x0000000707600000, 0x0000000707600000, 0x0000000707800000|  0%| F|  |TAMS 0x0000000707600000| PB 0x0000000707600000| Untracked |  0
|  13|0x0000000707800000, 0x0000000707800000, 0x0000000707a00000|  0%| F|  |TAMS 0x0000000707800000| PB 0x0000000707800000| Untracked |  0
|  14|0x0000000707a00000, 0x0000000707a00000, 0x0000000707c00000|  0%| F|  |TAMS 0x0000000707a00000| PB 0x0000000707a00000| Untracked |  0
|  15|0x0000000707c00000, 0x0000000707c00000, 0x0000000707e00000|  0%| F|  |TAMS 0x0000000707c00000| PB 0x0000000707c00000| Untracked |  0
|  16|0x0000000707e00000, 0x0000000707e00000, 0x0000000708000000|  0%| F|  |TAMS 0x0000000707e00000| PB 0x0000000707e00000| Untracked |  0
|  17|0x0000000708000000, 0x0000000708000000, 0x0000000708200000|  0%| F|  |TAMS 0x0000000708000000| PB 0x0000000708000000| Untracked |  0
|  18|0x0000000708200000, 0x0000000708200000, 0x0000000708400000|  0%| F|  |TAMS 0x0000000708200000| PB 0x0000000708200000| Untracked |  0
|  19|0x0000000708400000, 0x0000000708400000, 0x0000000708600000|  0%| F|  |TAMS 0x0000000708400000| PB 0x0000000708400000| Untracked |  0
|  20|0x0000000708600000, 0x0000000708600000, 0x0000000708800000|  0%| F|  |TAMS 0x0000000708600000| PB 0x0000000708600000| Untracked |  0
|  21|0x0000000708800000, 0x0000000708800000, 0x0000000708a00000|  0%| F|  |TAMS 0x0000000708800000| PB 0x0000000708800000| Untracked |  0
|  22|0x0000000708a00000, 0x0000000708a00000, 0x0000000708c00000|  0%| F|  |TAMS 0x0000000708a00000| PB 0x0000000708a00000| Untracked |  0
|  23|0x0000000708c00000, 0x0000000708c00000, 0x0000000708e00000|  0%| F|  |TAMS 0x0000000708c00000| PB 0x0000000708c00000| Untracked |  0
|  24|0x0000000708e00000, 0x0000000708e00000, 0x0000000709000000|  0%| F|  |TAMS 0x0000000708e00000| PB 0x0000000708e00000| Untracked |  0
|  25|0x0000000709000000, 0x0000000709000000, 0x0000000709200000|  0%| F|  |TAMS 0x0000000709000000| PB 0x0000000709000000| Untracked |  0
|  26|0x0000000709200000, 0x0000000709200000, 0x0000000709400000|  0%| F|  |TAMS 0x0000000709200000| PB 0x0000000709200000| Untracked |  0
|  27|0x0000000709400000, 0x0000000709400000, 0x0000000709600000|  0%| F|  |TAMS 0x0000000709400000| PB 0x0000000709400000| Untracked |  0
|  28|0x0000000709600000, 0x0000000709600000, 0x0000000709800000|  0%| F|  |TAMS 0x0000000709600000| PB 0x0000000709600000| Untracked |  0
|  29|0x0000000709800000, 0x0000000709800000, 0x0000000709a00000|  0%| F|  |TAMS 0x0000000709800000| PB 0x0000000709800000| Untracked |  0
|  30|0x0000000709a00000, 0x0000000709a00000, 0x0000000709c00000|  0%| F|  |TAMS 0x0000000709a00000| PB 0x0000000709a00000| Untracked |  0
|  31|0x0000000709c00000, 0x0000000709c00000, 0x0000000709e00000|  0%| F|  |TAMS 0x0000000709c00000| PB 0x0000000709c00000| Untracked |  0
|  32|0x0000000709e00000, 0x0000000709e00000, 0x000000070a000000|  0%| F|  |TAMS 0x0000000709e00000| PB 0x0000000709e00000| Untracked |  0
|  33|0x000000070a000000, 0x000000070a000000, 0x000000070a200000|  0%| F|  |TAMS 0x000000070a000000| PB 0x000000070a000000| Untracked |  0
|  34|0x000000070a200000, 0x000000070a200000, 0x000000070a400000|  0%| F|  |TAMS 0x000000070a200000| PB 0x000000070a200000| Untracked |  0
|  35|0x000000070a400000, 0x000000070a400000, 0x000000070a600000|  0%| F|  |TAMS 0x000000070a400000| PB 0x000000070a400000| Untracked |  0
|  36|0x000000070a600000, 0x000000070a600000, 0x000000070a800000|  0%| F|  |TAMS 0x000000070a600000| PB 0x000000070a600000| Untracked |  0
|  37|0x000000070a800000, 0x000000070a800000, 0x000000070aa00000|  0%| F|  |TAMS 0x000000070a800000| PB 0x000000070a800000| Untracked |  0
|  38|0x000000070aa00000, 0x000000070aa00000, 0x000000070ac00000|  0%| F|  |TAMS 0x000000070aa00000| PB 0x000000070aa00000| Untracked |  0
|  39|0x000000070ac00000, 0x000000070ac00000, 0x000000070ae00000|  0%| F|  |TAMS 0x000000070ac00000| PB 0x000000070ac00000| Untracked |  0
|  40|0x000000070ae00000, 0x000000070ae00000, 0x000000070b000000|  0%| F|  |TAMS 0x000000070ae00000| PB 0x000000070ae00000| Untracked |  0
|  41|0x000000070b000000, 0x000000070b000000, 0x000000070b200000|  0%| F|  |TAMS 0x000000070b000000| PB 0x000000070b000000| Untracked |  0
|  42|0x000000070b200000, 0x000000070b200000, 0x000000070b400000|  0%| F|  |TAMS 0x000000070b200000| PB 0x000000070b200000| Untracked |  0
|  43|0x000000070b400000, 0x000000070b400000, 0x000000070b600000|  0%| F|  |TAMS 0x000000070b400000| PB 0x000000070b400000| Untracked |  0
|  44|0x000000070b600000, 0x000000070b600000, 0x000000070b800000|  0%| F|  |TAMS 0x000000070b600000| PB 0x000000070b600000| Untracked |  0
|  45|0x000000070b800000, 0x000000070b800000, 0x000000070ba00000|  0%| F|  |TAMS 0x000000070b800000| PB 0x000000070b800000| Untracked |  0
|  46|0x000000070ba00000, 0x000000070ba00000, 0x000000070bc00000|  0%| F|  |TAMS 0x000000070ba00000| PB 0x000000070ba00000| Untracked |  0
|  47|0x000000070bc00000, 0x000000070bc00000, 0x000000070be00000|  0%| F|  |TAMS 0x000000070bc00000| PB 0x000000070bc00000| Untracked |  0
|  48|0x000000070be00000, 0x000000070be00000, 0x000000070c000000|  0%| F|  |TAMS 0x000000070be00000| PB 0x000000070be00000| Untracked |  0
|  49|0x000000070c000000, 0x000000070c000000, 0x000000070c200000|  0%| F|  |TAMS 0x000000070c000000| PB 0x000000070c000000| Untracked |  0
|  50|0x000000070c200000, 0x000000070c200000, 0x000000070c400000|  0%| F|  |TAMS 0x000000070c200000| PB 0x000000070c200000| Untracked |  0
|  51|0x000000070c400000, 0x000000070c400000, 0x000000070c600000|  0%| F|  |TAMS 0x000000070c400000| PB 0x000000070c400000| Untracked |  0
|  52|0x000000070c600000, 0x000000070c600000, 0x000000070c800000|  0%| F|  |TAMS 0x000000070c600000| PB 0x000000070c600000| Untracked |  0
|  53|0x000000070c800000, 0x000000070c800000, 0x000000070ca00000|  0%| F|  |TAMS 0x000000070c800000| PB 0x000000070c800000| Untracked |  0
|  54|0x000000070ca00000, 0x000000070ca00000, 0x000000070cc00000|  0%| F|  |TAMS 0x000000070ca00000| PB 0x000000070ca00000| Untracked |  0
|  55|0x000000070cc00000, 0x000000070cc00000, 0x000000070ce00000|  0%| F|  |TAMS 0x000000070cc00000| PB 0x000000070cc00000| Untracked |  0
|  56|0x000000070ce00000, 0x000000070ce00000, 0x000000070d000000|  0%| F|  |TAMS 0x000000070ce00000| PB 0x000000070ce00000| Untracked |  0
|  57|0x000000070d000000, 0x000000070d000000, 0x000000070d200000|  0%| F|  |TAMS 0x000000070d000000| PB 0x000000070d000000| Untracked |  0
|  58|0x000000070d200000, 0x000000070d200000, 0x000000070d400000|  0%| F|  |TAMS 0x000000070d200000| PB 0x000000070d200000| Untracked |  0
|  59|0x000000070d400000, 0x000000070d400000, 0x000000070d600000|  0%| F|  |TAMS 0x000000070d400000| PB 0x000000070d400000| Untracked |  0
|  60|0x000000070d600000, 0x000000070d600000, 0x000000070d800000|  0%| F|  |TAMS 0x000000070d600000| PB 0x000000070d600000| Untracked |  0
|  61|0x000000070d800000, 0x000000070d800000, 0x000000070da00000|  0%| F|  |TAMS 0x000000070d800000| PB 0x000000070d800000| Untracked |  0
|  62|0x000000070da00000, 0x000000070da00000, 0x000000070dc00000|  0%| F|  |TAMS 0x000000070da00000| PB 0x000000070da00000| Untracked |  0
|  63|0x000000070dc00000, 0x000000070dc00000, 0x000000070de00000|  0%| F|  |TAMS 0x000000070dc00000| PB 0x000000070dc00000| Untracked |  0
|  64|0x000000070de00000, 0x000000070de00000, 0x000000070e000000|  0%| F|  |TAMS 0x000000070de00000| PB 0x000000070de00000| Untracked |  0
|  65|0x000000070e000000, 0x000000070e000000, 0x000000070e200000|  0%| F|  |TAMS 0x000000070e000000| PB 0x000000070e000000| Untracked |  0
|  66|0x000000070e200000, 0x000000070e200000, 0x000000070e400000|  0%| F|  |TAMS 0x000000070e200000| PB 0x000000070e200000| Untracked |  0
|  67|0x000000070e400000, 0x000000070e400000, 0x000000070e600000|  0%| F|  |TAMS 0x000000070e400000| PB 0x000000070e400000| Untracked |  0
|  68|0x000000070e600000, 0x000000070e600000, 0x000000070e800000|  0%| F|  |TAMS 0x000000070e600000| PB 0x000000070e600000| Untracked |  0
|  69|0x000000070e800000, 0x000000070e800000, 0x000000070ea00000|  0%| F|  |TAMS 0x000000070e800000| PB 0x000000070e800000| Untracked |  0
|  70|0x000000070ea00000, 0x000000070ea00000, 0x000000070ec00000|  0%| F|  |TAMS 0x000000070ea00000| PB 0x000000070ea00000| Untracked |  0
|  71|0x000000070ec00000, 0x000000070ec00000, 0x000000070ee00000|  0%| F|  |TAMS 0x000000070ec00000| PB 0x000000070ec00000| Untracked |  0
|  72|0x000000070ee00000, 0x000000070ee00000, 0x000000070f000000|  0%| F|  |TAMS 0x000000070ee00000| PB 0x000000070ee00000| Untracked |  0
|  73|0x000000070f000000, 0x000000070f000000, 0x000000070f200000|  0%| F|  |TAMS 0x000000070f000000| PB 0x000000070f000000| Untracked |  0
|  74|0x000000070f200000, 0x000000070f200000, 0x000000070f400000|  0%| F|  |TAMS 0x000000070f200000| PB 0x000000070f200000| Untracked |  0
|  75|0x000000070f400000, 0x000000070f400000, 0x000000070f600000|  0%| F|  |TAMS 0x000000070f400000| PB 0x000000070f400000| Untracked |  0
|  76|0x000000070f600000, 0x000000070f600000, 0x000000070f800000|  0%| F|  |TAMS 0x000000070f600000| PB 0x000000070f600000| Untracked |  0
|  77|0x000000070f800000, 0x000000070f800000, 0x000000070fa00000|  0%| F|  |TAMS 0x000000070f800000| PB 0x000000070f800000| Untracked |  0
|  78|0x000000070fa00000, 0x000000070fa00000, 0x000000070fc00000|  0%| F|  |TAMS 0x000000070fa00000| PB 0x000000070fa00000| Untracked |  0
|  79|0x000000070fc00000, 0x000000070fc00000, 0x000000070fe00000|  0%| F|  |TAMS 0x000000070fc00000| PB 0x000000070fc00000| Untracked |  0
|  80|0x000000070fe00000, 0x000000070fe00000, 0x0000000710000000|  0%| F|  |TAMS 0x000000070fe00000| PB 0x000000070fe00000| Untracked |  0
|  81|0x0000000710000000, 0x0000000710000000, 0x0000000710200000|  0%| F|  |TAMS 0x0000000710000000| PB 0x0000000710000000| Untracked |  0
|  82|0x0000000710200000, 0x0000000710200000, 0x0000000710400000|  0%| F|  |TAMS 0x0000000710200000| PB 0x0000000710200000| Untracked |  0
|  83|0x0000000710400000, 0x0000000710400000, 0x0000000710600000|  0%| F|  |TAMS 0x0000000710400000| PB 0x0000000710400000| Untracked |  0
|  84|0x0000000710600000, 0x0000000710600000, 0x0000000710800000|  0%| F|  |TAMS 0x0000000710600000| PB 0x0000000710600000| Untracked |  0
|  85|0x0000000710800000, 0x0000000710800000, 0x0000000710a00000|  0%| F|  |TAMS 0x0000000710800000| PB 0x0000000710800000| Untracked |  0
|  86|0x0000000710a00000, 0x0000000710a00000, 0x0000000710c00000|  0%| F|  |TAMS 0x0000000710a00000| PB 0x0000000710a00000| Untracked |  0
|  87|0x0000000710c00000, 0x0000000710c00000, 0x0000000710e00000|  0%| F|  |TAMS 0x0000000710c00000| PB 0x0000000710c00000| Untracked |  0
|  88|0x0000000710e00000, 0x0000000710e00000, 0x0000000711000000|  0%| F|  |TAMS 0x0000000710e00000| PB 0x0000000710e00000| Untracked |  0
|  89|0x0000000711000000, 0x0000000711000000, 0x0000000711200000|  0%| F|  |TAMS 0x0000000711000000| PB 0x0000000711000000| Untracked |  0
|  90|0x0000000711200000, 0x0000000711200000, 0x0000000711400000|  0%| F|  |TAMS 0x0000000711200000| PB 0x0000000711200000| Untracked |  0
|  91|0x0000000711400000, 0x0000000711400000, 0x0000000711600000|  0%| F|  |TAMS 0x0000000711400000| PB 0x0000000711400000| Untracked |  0
|  92|0x0000000711600000, 0x0000000711600000, 0x0000000711800000|  0%| F|  |TAMS 0x0000000711600000| PB 0x0000000711600000| Untracked |  0
|  93|0x0000000711800000, 0x0000000711800000, 0x0000000711a00000|  0%| F|  |TAMS 0x0000000711800000| PB 0x0000000711800000| Untracked |  0
|  94|0x0000000711a00000, 0x0000000711a00000, 0x0000000711c00000|  0%| F|  |TAMS 0x0000000711a00000| PB 0x0000000711a00000| Untracked |  0
|  95|0x0000000711c00000, 0x0000000711c00000, 0x0000000711e00000|  0%| F|  |TAMS 0x0000000711c00000| PB 0x0000000711c00000| Untracked |  0
|  96|0x0000000711e00000, 0x0000000711e00000, 0x0000000712000000|  0%| F|  |TAMS 0x0000000711e00000| PB 0x0000000711e00000| Untracked |  0
|  97|0x0000000712000000, 0x0000000712000000, 0x0000000712200000|  0%| F|  |TAMS 0x0000000712000000| PB 0x0000000712000000| Untracked |  0
|  98|0x0000000712200000, 0x0000000712200000, 0x0000000712400000|  0%| F|  |TAMS 0x0000000712200000| PB 0x0000000712200000| Untracked |  0
|  99|0x0000000712400000, 0x0000000712400000, 0x0000000712600000|  0%| F|  |TAMS 0x0000000712400000| PB 0x0000000712400000| Untracked |  0
| 100|0x0000000712600000, 0x0000000712600000, 0x0000000712800000|  0%| F|  |TAMS 0x0000000712600000| PB 0x0000000712600000| Untracked |  0
| 101|0x0000000712800000, 0x0000000712800000, 0x0000000712a00000|  0%| F|  |TAMS 0x0000000712800000| PB 0x0000000712800000| Untracked |  0
| 102|0x0000000712a00000, 0x0000000712a00000, 0x0000000712c00000|  0%| F|  |TAMS 0x0000000712a00000| PB 0x0000000712a00000| Untracked |  0
| 103|0x0000000712c00000, 0x0000000712c00000, 0x0000000712e00000|  0%| F|  |TAMS 0x0000000712c00000| PB 0x0000000712c00000| Untracked |  0
| 104|0x0000000712e00000, 0x0000000712e00000, 0x0000000713000000|  0%| F|  |TAMS 0x0000000712e00000| PB 0x0000000712e00000| Untracked |  0
| 105|0x0000000713000000, 0x0000000713000000, 0x0000000713200000|  0%| F|  |TAMS 0x0000000713000000| PB 0x0000000713000000| Untracked |  0
| 106|0x0000000713200000, 0x0000000713200000, 0x0000000713400000|  0%| F|  |TAMS 0x0000000713200000| PB 0x0000000713200000| Untracked |  0
| 107|0x0000000713400000, 0x0000000713400000, 0x0000000713600000|  0%| F|  |TAMS 0x0000000713400000| PB 0x0000000713400000| Untracked |  0
| 108|0x0000000713600000, 0x0000000713600000, 0x0000000713800000|  0%| F|  |TAMS 0x0000000713600000| PB 0x0000000713600000| Untracked |  0
| 109|0x0000000713800000, 0x0000000713800000, 0x0000000713a00000|  0%| F|  |TAMS 0x0000000713800000| PB 0x0000000713800000| Untracked |  0
| 110|0x0000000713a00000, 0x0000000713a00000, 0x0000000713c00000|  0%| F|  |TAMS 0x0000000713a00000| PB 0x0000000713a00000| Untracked |  0
| 111|0x0000000713c00000, 0x0000000713c00000, 0x0000000713e00000|  0%| F|  |TAMS 0x0000000713c00000| PB 0x0000000713c00000| Untracked |  0
| 112|0x0000000713e00000, 0x0000000714000000, 0x0000000714000000|100%| E|  |TAMS 0x0000000713e00000| PB 0x0000000713e00000| Complete |  0
| 113|0x0000000714000000, 0x0000000714200000, 0x0000000714200000|100%| E|CS|TAMS 0x0000000714000000| PB 0x0000000714000000| Complete |  0
| 114|0x0000000714200000, 0x0000000714400000, 0x0000000714400000|100%| E|CS|TAMS 0x0000000714200000| PB 0x0000000714200000| Complete |  0
| 115|0x0000000714400000, 0x0000000714600000, 0x0000000714600000|100%| E|CS|TAMS 0x0000000714400000| PB 0x0000000714400000| Complete |  0
| 116|0x0000000714600000, 0x0000000714800000, 0x0000000714800000|100%| E|CS|TAMS 0x0000000714600000| PB 0x0000000714600000| Complete |  0
| 117|0x0000000714800000, 0x0000000714a00000, 0x0000000714a00000|100%| E|CS|TAMS 0x0000000714800000| PB 0x0000000714800000| Complete |  0
| 118|0x0000000714a00000, 0x0000000714c00000, 0x0000000714c00000|100%| E|CS|TAMS 0x0000000714a00000| PB 0x0000000714a00000| Complete |  0
| 119|0x0000000714c00000, 0x0000000714e00000, 0x0000000714e00000|100%| E|CS|TAMS 0x0000000714c00000| PB 0x0000000714c00000| Complete |  0
| 120|0x0000000714e00000, 0x0000000715000000, 0x0000000715000000|100%| E|CS|TAMS 0x0000000714e00000| PB 0x0000000714e00000| Complete |  0
| 121|0x0000000715000000, 0x0000000715200000, 0x0000000715200000|100%| E|CS|TAMS 0x0000000715000000| PB 0x0000000715000000| Complete |  0
| 122|0x0000000715200000, 0x0000000715400000, 0x0000000715400000|100%| E|CS|TAMS 0x0000000715200000| PB 0x0000000715200000| Complete |  0
| 123|0x0000000715400000, 0x0000000715600000, 0x0000000715600000|100%| E|CS|TAMS 0x0000000715400000| PB 0x0000000715400000| Complete |  0
| 124|0x0000000715600000, 0x0000000715800000, 0x0000000715800000|100%| E|CS|TAMS 0x0000000715600000| PB 0x0000000715600000| Complete |  0
| 125|0x0000000715800000, 0x0000000715a00000, 0x0000000715a00000|100%| E|CS|TAMS 0x0000000715800000| PB 0x0000000715800000| Complete |  0
|2000|0x00000007ffe00000, 0x00000007fff1c318, 0x0000000800000000| 55%| O|  |TAMS 0x00000007ffe00000| PB 0x00000007ffe00000| Untracked |  0

Card table byte_map: [0x0000027d7e330000,0x0000027d7eb10000] _byte_map_base: 0x0000027d7ab01000

Marking Bits: (CMBitMap*) 0x0000027d7d2517c0
 Bits: [0x0000027d17a40000, 0x0000027d1b8c8000)

Polling page: 0x0000027d7b220000

Metaspace:

Usage:
  Non-class:      9.88 MB used.
      Class:      1.06 MB used.
       Both:     10.93 MB used.

Virtual space:
  Non-class space:       64.00 MB reserved,      10.00 MB ( 16%) committed,  1 nodes.
      Class space:        1.00 GB reserved,       1.19 MB ( <1%) committed,  1 nodes.
             Both:        1.06 GB reserved,      11.19 MB (  1%) committed. 

Chunk freelists:
   Non-Class:  6.05 MB
       Class:  14.75 MB
        Both:  20.80 MB

MaxMetaspaceSize: unlimited
CompressedClassSpaceSize: 1.00 GB
Initial GC threshold: 21.00 MB
Current GC threshold: 21.00 MB
CDS: on
 - commit_granule_bytes: 65536.
 - commit_granule_words: 8192.
 - virtual_space_node_default_size: 8388608.
 - enlarge_chunks_in_place: 1.
UseCompressedClassPointers 1, UseCompactObjectHeaders 0
Narrow klass pointer bits 32, Max shift 3
Narrow klass base: 0x0000027d1e000000, Narrow klass shift: 0
Encoding Range: [0x0000027d1e000000 - 0x0000027e1e000000), (4294967296 bytes)
Klass Range:    [0x0000027d1e000000 - 0x0000027d5f000000), (1090519040 bytes)
Klass ID Range:  [8 - 1090519033) (1090519025)


Internal statistics:

num_allocs_failed_limit: 0.
num_arena_births: 112.
num_arena_deaths: 0.
num_vsnodes_births: 2.
num_vsnodes_deaths: 0.
num_space_committed: 179.
num_space_uncommitted: 0.
num_chunks_returned_to_freelist: 0.
num_chunks_taken_from_freelist: 159.
num_chunk_merges: 0.
num_chunk_splits: 95.
num_chunks_enlarged: 54.
num_inconsistent_stats: 0.

CodeHeap 'non-profiled nmethods': size=119232Kb used=486Kb max_used=486Kb free=118745Kb
 bounds [0x0000027d105d0000, 0x0000027d10840000, 0x0000027d17a40000]
CodeHeap 'profiled nmethods': size=119104Kb used=2885Kb max_used=2885Kb free=116218Kb
 bounds [0x0000027d08a40000, 0x0000027d08d20000, 0x0000027d0fe90000]
CodeHeap 'non-nmethods': size=7424Kb used=1521Kb max_used=3279Kb free=5902Kb
 bounds [0x0000027d0fe90000, 0x0000027d101d0000, 0x0000027d105d0000]
CodeCache: size=245760Kb, used=4892Kb, max_used=6650Kb, free=240865Kb
 total_blobs=2590, nmethods=1895, adapters=600, full_count=0
Compilation: enabled, stopped_count=0, restarted_count=0

Compilation events (20 events):
Event: 2609.304 Thread 0x0000027d1d924f70 1883       3       java.awt.geom.AffineTransform::equals (104 bytes)
Event: 2609.305 Thread 0x0000027d1d924f70 nmethod 1883 0x0000027d08d0c788 code [0x0000027d08d0c9a0, 0x0000027d08d0de30]
Event: 7912.679 Thread 0x0000027d1d924f70 1886   !   3       java.lang.Object::wait (59 bytes)
Event: 7912.681 Thread 0x0000027d1d924f70 nmethod 1886 0x0000027d08d0de88 code [0x0000027d08d0e000, 0x0000027d08d0e580]
Event: 11152.844 Thread 0x0000027d1d924f70 1887       3       java.lang.ref.ReferenceQueue::poll0 (65 bytes)
Event: 11152.852 Thread 0x0000027d1d924f70 nmethod 1887 0x0000027d08d0e608 code [0x0000027d08d0e740, 0x0000027d08d0ec20]
Event: 18953.614 Thread 0x0000027d1d924f70 1888  s    3       jdk.internal.ref.CleanerImpl$CleanableList::isEmpty (16 bytes)
Event: 18953.616 Thread 0x0000027d1d924f70 nmethod 1888 0x0000027d08d0ec88 code [0x0000027d08d0eda0, 0x0000027d08d0f050]
Event: 18953.616 Thread 0x0000027d1d924f70 1891       3       java.lang.ref.ReferenceQueue::remove0 (67 bytes)
Event: 18953.620 Thread 0x0000027d1d924f70 nmethod 1891 0x0000027d08d0f088 code [0x0000027d08d0f200, 0x0000027d08d0f660]
Event: 18953.621 Thread 0x0000027d1d924f70 1889       3       jdk.internal.misc.InnocuousThread::eraseThreadLocals (23 bytes)
Event: 18953.622 Thread 0x0000027d1d924f70 nmethod 1889 0x0000027d08d0f688 code [0x0000027d08d0f7a0, 0x0000027d08d0f990]
Event: 18953.622 Thread 0x0000027d1d924f70 1890   !   3       java.lang.ref.ReferenceQueue::remove (49 bytes)
Event: 18953.625 Thread 0x0000027d1d924f70 nmethod 1890 0x0000027d08d0fa08 code [0x0000027d08d0fba0, 0x0000027d08d10550]
Event: 22935.238 Thread 0x0000027d1d924f70 1892       3       sun.awt.Win32GraphicsConfig::getDefaultTransform (24 bytes)
Event: 22935.260 Thread 0x0000027d1d924f70 nmethod 1892 0x0000027d08d10588 code [0x0000027d08d106a0, 0x0000027d08d10918]
Event: 22937.370 Thread 0x0000027d1d924f70 1894   !   3       java.awt.Toolkit::setDesktopProperty (81 bytes)
Event: 22937.371 Thread 0x0000027d1d90fde0 1893       4       java.util.HashMap$HashIterator::hasNext (13 bytes)
Event: 22937.375 Thread 0x0000027d1d924f70 nmethod 1894 0x0000027d08d10988 code [0x0000027d08d10b20, 0x0000027d08d11430]
Event: 22937.381 Thread 0x0000027d1d90fde0 nmethod 1893 0x0000027d10649188 code [0x0000027d10649280, 0x0000027d10649300]

GC Heap History (0 events):
No events

Dll operation events (10 events):
Event: 0.009 Loaded shared library C:\Program Files\Apache NetBeans\jdk\bin\java.dll
Event: 0.040 Loaded shared library C:\Program Files\Apache NetBeans\jdk\bin\jsvml.dll
Event: 0.069 Loaded shared library C:\Program Files\Apache NetBeans\jdk\bin\net.dll
Event: 0.071 Loaded shared library C:\Program Files\Apache NetBeans\jdk\bin\nio.dll
Event: 0.099 Loaded shared library C:\Program Files\Apache NetBeans\jdk\bin\zip.dll
Event: 0.103 Loaded shared library C:\Program Files\Apache NetBeans\jdk\bin\jimage.dll
Event: 0.113 Loaded shared library C:\Program Files\Apache NetBeans\jdk\bin\awt.dll
Event: 0.313 Loaded shared library C:\Program Files\Apache NetBeans\jdk\bin\verify.dll
Event: 0.396 Loaded shared library C:\Program Files\Apache NetBeans\jdk\bin\freetype.dll
Event: 0.397 Loaded shared library C:\Program Files\Apache NetBeans\jdk\bin\fontmanager.dll

Deoptimization events (20 events):
Event: 0.747 Thread 0x0000027d635af8e0 Uncommon trap: trap_request=0xffffff4d fr.pc=0x0000027d1062da38 relative=0x0000000000000458
Event: 0.747 Thread 0x0000027d635af8e0 Uncommon trap: reason=unstable_if action=reinterpret pc=0x0000027d1062da38 method=java.lang.StringLatin1.toLowerCase(Ljava/lang/String;[BLjava/util/Locale;)Ljava/lang/String; @ 37 c2
Event: 0.747 Thread 0x0000027d635af8e0 DEOPT PACKING pc=0x0000027d1062da38 sp=0x0000008a673fd300
Event: 0.747 Thread 0x0000027d635af8e0 DEOPT UNPACKING pc=0x0000027d0ffa8582 sp=0x0000008a673fd270 mode 2
Event: 0.917 Thread 0x0000027d635af8e0 Uncommon trap: trap_request=0xffffff4d fr.pc=0x0000027d105dc5b4 relative=0x0000000000000094
Event: 0.917 Thread 0x0000027d635af8e0 Uncommon trap: reason=unstable_if action=reinterpret pc=0x0000027d105dc5b4 method=java.lang.String.isLatin1()Z @ 10 c2
Event: 0.917 Thread 0x0000027d635af8e0 DEOPT PACKING pc=0x0000027d105dc5b4 sp=0x0000008a673fd150
Event: 0.917 Thread 0x0000027d635af8e0 DEOPT UNPACKING pc=0x0000027d0ffa8582 sp=0x0000008a673fd080 mode 2
Event: 0.933 Thread 0x0000027d635af8e0 Uncommon trap: trap_request=0xffffff4d fr.pc=0x0000027d10639ebc relative=0x00000000000003dc
Event: 0.933 Thread 0x0000027d635af8e0 Uncommon trap: reason=unstable_if action=reinterpret pc=0x0000027d10639ebc method=java.lang.Character.isSurrogate(C)Z @ 3 c2
Event: 0.933 Thread 0x0000027d635af8e0 DEOPT PACKING pc=0x0000027d10639ebc sp=0x0000008a673fcdb0
Event: 0.933 Thread 0x0000027d635af8e0 DEOPT UNPACKING pc=0x0000027d0ffa8582 sp=0x0000008a673fccc8 mode 2
Event: 0.960 Thread 0x0000027d635af8e0 Uncommon trap: trap_request=0xffffff5c fr.pc=0x0000027d10631ae0 relative=0x0000000000000060
Event: 0.960 Thread 0x0000027d635af8e0 Uncommon trap: reason=speculate_null_check action=make_not_entrant pc=0x0000027d10631ae0 method=jdk.internal.misc.Unsafe.getIntUnaligned(Ljava/lang/Object;JZ)I @ 5 c2
Event: 0.960 Thread 0x0000027d635af8e0 DEOPT PACKING pc=0x0000027d10631ae0 sp=0x0000008a673fcf00
Event: 0.960 Thread 0x0000027d635af8e0 DEOPT UNPACKING pc=0x0000027d0ffa8582 sp=0x0000008a673fce58 mode 2
Event: 0.970 Thread 0x0000027d635af8e0 Uncommon trap: trap_request=0xffffff4d fr.pc=0x0000027d106382c8 relative=0x0000000000000128
Event: 0.970 Thread 0x0000027d635af8e0 Uncommon trap: reason=unstable_if action=reinterpret pc=0x0000027d106382c8 method=java.lang.ThreadLocal$ThreadLocalMap.getEntry(Ljava/lang/ThreadLocal;)Ljava/lang/ThreadLocal$ThreadLocalMap$Entry; @ 21 c2
Event: 0.970 Thread 0x0000027d635af8e0 DEOPT PACKING pc=0x0000027d106382c8 sp=0x0000008a673fd5c0
Event: 0.970 Thread 0x0000027d635af8e0 DEOPT UNPACKING pc=0x0000027d0ffa8582 sp=0x0000008a673fd4e0 mode 2

Classes loaded (20 events):
Event: 1.023 Loading class javax/swing/TimerQueue$DelayedTimer
Event: 1.023 Loading class java/util/concurrent/Delayed
Event: 1.023 Loading class java/util/concurrent/Delayed done
Event: 1.023 Loading class javax/swing/TimerQueue$DelayedTimer done
Event: 1.024 Loading class java/awt/TextComponent
Event: 1.024 Loading class java/awt/TextComponent done
Event: 1.025 Loading class java/awt/Container$MouseEventTargetFilter
Event: 1.025 Loading class java/awt/Container$EventTargetFilter
Event: 1.025 Loading class java/awt/Container$EventTargetFilter done
Event: 1.025 Loading class java/awt/Container$MouseEventTargetFilter done
Event: 1.025 Loading class java/awt/event/MouseWheelEvent
Event: 1.025 Loading class java/awt/event/MouseWheelEvent done
Event: 4.192 Loading class sun/awt/SunToolkit$1
Event: 4.192 Loading class sun/awt/SunToolkit$1 done
Event: 2609.302 Loading class java/util/WeakHashMap$KeyIterator
Event: 2609.302 Loading class java/util/WeakHashMap$HashIterator
Event: 2609.302 Loading class java/util/WeakHashMap$HashIterator done
Event: 2609.302 Loading class java/util/WeakHashMap$KeyIterator done
Event: 2609.302 Loading class javax/swing/RepaintManager$DisplayChangedRunnable
Event: 2609.302 Loading class javax/swing/RepaintManager$DisplayChangedRunnable done

Classes unloaded (0 events):
No events

Classes redefined (0 events):
No events

Internal exceptions (20 events):
Event: 0.194 Thread 0x0000027d7acef580 Exception <a 'java/lang/NoSuchMethodError'{0x00000007154709b8}: 'java.lang.Object java.lang.invoke.DirectMethodHandle$Holder.invokeStaticInit(java.lang.Object, long)'> (0x00000007154709b8) 
thrown [s\src\hotspot\share\interpreter\linkResolver.cpp, line 805]
Event: 0.221 Thread 0x0000027d7acef580 Exception <a 'java/lang/NoSuchMethodError'{0x00000007154a0d48}: 'void java.lang.invoke.DirectMethodHandle$Holder.invokeSpecial(java.lang.Object, java.lang.Object, java.lang.Object)'> (0x00000007154a0d48) 
thrown [s\src\hotspot\share\interpreter\linkResolver.cpp, line 805]
Event: 0.234 Thread 0x0000027d7acef580 Exception <a 'java/lang/NoSuchMethodError'{0x000000071521d648}: 'java.lang.Object java.lang.invoke.DirectMethodHandle$Holder.newInvokeSpecial(java.lang.Object, java.lang.Object, java.lang.Object, java.lang.Object, java.lang.Object)'> (0x000000071521d648) 
thrown [s\src\hotspot\share\interpreter\linkResolver.cpp, line 805]
Event: 0.242 Thread 0x0000027d7acef580 Exception <a 'java/lang/NoSuchMethodError'{0x0000000715285790}: 'java.lang.Object java.lang.invoke.DirectMethodHandle$Holder.invokeStatic(java.lang.Object, int, java.lang.Object)'> (0x0000000715285790) 
thrown [s\src\hotspot\share\interpreter\linkResolver.cpp, line 805]
Event: 0.279 Thread 0x0000027d7acef580 Exception <a 'java/lang/ClassNotFoundException'{0x00000007150b2e88}: com/sun/swing/internal/plaf/metal/resources/spi/metalProvider> (0x00000007150b2e88) 
thrown [s\src\hotspot\share\classfile\systemDictionary.cpp, line 327]
Event: 0.280 Thread 0x0000027d7acef580 Exception <a 'java/lang/ClassNotFoundException'{0x00000007150b6898}: com/sun/swing/internal/plaf/basic/resources/spi/basicProvider> (0x00000007150b6898) 
thrown [s\src\hotspot\share\classfile\systemDictionary.cpp, line 327]
Event: 0.290 Thread 0x0000027d7acef580 Exception <a 'java/lang/NoSuchMethodError'{0x00000007150e4350}: 'int java.lang.invoke.Invokers$Holder.invokeExact_MT(java.lang.Object, java.lang.Object)'> (0x00000007150e4350) 
thrown [s\src\hotspot\share\interpreter\linkResolver.cpp, line 805]
Event: 0.405 Thread 0x0000027d7acef580 Exception <a 'java/lang/NoSuchMethodError'{0x0000000714fad9b8}: 'long java.lang.invoke.DirectMethodHandle$Holder.invokeStaticInit(java.lang.Object, long, long, long, long)'> (0x0000000714fad9b8) 
thrown [s\src\hotspot\share\interpreter\linkResolver.cpp, line 805]
Event: 0.406 Thread 0x0000027d7acef580 Exception <a 'java/lang/NoSuchMethodError'{0x0000000714fb63c0}: 'java.lang.Object java.lang.invoke.DirectMethodHandle$Holder.invokeInterface(java.lang.Object, java.lang.Object, long, long)'> (0x0000000714fb63c0) 
thrown [s\src\hotspot\share\interpreter\linkResolver.cpp, line 805]
Event: 0.407 Thread 0x0000027d7acef580 Exception <a 'java/lang/NoSuchMethodError'{0x0000000714fceb80}: 'void java.lang.invoke.DirectMethodHandle$Holder.invokeStaticInit(java.lang.Object, java.lang.Object, long, java.lang.Object)'> (0x0000000714fceb80) 
thrown [s\src\hotspot\share\interpreter\linkResolver.cpp, line 805]
Event: 0.408 Thread 0x0000027d7acef580 Exception <a 'java/lang/NoSuchMethodError'{0x0000000714fd7768}: 'long java.lang.invoke.DirectMethodHandle$Holder.invokeStatic(java.lang.Object, long, long)'> (0x0000000714fd7768) 
thrown [s\src\hotspot\share\interpreter\linkResolver.cpp, line 805]
Event: 0.412 Thread 0x0000027d7acef580 Exception <a 'java/lang/NoSuchMethodError'{0x0000000714c06f90}: 'java.lang.Object java.lang.invoke.DirectMethodHandle$Holder.newInvokeSpecial(java.lang.Object, int, java.lang.Object)'> (0x0000000714c06f90) 
thrown [s\src\hotspot\share\interpreter\linkResolver.cpp, line 805]
Event: 0.444 Thread 0x0000027d7acef580 Exception <a 'java/lang/NoSuchMethodError'{0x0000000714c7a6a8}: 'void java.lang.invoke.DelegatingMethodHandle$Holder.reinvoke_L(java.lang.Object, java.lang.Object, java.lang.Object, java.lang.Object, long, long, float)'> (0x0000000714c7a6a8) 
thrown [s\src\hotspot\share\interpreter\linkResolver.cpp, line 805]
Event: 0.447 Thread 0x0000027d7acef580 Exception <a 'java/lang/NoSuchMethodError'{0x0000000714c9acf8}: 'java.lang.Object java.lang.invoke.DirectMethodHandle$Holder.invokeStatic(java.lang.Object, java.lang.Object, java.lang.Object, java.lang.Object, java.lang.Object, long)'> (0x0000000714c9acf8) 
thrown [s\src\hotspot\share\interpreter\linkResolver.cpp, line 805]
Event: 0.452 Thread 0x0000027d7acef580 Exception <a 'java/lang/NoSuchMethodError'{0x0000000714cde458}: 'float java.lang.invoke.DelegatingMethodHandle$Holder.reinvoke_L(java.lang.Object, java.lang.Object, java.lang.Object, java.lang.Object, long, long)'> (0x0000000714cde458) 
thrown [s\src\hotspot\share\interpreter\linkResolver.cpp, line 805]
Event: 0.598 Thread 0x0000027d6337b190 Exception <a 'java/lang/NoSuchMethodError'{0x0000000715505c08}: 'void java.lang.invoke.DirectMethodHandle$Holder.invokeVirtual(java.lang.Object, java.lang.Object)'> (0x0000000715505c08) 
thrown [s\src\hotspot\share\interpreter\linkResolver.cpp, line 805]
Event: 0.612 Thread 0x0000027d7acef580 Exception <a 'java/lang/NoSuchMethodError'{0x0000000714b707d0}: 'void java.lang.invoke.DirectMethodHandle$Holder.invokeStaticInit(java.lang.Object)'> (0x0000000714b707d0) 
thrown [s\src\hotspot\share\interpreter\linkResolver.cpp, line 805]
Event: 0.744 Thread 0x0000027d635af8e0 Exception <a 'java/io/FileNotFoundException'{0x0000000714644368}> (0x0000000714644368) 
thrown [s\src\hotspot\share\prims\jni.cpp, line 518]
Event: 0.750 Thread 0x0000027d635af8e0 Exception <a 'java/io/FileNotFoundException'{0x000000071465deb0}> (0x000000071465deb0) 
thrown [s\src\hotspot\share\prims\jni.cpp, line 518]
Event: 0.970 Thread 0x0000027d635af8e0 Implicit null exception at 0x0000027d106381f5 to 0x0000027d106382a8

VM Operations (20 events):
Event: 0.590 Executing VM operation: HandshakeAllThreads (Deoptimize)
Event: 0.590 Executing VM operation: HandshakeAllThreads (Deoptimize) done
Event: 0.601 Executing VM operation: HandshakeAllThreads (Deoptimize)
Event: 0.601 Executing VM operation: HandshakeAllThreads (Deoptimize) done
Event: 0.700 Executing VM operation: HandshakeAllThreads (Deoptimize)
Event: 0.700 Executing VM operation: HandshakeAllThreads (Deoptimize) done
Event: 0.702 Executing VM operation: HandshakeAllThreads (Deoptimize)
Event: 0.702 Executing VM operation: HandshakeAllThreads (Deoptimize) done
Event: 60.185 Executing VM operation: HandshakeAllThreads (HandshakeForDeflation)
Event: 60.185 Executing VM operation: HandshakeAllThreads (HandshakeForDeflation) done
Event: 60.185 Executing VM operation: RendezvousGCThreads
Event: 60.185 Executing VM operation: RendezvousGCThreads done
Event: 2653.288 Executing VM operation: HandshakeAllThreads (HandshakeForDeflation)
Event: 2653.288 Executing VM operation: HandshakeAllThreads (HandshakeForDeflation) done
Event: 2653.288 Executing VM operation: RendezvousGCThreads
Event: 2653.288 Executing VM operation: RendezvousGCThreads done
Event: 8735.070 Executing VM operation: HandshakeAllThreads (HandshakeForDeflation)
Event: 8735.070 Executing VM operation: HandshakeAllThreads (HandshakeForDeflation) done
Event: 8735.071 Executing VM operation: RendezvousGCThreads
Event: 8735.071 Executing VM operation: RendezvousGCThreads done

Memory protections (0 events):
No events

Nmethod flushes (0 events):
No events

Events (20 events):
Event: 0.067 Thread 0x0000027d7acef580 Thread added: 0x0000027d1da2e680
Event: 0.077 Thread 0x0000027d1d924f70 Thread added: 0x0000027d1da38920
Event: 0.081 Thread 0x0000027d1d98af00 Thread added: 0x0000027d1da58e10
Event: 0.086 Thread 0x0000027d7acef580 Thread added: 0x0000027d1dacd220
Event: 0.164 Thread 0x0000027d7acef580 Thread added: 0x0000027d63368a50
Event: 0.165 Thread 0x0000027d7acef580 Thread added: 0x0000027d63373f80
Event: 0.166 Thread 0x0000027d7acef580 Thread added: 0x0000027d6337b190
Event: 0.345 Thread 0x0000027d1d90fde0 Thread added: 0x0000027d634d6180
Event: 0.380 Thread 0x0000027d1da58e10 Thread added: 0x0000027d634fb350
Event: 0.458 Thread 0x0000027d7acef580 Thread added: 0x0000027d635af8e0
Event: 0.549 Thread 0x0000027d634fb350 Thread exited: 0x0000027d634fb350
Event: 0.570 Thread 0x0000027d7acef580 Thread added: 0x0000027d637a1ba0
Event: 0.703 Thread 0x0000027d7acef580 Thread exited: 0x0000027d7acef580
Event: 0.703 Thread 0x0000027d7acef580 Thread added: 0x0000027d7acef580
Event: 1.023 Thread 0x0000027d635af8e0 Thread added: 0x0000027d636c29b0
Event: 1.526 Thread 0x0000027d1da58e10 Thread exited: 0x0000027d1da58e10
Event: 1.974 Thread 0x0000027d634d6180 Thread exited: 0x0000027d634d6180
Event: 1.974 Thread 0x0000027d1da38920 Thread exited: 0x0000027d1da38920
Event: 1.974 Thread 0x0000027d1d98af00 Thread exited: 0x0000027d1d98af00
Event: 5.578 Thread 0x0000027d637a1ba0 Thread exited: 0x0000027d637a1ba0


Dynamic libraries:
0x00007ff635500000 - 0x00007ff63550e000 	C:\Program Files\Apache NetBeans\jdk\bin\java.exe
0x00007ff9d5f00000 - 0x00007ff9d6169000 	C:\WINDOWS\SYSTEM32\ntdll.dll
0x00007ff9d5090000 - 0x00007ff9d5159000 	C:\WINDOWS\System32\KERNEL32.DLL
0x00007ff9d3370000 - 0x00007ff9d3763000 	C:\WINDOWS\System32\KERNELBASE.dll
0x00007ff9d3ad0000 - 0x00007ff9d3c1b000 	C:\WINDOWS\System32\ucrtbase.dll
0x00007ff9aca80000 - 0x00007ff9aca9e000 	C:\Program Files\Apache NetBeans\jdk\bin\VCRUNTIME140.dll
0x00007ff9a0910000 - 0x00007ff9a0926000 	C:\Program Files\Apache NetBeans\jdk\bin\jli.dll
0x00007ff9d4690000 - 0x00007ff9d4854000 	C:\WINDOWS\System32\USER32.dll
0x00007ff9d32b0000 - 0x00007ff9d32d7000 	C:\WINDOWS\System32\win32u.dll
0x00007ff9b99e0000 - 0x00007ff9b9c73000 	C:\WINDOWS\WinSxS\amd64_microsoft.windows.common-controls_6595b64144ccf1df_6.0.26100.5074_none_3e0d6f78e32fd63f\COMCTL32.dll
0x00007ff9d55f0000 - 0x00007ff9d561b000 	C:\WINDOWS\System32\GDI32.dll
0x00007ff9d5e10000 - 0x00007ff9d5eb9000 	C:\WINDOWS\System32\msvcrt.dll
0x00007ff9d3770000 - 0x00007ff9d389d000 	C:\WINDOWS\System32\gdi32full.dll
0x00007ff9d3c20000 - 0x00007ff9d3cc3000 	C:\WINDOWS\System32\msvcp_win.dll
0x00007ff9d4600000 - 0x00007ff9d462f000 	C:\WINDOWS\System32\IMM32.DLL
0x00007ff9ac280000 - 0x00007ff9ac28c000 	C:\Program Files\Apache NetBeans\jdk\bin\vcruntime140_1.dll
0x00007ff995080000 - 0x00007ff99510d000 	C:\Program Files\Apache NetBeans\jdk\bin\msvcp140.dll
0x00007ff8dde30000 - 0x00007ff8decac000 	C:\Program Files\Apache NetBeans\jdk\bin\server\jvm.dll
0x00007ff9d4860000 - 0x00007ff9d4914000 	C:\WINDOWS\System32\ADVAPI32.dll
0x00007ff9d5b00000 - 0x00007ff9d5ba6000 	C:\WINDOWS\System32\sechost.dll
0x00007ff9d5840000 - 0x00007ff9d5958000 	C:\WINDOWS\System32\RPCRT4.dll
0x00007ff9d5620000 - 0x00007ff9d5694000 	C:\WINDOWS\System32\WS2_32.dll
0x00007ff9d1ca0000 - 0x00007ff9d1cfe000 	C:\WINDOWS\SYSTEM32\POWRPROF.dll
0x00007ff9c8120000 - 0x00007ff9c8155000 	C:\WINDOWS\SYSTEM32\WINMM.dll
0x00007ff9cba50000 - 0x00007ff9cba5b000 	C:\WINDOWS\SYSTEM32\VERSION.dll
0x00007ff9d1c80000 - 0x00007ff9d1c94000 	C:\WINDOWS\SYSTEM32\UMPDC.dll
0x00007ff9d1f90000 - 0x00007ff9d1fab000 	C:\WINDOWS\SYSTEM32\kernel.appcore.dll
0x00007ff9ac270000 - 0x00007ff9ac27a000 	C:\Program Files\Apache NetBeans\jdk\bin\jimage.dll
0x00007ff9d08c0000 - 0x00007ff9d0b02000 	C:\WINDOWS\SYSTEM32\DBGHELP.DLL
0x00007ff9d4920000 - 0x00007ff9d4c9b000 	C:\WINDOWS\System32\combase.dll
0x00007ff9d4f10000 - 0x00007ff9d4fe7000 	C:\WINDOWS\System32\OLEAUT32.dll
0x00007ff9a1490000 - 0x00007ff9a14cd000 	C:\WINDOWS\SYSTEM32\dbgcore.DLL
0x00007ff9d3090000 - 0x00007ff9d3129000 	C:\WINDOWS\System32\bcryptPrimitives.dll
0x00007ff9a1d60000 - 0x00007ff9a1d7e000 	C:\Program Files\Apache NetBeans\jdk\bin\java.dll
0x00007ff9d56a0000 - 0x00007ff9d5838000 	C:\WINDOWS\System32\ole32.dll
0x00007ff9d3e30000 - 0x00007ff9d457d000 	C:\WINDOWS\System32\SHELL32.dll
0x00007ff9d38a0000 - 0x00007ff9d3a0c000 	C:\WINDOWS\System32\wintypes.dll
0x00007ff9d0cd0000 - 0x00007ff9d1529000 	C:\WINDOWS\SYSTEM32\windows.storage.dll
0x00007ff9d5960000 - 0x00007ff9d5a50000 	C:\WINDOWS\System32\SHCORE.dll
0x00007ff9d5bb0000 - 0x00007ff9d5c12000 	C:\WINDOWS\System32\shlwapi.dll
0x00007ff9d2fb0000 - 0x00007ff9d2fd9000 	C:\WINDOWS\SYSTEM32\profapi.dll
0x00007ff9433d0000 - 0x00007ff9434a7000 	C:\Program Files\Apache NetBeans\jdk\bin\jsvml.dll
0x00007ff9a1d50000 - 0x00007ff9a1d60000 	C:\Program Files\Apache NetBeans\jdk\bin\net.dll
0x00007ff9d2510000 - 0x00007ff9d257b000 	C:\WINDOWS\system32\mswsock.dll
0x00007ff99d250000 - 0x00007ff99d266000 	C:\Program Files\Apache NetBeans\jdk\bin\nio.dll
0x00007ff99e060000 - 0x00007ff99e077000 	C:\Program Files\Apache NetBeans\jdk\bin\zip.dll
0x00007ff92b200000 - 0x00007ff92b37e000 	C:\Program Files\Apache NetBeans\jdk\bin\awt.dll
0x00007ff9cf950000 - 0x00007ff9cf9ee000 	C:\WINDOWS\SYSTEM32\apphelp.dll
0x00007ff9cfb20000 - 0x00007ff9cfb4b000 	C:\WINDOWS\system32\DWMAPI.DLL
0x00007ff9cfa70000 - 0x00007ff9cfb18000 	C:\WINDOWS\system32\uxtheme.dll
0x00007ff92add0000 - 0x00007ff92aedc000 	C:\WINDOWS\system32\opengl32.dll
0x00007ff92ad80000 - 0x00007ff92adad000 	C:\WINDOWS\SYSTEM32\GLU32.dll
0x00007ff9d0130000 - 0x00007ff9d0174000 	C:\WINDOWS\SYSTEM32\dxcore.dll
0x00007ff9d3cd0000 - 0x00007ff9d3e28000 	C:\WINDOWS\System32\MSCTF.dll
0x00007ff9a0bd0000 - 0x00007ff9a0be0000 	C:\Program Files\Apache NetBeans\jdk\bin\verify.dll
0x00007ff988140000 - 0x00007ff9881c7000 	C:\Program Files\Apache NetBeans\jdk\bin\freetype.dll
0x00007ff938a40000 - 0x00007ff938b29000 	C:\Program Files\Apache NetBeans\jdk\bin\fontmanager.dll
0x00007ff9d5c20000 - 0x00007ff9d5cd1000 	C:\WINDOWS\System32\clbcatq.dll
0x00007ff9cde30000 - 0x00007ff9ce05f000 	C:\WINDOWS\SYSTEM32\WindowsCodecs.dll
0x00007ff99eca0000 - 0x00007ff99ecfa000 	C:\WINDOWS\system32\dataexchange.dll
0x00007ff9c30f0000 - 0x00007ff9c3329000 	C:\WINDOWS\system32\twinapi.appcore.dll
0x00007ff9ca660000 - 0x00007ff9ca7a9000 	C:\WINDOWS\SYSTEM32\textinputframework.dll
0x00007ff9cf690000 - 0x00007ff9cf7b5000 	C:\WINDOWS\SYSTEM32\CoreMessaging.dll
0x00007ff9cb4d0000 - 0x00007ff9cb7b3000 	C:\WINDOWS\SYSTEM32\CoreUIComponents.dll
0x00007ff9d27d0000 - 0x00007ff9d27dc000 	C:\WINDOWS\SYSTEM32\CRYPTBASE.DLL

JVMTI agents: none

dbghelp: loaded successfully - version: 4.0.5 - missing functions: none
symbol engine: initialized successfully - sym options: 0x614 - pdb path: .;C:\Program Files\Apache NetBeans\jdk\bin;C:\WINDOWS\SYSTEM32;C:\WINDOWS\WinSxS\amd64_microsoft.windows.common-controls_6595b64144ccf1df_6.0.26100.5074_none_3e0d6f78e32fd63f;C:\Program Files\Apache NetBeans\jdk\bin\server

VM Arguments:
jvm_args: -Dfile.encoding=UTF-8 --module-path=C:\Users\Istiak\Documents\NetBeansProjects\Bank Management System\build\classes 
java_command: bank.management.system.SignupOne
java_class_path (initial): C:\Users\Istiak\Downloads\jcalendar-1.4\lib\jcalendar-1.4.jar;C:\Users\Istiak\Documents\NetBeansProjects\Bank Management System\build\classes
Launcher Type: SUN_STANDARD

[Global flags]
     intx CICompilerCount                          = 12                                        {product} {ergonomic}
     uint ConcGCThreads                            = 3                                         {product} {ergonomic}
     uint G1ConcRefinementThreads                  = 13                                        {product} {ergonomic}
   size_t G1HeapRegionSize                         = 2097152                                   {product} {ergonomic}
   size_t InitialHeapSize                          = 264241152                                 {product} {ergonomic}
   size_t MarkStackSize                            = 4194304                                   {product} {ergonomic}
   size_t MarkStackSizeMax                         = 536870912                                 {product} {ergonomic}
   size_t MaxHeapSize                              = 4196401152                                {product} {ergonomic}
   size_t MaxNewSize                               = 2516582400                                {product} {ergonomic}
   size_t MinHeapDeltaBytes                        = 2097152                                   {product} {ergonomic}
   size_t MinHeapSize                              = 8388608                                   {product} {ergonomic}
    uintx NonNMethodCodeHeapSize                   = 7602176                                {pd product} {ergonomic}
    uintx NonProfiledCodeHeapSize                  = 122093568                              {pd product} {ergonomic}
     bool PerfDisableSharedMem                     = true                                      {product} {ergonomic}
    uintx ProfiledCodeHeapSize                     = 121962496                              {pd product} {ergonomic}
    uintx ReservedCodeCacheSize                    = 251658240                              {pd product} {ergonomic}
     bool SegmentedCodeCache                       = true                                      {product} {ergonomic}
   size_t SoftMaxHeapSize                          = 4196401152                             {manageable} {ergonomic}
     bool UseCompressedOops                        = true                           {product lp64_product} {ergonomic}
     bool UseG1GC                                  = true                                      {product} {ergonomic}
     bool UseLargePagesIndividualAllocation        = false                                  {pd product} {ergonomic}

Logging:
Log output configuration:
 #0: stdout all=warning uptime,level,tags foldmultilines=false
 #1: stderr all=off uptime,level,tags foldmultilines=false

Environment Variables:
JAVA_HOME=C:\Program Files\Eclipse Adoptium\jdk-17.0.15.6-hotspot\
PATH=C:\Program Files\Eclipse Adoptium\jdk-17.0.15.6-hotspot\bin;C:\Program Files (x86)\Common Files\Oracle\Java\java8path;C:\Program Files (x86)\Common Files\Oracle\Java\javapath;C:\Program Files (x86)\Common Files\Intel\Shared Libraries\redist\intel64\compiler;C:\Windows\system32;C:\Windows;C:\Windows\System32\Wbem;C:\Windows\System32\WindowsPowerShell\v1.0\;C:\Windows\System32\OpenSSH\;C:\Program Files (x86)\NVIDIA Corporation\PhysX\Common;C:\Program Files\steghide;C:\WINDOWS\system32;C:\WINDOWS;C:\WINDOWS\System32\Wbem;C:\WINDOWS\System32\WindowsPowerShell\v1.0\;C:\WINDOWS\System32\OpenSSH\;C:\Program Files\NVIDIA Corporation\NVIDIA app\NvDLISR;C:\Program Files\Git\cmd;C:\Program Files\dotnet\;C:\Users\Istiak\AppData\Local\Programs\Python\Python39\Scripts\;C:\Users\Istiak\AppData\Local\Programs\Python\Python39\;C:\Users\Istiak\AppData\Local\Microsoft\WindowsApps;C:\Users\Istiak\AppData\Local\Programs\Microsoft VS Code\bin;C:\msys64\ucrt64\bin;C:\Users\Istiak\AppData\Local\Programs\Microsoft VS Code\bin;C:\Users\Istiak\AppData\Local\GitHubDesktop\bin
USERNAME=Istiak
OS=Windows_NT
PROCESSOR_IDENTIFIER=Intel64 Family 6 Model 154 Stepping 3, GenuineIntel
TMP=C:\Users\Istiak\AppData\Local\Temp
TEMP=C:\Users\Istiak\AppData\Local\Temp




Periodic native trim disabled

---------------  S Y S T E M  ---------------

OS:
 Windows 11 , 64 bit Build 26100 (10.0.26100.5074)
OS uptime: 2 days 15:46 hours
Hyper-V role detected

CPU: total 16 (initial active 16) (8 cores per cpu, 2 threads per core) family 6 model 154 stepping 3 microcode 0x434, cx8, cmov, fxsr, ht, mmx, 3dnowpref, sse, sse2, sse3, ssse3, sse4.1, sse4.2, popcnt, lzcnt, tsc, tscinvbit, avx, avx2, aes, erms, clmul, bmi1, bmi2, adx, sha, fma, vzeroupper, clflush, clflushopt, clwb, hv, serialize, rdtscp, rdpid, fsrm, gfni, f16c, cet_ibt, cet_ss
Processor Information for the first 16 processors :
  Max Mhz: 2500, Current Mhz: 2500, Mhz Limit: 2500

Memory: 4k page, system-wide physical 16004M (4637M free)
TotalPageFile size 36375M (AvailPageFile size 9790M)
current process WorkingSet (physical memory assigned to process): 17M, peak: 103M
current process commit charge ("private bytes"): 373M, peak: 378M

vm_info: OpenJDK 64-Bit Server VM (24.0.2+12) for windows-amd64 JRE (24.0.2+12) (Zulu24.32+13-CA), built on 2025-07-11T12:45:44Z with MS VC++ 17.1 (VS2022)

END.
