#
# A fatal error has been detected by the Java Runtime Environment:
#
#  EXCEPTION_ACCESS_VIOLATION (0xc0000005) at pc=0x00007ff92b2dad89, pid=37728, tid=28276
#
# JRE version: OpenJDK Runtime Environment Zulu24.32+13-CA (24.0.2+12) (build 24.0.2+12)
# Java VM: OpenJDK 64-Bit Server VM Zulu24.32+13-CA (24.0.2+12, mixed mode, sharing, tiered, compressed oops, compressed class ptrs, g1 gc, windows-amd64)
# Problematic frame:
# C  [awt.dll+0xdad89]
#
# No core dump will be written. Minidumps are not enabled by default on client versions of Windows
#
# If you would like to submit a bug report, please visit:
#   http://www.azul.com/support/
# The crash happened outside the Java Virtual Machine in native code.
# See problematic frame for where to report the bug.
#

---------------  S U M M A R Y ------------

Command Line: -Dfile.encoding=UTF-8 --module-path=C:\Users\Istiak\Documents\NetBeansProjects\Bank Management System\build\classes bank.management.system.SignupOne

Host: 12th Gen Intel(R) Core(TM) i5-12500H, 16 cores, 15G,  Windows 11 , 64 bit Build 26100 (10.0.26100.5074)
Time: Sat Sep 13 06:20:53 2025 Bangladesh Standard Time elapsed time: 24919.052313 seconds (0d 6h 55m 19s)

---------------  T H R E A D  ---------------

Current thread (0x000001ca45a77fc0):  JavaThread "AWT-EventQueue-0"        [_thread_in_native, id=28276, stack(0x0000001b18700000,0x0000001b18800000) (1024K)]

Stack: [0x0000001b18700000,0x0000001b18800000],  sp=0x0000001b187fea30,  free space=1018k
Native frames: (J=compiled Java code, j=interpreted, Vv=VM code, C=native code)
C  [awt.dll+0xdad89]  (no source info available)
C  [awt.dll+0xda148]  (no source info available)
C  0x000001ca60b9ce20  (no source info available)

The last pc belongs to native method entry point (kind = native) (printed below).
Java frames: (J=compiled Java code, j=interpreted, Vv=VM code)
j  sun.awt.Win32GraphicsConfig.getBounds(I)Ljava/awt/Rectangle;+0 java.desktop@24.0.2
j  sun.awt.Win32GraphicsConfig.getBounds()Ljava/awt/Rectangle;+8 java.desktop@24.0.2
j  sun.awt.Win32GraphicsDevice.displayChanged()V+23 java.desktop@24.0.2
j  sun.awt.Win32GraphicsEnvironment.displayChanged()V+271 java.desktop@24.0.2
j  sun.awt.windows.WToolkit.lambda$displayChanged$0()V+15 java.desktop@24.0.2
j  sun.awt.windows.WToolkit$$Lambda+0x000001ca01156650.run()V+0 java.desktop@24.0.2
J 1861 c1 java.awt.event.InvocationEvent.dispatch()V java.desktop@24.0.2 (69 bytes) @ 0x000001ca599fa31c [0x000001ca599fa100+0x000000000000021c]
J 1822 c1 java.awt.EventQueue.dispatchEventImpl(Ljava/awt/AWTEvent;Ljava/lang/Object;)V java.desktop@24.0.2 (139 bytes) @ 0x000001ca599e961c [0x000001ca599e7d20+0x00000000000018fc]
J 1821 c1 java.awt.EventQueue.dispatchEvent(Ljava/awt/AWTEvent;)V java.desktop@24.0.2 (48 bytes) @ 0x000001ca599e7734 [0x000001ca599e74e0+0x0000000000000254]
J 1823 c1 java.awt.EventDispatchThread.pumpOneEventForFilters(I)V java.desktop@24.0.2 (106 bytes) @ 0x000001ca599eb554 [0x000001ca599ead40+0x0000000000000814]
j  java.awt.EventDispatchThread.pumpEventsForFilter(ILjava/awt/Conditional;Ljava/awt/EventFilter;)V+35 java.desktop@24.0.2
j  java.awt.EventDispatchThread.pumpEventsForHierarchy(ILjava/awt/Conditional;Ljava/awt/Component;)V+11 java.desktop@24.0.2
j  java.awt.EventDispatchThread.pumpEvents(ILjava/awt/Conditional;)V+4 java.desktop@24.0.2
j  java.awt.EventDispatchThread.pumpEvents(Ljava/awt/Conditional;)V+3 java.desktop@24.0.2
j  java.awt.EventDispatchThread.run()V+9 java.desktop@24.0.2
v  ~StubRoutines::call_stub 0x000001ca60b90fcd

siginfo: EXCEPTION_ACCESS_VIOLATION (0xc0000005), reading address 0x0000000000000028


Registers:
RAX=0x0000000000000000, RBX=0x000001ca45ba47f0, RCX=0x0000000000000000, RDX=0x0000000000000000
RSP=0x0000001b187fea30, RBP=0x0000000000000000, RSI=0x0000000000000000, RDI=0x0000000000000000
R8 =0x0000000000000001, R9 =0x0000001b168a4000, R10=0x000001ca45a17e30, R11=0x000001ca412a9050
R12=0x0000000000000000, R13=0x000001ca4529bad0, R14=0x000001ca459d99c0, R15=0x0000000000000000
RIP=0x00007ff92b2dad89, EFLAGS=0x0000000000010246

XMM[0]=0x0000000000000000 0x0000000000000000
XMM[1]=0x0000000000000000 0x0000001b187feb00
XMM[2]=0x0000001b187fe114 0x0000001b187fe110
XMM[3]=0x0000001b411d78b8 0x0000000000000000
XMM[4]=0x000001ca60bdf008 0x000001ca60bdf0e6
XMM[5]=0x000001ca45a77fc0 0x0000000000000001
XMM[6]=0x0000000000000000 0x00000000e27cfb03
XMM[7]=0x0000000000000000 0x000000000000000b
XMM[8]=0x0000000000000000 0x9cc768205c52007f
XMM[9]=0x0000000000000000 0xecb1a5c806856c91
XMM[10]=0x0000000000000000 0x0000000019d3c6c9
XMM[11]=0x0000000000000000 0x7214675f7899d3f0
XMM[12]=0x0000000000000000 0x0000000006856c91
XMM[13]=0x0000000000000000 0x0000000000000000
XMM[14]=0x0000000000000000 0x0000000000000000
XMM[15]=0x0000000000000000 0x0000000000000000
  MXCSR=0x00001fa2


Register to memory mapping:

RAX=0x0 is null
RBX=0x000001ca45ba47f0 points into unknown readable memory: 0x000001ca469ae690 | 90 e6 9a 46 ca 01 00 00
RCX=0x0 is null
RDX=0x0 is null
RSP=0x0000001b187fea30 is pointing into the stack for thread: 0x000001ca45a77fc0
RBP=0x0 is null
RSI=0x0 is null
RDI=0x0 is null
R8 =0x0000000000000001 is an unknown value
R9 =0x0000001b168a4000 points into unknown readable memory: 0x0000000000000000 | 00 00 00 00 00 00 00 00
R10=0x000001ca45a17e30 points into unknown readable memory: 0x0000001e00000003 | 03 00 00 00 1e 00 00 00
R11={method} {0x000001ca412a9058} '<init>' '(IIII)V' in 'java/awt/Rectangle'
R12=0x0 is null
R13=0x000001ca4529bad0 points into unknown readable memory: 0x000001ca412a9050 | 50 90 2a 41 ca 01 00 00
R14=0x000001ca459d99c0 points into unknown readable memory: 0x000000071547c778 | 78 c7 47 15 07 00 00 00
R15=0x0 is null

Top of Stack: (sp=0x0000001b187fea30)
0x0000001b187fea30:   00007ff92b337838 000001ca45ba47f0   8x3+.....G.E....
0x0000001b187fea40:   000001ca45a78388 000001ca45ba47f0   ...E.....G.E....
0x0000001b187fea50:   000001ca45a78388 00007ff92b2da148   ...E....H.-+....
0x0000001b187fea60:   000001ca45ba47f0 000001ca45ba47f0   .G.E.....G.E....
0x0000001b187fea70:   0000000000000032 000001ca45a78388   2..........E....
0x0000001b187fea80:   000000071542b728 000001ca41244d10   (.B......M$A....
0x0000001b187fea90:   0000000000000000 0000001b187feab0   ................
0x0000001b187feaa0:   0000000000000000 0000000000000000   ................
0x0000001b187feab0:   00000352252554ab 0000000713f24dc0   .T%%R....M......
0x0000001b187feac0:   000001ca45a77fc0 0000001b187feba8   ...E............
0x0000001b187fead0:   000001ca412a1230 0000000000000000   0.*A............
0x0000001b187feae0:   000001ca4174f088 0000000000000032   ..tA....2.......
0x0000001b187feaf0:   0000001b187feb80 000001ca60b9ce20   ........ ..`....
0x0000001b187feb00:   0000001b187feb18 000001ca412a1230   ........0.*A....
0x0000001b187feb10:   000001ca60b98800 0000000000000000   ...`............
0x0000001b187feb20:   0000000713f24dc0 0000000713f258d0   .M.......X......
0x0000001b187feb30:   0000000713f258d0 fffffffffffffff7   .X..............
0x0000001b187feb40:   0000000000000000 0000000000000005   ................
0x0000001b187feb50:   000001ca412a3cb8 0000000000000000   .<*A............
0x0000001b187feb60:   000000071547bef0 000001ca412a1230   ..G.....0.*A....
0x0000001b187feb70:   0000000000000000 0000001b187feba0   ................
0x0000001b187feb80:   0000001b187febf8 000001ca60b9899a   ...........`....
0x0000001b187feb90:   0000000000000000 000001ca60b9a43a   ........:..`....
0x0000001b187feba0:   0000000000000000 0000000713f258d0   .........X......
0x0000001b187febb0:   fffffffffffffff7 000001ca412a12d8   ..........*A....
0x0000001b187febc0:   0000000000000002 000001ca412a3cb8   .........<*A....
0x0000001b187febd0:   0000000000000000 000000071547bef0   ..........G.....
0x0000001b187febe0:   000001ca412a12f0 fffffffffffffff5   ..*A............
0x0000001b187febf0:   0000001b187fec08 0000001b187fec58   ........X.......
0x0000001b187fec00:   000001ca60b9899a 0000000713f258d0   ...`.....X......
0x0000001b187fec10:   fffffffffffffff7 000001ca41244b67   ........gK$A....
0x0000001b187fec20:   0000000000000003 000001ca412462e8   .........b$A....

Instructions: (pc=0x00007ff92b2dad89)
  0x00007ff92b2dac89:   cc cc cc cc cc cc cc 48 89 5c 24 08 48 89 6c 24
  0x00007ff92b2dac99:   10 48 89 74 24 18 57 48 83 ec 20 41 8b f8 0f b6
  0x00007ff92b2daca9:   f2 48 8b e9 e8 1e d3 f4 ff 48 8b d8 48 89 44 24
  0x00007ff92b2dacb9:   48 41 b8 01 00 00 00 8b d7 48 8b c8 e8 86 d2 f4
  0x00007ff92b2dacc9:   ff 48 8b c8 44 0f b6 c6 48 8b d5 e8 97 fa ff ff
  0x00007ff92b2dacd9:   48 8b f8 48 8b cb e8 ac d4 f4 ff 90 48 8b c7 48
  0x00007ff92b2dace9:   8b 5c 24 30 48 8b 6c 24 38 48 8b 74 24 40 48 83
  0x00007ff92b2dacf9:   c4 20 5f c3 cc cc cc 48 8b 49 28 e9 07 07 00 00
  0x00007ff92b2dad09:   cc cc cc cc cc cc cc 48 89 5c 24 08 57 48 83 ec
  0x00007ff92b2dad19:   20 8b f9 e8 af d2 f4 ff 48 8b d8 48 89 44 24 38
  0x00007ff92b2dad29:   41 b8 01 00 00 00 8b d7 48 8b c8 e8 17 d2 f4 ff
  0x00007ff92b2dad39:   48 8b 08 8b 39 48 8b cb e8 4a d4 f4 ff 90 8b c7
  0x00007ff92b2dad49:   48 8b 5c 24 30 48 83 c4 20 5f c3 cc cc cc cc cc
  0x00007ff92b2dad59:   cc cc cc cc cc cc cc 48 89 5c 24 08 57 48 83 ec
  0x00007ff92b2dad69:   20 8b f9 e8 5f d2 f4 ff 48 8b d8 48 89 44 24 38
  0x00007ff92b2dad79:   41 b8 01 00 00 00 8b d7 48 8b c8 e8 c7 d1 f4 ff
=>0x00007ff92b2dad89:   48 8b 78 28 48 8b cb e8 fb d3 f4 ff 90 48 8b c7
  0x00007ff92b2dad99:   48 8b 5c 24 30 48 83 c4 20 5f c3 cc cc cc cc cc
  0x00007ff92b2dada9:   cc cc cc cc cc cc cc 48 89 5c 24 08 57 48 83 ec
  0x00007ff92b2dadb9:   20 8b f9 e8 0f d2 f4 ff 48 8b d8 48 89 44 24 38
  0x00007ff92b2dadc9:   41 b8 01 00 00 00 8b d7 48 8b c8 e8 77 d1 f4 ff
  0x00007ff92b2dadd9:   48 8b 78 30 48 8b cb e8 ab d3 f4 ff 90 48 8b c7
  0x00007ff92b2dade9:   48 8b 5c 24 30 48 83 c4 20 5f c3 cc cc cc cc cc
  0x00007ff92b2dadf9:   cc cc cc cc cc cc cc 48 89 5c 24 08 57 48 83 ec
  0x00007ff92b2dae09:   20 8b f9 e8 bf d1 f4 ff 48 8b d8 48 89 44 24 38
  0x00007ff92b2dae19:   41 b8 01 00 00 00 8b d7 48 8b c8 e8 27 d1 f4 ff
  0x00007ff92b2dae29:   48 8b 78 08 48 85 ff 74 07 48 8b bf 08 0c 00 00
  0x00007ff92b2dae39:   48 8b cb e8 4f d3 f4 ff 90 48 8b c7 48 8b 5c 24
  0x00007ff92b2dae49:   30 48 83 c4 20 5f c3 f3 0f 10 41 48 c3 cc cc cc
  0x00007ff92b2dae59:   cc cc cc cc cc cc cc f3 0f 10 41 4c c3 cc cc cc
  0x00007ff92b2dae69:   cc cc cc cc cc cc cc 48 89 5c 24 10 48 89 74 24
  0x00007ff92b2dae79:   18 55 57 41 56 48 8d 6c 24 e0 48 81 ec 20 01 00


Stack slot to memory mapping:

stack at sp + 0 slots: 0x00007ff92b337838 awt.dll
stack at sp + 1 slots: 0x000001ca45ba47f0 points into unknown readable memory: 0x000001ca469ae690 | 90 e6 9a 46 ca 01 00 00
stack at sp + 2 slots: 0x000001ca45a78388 points into unknown readable memory: 0x00007ff8deb2c9d0 | d0 c9 b2 de f8 7f 00 00
stack at sp + 3 slots: 0x000001ca45ba47f0 points into unknown readable memory: 0x000001ca469ae690 | 90 e6 9a 46 ca 01 00 00
stack at sp + 4 slots: 0x000001ca45a78388 points into unknown readable memory: 0x00007ff8deb2c9d0 | d0 c9 b2 de f8 7f 00 00
stack at sp + 5 slots: 0x00007ff92b2da148 awt.dll
stack at sp + 6 slots: 0x000001ca45ba47f0 points into unknown readable memory: 0x000001ca469ae690 | 90 e6 9a 46 ca 01 00 00
stack at sp + 7 slots: 0x000001ca45ba47f0 points into unknown readable memory: 0x000001ca469ae690 | 90 e6 9a 46 ca 01 00 00

Lock stack of current Java thread (top to bottom):

native method entry point (kind = native)  [0x000001ca60b9ca40, 0x000001ca60b9d478]  2616 bytes
[MachCode]
  0x000001ca60b9ca40: 488b 4b08 | 0fb7 492e | 584c 8d74 | ccf8 6800 | 0000 0068 | 0000 0000 | 5055 488b | ec41 5568 
  0x000001ca60b9ca60: 0000 0000 | 4c8b 6b08 | 4d8d 6d38 | 5348 8b53 | 0848 8b52 | 0848 8b52 | 1848 8b52 | 7048 8b12 
  0x000001ca60b9ca80: 5248 8b53 | 1048 85d2 | 0f84 0700 | 0000 4881 | c208 0100 | 0052 488b | 5308 488b | 5208 488b 
  0x000001ca60b9caa0: 5210 5249 | 8bc6 482b | c548 c1e8 | 0350 6800 | 0000 0068 | f7ff ffff | 41c6 8771 | 0400 0001 
  0x000001ca60b9cac0: 488b 4310 | 4885 c074 | 208b 88cc | 0000 0083 | c102 8988 | cc00 0000 | 2388 e000 | 0000 0f84 
  0x000001ca60b9cae0: e408 0000 | e9cd 0000 | 0048 8b43 | 1848 85c0 | 0f85 b000 | 0000 e805 | 0000 00e9 | 9900 0000 
  0x000001ca60b9cb00: 488b d348 | 8d44 2408 | 4c89 6dc0 | 498b cfc5 | f877 4989 | afb8 0300 | 0049 8987 | a803 0000 
  0x000001ca60b9cb20: 4883 ec20 | 40f6 c40f | 0f84 1900 | 0000 4883 | ec08 48b8 | e016 25de | f87f 0000 | ffd0 4883 
  0x000001ca60b9cb40: c408 e90c | 0000 0048 | b8e0 1625 | def8 7f00 | 00ff d048 | 83c4 2049 | c787 a803 | 0000 0000 
  0x000001ca60b9cb60: 0000 49c7 | 87b8 0300 | 0000 0000 | 0049 c787 | b003 0000 | 0000 0000 | c5f8 7749 | 837f 0800 
  0x000001ca60b9cb80: 0f84 0500 | 0000 e935 | 43ff ff4c | 8b6d c04c | 8b75 c84e | 8d74 f500 | c348 8b43 | 1848 85c0 
  0x000001ca60b9cba0: 0f84 1000 | 0000 8b08 | 83c1 0289 | 0823 4814 | 0f84 1208 | 0000 493b | a7f0 0400 | 000f 8748 
  0x000001ca60b9cbc0: 0000 0089 | 8424 00f0 | ffff 8984 | 2400 e0ff | ff89 8424 | 00d0 ffff | 8984 2400 | c0ff ff89 
  0x000001ca60b9cbe0: 8424 00b0 | ffff 8984 | 2400 a0ff | ff89 8424 | 0090 ffff | 8984 2400 | 80ff ff49 | 3ba7 e804 
  0x000001ca60b9cc00: 0000 7607 | 4989 a7f0 | 0400 0041 | c687 7104 | 0000 0048 | 8b5d e84c | 8b5b 0845 | 0fb7 5b2e 
  0x000001ca60b9cc20: 41c1 e303 | 492b e348 | 83ec 2048 | 83e4 f04c | 8b5b 604d | 85db 0f85 | ab00 0000 | e805 0000 
  0x000001ca60b9cc40: 00e9 9900 | 0000 488b | d348 8d44 | 2408 4c89 | 6dc0 498b | cfc5 f877 | 4989 afb8 | 0300 0049 
  0x000001ca60b9cc60: 8987 a803 | 0000 4883 | ec20 40f6 | c40f 0f84 | 1900 0000 | 4883 ec08 | 48b8 0041 | 25de f87f 
  0x000001ca60b9cc80: 0000 ffd0 | 4883 c408 | e90c 0000 | 0048 b800 | 4125 def8 | 7f00 00ff | d048 83c4 | 2049 c787 
  0x000001ca60b9cca0: a803 0000 | 0000 0000 | 49c7 87b8 | 0300 0000 | 0000 0049 | c787 b003 | 0000 0000 | 0000 c5f8 
  0x000001ca60b9ccc0: 7749 837f | 0800 0f84 | 0500 0000 | e9ef 41ff | ff4c 8b6d | c04c 8b75 | c84e 8d74 | f500 c348 
  0x000001ca60b9cce0: 8b5d e84c | 8b5b 6041 | ffd3 488b | 5de8 4889 | 4518 448b | 5b28 41f6 | c308 0f84 | 1b00 0000 
  0x000001ca60b9cd00: 4c8b 5b08 | 4d8b 5b08 | 4d8b 5b18 | 4d8b 5b70 | 4d8b 1b4c | 895d 1048 | 8d55 1048 | 8b43 5849 
  0x000001ca60b9cd20: ba70 8c5e | def8 7f00 | 0049 3bc2 | 0f85 ab00 | 0000 e805 | 0000 00e9 | 9900 0000 | 488b d348 
  0x000001ca60b9cd40: 8d44 2408 | 4c89 6dc0 | 498b cfc5 | f877 4989 | afb8 0300 | 0049 8987 | a803 0000 | 4883 ec20 
  0x000001ca60b9cd60: 40f6 c40f | 0f84 1900 | 0000 4883 | ec08 48b8 | 0041 25de | f87f 0000 | ffd0 4883 | c408 e90c 
  0x000001ca60b9cd80: 0000 0048 | b800 4125 | def8 7f00 | 00ff d048 | 83c4 2049 | c787 a803 | 0000 0000 | 0000 49c7 
  0x000001ca60b9cda0: 87b8 0300 | 0000 0000 | 0049 c787 | b003 0000 | 0000 0000 | c5f8 7749 | 837f 0800 | 0f84 0500 
  0x000001ca60b9cdc0: 0000 e9f9 | 40ff ff4c | 8b6d c04c | 8b75 c84e | 8d74 f500 | c348 8b5d | e848 8b43 | 5849 8d8f 
  0x000001ca60b9cde0: c803 0000 | 4c8d 15d5 | 0000 004d | 8997 b003 | 0000 c5f8 | 7749 89af | b803 0000 | 4989 a7a8 
  0x000001ca60b9ce00: 0300 0041 | c787 5404 | 0000 0400 | 0000 493b | a748 0500 | 0076 0749 | 89a7 4805 | 0000 ffd0 
  0x000001ca60b9ce20: 493b a748 | 0500 0072 | 0b49 c787 | 4805 0000 | 0000 0000 | c5f8 7748 | 83ec 10c5 | fb11 0424 
  0x000001ca60b9ce40: 4883 ec10 | 4889 0424 | 48c7 4424 | 0800 0000 | 0041 c787 | 5404 0000 | 0500 0000 | f083 4424 
  0x000001ca60b9ce60: c000 493b | 6f28 0f87 | 0e00 0000 | 4183 bf50 | 0400 0000 | 0f84 2000 | 0000 498b | cf4c 8be4 
  0x000001ca60b9ce80: 4883 ec20 | 4883 e4f0 | 48b8 f0a5 | 26de f87f | 0000 ffd0 | 498b e44d | 33e4 41c7 | 8754 0400 
  0x000001ca60b9cea0: 0008 0000 | 004d 8b97 | 7005 0000 | 4983 fa00 | 7435 49c7 | 8770 0500 | 0000 0000 | 0041 ffe2 
  0x000001ca60b9cec0: 49ba 00bb | b960 ca01 | 0000 41ff | d248 83ec | 10c5 fb11 | 0424 4883 | ec10 4889 | 0424 48c7 
  0x000001ca60b9cee0: 4424 0800 | 0000 0049 | c787 a803 | 0000 0000 | 0000 49c7 | 87b8 0300 | 0000 0000 | 0049 c787 
  0x000001ca60b9cf00: b003 0000 | 0000 0000 | c5f8 774d | 8b9f 3804 | 0000 41c7 | 8300 0100 | 0000 0000 | 0049 bb3a 
  0x000001ca60b9cf20: a4b9 60ca | 0100 004c | 3b5d 180f | 8555 0100 | 0048 8b04 | 2448 83c4 | 1048 85c0 | 0f84 2f01 
  0x000001ca60b9cf40: 0000 a803 | 0f85 0800 | 0000 488b | 00e9 1f01 | 0000 a801 | 0f85 0900 | 0000 488b | 40fe e90e 
  0x000001ca60b9cf60: 0100 0048 | 8b40 ff41 | 807f 4800 | 0f84 ff00 | 0000 4883 | f800 0f84 | f500 0000 | 4d8b 5f38 
  0x000001ca60b9cf80: 4d85 db0f | 8414 0000 | 0049 83eb | 084d 895f | 384d 035f | 4049 8903 | e9d4 0000 | 0048 83ec 
  0x000001ca60b9cfa0: 7048 8904 | 2448 894c | 2408 4889 | 5424 104c | 8944 2418 | 4c89 4c24 | 204c 8954 | 2428 4c89 
  0x000001ca60b9cfc0: 5c24 30c5 | fb11 4424 | 40c5 fb11 | 4c24 48c5 | fb11 5424 | 50c5 fb11 | 5c24 58c5 | fb11 6424 
  0x000001ca60b9cfe0: 60c5 fb11 | 6c24 6849 | 8bd7 488b | c848 83ec | 2040 f6c4 | 0f0f 8419 | 0000 0048 | 83ec 0848 
  0x000001ca60b9d000: b8e0 1819 | def8 7f00 | 00ff d048 | 83c4 08e9 | 0c00 0000 | 48b8 e018 | 19de f87f | 0000 ffd0 
  0x000001ca60b9d020: 4883 c420 | c5fb 106c | 2468 c5fb | 1064 2460 | c5fb 105c | 2458 c5fb | 1054 2450 | c5fb 104c 
  0x000001ca60b9d040: 2448 c5fb | 1044 2440 | 4c8b 5c24 | 304c 8b54 | 2428 4c8b | 4c24 204c | 8b44 2418 | 488b 5424 
  0x000001ca60b9d060: 1048 8b4c | 2408 488b | 0424 4883 | c470 c5f8 | 7748 8945 | 1048 83ec | 1048 8904 | 2448 c744 
  0x000001ca60b9d080: 2408 0000 | 0000 4183 | bfd0 0400 | 0002 0f85 | bf00 0000 | 4881 ec80 | 0000 0048 | 8944 2478 
  0x000001ca60b9d0a0: 4889 4c24 | 7048 8954 | 2468 4889 | 5c24 6048 | 896c 2450 | 4889 7424 | 4848 897c | 2440 4c89 
  0x000001ca60b9d0c0: 4424 384c | 894c 2430 | 4c89 5424 | 284c 895c | 2420 4c89 | 6424 184c | 896c 2410 | 4c89 7424 
  0x000001ca60b9d0e0: 084c 893c | 244c 8be4 | 4883 ec20 | 4883 e4f0 | 48b8 6074 | 5ede f87f | 0000 ffd0 | 498b e44c 
  0x000001ca60b9d100: 8b3c 244c | 8b74 2408 | 4c8b 6c24 | 104c 8b64 | 2418 4c8b | 5c24 204c | 8b54 2428 | 4c8b 4c24 
  0x000001ca60b9d120: 304c 8b44 | 2438 488b | 7c24 4048 | 8b74 2448 | 488b 6c24 | 5048 8b5c | 2460 488b | 5424 6848 
  0x000001ca60b9d140: 8b4c 2470 | 488b 4424 | 7848 81c4 | 8000 0000 | 4d33 e448 | 8b5d e84c | 8b6b 084d | 8d6d 3849 
  0x000001ca60b9d160: 837f 0800 | 0f84 bb00 | 0000 e805 | 0000 00e9 | 9600 0000 | 488d 4424 | 084c 896d | c049 8bcf 
  0x000001ca60b9d180: c5f8 7749 | 89af b803 | 0000 4989 | 87a8 0300 | 0048 83ec | 2040 f6c4 | 0f0f 8419 | 0000 0048 
  0x000001ca60b9d1a0: 83ec 0848 | b8a0 5f25 | def8 7f00 | 00ff d048 | 83c4 08e9 | 0c00 0000 | 48b8 a05f | 25de f87f 
  0x000001ca60b9d1c0: 0000 ffd0 | 4883 c420 | 49c7 87a8 | 0300 0000 | 0000 0049 | c787 b803 | 0000 0000 | 0000 49c7 
  0x000001ca60b9d1e0: 87b0 0300 | 0000 0000 | 00c5 f877 | 4983 7f08 | 000f 8405 | 0000 00e9 | c43c ffff | 4c8b 6dc0 
  0x000001ca60b9d200: 4c8b 75c8 | 4e8d 74f5 | 00c3 48b9 | e034 8ede | f87f 0000 | 4883 e4f0 | 48b8 1090 | 4bde f87f 
  0x000001ca60b9d220: 0000 ffd0 | f444 8b5b | 2841 f6c3 | 200f 8472 | 0100 0048 | 8d55 a84c | 8b5a 084d | 85db 0f85 
  0x000001ca60b9d240: bb00 0000 | e805 0000 | 00e9 9600 | 0000 488d | 4424 084c | 896d c049 | 8bcf c5f8 | 7749 89af 
  0x000001ca60b9d260: b803 0000 | 4989 87a8 | 0300 0048 | 83ec 2040 | f6c4 0f0f | 8419 0000 | 0048 83ec | 0848 b8d0 
  0x000001ca60b9d280: 5e25 def8 | 7f00 00ff | d048 83c4 | 08e9 0c00 | 0000 48b8 | d05e 25de | f87f 0000 | ffd0 4883 
  0x000001ca60b9d2a0: c420 49c7 | 87a8 0300 | 0000 0000 | 0049 c787 | b803 0000 | 0000 0000 | 49c7 87b0 | 0300 0000 
  0x000001ca60b9d2c0: 0000 00c5 | f877 4983 | 7f08 000f | 8405 0000 | 00e9 ea3b | ffff 4c8b | 6dc0 4c8b | 75c8 4e8d 
  0x000001ca60b9d2e0: 74f5 00c3 | 48b9 e034 | 8ede f87f | 0000 4883 | e4f0 48b8 | 1090 4bde | f87f 0000 | ffd0 f44c 
  0x000001ca60b9d300: 896d c04c | 8b4a 0848 | c742 0800 | 0000 0045 | 8b87 5806 | 0000 4f3b | 4c07 f80f | 8542 0000 
  0x000001ca60b9d320: 0041 83af | 5806 0000 | 084f 3b4c | 07f0 0f84 | 2a00 0000 | 498b 01a8 | 020f 8512 | 0000 004c 
  0x000001ca60b9d340: 8bc0 4983 | c801 f04d | 0fb1 010f | 840d 0000 | 0041 8387 | 5806 0000 | 08e9 0500 | 0000 e93e 
  0x000001ca60b9d360: 0000 004c | 894a 0848 | 8bca 4883 | ec20 40f6 | c40f 0f84 | 1900 0000 | 4883 ec08 | 48b8 f030 
  0x000001ca60b9d380: 25de f87f | 0000 ffd0 | 4883 c408 | e90c 0000 | 0048 b8f0 | 3025 def8 | 7f00 00ff | d048 83c4 
  0x000001ca60b9d3a0: 204c 8b6d | c048 8b04 | 2448 83c4 | 10c5 fb10 | 0424 4883 | c410 4c8b | 5d18 41ff | d34c 8b5d 
  0x000001ca60b9d3c0: f8c9 5f49 | 8be3 ffe7 | ba00 0000 | 00e8 0500 | 0000 e996 | 0000 0048 | 8d44 2408 | 4c89 6dc0 
  0x000001ca60b9d3e0: 498b cfc5 | f877 4989 | afb8 0300 | 0049 8987 | a803 0000 | 4883 ec20 | 40f6 c40f | 0f84 1900 
  0x000001ca60b9d400: 0000 4883 | ec08 48b8 | a025 25de | f87f 0000 | ffd0 4883 | c408 e90c | 0000 0048 | b8a0 2525 
  0x000001ca60b9d420: def8 7f00 | 00ff d048 | 83c4 2049 | c787 a803 | 0000 0000 | 0000 49c7 | 87b8 0300 | 0000 0000 
  0x000001ca60b9d440: 0049 c787 | b003 0000 | 0000 0000 | c5f8 7749 | 837f 0800 | 0f84 0500 | 0000 e961 | 3aff ff4c 
  0x000001ca60b9d460: 8b6d c04c | 8b75 c84e | 8d74 f500 | c348 8b5d | e8e9 40f7 | ffff 6690 
[/MachCode]

Compiled method (c1) 24920506 1861   !   3       java.awt.event.InvocationEvent::dispatch (69 bytes)
 total in heap  [0x000001ca599f9f88,0x000001ca599fa780] = 2040
 relocation     [0x000001ca599fa060,0x000001ca599fa0e8] = 136
 main code      [0x000001ca599fa100,0x000001ca599fa710] = 1552
 stub code      [0x000001ca599fa710,0x000001ca599fa778] = 104
 metadata       [0x000001ca599fa778,0x000001ca599fa780] = 8
 immutable data [0x000001ca45cd1c50,0x000001ca45cd1df8] = 424
 dependencies   [0x000001ca45cd1c50,0x000001ca45cd1c58] = 8
 nul chk table  [0x000001ca45cd1c58,0x000001ca45cd1c70] = 24
 handler table  [0x000001ca45cd1c70,0x000001ca45cd1d00] = 144
 scopes pcs     [0x000001ca45cd1d00,0x000001ca45cd1da0] = 160
 scopes data    [0x000001ca45cd1da0,0x000001ca45cd1df8] = 88

[Constant Pool (empty)]

[MachCode]
[Instructions begin]
  0x000001ca599fa100: 6666 660f | 1f84 0000 | 0000 0066 | 6666 9066 | 6690 448b | 5208 443b 

  0x000001ca599fa118: ;   {runtime_call Shared Runtime ic_miss_blob}
  0x000001ca599fa118: 5008 0f85 | 4046 1e07 
[Verified Entry Point]
  0x000001ca599fa120: 8984 2400 | 80ff ff55 | 4883 ec30 | 4181 7f20 | 0100 0000 

  0x000001ca599fa134: ;   {runtime_call StubRoutines (final stubs)}
  0x000001ca599fa134: 7405 e8c5 | b71c 0748 | 8954 2418 

  0x000001ca599fa140: ;   {metadata(method data for {method} {0x000001ca4169ba68} 'dispatch' '()V' in 'java/awt/event/InvocationEvent')}
  0x000001ca599fa140: 48be 98fb | 9341 ca01 | 0000 8bbe | cc00 0000 | 83c7 0289 | becc 0000 | 0081 e7fe | 0700 0085 
  0x000001ca599fa160: ff0f 84c7 | 0400 000f | be72 1d85 

  0x000001ca599fa16c: ;   {metadata(method data for {method} {0x000001ca4169ba68} 'dispatch' '()V' in 'java/awt/event/InvocationEvent')}
  0x000001ca599fa16c: f648 be98 | fb93 41ca | 0100 00bf | 1001 0000 | 7405 bf20 | 0100 0048 | 8b1c 3e48 | 8d5b 0148 
  0x000001ca599fa18c: 891c 3e0f | 84d1 0000 | 008b 7228 | 48c1 e603 

  0x000001ca599fa19c: ; implicit exception: dispatches to 0x000001ca599fa64f
  0x000001ca599fa19c: 483b 0648 

  0x000001ca599fa1a0: ;   {metadata(method data for {method} {0x000001ca4169ba68} 'dispatch' '()V' in 'java/awt/event/InvocationEvent')}
  0x000001ca599fa1a0: 8bfe 48bb | 98fb 9341 | ca01 0000 | 8b7f 0849 | ba00 0000 | 00ca 0100 | 0049 03fa | 483b bb38 
  0x000001ca599fa1c0: 0100 0075 | 0d48 8383 | 4001 0000 | 01e9 6000 | 0000 483b | bb48 0100 | 0075 0d48 | 8383 5001 
  0x000001ca599fa1e0: 0000 01e9 | 4a00 0000 | 4883 bb38 | 0100 0000 | 7517 4889 | bb38 0100 | 0048 c783 | 4001 0000 
  0x000001ca599fa200: 0100 0000 | e929 0000 | 0048 83bb | 4801 0000 | 0075 1748 | 89bb 4801 | 0000 48c7 | 8350 0100 
  0x000001ca599fa220: 0001 0000 | 00e9 0800 | 0000 4883 | 8330 0100 | 0001 488b | d648 b8f0 | 2fb6 45ca 

  0x000001ca599fa23c: ;   {virtual_call}
  0x000001ca599fa23c: 0100 00e8 

  0x000001ca599fa240: ; ImmutableOopMap {[24]=Oop }
                      ;*invokeinterface run {reexecute=0 rethrow=0 return_oop=0}
                      ; - java.awt.event.InvocationEvent::dispatch@11 (line 308)
  0x000001ca599fa240: 1c4b 1e07 

  0x000001ca599fa244: ;   {post_call_nop}
  0x000001ca599fa244: 0f1f 8400 | bc02 0000 

  0x000001ca599fa24c: ;   {metadata(method data for {method} {0x000001ca4169ba68} 'dispatch' '()V' in 'java/awt/event/InvocationEvent')}
  0x000001ca599fa24c: 48ba 98fb | 9341 ca01 | 0000 ff82 | 6001 0000 | 488b 5424 | 18e9 1f03 | 0000 8b72 | 2848 c1e6 
  0x000001ca599fa26c: 0348 3b06 

  0x000001ca599fa270: ;   {metadata(method data for {method} {0x000001ca4169ba68} 'dispatch' '()V' in 'java/awt/event/InvocationEvent')}
  0x000001ca599fa270: 488b fe48 | bb98 fb93 | 41ca 0100 | 008b 7f08 | 49ba 0000 | 0000 ca01 | 0000 4903 | fa48 3bbb 
  0x000001ca599fa290: 1802 0000 | 750d 4883 | 8320 0200 | 0001 e960 | 0000 0048 | 3bbb 2802 | 0000 750d | 4883 8330 
  0x000001ca599fa2b0: 0200 0001 | e94a 0000 | 0048 83bb | 1802 0000 | 0075 1748 | 89bb 1802 | 0000 48c7 | 8320 0200 
  0x000001ca599fa2d0: 0001 0000 | 00e9 2900 | 0000 4883 | bb28 0200 | 0000 7517 | 4889 bb28 | 0200 0048 | c783 3002 
  0x000001ca599fa2f0: 0000 0100 | 0000 e908 | 0000 0048 | 8383 1002 | 0000 0148 | 8bd6 0f1f | 8000 0000 | 0048 b818 
  0x000001ca599fa310: 30b6 45ca 

  0x000001ca599fa314: ;   {virtual_call}
  0x000001ca599fa314: 0100 00e8 

  0x000001ca599fa318: ; ImmutableOopMap {[24]=Oop }
                      ;*invokeinterface run {reexecute=0 rethrow=0 return_oop=0}
                      ; - java.awt.event.InvocationEvent::dispatch@47 (line 318)
  0x000001ca599fa318: 759d 1e07 

  0x000001ca599fa31c: ;   {post_call_nop}
  0x000001ca599fa31c: 0f1f 8400 | 9403 0001 | 488b 5424 | 18e9 5702 | 0000 498b | 8708 0500 | 004d 33d2 | 4d89 9708 
  0x000001ca599fa33c: 0500 004d | 33d2 4d89 | 9710 0500 | 0048 85c0 

  0x000001ca599fa34c: ;   {metadata(method data for {method} {0x000001ca4169ba68} 'dispatch' '()V' in 'java/awt/event/InvocationEvent')}
  0x000001ca599fa34c: 48be 98fb | 9341 ca01 | 0000 750c | 808e 7101 | 0000 01e9 | af00 0000 | 8b78 0849 | ba00 0000 
  0x000001ca599fa36c: 00ca 0100 | 0049 03fa | 483b be80 | 0100 0075 | 0d48 8386 | 8801 0000 | 01e9 6000 | 0000 483b 
  0x000001ca599fa38c: be90 0100 | 0075 0d48 | 8386 9801 | 0000 01e9 | 4a00 0000 | 4883 be80 | 0100 0000 | 7517 4889 
  0x000001ca599fa3ac: be80 0100 | 0048 c786 | 8801 0000 | 0100 0000 | e929 0000 | 0048 83be | 9001 0000 | 0075 1748 
  0x000001ca599fa3cc: 89be 9001 | 0000 48c7 | 8698 0100 | 0001 0000 | 00e9 0800 | 0000 4883 | 8678 0100 

  0x000001ca599fa3e8: ;   {metadata('java/lang/Exception')}
  0x000001ca599fa3e8: 0001 48bf | e8f4 1b00 | ca01 0000 | 8b70 0849 | ba00 0000 | 00ca 0100 | 0049 03f2 | 483b 7e40 
  0x000001ca599fa408: 0f85 0500 | 0000 e905 | 0000 004d | 33c0 eb06 | 41b8 0100 | 0000 4585 

  0x000001ca599fa420: ;   {metadata(method data for {method} {0x000001ca4169ba68} 'dispatch' '()V' in 'java/awt/event/InvocationEvent')}
  0x000001ca599fa420: c049 b898 | fb93 41ca | 0100 00ba | a801 0000 | 7405 bab8 | 0100 0049 | 8b34 1048 | 8d76 0149 
  0x000001ca599fa440: 8934 1048 | 8b54 2418 | 0f84 f900 | 0000 4885 

  0x000001ca599fa450: ;   {metadata(method data for {method} {0x000001ca4169ba68} 'dispatch' '()V' in 'java/awt/event/InvocationEvent')}
  0x000001ca599fa450: c048 bf98 | fb93 41ca | 0100 0075 | 0c80 8fc1 | 0100 0001 | e9af 0000 | 008b 5808 | 49ba 0000 
  0x000001ca599fa470: 0000 ca01 | 0000 4903 | da48 3b9f | d001 0000 | 750d 4883 | 87d8 0100 | 0001 e960 | 0000 0048 
  0x000001ca599fa490: 3b9f e001 | 0000 750d | 4883 87e8 | 0100 0001 | e94a 0000 | 0048 83bf | d001 0000 | 0075 1748 
  0x000001ca599fa4b0: 899f d001 | 0000 48c7 | 87d8 0100 | 0001 0000 | 00e9 2900 | 0000 4883 | bfe0 0100 | 0000 7517 
  0x000001ca599fa4d0: 4889 9fe0 | 0100 0048 | c787 e801 | 0000 0100 | 0000 e908 | 0000 0048 | 8387 c801 

  0x000001ca599fa4ec: ;   {metadata('java/lang/Exception')}
  0x000001ca599fa4ec: 0000 0148 | bbe8 f41b | 00ca 0100 | 008b 7808 | 49ba 0000 | 0000 ca01 | 0000 4903 | fa48 3b5f 
  0x000001ca599fa50c: 400f 8546 | 0100 00e9 | 0000 0000 | 4c8b c041 | 0fbe 7748 | 85f6 0f85 | 3a01 0000 | 4d8b d049 
  0x000001ca599fa52c: c1ea 0344 | 8952 3448 | 8bf2 4933 | f048 c1ee | 1548 83fe | 000f 853a | 0100 0045 | 0fbe 4748 
  0x000001ca599fa54c: 4585 c00f | 8544 0100 | 004c 8bd0 | 49c1 ea03 | 4489 5238 | 4c8b c24c | 33c0 49c1 | e815 4983 
  0x000001ca599fa56c: f800 0f85 | 4501 0000 

  0x000001ca599fa574: ;   {metadata(method data for {method} {0x000001ca4169ba68} 'dispatch' '()V' in 'java/awt/event/InvocationEvent')}
  0x000001ca599fa574: 49b8 98fb | 9341 ca01 | 0000 41ff | 80f8 0100 | 004c 8bc2 

  0x000001ca599fa588: ;   {metadata(method data for {method} {0x000001ca4169ba68} 'dispatch' '()V' in 'java/awt/event/InvocationEvent')}
  0x000001ca599fa588: 48be 98fb | 9341 ca01 | 0000 4883 | 8640 0200 | 0001 41b8 | 0100 0000 | 0f1f 8000 

  0x000001ca599fa5a4: ;   {optimized virtual_call}
  0x000001ca599fa5a4: 0000 00e8 

  0x000001ca599fa5a8: ; ImmutableOopMap {}
                      ;*invokevirtual finishedDispatching {reexecute=0 rethrow=0 return_oop=0}
                      ; - java.awt.event.InvocationEvent::dispatch@54 (line 321)
  0x000001ca599fa5a8: b444 1e07 

  0x000001ca599fa5ac: ;   {post_call_nop}
  0x000001ca599fa5ac: 0f1f 8400 | 2406 0002 

  0x000001ca599fa5b4: ;   {metadata(method data for {method} {0x000001ca4169ba68} 'dispatch' '()V' in 'java/awt/event/InvocationEvent')}
  0x000001ca599fa5b4: 48b8 98fb | 9341 ca01 | 0000 ff80 | 7002 0000 | 4883 c430 

  0x000001ca599fa5c8: ;   {poll_return}
  0x000001ca599fa5c8: 5d49 3b67 | 280f 87fe | 0000 00c3 | 488b 5424 | 1849 8b87 | 0805 0000 | 4d33 d24d | 8997 0805 
  0x000001ca599fa5e8: 0000 4d33 | d24d 8997 | 1005 0000 

  0x000001ca599fa5f4: ;   {metadata(method data for {method} {0x000001ca4169ba68} 'dispatch' '()V' in 'java/awt/event/InvocationEvent')}
  0x000001ca599fa5f4: 4c8b c248 | be98 fb93 | 41ca 0100 | 0048 8386 | 8802 0000 | 0141 b801 | 0000 0048 | 8944 2420 
  0x000001ca599fa614: ;   {optimized virtual_call}
  0x000001ca599fa614: 6666 90e8 

  0x000001ca599fa618: ; ImmutableOopMap {[32]=Oop }
                      ;*invokevirtual finishedDispatching {reexecute=0 rethrow=0 return_oop=0}
                      ; - java.awt.event.InvocationEvent::dispatch@63 (line 321)
  0x000001ca599fa618: 4444 1e07 

  0x000001ca599fa61c: ;   {post_call_nop}
  0x000001ca599fa61c: 0f1f 8400 | 9406 0003 | 488b 4424 | 20e9 d600 

  0x000001ca599fa62c: ;   {metadata({method} {0x000001ca4169ba68} 'dispatch' '()V' in 'java/awt/event/InvocationEvent')}
  0x000001ca599fa62c: 0000 49ba | 60ba 6941 | ca01 0000 | 4c89 5424 | 0848 c704 | 24ff ffff 

  0x000001ca599fa644: ;   {runtime_call C1 Runtime counter_overflow_blob}
  0x000001ca599fa644: ffe8 16a7 

  0x000001ca599fa648: ; ImmutableOopMap {rdx=Oop [24]=Oop }
                      ;*synchronization entry
                      ; - java.awt.event.InvocationEvent::dispatch@-1 (line 306)
  0x000001ca599fa648: 2a07 e918 

  0x000001ca599fa64c: ;   {runtime_call C1 Runtime throw_null_pointer_exception_blob}
  0x000001ca599fa64c: fbff ffe8 

  0x000001ca599fa650: ; ImmutableOopMap {rdx=Oop rsi=Oop [24]=Oop }
                      ;*invokeinterface run {reexecute=0 rethrow=0 return_oop=0}
                      ; - java.awt.event.InvocationEvent::dispatch@11 (line 308)
  0x000001ca599fa650: 0c3f 2a07 

  0x000001ca599fa654: ;   {runtime_call C1 Runtime throw_null_pointer_exception_blob}
  0x000001ca599fa654: e807 3f2a 

  0x000001ca599fa658: ; ImmutableOopMap {rdx=Oop rsi=Oop [24]=Oop }
                      ;*invokeinterface run {reexecute=0 rethrow=0 return_oop=0}
                      ; - java.awt.event.InvocationEvent::dispatch@47 (line 318)
  0x000001ca599fa658: 0748 8904 

  0x000001ca599fa65c: ;   {runtime_call C1 Runtime throw_class_cast_exception_blob}
  0x000001ca599fa65c: 24e8 fe62 

  0x000001ca599fa660: ; ImmutableOopMap {rax=Oop rdx=Oop [24]=Oop }
                      ;*checkcast {reexecute=0 rethrow=0 return_oop=0}
                      ; - java.awt.event.InvocationEvent::dispatch@29 (line 312)
  0x000001ca599fa660: 2a07 8b72 | 3448 c1e6 | 0348 83fe | 000f 84b5 | feff ff48 

  0x000001ca599fa674: ;   {runtime_call g1_pre_barrier_slow}
  0x000001ca599fa674: 8934 24e8 | e4ac 2a07 | e9a7 feff | ff49 83f8 | 000f 84bc | feff ff48 

  0x000001ca599fa68c: ;   {runtime_call g1_post_barrier_slow}
  0x000001ca599fa68c: 8914 24e8 | ccaf 2a07 | e9ae feff | ff44 8b42 | 3849 c1e0 | 0349 83f8 | 000f 84aa | feff ff4c 
  0x000001ca599fa6ac: ;   {runtime_call g1_pre_barrier_slow}
  0x000001ca599fa6ac: 8904 24e8 | acac 2a07 | e99c feff | ff48 83f8 | 000f 84b1 | feff ff48 

  0x000001ca599fa6c4: ;   {runtime_call g1_post_barrier_slow}
  0x000001ca599fa6c4: 8914 24e8 | 94af 2a07 | e9a3 feff 

  0x000001ca599fa6d0: ;   {internal_word}
  0x000001ca599fa6d0: ff49 bac9 | a59f 59ca | 0100 004d | 8997 6004 

  0x000001ca599fa6e0: ;   {runtime_call SafepointBlob}
  0x000001ca599fa6e0: 0000 e9f9 | b51e 0749 | 8b87 0805 | 0000 49c7 | 8708 0500 | 0000 0000 | 0049 c787 | 1005 0000 
  0x000001ca599fa700: 0000 0000 | 4883 c430 

  0x000001ca599fa708: ;   {runtime_call C1 Runtime unwind_exception_blob}
  0x000001ca599fa708: 5de9 522f | 2a07 f4f4 
[Stub Code]
  0x000001ca599fa710: ;   {no_reloc}
  0x000001ca599fa710: 0f1f 4400 

  0x000001ca599fa714: ;   {static_stub}
  0x000001ca599fa714: 0048 bb00 | 0000 0000 

  0x000001ca599fa71c: ;   {runtime_call nmethod}
  0x000001ca599fa71c: 0000 00e9 | fbff ffff 

  0x000001ca599fa724: ;   {static_stub}
  0x000001ca599fa724: 9048 bb00 | 0000 0000 

  0x000001ca599fa72c: ;   {runtime_call nmethod}
  0x000001ca599fa72c: 0000 00e9 | fbff ffff 

  0x000001ca599fa734: ;   {static_stub}
  0x000001ca599fa734: 48bb 0000 | 0000 0000 

  0x000001ca599fa73c: ;   {runtime_call nmethod}
  0x000001ca599fa73c: 0000 e9fb 

  0x000001ca599fa740: ;   {runtime_call C1 Runtime handle_exception_from_callee_blob}
  0x000001ca599fa740: ffff ffe8 | 185c 2a07 

  0x000001ca599fa748: ;   {external_word}
  0x000001ca599fa748: 48b9 e034 | 8ede f87f | 0000 4883 

  0x000001ca599fa754: ;   {runtime_call}
  0x000001ca599fa754: e4f0 48b8 | 1090 4bde | f87f 0000 

  0x000001ca599fa760: ;   {section_word}
  0x000001ca599fa760: ffd0 f449 | ba63 a79f | 59ca 0100 

  0x000001ca599fa76c: ;   {runtime_call DeoptimizationBlob}
  0x000001ca599fa76c: 0041 52e9 | 0cab 1e07 | f4f4 f4f4 
[/MachCode]


Compiled method (c1) 24920748 1822       3       java.awt.EventQueue::dispatchEventImpl (139 bytes)
 total in heap  [0x000001ca599e7988,0x000001ca599e9ec0] = 9528
 relocation     [0x000001ca599e7a60,0x000001ca599e7d08] = 680
 main code      [0x000001ca599e7d20,0x000001ca599e9cd8] = 8120
 stub code      [0x000001ca599e9cd8,0x000001ca599e9de8] = 272
 oops           [0x000001ca599e9de8,0x000001ca599e9df8] = 16
 metadata       [0x000001ca599e9df8,0x000001ca599e9ec0] = 200
 immutable data [0x000001ca45a52e50,0x000001ca45a535d8] = 1928
 dependencies   [0x000001ca45a52e50,0x000001ca45a52e88] = 56
 nul chk table  [0x000001ca45a52e88,0x000001ca45a52f08] = 128
 handler table  [0x000001ca45a52f08,0x000001ca45a52fc8] = 192
 scopes pcs     [0x000001ca45a52fc8,0x000001ca45a533a8] = 992
 scopes data    [0x000001ca45a533a8,0x000001ca45a535d8] = 560

[Constant Pool (empty)]

[MachCode]
[Instructions begin]
  0x000001ca599e7d20: 6666 660f | 1f84 0000 | 0000 0066 | 6666 9066 | 6690 448b | 5208 443b 

  0x000001ca599e7d38: ;   {runtime_call Shared Runtime ic_miss_blob}
  0x000001ca599e7d38: 5008 0f85 | 206a 1f07 
[Verified Entry Point]
  0x000001ca599e7d40: 8984 2400 | 80ff ff55 | 4881 ecd0 | 0000 0090 | 4181 7f20 | 0100 0000 

  0x000001ca599e7d58: ;   {runtime_call StubRoutines (final stubs)}
  0x000001ca599e7d58: 7405 e8a1 | db1d 074c | 8984 24a8 

  0x000001ca599e7d64: ;   {metadata(method data for {method} {0x000001ca411864b8} 'dispatchEventImpl' '(Ljava/awt/AWTEvent;Ljava/lang/Object;)V' in 'java/awt/EventQueue')}
  0x000001ca599e7d64: 0000 0048 | be40 5393 | 41ca 0100 | 008b becc | 0000 0083 | c702 89be | cc00 0000 | 81e7 fe07 
  0x000001ca599e7d84: 0000 85ff | 0f84 121b | 0000 41c6 | 4016 014d 

  0x000001ca599e7d94: ;   {metadata(method data for {method} {0x000001ca411864b8} 'dispatchEventImpl' '(Ljava/awt/AWTEvent;Ljava/lang/Object;)V' in 'java/awt/EventQueue')}
  0x000001ca599e7d94: 85c0 48bb | 4053 9341 | ca01 0000 | 750c 808b | 0901 0000 | 01e9 cb00 | 0000 418b | 4008 49ba 
  0x000001ca599e7db4: 0000 0000 | ca01 0000 | 4903 c248 | 3b83 1801 | 0000 750d | 4883 8320 | 0100 0001 | e960 0000 
  0x000001ca599e7dd4: 0048 3b83 | 2801 0000 | 750d 4883 | 8330 0100 | 0001 e94a | 0000 0048 | 83bb 1801 | 0000 0075 
  0x000001ca599e7df4: 1748 8983 | 1801 0000 | 48c7 8320 | 0100 0001 | 0000 00e9 | 2900 0000 | 4883 bb28 | 0100 0000 
  0x000001ca599e7e14: 7517 4889 | 8328 0100 | 0048 c783 | 3001 0000 | 0100 0000 | e908 0000 | 0048 8383 | 1001 0000 
  0x000001ca599e7e34: ;   {metadata('java/awt/ActiveEvent')}
  0x000001ca599e7e34: 0148 b868 | b269 41ca | 0100 0041 | 8b58 0849 | ba00 0000 | 00ca 0100 | 0049 03da | 483b 4320 
  0x000001ca599e7e54: 0f84 2400 | 0000 483b | d80f 841b | 0000 0053 

  0x000001ca599e7e64: ;   {runtime_call C1 Runtime slow_subtype_check_blob}
  0x000001ca599e7e64: 50e8 d690 | 2b07 5b5b | 85db 0f84 | 0500 0000 | e905 0000 | 0048 33f6 | eb05 be01 | 0000 0085 
  0x000001ca599e7e84: ;   {metadata(method data for {method} {0x000001ca411864b8} 'dispatchEventImpl' '(Ljava/awt/AWTEvent;Ljava/lang/Object;)V' in 'java/awt/EventQueue')}
  0x000001ca599e7e84: f648 be40 | 5393 41ca | 0100 00bf | 5001 0000 | 7505 bf40 | 0100 0048 | 8b1c 3e48 | 8d5b 0148 
  0x000001ca599e7ea4: 891c 3e0f | 85ab 1500 | 004d 85c9 

  0x000001ca599e7eb0: ;   {metadata(method data for {method} {0x000001ca411864b8} 'dispatchEventImpl' '(Ljava/awt/AWTEvent;Ljava/lang/Object;)V' in 'java/awt/EventQueue')}
  0x000001ca599e7eb0: 48bb 4053 | 9341 ca01 | 0000 750c | 808b 0102 | 0000 01e9 | b100 0000 | 418b 4108 | 49ba 0000 
  0x000001ca599e7ed0: 0000 ca01 | 0000 4903 | c248 3b83 | 1002 0000 | 750d 4883 | 8318 0200 | 0001 e960 | 0000 0048 
  0x000001ca599e7ef0: 3b83 2002 | 0000 750d | 4883 8328 | 0200 0001 | e94a 0000 | 0048 83bb | 1002 0000 | 0075 1748 
  0x000001ca599e7f10: 8983 1002 | 0000 48c7 | 8318 0200 | 0001 0000 | 00e9 2900 | 0000 4883 | bb20 0200 | 0000 7517 
  0x000001ca599e7f30: 4889 8320 | 0200 0048 | c783 2802 | 0000 0100 | 0000 e908 | 0000 0048 | 8383 0802 

  0x000001ca599e7f4c: ;   {metadata('java/awt/Component')}
  0x000001ca599e7f4c: 0000 0148 | b8d0 2309 | 41ca 0100 | 0041 8b59 | 0849 ba00 | 0000 00ca | 0100 0049 | 03da 483b 
  0x000001ca599e7f6c: 4338 0f85 | 0500 0000 | e905 0000 | 0048 33f6 | eb05 be01 | 0000 0085 

  0x000001ca599e7f84: ;   {metadata(method data for {method} {0x000001ca411864b8} 'dispatchEventImpl' '(Ljava/awt/AWTEvent;Ljava/lang/Object;)V' in 'java/awt/EventQueue')}
  0x000001ca599e7f84: f648 be40 | 5393 41ca | 0100 00bf | 3802 0000 | 7405 bf48 | 0200 0048 | 8b1c 3e48 | 8d5b 0148 
  0x000001ca599e7fa4: 891c 3e0f | 84e4 0600 | 004d 85c9 

  0x000001ca599e7fb0: ;   {metadata(method data for {method} {0x000001ca411864b8} 'dispatchEventImpl' '(Ljava/awt/AWTEvent;Ljava/lang/Object;)V' in 'java/awt/EventQueue')}
  0x000001ca599e7fb0: 48bf 4053 | 9341 ca01 | 0000 750c | 808f 5102 | 0000 01e9 | b100 0000 | 418b 5908 | 49ba 0000 
  0x000001ca599e7fd0: 0000 ca01 | 0000 4903 | da48 3b9f | 6002 0000 | 750d 4883 | 8768 0200 | 0001 e960 | 0000 0048 
  0x000001ca599e7ff0: 3b9f 7002 | 0000 750d | 4883 8778 | 0200 0001 | e94a 0000 | 0048 83bf | 6002 0000 | 0075 1748 
  0x000001ca599e8010: 899f 6002 | 0000 48c7 | 8768 0200 | 0001 0000 | 00e9 2900 | 0000 4883 | bf70 0200 | 0000 7517 
  0x000001ca599e8030: 4889 9f70 | 0200 0048 | c787 7802 | 0000 0100 | 0000 e908 | 0000 0048 | 8387 5802 

  0x000001ca599e804c: ;   {metadata('java/awt/Component')}
  0x000001ca599e804c: 0000 0148 | bbd0 2309 | 41ca 0100 | 0041 8b79 | 0849 ba00 | 0000 00ca | 0100 0049 | 03fa 483b 
  0x000001ca599e806c: 5f38 0f85 | 5218 0000 | e900 0000 | 0049 8bd1 

  0x000001ca599e807c: ; implicit exception: dispatches to 0x000001ca599e98cf
  0x000001ca599e807c: 483b 0248 

  0x000001ca599e8080: ;   {metadata(method data for {method} {0x000001ca411864b8} 'dispatchEventImpl' '(Ljava/awt/AWTEvent;Ljava/lang/Object;)V' in 'java/awt/EventQueue')}
  0x000001ca599e8080: 8bf2 48bf | 4053 9341 | ca01 0000 | 8b76 0849 | ba00 0000 | 00ca 0100 | 0049 03f2 | 483b b790 
  0x000001ca599e80a0: 0200 0075 | 0d48 8387 | 9802 0000 | 01e9 6000 | 0000 483b | b7a0 0200 | 0075 0d48 | 8387 a802 
  0x000001ca599e80c0: 0000 01e9 | 4a00 0000 | 4883 bf90 | 0200 0000 | 7517 4889 | b790 0200 | 0048 c787 | 9802 0000 
  0x000001ca599e80e0: 0100 0000 | e929 0000 | 0048 83bf | a002 0000 | 0075 1748 | 89b7 a002 | 0000 48c7 | 87a8 0200 
  0x000001ca599e8100: 0001 0000 | 00e9 0800 | 0000 4883 | 8788 0200 

  0x000001ca599e8110: ;   {metadata(method data for {method} {0x000001ca41085860} 'dispatchEvent' '(Ljava/awt/AWTEvent;)V' in 'java/awt/Component')}
  0x000001ca599e8110: 0001 48be | e859 9341 | ca01 0000 | 8bbe cc00 | 0000 83c7 | 0289 becc | 0000 0081 | e7fe ff1f 
  0x000001ca599e8130: 0085 ff0f | 849b 1700 | 0048 8bf2 

  0x000001ca599e813c: ;   {metadata(method data for {method} {0x000001ca41085860} 'dispatchEvent' '(Ljava/awt/AWTEvent;)V' in 'java/awt/Component')}
  0x000001ca599e813c: 48bf e859 | 9341 ca01 | 0000 8b76 | 0849 ba00 | 0000 00ca | 0100 0049 | 03f2 483b | b718 0100 
  0x000001ca599e815c: 0075 0d48 | 8387 2001 | 0000 01e9 | 6000 0000 | 483b b728 | 0100 0075 | 0d48 8387 | 3001 0000 
  0x000001ca599e817c: 01e9 4a00 | 0000 4883 | bf18 0100 | 0000 7517 | 4889 b718 | 0100 0048 | c787 2001 | 0000 0100 
  0x000001ca599e819c: 0000 e929 | 0000 0048 | 83bf 2801 | 0000 0075 | 1748 89b7 | 2801 0000 | 48c7 8730 | 0100 0001 
  0x000001ca599e81bc: 0000 00e9 | 0800 0000 | 4883 8710 | 0100 0001 | 498b f04c | 8bc6 6666 | 9048 b8e0 | 4aa5 45ca 
  0x000001ca599e81dc: ;   {virtual_call}
  0x000001ca599e81dc: 0100 00e8 

  0x000001ca599e81e0: ; ImmutableOopMap {[168]=Oop }
                      ;*invokevirtual dispatchEventImpl {reexecute=0 rethrow=0 return_oop=0}
                      ; - java.awt.Component::dispatchEvent@2 (line 4790)
                      ; - java.awt.EventQueue::dispatchEventImpl@41 (line 725)
  0x000001ca599e81e0: 31c9 1f07 

  0x000001ca599e81e4: ;   {post_call_nop}
  0x000001ca599e81e4: 0f1f 8400 | 5c08 0000 | 4c8b 8424 | a800 0000 

  0x000001ca599e81f4: ;   {metadata(method data for {method} {0x000001ca411864b8} 'dispatchEventImpl' '(Ljava/awt/AWTEvent;Ljava/lang/Object;)V' in 'java/awt/EventQueue')}
  0x000001ca599e81f4: 48be 4053 | 9341 ca01 | 0000 458b | 4008 49ba | 0000 0000 | ca01 0000 | 4d03 c24c | 3b86 c002 
  0x000001ca599e8214: 0000 750d | 4883 86c8 | 0200 0001 | e960 0000 | 004c 3b86 | d002 0000 | 750d 4883 | 86d8 0200 
  0x000001ca599e8234: 0001 e94a | 0000 0048 | 83be c002 | 0000 0075 | 174c 8986 | c002 0000 | 48c7 86c8 | 0200 0001 
  0x000001ca599e8254: 0000 00e9 | 2900 0000 | 4883 bed0 | 0200 0000 | 7517 4c89 | 86d0 0200 | 0048 c786 | d802 0000 
  0x000001ca599e8274: 0100 0000 | e908 0000 | 0048 8386 | b802 0000 

  0x000001ca599e8284: ;   {metadata(method data for {method} {0x000001ca410d7980} 'dispatched' '()V' in 'java/awt/AWTEvent')}
  0x000001ca599e8284: 0148 be70 | 5b93 41ca | 0100 008b | becc 0000 | 0083 c702 | 89be cc00 | 0000 81e7 | feff 1f00 
  0x000001ca599e82a4: 85ff 0f84 | 4916 0000 | 4c8b 8424 | a800 0000 

  0x000001ca599e82b4: ;   {metadata(method data for {method} {0x000001ca410d7980} 'dispatched' '()V' in 'java/awt/AWTEvent')}
  0x000001ca599e82b4: 4d85 c048 | bb70 5b93 | 41ca 0100 | 0075 0c80 | 8b09 0100 | 0001 e9b1 | 0000 0041 | 8b40 0849 
  0x000001ca599e82d4: ba00 0000 | 00ca 0100 | 0049 03c2 | 483b 8318 | 0100 0075 | 0d48 8383 | 2001 0000 | 01e9 6000 
  0x000001ca599e82f4: 0000 483b | 8328 0100 | 0075 0d48 | 8383 3001 | 0000 01e9 | 4a00 0000 | 4883 bb18 | 0100 0000 
  0x000001ca599e8314: 7517 4889 | 8318 0100 | 0048 c783 | 2001 0000 | 0100 0000 | e929 0000 | 0048 83bb | 2801 0000 
  0x000001ca599e8334: 0075 1748 | 8983 2801 | 0000 48c7 | 8330 0100 | 0001 0000 | 00e9 0800 | 0000 4883 | 8310 0100 
  0x000001ca599e8354: ;   {metadata('java/awt/event/InputEvent')}
  0x000001ca599e8354: 0001 48b8 | 48b2 1041 | ca01 0000 | 418b 5808 | 49ba 0000 | 0000 ca01 | 0000 4903 | da48 3b43 
  0x000001ca599e8374: 500f 8505 | 0000 00e9 | 0500 0000 | 4833 f6eb | 05be 0100 | 0000 85f6 

  0x000001ca599e838c: ;   {metadata(method data for {method} {0x000001ca410d7980} 'dispatched' '()V' in 'java/awt/AWTEvent')}
  0x000001ca599e838c: 48be 705b | 9341 ca01 | 0000 bf40 | 0100 0074 | 05bf 5001 | 0000 488b | 1c3e 488d | 5b01 4889 
  0x000001ca599e83ac: 1c3e 0f84 | c914 0000 

  0x000001ca599e83b4: ;   {metadata(method data for {method} {0x000001ca410d7980} 'dispatched' '()V' in 'java/awt/AWTEvent')}
  0x000001ca599e83b4: 48be 705b | 9341 ca01 | 0000 4883 | 8660 0100 

  0x000001ca599e83c4: ;   {metadata(method data for {method} {0x000001ca410f1b38} 'getInputEventAccessor' '()Lsun/awt/AWTAccessor$InputEventAccessor;' in 'sun/awt/AWTAccessor')}
  0x000001ca599e83c4: 0001 48be | 805d 9341 | ca01 0000 | 8bbe cc00 | 0000 83c7 | 0289 becc | 0000 0081 | e7fe ff1f 
  0x000001ca599e83e4: 0085 ff0f | 8429 1500 

  0x000001ca599e83ec: ;   {oop(a 'java/lang/Class'{0x0000000715782f30} = 'sun/awt/AWTAccessor')}
  0x000001ca599e83ec: 0048 be30 | 2f78 1507 | 0000 008b | b684 0000 | 0048 c1e6 | 0348 85f6 

  0x000001ca599e8404: ;   {metadata(method data for {method} {0x000001ca410f1b38} 'getInputEventAccessor' '()Lsun/awt/AWTAccessor$InputEventAccessor;' in 'sun/awt/AWTAccessor')}
  0x000001ca599e8404: 48bf 805d | 9341 ca01 | 0000 bb10 | 0100 0075 | 05bb 2001 | 0000 488b | 041f 488d | 4001 4889 
  0x000001ca599e8424: 041f 0f85 | f412 0000 

  0x000001ca599e842c: ;   {metadata(method data for {method} {0x000001ca410f1b38} 'getInputEventAccessor' '()Lsun/awt/AWTAccessor$InputEventAccessor;' in 'sun/awt/AWTAccessor')}
  0x000001ca599e842c: 48be 805d | 9341 ca01 | 0000 4883 | 8630 0100 

  0x000001ca599e843c: ;   {metadata(method data for {method} {0x000001ca410f42f8} 'ensureClassInitialized' '(Ljava/lang/Class;)V' in 'sun/awt/AWTAccessor')}
  0x000001ca599e843c: 0001 48be | b069 6b41 | ca01 0000 | 8bbe cc00 | 0000 83c7 | 0289 becc | 0000 0081 | e7fe ff1f 
  0x000001ca599e845c: 0085 ff0f | 84d2 1400 

  0x000001ca599e8464: ;   {metadata(method data for {method} {0x000001ca410f42f8} 'ensureClassInitialized' '(Ljava/lang/Class;)V' in 'sun/awt/AWTAccessor')}
  0x000001ca599e8464: 0048 beb0 | 696b 41ca | 0100 0048 | 8386 1001 

  0x000001ca599e8474: ;   {metadata(method data for {method} {0x000001ca0044ab28} 'lookup' '()Ljava/lang/invoke/MethodHandles$Lookup;' in 'java/lang/invoke/MethodHandles')}
  0x000001ca599e8474: 0000 0148 | beb0 6b6b | 41ca 0100 | 008b becc | 0000 0083 | c702 89be | cc00 0000 | 81e7 feff 
  0x000001ca599e8494: 1f00 85ff | 0f84 ba14 

  0x000001ca599e849c: ;   {metadata(method data for {method} {0x000001ca0044ab28} 'lookup' '()Ljava/lang/invoke/MethodHandles$Lookup;' in 'java/lang/invoke/MethodHandles')}
  0x000001ca599e849c: 0000 48be | b06b 6b41 | ca01 0000 | 4883 8610 | 0100 0001 | 0f1f 8000 

  0x000001ca599e84b4: ;   {static_call}
  0x000001ca599e84b4: 0000 00e8 

  0x000001ca599e84b8: ; ImmutableOopMap {[168]=Oop }
                      ;*invokestatic getCallerClass {reexecute=0 rethrow=0 return_oop=0}
                      ; - java.lang.invoke.MethodHandles::lookup@0 (line 126)
                      ; - sun.awt.AWTAccessor::ensureClassInitialized@0 (line 1464)
                      ; - sun.awt.AWTAccessor::getInputEventAccessor@10 (line 963)
                      ; - java.awt.AWTEvent::dispatched@7 (line 571)
                      ; - java.awt.EventQueue::dispatchEventImpl@45 (line 726)
  0x000001ca599e84b8: a46b 1f07 

  0x000001ca599e84bc: ;   {post_call_nop}
  0x000001ca599e84bc: 0f1f 8400 | 340b 0001 | 4c8b c04d 

  0x000001ca599e84c8: ;   {metadata(method data for {method} {0x000001ca0044ab28} 'lookup' '()Ljava/lang/invoke/MethodHandles$Lookup;' in 'java/lang/invoke/MethodHandles')}
  0x000001ca599e84c8: 85c0 48ba | b06b 6b41 | ca01 0000 | be30 0100 | 0074 05be | 2001 0000 | 488b 3c32 | 488d 7f01 
  0x000001ca599e84e8: 4889 3c32 | 0f84 5511 

  0x000001ca599e84f0: ;   {metadata('java/lang/invoke/MethodHandles$Lookup')}
  0x000001ca599e84f0: 0000 48ba | b8a5 1e00 | ca01 0000 | 498b 87c8 | 0100 0048 | 8d78 2049 | 3bbf d801 | 0000 0f87 
  0x000001ca599e8510: 6514 0000 | 4989 bfc8 | 0100 0048 | c700 0100 | 0000 488b | ca49 ba00 | 0000 00ca | 0100 0049 
  0x000001ca599e8530: 2bca 8948 | 0848 33c9 | 8948 0c48 | 33c9 4889 | 4810 4889 | 4818 4c8b 

  0x000001ca599e8548: ;   {metadata(method data for {method} {0x000001ca0044ab28} 'lookup' '()Ljava/lang/invoke/MethodHandles$Lookup;' in 'java/lang/invoke/MethodHandles')}
  0x000001ca599e8548: c848 bfb0 | 6b6b 41ca | 0100 0048 | 8387 5001 

  0x000001ca599e8558: ;   {metadata(method data for {method} {0x000001ca0044edd8} '<init>' '(Ljava/lang/Class;)V' in 'java/lang/invoke/MethodHandles$Lookup')}
  0x000001ca599e8558: 0000 0149 | b998 6d6b | 41ca 0100 | 0041 8bb9 | cc00 0000 | 83c7 0241 | 89b9 cc00 | 0000 81e7 
  0x000001ca599e8578: feff 1f00 | 85ff 0f84 | 0214 0000 

  0x000001ca599e8584: ;   {metadata(method data for {method} {0x000001ca0044edd8} '<init>' '(Ljava/lang/Class;)V' in 'java/lang/invoke/MethodHandles$Lookup')}
  0x000001ca599e8584: 4c8b c848 | bf98 6d6b | 41ca 0100 | 0048 8387 | 1001 0000 

  0x000001ca599e8598: ;   {oop(nullptr)}
  0x000001ca599e8598: 0149 b900 | 0000 0000 | 0000 00bf | 5f00 0000 | 488b d048 | 8984 24b0 | 0000 000f 

  0x000001ca599e85b4: ;   {optimized virtual_call}
  0x000001ca599e85b4: 1f40 00e8 

  0x000001ca599e85b8: ; ImmutableOopMap {[168]=Oop [176]=Oop }
                      ;*invokespecial <init> {reexecute=0 rethrow=0 return_oop=0}
                      ; - java.lang.invoke.MethodHandles$Lookup::<init>@5 (line 1534)
                      ; - java.lang.invoke.MethodHandles::lookup@23 (line 130)
                      ; - sun.awt.AWTAccessor::ensureClassInitialized@0 (line 1464)
                      ; - sun.awt.AWTAccessor::getInputEventAccessor@10 (line 963)
                      ; - java.awt.AWTEvent::dispatched@7 (line 571)
                      ; - java.awt.EventQueue::dispatchEventImpl@45 (line 726)
  0x000001ca599e85b8: a464 1f07 

  0x000001ca599e85bc: ;   {post_call_nop}
  0x000001ca599e85bc: 0f1f 8400 | 340c 0002 | 488b 8424 | b000 0000 

  0x000001ca599e85cc: ;   {metadata(method data for {method} {0x000001ca410f42f8} 'ensureClassInitialized' '(Ljava/lang/Class;)V' in 'sun/awt/AWTAccessor')}
  0x000001ca599e85cc: 4c8b c048 | bab0 696b | 41ca 0100 | 0045 8b40 | 0849 ba00 | 0000 00ca | 0100 004d | 03c2 4c3b 
  0x000001ca599e85ec: 8228 0100 | 0075 0d48 | 8382 3001 | 0000 01e9 | 6000 0000 | 4c3b 8238 | 0100 0075 | 0d48 8382 
  0x000001ca599e860c: 4001 0000 | 01e9 4a00 | 0000 4883 | ba28 0100 | 0000 7517 | 4c89 8228 | 0100 0048 | c782 3001 
  0x000001ca599e862c: 0000 0100 | 0000 e929 | 0000 0048 | 83ba 3801 | 0000 0075 | 174c 8982 | 3801 0000 | 48c7 8240 
  0x000001ca599e864c: 0100 0001 | 0000 00e9 | 0800 0000 | 4883 8220 | 0100 0001 

  0x000001ca599e8660: ;   {oop(a 'java/lang/Class'{0x00000007157c3400} = 'java/awt/event/InputEvent')}
  0x000001ca599e8660: 49b8 0034 | 7c15 0700 | 0000 488b 

  0x000001ca599e866c: ;   {optimized virtual_call}
  0x000001ca599e866c: d066 90e8 

  0x000001ca599e8670: ; ImmutableOopMap {[168]=Oop }
                      ;*invokevirtual ensureInitialized {reexecute=0 rethrow=0 return_oop=0}
                      ; - sun.awt.AWTAccessor::ensureClassInitialized@4 (line 1464)
                      ; - sun.awt.AWTAccessor::getInputEventAccessor@10 (line 963)
                      ; - java.awt.AWTEvent::dispatched@7 (line 571)
                      ; - java.awt.EventQueue::dispatchEventImpl@45 (line 726)
  0x000001ca599e8670: ec63 1f07 

  0x000001ca599e8674: ;   {post_call_nop}
  0x000001ca599e8674: 0f1f 8400 | ec0c 0003 

  0x000001ca599e867c: ;   {metadata(method data for {method} {0x000001ca410f42f8} 'ensureClassInitialized' '(Ljava/lang/Class;)V' in 'sun/awt/AWTAccessor')}
  0x000001ca599e867c: 48ba b069 | 6b41 ca01 | 0000 ff82 | 5001 0000 | e97b 1000 | 004d 85c9 

  0x000001ca599e8694: ;   {metadata(method data for {method} {0x000001ca411864b8} 'dispatchEventImpl' '(Ljava/awt/AWTEvent;Ljava/lang/Object;)V' in 'java/awt/EventQueue')}
  0x000001ca599e8694: 48bb 4053 | 9341 ca01 | 0000 750c | 808b f902 | 0000 01e9 | b000 0000 | 418b 4108 | 49ba 0000 
  0x000001ca599e86b4: 0000 ca01 | 0000 4903 | c248 3b83 | 0803 0000 | 750d 4883 | 8310 0300 | 0001 e960 | 0000 0048 
  0x000001ca599e86d4: 3b83 1803 | 0000 750d | 4883 8320 | 0300 0001 | e94a 0000 | 0048 83bb | 0803 0000 | 0075 1748 
  0x000001ca599e86f4: 8983 0803 | 0000 48c7 | 8310 0300 | 0001 0000 | 00e9 2900 | 0000 4883 | bb18 0300 | 0000 7517 
  0x000001ca599e8714: 4889 8318 | 0300 0048 | c783 2003 | 0000 0100 | 0000 e908 | 0000 0048 | 8383 0003 

  0x000001ca599e8730: ;   {metadata('java/awt/MenuComponent')}
  0x000001ca599e8730: 0000 0148 | b8f0 ca95 | 41ca 0100 | 0041 8b79 | 0849 ba00 | 0000 00ca | 0100 0049 | 03fa 483b 
  0x000001ca599e8750: c70f 8505 | 0000 00e9 | 0500 0000 | 4833 f6eb | 05be 0100 | 0000 85f6 

  0x000001ca599e8768: ;   {metadata(method data for {method} {0x000001ca411864b8} 'dispatchEventImpl' '(Ljava/awt/AWTEvent;Ljava/lang/Object;)V' in 'java/awt/EventQueue')}
  0x000001ca599e8768: 48be 4053 | 9341 ca01 | 0000 bf40 | 0300 0075 | 05bf 3003 | 0000 488b | 1c3e 488d | 5b01 4889 
  0x000001ca599e8788: 1c3e 0f85 | 280b 0000 

  0x000001ca599e8790: ;   {metadata(method data for {method} {0x000001ca411864b8} 'dispatchEventImpl' '(Ljava/awt/AWTEvent;Ljava/lang/Object;)V' in 'java/awt/EventQueue')}
  0x000001ca599e8790: 4d85 c948 | bb40 5393 | 41ca 0100 | 0075 0c80 | 8bc1 0300 | 0001 e9dd | 0000 0041 | 8b41 0849 
  0x000001ca599e87b0: ba00 0000 | 00ca 0100 | 0049 03c2 | 483b 83d0 | 0300 0075 | 0d48 8383 | d803 0000 | 01e9 6000 
  0x000001ca599e87d0: 0000 483b | 83e0 0300 | 0075 0d48 | 8383 e803 | 0000 01e9 | 4a00 0000 | 4883 bbd0 | 0300 0000 
  0x000001ca599e87f0: 7517 4889 | 83d0 0300 | 0048 c783 | d803 0000 | 0100 0000 | e929 0000 | 0048 83bb | e003 0000 
  0x000001ca599e8810: 0075 1748 | 8983 e003 | 0000 48c7 | 83e8 0300 | 0001 0000 | 00e9 0800 | 0000 4883 | 83c8 0300 
  0x000001ca599e8830: 0001 660f | 1f44 0000 

  0x000001ca599e8838: ;   {no_reloc}
  0x000001ca599e8838: e979 1100 | 0000 0000 | 0000 418b | 5908 49ba | 0000 0000 | ca01 0000 | 4903 da48 | 3bd8 0f84 
  0x000001ca599e8858: 3100 0000 | 8b78 1448 | 3b04 3b0f | 8424 0000 | 0083 ff20 | 0f85 1600 | 0000 5350 

  0x000001ca599e8874: ;   {runtime_call C1 Runtime slow_subtype_check_blob}
  0x000001ca599e8874: e8c7 862b | 075b 5885 | c00f 8405 | 0000 00e9 | 0500 0000 | 4833 f6eb | 05be 0100 | 0000 85f6 
  0x000001ca599e8894: ;   {metadata(method data for {method} {0x000001ca411864b8} 'dispatchEventImpl' '(Ljava/awt/AWTEvent;Ljava/lang/Object;)V' in 'java/awt/EventQueue')}
  0x000001ca599e8894: 48be 4053 | 9341 ca01 | 0000 bf08 | 0400 0075 | 05bf f803 | 0000 488b | 1c3e 488d | 5b01 4889 
  0x000001ca599e88b4: 1c3e 0f85 | be08 0000 

  0x000001ca599e88bc: ;   {metadata(method data for {method} {0x000001ca411864b8} 'dispatchEventImpl' '(Ljava/awt/AWTEvent;Ljava/lang/Object;)V' in 'java/awt/EventQueue')}
  0x000001ca599e88bc: 4d85 c948 | bb40 5393 | 41ca 0100 | 0075 0c80 | 8b89 0400 | 0001 e9b0 | 0000 0041 | 8b41 0849 
  0x000001ca599e88dc: ba00 0000 | 00ca 0100 | 0049 03c2 | 483b 8398 | 0400 0075 | 0d48 8383 | a004 0000 | 01e9 6000 
  0x000001ca599e88fc: 0000 483b | 83a8 0400 | 0075 0d48 | 8383 b004 | 0000 01e9 | 4a00 0000 | 4883 bb98 | 0400 0000 
  0x000001ca599e891c: 7517 4889 | 8398 0400 | 0048 c783 | a004 0000 | 0100 0000 | e929 0000 | 0048 83bb | a804 0000 
  0x000001ca599e893c: 0075 1748 | 8983 a804 | 0000 48c7 | 83b0 0400 | 0001 0000 | 00e9 0800 | 0000 4883 | 8390 0400 
  0x000001ca599e895c: ;   {metadata('sun/awt/AWTAutoShutdown')}
  0x000001ca599e895c: 0001 48b8 | b0ae 0601 | ca01 0000 | 418b 7908 | 49ba 0000 | 0000 ca01 | 0000 4903 | fa48 3bc7 
  0x000001ca599e897c: 0f85 0500 | 0000 e905 | 0000 0048 | 33f6 eb05 | be01 0000 

  0x000001ca599e8990: ;   {metadata(method data for {method} {0x000001ca411864b8} 'dispatchEventImpl' '(Ljava/awt/AWTEvent;Ljava/lang/Object;)V' in 'java/awt/EventQueue')}
  0x000001ca599e8990: 0085 f648 | be40 5393 | 41ca 0100 | 00bf c004 | 0000 7405 | bfd0 0400 | 0048 8b1c | 3e48 8d5b 
  0x000001ca599e89b0: 0148 891c | 3e0f 8448 | 0100 0048 

  0x000001ca599e89bc: ;   {metadata(method data for {method} {0x000001ca411864b8} 'dispatchEventImpl' '(Ljava/awt/AWTEvent;Ljava/lang/Object;)V' in 'java/awt/EventQueue')}
  0x000001ca599e89bc: 8bf2 48bf | 4053 9341 | ca01 0000 | 4883 87e0 | 0400 0001 

  0x000001ca599e89d0: ;   {metadata(method data for {method} {0x000001ca41185af0} 'noEvents' '()Z' in 'java/awt/EventQueue')}
  0x000001ca599e89d0: 48be c859 | 8341 ca01 | 0000 8bbe | cc00 0000 | 83c7 0289 | becc 0000 | 0081 e7fe | ff1f 0085 
  0x000001ca599e89f0: ff0f 84c9 | 0f00 00be | 0000 0000 | e994 0000 | 000f 1f80 | 0000 0000 | 8b7a 2048 | c1e7 033b 
  0x000001ca599e8a10: 770c 0f83 | d30f 0000 | 4863 de8b | 7c9f 1048 | c1e7 038b | 7f0c 48c1 | e703 4885 

  0x000001ca599e8a2c: ;   {metadata(method data for {method} {0x000001ca41185af0} 'noEvents' '()Z' in 'java/awt/EventQueue')}
  0x000001ca599e8a2c: ff48 bfc8 | 5983 41ca | 0100 00bb | 4001 0000 | 7505 bb30 | 0100 0048 | 8b04 1f48 | 8d40 0148 
  0x000001ca599e8a4c: 8904 1f0f | 8570 0000 

  0x000001ca599e8a54: ;   {metadata(method data for {method} {0x000001ca41185af0} 'noEvents' '()Z' in 'java/awt/EventQueue')}
  0x000001ca599e8a54: 00ff c648 | bfc8 5983 | 41ca 0100 | 008b 9fd0 | 0000 0083 | c302 899f | d000 0000 | 81e3 fe3f 
  0x000001ca599e8a74: 0000 85db | 0f84 800f | 0000 4d8b 

  0x000001ca599e8a80: ; ImmutableOopMap {rdx=Oop }
                      ;*goto {reexecute=1 rethrow=0 return_oop=0}
                      ; - (reexecute) java.awt.EventQueue::noEvents@24 (line 520)
                      ; - java.awt.EventQueue::dispatchEventImpl@95 (line 732)
                      ;   {poll}
  0x000001ca599e8a80: 5730 4185 

  0x000001ca599e8a84: ;   {metadata(method data for {method} {0x000001ca41185af0} 'noEvents' '()Z' in 'java/awt/EventQueue')}
  0x000001ca599e8a84: 0248 bfc8 | 5983 41ca | 0100 00ff | 8750 0100 | 0083 fe04 

  0x000001ca599e8a98: ;   {metadata(method data for {method} {0x000001ca41185af0} 'noEvents' '()Z' in 'java/awt/EventQueue')}
  0x000001ca599e8a98: 48bf c859 | 8341 ca01 | 0000 bb10 | 0100 007d | 05bb 2001 | 0000 488b | 041f 488d | 4001 4889 
  0x000001ca599e8ab8: 041f 0f8d | 0f00 0000 | e943 ffff | ffbe 0000 | 0000 e905 | 0000 00be | 0100 0000 

  0x000001ca599e8ad4: ;   {metadata(method data for {method} {0x000001ca411864b8} 'dispatchEventImpl' '(Ljava/awt/AWTEvent;Ljava/lang/Object;)V' in 'java/awt/EventQueue')}
  0x000001ca599e8ad4: 85f6 48be | 4053 9341 | ca01 0000 | bf10 0500 | 0074 05bf | 2005 0000 | 488b 1c3e | 488d 5b01 
  0x000001ca599e8af4: 4889 1c3e | 0f84 8f0d | 0000 e9ec 

  0x000001ca599e8b00: ;   {metadata(method data for {method} {0x000001ca411864b8} 'dispatchEventImpl' '(Ljava/awt/AWTEvent;Ljava/lang/Object;)V' in 'java/awt/EventQueue')}
  0x000001ca599e8b00: 0500 0048 | ba40 5393 | 41ca 0100 | 0048 8382 | 7805 0000 

  0x000001ca599e8b14: ;   {metadata(method data for {method} {0x000001ca411848c0} 'getEventLog' '()Lsun/util/logging/PlatformLogger;' in 'java/awt/EventQueue')}
  0x000001ca599e8b14: 0148 ba70 | 6193 41ca | 0100 008b | b2cc 0000 | 0083 c602 | 89b2 cc00 | 0000 81e6 | feff 1f00 
  0x000001ca599e8b34: 85f6 0f84 | e30e 0000 

  0x000001ca599e8b3c: ;   {oop(a 'java/lang/Class'{0x00000007157ea4a8} = 'java/awt/EventQueue')}
  0x000001ca599e8b3c: 48ba a8a4 | 7e15 0700 | 0000 8b52 | 7848 c1e2 | 0348 85d2 

  0x000001ca599e8b50: ;   {metadata(method data for {method} {0x000001ca411848c0} 'getEventLog' '()Lsun/util/logging/PlatformLogger;' in 'java/awt/EventQueue')}
  0x000001ca599e8b50: 48ba 7061 | 9341 ca01 | 0000 be10 | 0100 0075 | 05be 2001 | 0000 488b | 3c32 488d | 7f01 4889 
  0x000001ca599e8b70: 3c32 0f85 | 6800 0000 

  0x000001ca599e8b78: ;   {metadata(method data for {method} {0x000001ca411848c0} 'getEventLog' '()Lsun/util/logging/PlatformLogger;' in 'java/awt/EventQueue')}
  0x000001ca599e8b78: 48ba 7061 | 9341 ca01 | 0000 4883 | 8230 0100 

  0x000001ca599e8b88: ;   {oop("java.awt.event.EventQueue"{0x00000007156000a8})}
  0x000001ca599e8b88: 0001 48ba | a800 6015 | 0700 0000 

  0x000001ca599e8b94: ;   {static_call}
  0x000001ca599e8b94: 6666 90e8 

  0x000001ca599e8b98: ; ImmutableOopMap {[168]=Oop }
                      ;*invokestatic getLogger {reexecute=0 rethrow=0 return_oop=0}
                      ; - java.awt.EventQueue::getEventLog@8 (line 181)
                      ; - java.awt.EventQueue::dispatchEventImpl@111 (line 736)
  0x000001ca599e8b98: c464 1f07 

  0x000001ca599e8b9c: ;   {post_call_nop}
  0x000001ca599e8b9c: 0f1f 8400 | 1412 0005 

  0x000001ca599e8ba4: ;   {oop(a 'java/lang/Class'{0x00000007157ea4a8} = 'java/awt/EventQueue')}
  0x000001ca599e8ba4: 49b8 a8a4 | 7e15 0700 | 0000 410f | be57 4885 | d20f 8585 | 0e00 004c | 8bd0 49c1 | ea03 4589 
  0x000001ca599e8bc4: 5078 f083 | 4424 c000 | 498b d048 | 33d0 48c1 | ea15 4883 | fa00 0f85 | 800e 0000 

  0x000001ca599e8be0: ;   {oop(a 'java/lang/Class'{0x00000007157ea4a8} = 'java/awt/EventQueue')}
  0x000001ca599e8be0: 49b8 a8a4 | 7e15 0700 | 0000 458b | 4078 49c1 | e003 493b | 0049 8bd0 

  0x000001ca599e8bf8: ;   {metadata(method data for {method} {0x000001ca411864b8} 'dispatchEventImpl' '(Ljava/awt/AWTEvent;Ljava/lang/Object;)V' in 'java/awt/EventQueue')}
  0x000001ca599e8bf8: 48be 4053 | 9341 ca01 

  0x000001ca599e8c00: ;   {metadata('sun/util/logging/PlatformLogger')}
  0x000001ca599e8c00: 0000 49ba | c8de 0401 | ca01 0000 | 4c89 9690 | 0500 0048 | 8386 9805 

  0x000001ca599e8c18: ;   {metadata(method data for {method} {0x000001ca410d9190} 'isLoggable' '(Lsun/util/logging/PlatformLogger$Level;)Z' in 'sun/util/logging/PlatformLogger')}
  0x000001ca599e8c18: 0000 0148 | baa0 f13d | 41ca 0100 | 008b b2cc | 0000 0083 | c602 89b2 | cc00 0000 | 81e6 feff 
  0x000001ca599e8c38: 1f00 85f6 | 0f84 3b0e 

  0x000001ca599e8c40: ;   {metadata(method data for {method} {0x000001ca410d9190} 'isLoggable' '(Lsun/util/logging/PlatformLogger$Level;)Z' in 'sun/util/logging/PlatformLogger')}
  0x000001ca599e8c40: 0000 48ba | a0f1 3d41 | ca01 0000 | ff82 1001 | 0000 418b | 500c 48c1 | e203 483b | 024c 8bc2 
  0x000001ca599e8c60: ;   {metadata(method data for {method} {0x000001ca410d9190} 'isLoggable' '(Lsun/util/logging/PlatformLogger$Level;)Z' in 'sun/util/logging/PlatformLogger')}
  0x000001ca599e8c60: 48be a0f1 | 3d41 ca01 | 0000 458b | 4008 49ba | 0000 0000 | ca01 0000 | 4d03 c24c | 3b86 4801 
  0x000001ca599e8c80: 0000 750d | 4883 8650 | 0100 0001 | e960 0000 | 004c 3b86 | 5801 0000 | 750d 4883 | 8660 0100 
  0x000001ca599e8ca0: 0001 e94a | 0000 0048 | 83be 4801 | 0000 0075 | 174c 8986 | 4801 0000 | 48c7 8650 | 0100 0001 
  0x000001ca599e8cc0: 0000 00e9 | 2900 0000 | 4883 be58 | 0100 0000 | 7517 4c89 | 8658 0100 | 0048 c786 | 6001 0000 
  0x000001ca599e8ce0: 0100 0000 | e908 0000 | 0048 8386 | 4001 0000 

  0x000001ca599e8cf0: ;   {oop(a 'sun/util/logging/PlatformLogger$Level'{0x000000071577b648})}
  0x000001ca599e8cf0: 0149 b848 | b677 1507 | 0000 0066 | 9048 b808 | 4ba5 45ca 

  0x000001ca599e8d04: ;   {virtual_call}
  0x000001ca599e8d04: 0100 00e8 

  0x000001ca599e8d08: ; ImmutableOopMap {[168]=Oop }
                      ;*invokeinterface isLoggable {reexecute=0 rethrow=0 return_oop=0}
                      ; - sun.util.logging.PlatformLogger::isLoggable@17 (line 340)
                      ; - java.awt.EventQueue::dispatchEventImpl@117 (line 736)
  0x000001ca599e8d08: 5460 1f07 

  0x000001ca599e8d0c: ;   {post_call_nop}
  0x000001ca599e8d0c: 0f1f 8400 | 8413 0006 | 83e0 0185 

  0x000001ca599e8d18: ;   {metadata(method data for {method} {0x000001ca411864b8} 'dispatchEventImpl' '(Ljava/awt/AWTEvent;Ljava/lang/Object;)V' in 'java/awt/EventQueue')}
  0x000001ca599e8d18: c048 ba40 | 5393 41ca | 0100 00be | b805 0000 | 7405 bec8 | 0500 0048 | 8b3c 3248 | 8d7f 0148 
  0x000001ca599e8d38: 893c 320f | 844c 0b00 

  0x000001ca599e8d40: ;   {metadata(method data for {method} {0x000001ca411864b8} 'dispatchEventImpl' '(Ljava/awt/AWTEvent;Ljava/lang/Object;)V' in 'java/awt/EventQueue')}
  0x000001ca599e8d40: 0048 ba40 | 5393 41ca | 0100 0048 | 8382 d805 

  0x000001ca599e8d50: ;   {metadata(method data for {method} {0x000001ca411848c0} 'getEventLog' '()Lsun/util/logging/PlatformLogger;' in 'java/awt/EventQueue')}
  0x000001ca599e8d50: 0000 0148 | ba70 6193 | 41ca 0100 | 008b b2cc | 0000 0083 | c602 89b2 | cc00 0000 | 81e6 feff 
  0x000001ca599e8d70: 1f00 85f6 | 0f84 290d 

  0x000001ca599e8d78: ;   {oop(a 'java/lang/Class'{0x00000007157ea4a8} = 'java/awt/EventQueue')}
  0x000001ca599e8d78: 0000 48ba | a8a4 7e15 | 0700 0000 | 8b52 7848 | c1e2 0348 

  0x000001ca599e8d8c: ;   {metadata(method data for {method} {0x000001ca411848c0} 'getEventLog' '()Lsun/util/logging/PlatformLogger;' in 'java/awt/EventQueue')}
  0x000001ca599e8d8c: 85d2 48ba | 7061 9341 | ca01 0000 | be10 0100 | 0075 05be | 2001 0000 | 488b 3c32 | 488d 7f01 
  0x000001ca599e8dac: 4889 3c32 | 0f85 6a00 

  0x000001ca599e8db4: ;   {metadata(method data for {method} {0x000001ca411848c0} 'getEventLog' '()Lsun/util/logging/PlatformLogger;' in 'java/awt/EventQueue')}
  0x000001ca599e8db4: 0000 48ba | 7061 9341 | ca01 0000 | 4883 8230 | 0100 0001 

  0x000001ca599e8dc8: ;   {oop("java.awt.event.EventQueue"{0x00000007156000a8})}
  0x000001ca599e8dc8: 48ba a800 | 6015 0700 | 0000 0f1f 

  0x000001ca599e8dd4: ;   {static_call}
  0x000001ca599e8dd4: 4400 00e8 

  0x000001ca599e8dd8: ; ImmutableOopMap {[168]=Oop }
                      ;*invokestatic getLogger {reexecute=0 rethrow=0 return_oop=0}
                      ; - java.awt.EventQueue::getEventLog@8 (line 181)
                      ; - java.awt.EventQueue::dispatchEventImpl@123 (line 737)
  0x000001ca599e8dd8: 8462 1f07 

  0x000001ca599e8ddc: ;   {post_call_nop}
  0x000001ca599e8ddc: 0f1f 8400 | 5414 0007 

  0x000001ca599e8de4: ;   {oop(a 'java/lang/Class'{0x00000007157ea4a8} = 'java/awt/EventQueue')}
  0x000001ca599e8de4: 48ba a8a4 | 7e15 0700 | 0000 410f | be77 4885 | f60f 85c9 | 0c00 004c | 8bd0 49c1 | ea03 4489 
  0x000001ca599e8e04: 5278 f083 | 4424 c000 | 488b f248 | 33f0 48c1 | ee15 4883 | fe00 0f85 | c30c 0000 

  0x000001ca599e8e20: ;   {oop(a 'java/lang/Class'{0x00000007157ea4a8} = 'java/awt/EventQueue')}
  0x000001ca599e8e20: 48ba a8a4 | 7e15 0700 | 0000 8b72 | 7848 c1e6 | 0348 89b4 | 24b8 0000 | 004c 8b84 | 24a8 0000 
  0x000001ca599e8e40: ;   {metadata(method data for {method} {0x000001ca411864b8} 'dispatchEventImpl' '(Ljava/awt/AWTEvent;Ljava/lang/Object;)V' in 'java/awt/EventQueue')}
  0x000001ca599e8e40: 0048 ba40 | 5393 41ca | 0100 0048 | 8382 e805 

  0x000001ca599e8e50: ;   {metadata(method data for {method} {0x000001ca0047e890} 'valueOf' '(Ljava/lang/Object;)Ljava/lang/String;' in 'java/lang/String')}
  0x000001ca599e8e50: 0000 0148 | baf0 3320 | 41ca 0100 | 008b bacc | 0000 0083 | c702 89ba | cc00 0000 | 81e7 feff 
  0x000001ca599e8e70: 1f00 85ff | 0f84 810c | 0000 4d85 

  0x000001ca599e8e7c: ;   {metadata(method data for {method} {0x000001ca0047e890} 'valueOf' '(Ljava/lang/Object;)Ljava/lang/String;' in 'java/lang/String')}
  0x000001ca599e8e7c: c048 baf0 | 3320 41ca | 0100 00bf | 1001 0000 | 7505 bf20 | 0100 0048 | 8b1c 3a48 | 8d5b 0148 
  0x000001ca599e8e9c: 891c 3a0f | 851f 0000 

  0x000001ca599e8ea4: ;   {metadata(method data for {method} {0x000001ca0047e890} 'valueOf' '(Ljava/lang/Object;)Ljava/lang/String;' in 'java/lang/String')}
  0x000001ca599e8ea4: 0048 baf0 | 3320 41ca | 0100 00ff | 8230 0100 

  0x000001ca599e8eb4: ;   {oop("null"{0x00000007ffe1c918})}
  0x000001ca599e8eb4: 0048 bf18 | c9e1 ff07 | 0000 00e9 | ab00 0000 

  0x000001ca599e8ec4: ;   {metadata(method data for {method} {0x000001ca0047e890} 'valueOf' '(Ljava/lang/Object;)Ljava/lang/String;' in 'java/lang/String')}
  0x000001ca599e8ec4: 498b d048 | bff0 3320 | 41ca 0100 | 008b 5208 | 49ba 0000 | 0000 ca01 | 0000 4903 | d248 3b97 
  0x000001ca599e8ee4: 5001 0000 | 750d 4883 | 8758 0100 | 0001 e960 | 0000 0048 | 3b97 6001 | 0000 750d | 4883 8768 
  0x000001ca599e8f04: 0100 0001 | e94a 0000 | 0048 83bf | 5001 0000 | 0075 1748 | 8997 5001 | 0000 48c7 | 8758 0100 
  0x000001ca599e8f24: 0001 0000 | 00e9 2900 | 0000 4883 | bf60 0100 | 0000 7517 | 4889 9760 | 0100 0048 | c787 6801 
  0x000001ca599e8f44: 0000 0100 | 0000 e908 | 0000 0048 | 8387 4801 | 0000 0149 | 8bd0 0f1f 

  0x000001ca599e8f5c: ;   {optimized virtual_call}
  0x000001ca599e8f5c: 4400 00e8 

  0x000001ca599e8f60: ; ImmutableOopMap {[184]=Oop }
                      ;*invokevirtual toString {reexecute=0 rethrow=0 return_oop=0}
                      ; - java.lang.String::valueOf@11 (line 4543)
                      ; - java.awt.EventQueue::dispatchEventImpl@127 (line 737)
  0x000001ca599e8f60: fc5a 1f07 

  0x000001ca599e8f64: ;   {post_call_nop}
  0x000001ca599e8f64: 0f1f 8400 | dc15 0008 | 488b f890 

  0x000001ca599e8f70: ;   {no_reloc}
  0x000001ca599e8f70: e9b6 0b00 | 0090 9090 | 9090 488b 

  0x000001ca599e8f7c: ;   {static_call}
  0x000001ca599e8f7c: d766 90e8 

  0x000001ca599e8f80: ; ImmutableOopMap {[184]=Oop }
                      ;*invokedynamic {reexecute=0 rethrow=0 return_oop=0}
                      ; - java.awt.EventQueue::dispatchEventImpl@130 (line 737)
  0x000001ca599e8f80: dc60 1f07 

  0x000001ca599e8f84: ;   {post_call_nop}
  0x000001ca599e8f84: 0f1f 8400 | fc15 0009 

  0x000001ca599e8f8c: ;   {metadata(method data for {method} {0x000001ca411864b8} 'dispatchEventImpl' '(Ljava/awt/AWTEvent;Ljava/lang/Object;)V' in 'java/awt/EventQueue')}
  0x000001ca599e8f8c: 49b8 4053 | 9341 ca01 | 0000 4d8d | 8018 0600 | 0048 85c0 | 750b 41f6 | 0001 7505 | f049 8308 
  0x000001ca599e8fac: 0148 8bb4 | 24b8 0000 | 0048 3b06 

  0x000001ca599e8fb8: ;   {metadata(method data for {method} {0x000001ca411864b8} 'dispatchEventImpl' '(Ljava/awt/AWTEvent;Ljava/lang/Object;)V' in 'java/awt/EventQueue')}
  0x000001ca599e8fb8: 4c8b c649 | b940 5393 | 41ca 0100 

  0x000001ca599e8fc4: ;   {metadata('sun/util/logging/PlatformLogger')}
  0x000001ca599e8fc4: 0049 bac8 | de04 01ca | 0100 004d | 8991 3006 | 0000 4983 | 8138 0600 

  0x000001ca599e8fdc: ;   {metadata(method data for {method} {0x000001ca410d9de8} 'fine' '(Ljava/lang/String;)V' in 'sun/util/logging/PlatformLogger')}
  0x000001ca599e8fdc: 0001 49b8 | b869 9341 | ca01 0000 | 458b 88cc | 0000 0041 | 83c1 0245 | 8988 cc00 | 0000 4181 
  0x000001ca599e8ffc: e1fe ff1f | 0045 85c9 | 0f84 300b | 0000 8b56 | 0c48 c1e2 | 0348 3b02 

  0x000001ca599e9014: ;   {metadata(method data for {method} {0x000001ca410d9de8} 'fine' '(Ljava/lang/String;)V' in 'sun/util/logging/PlatformLogger')}
  0x000001ca599e9014: 4c8b c249 | b9b8 6993 | 41ca 0100 | 0045 8b40 | 0849 ba00 | 0000 00ca | 0100 004d | 03c2 4d3b 
  0x000001ca599e9034: 8148 0100 | 0075 0d49 | 8381 5001 | 0000 01e9 | 6000 0000 | 4d3b 8158 | 0100 0075 | 0d49 8381 
  0x000001ca599e9054: 6001 0000 | 01e9 4a00 | 0000 4983 | b948 0100 | 0000 7517 | 4d89 8148 | 0100 0049 | c781 5001 
  0x000001ca599e9074: 0000 0100 | 0000 e929 | 0000 0049 | 83b9 5801 | 0000 0075 | 174d 8981 | 5801 0000 | 49c7 8160 
  0x000001ca599e9094: 0100 0001 | 0000 00e9 | 0800 0000 | 4983 8140 | 0100 0001 

  0x000001ca599e90a8: ;   {oop(a 'sun/util/logging/PlatformLogger$Level'{0x000000071577b648})}
  0x000001ca599e90a8: 49b8 48b6 | 7715 0700 | 0000 4c8b 

  0x000001ca599e90b4: ;   {oop(nullptr)}
  0x000001ca599e90b4: c848 bf00 | 0000 0000 | 0000 0066 | 0f1f 4400 | 0048 b830 | 4ba5 45ca 

  0x000001ca599e90cc: ;   {virtual_call}
  0x000001ca599e90cc: 0100 00e8 

  0x000001ca599e90d0: ; ImmutableOopMap {}
                      ;*invokeinterface log {reexecute=0 rethrow=0 return_oop=0}
                      ; - sun.util.logging.PlatformLogger::fine@12 (line 449)
                      ; - java.awt.EventQueue::dispatchEventImpl@135 (line 737)
  0x000001ca599e90d0: 8c5c 1f07 

  0x000001ca599e90d4: ;   {post_call_nop}
  0x000001ca599e90d4: 0f1f 8400 | 4c17 000a | 4881 c4d0 | 0000 005d 

  0x000001ca599e90e4: ;   {poll_return}
  0x000001ca599e90e4: 493b 6728 | 0f87 720a | 0000 c344 | 8b42 3449 | c1e0 0349 | 3b00 498b 

  0x000001ca599e90fc: ;   {metadata(method data for {method} {0x000001ca411864b8} 'dispatchEventImpl' '(Ljava/awt/AWTEvent;Ljava/lang/Object;)V' in 'java/awt/EventQueue')}
  0x000001ca599e90fc: d048 be40 | 5393 41ca 

  0x000001ca599e9104: ;   {metadata('java/awt/EventDispatchThread')}
  0x000001ca599e9104: 0100 0049 | bad8 690e | 01ca 0100 | 004c 8996 | 3805 0000 | 4883 8640 | 0500 0001 

  0x000001ca599e9120: ;   {metadata(method data for {method} {0x000001ca416a0b88} 'stopDispatching' '()V' in 'java/awt/EventDispatchThread')}
  0x000001ca599e9120: 48ba 3860 | 9341 ca01 | 0000 8bb2 | cc00 0000 | 83c6 0289 | b2cc 0000 | 0081 e6fe | ff1f 0085 
  0x000001ca599e9140: f60f 8434 | 0a00 00ba | 0000 0000 | 4188 5070 | f083 4424 

  0x000001ca599e9154: ;   {metadata(method data for {method} {0x000001ca411864b8} 'dispatchEventImpl' '(Ljava/awt/AWTEvent;Ljava/lang/Object;)V' in 'java/awt/EventQueue')}
  0x000001ca599e9154: c000 49b8 | 4053 9341 | ca01 0000 | 41ff 8060 | 0500 0048 | 81c4 d000 

  0x000001ca599e916c: ;   {poll_return}
  0x000001ca599e916c: 0000 5d49 | 3b67 280f | 8723 0a00 | 00c3 4c8b | 8424 a800 | 0000 4d85 

  0x000001ca599e9184: ;   {metadata(method data for {method} {0x000001ca411864b8} 'dispatchEventImpl' '(Ljava/awt/AWTEvent;Ljava/lang/Object;)V' in 'java/awt/EventQueue')}
  0x000001ca599e9184: c948 bf40 | 5393 41ca | 0100 0075 | 0c80 8f11 | 0400 0001 | e9db 0000 | 0041 8b59 | 0849 ba00 
  0x000001ca599e91a4: 0000 00ca | 0100 0049 | 03da 483b | 9f20 0400 | 0075 0d48 | 8387 2804 | 0000 01e9 | 6000 0000 
  0x000001ca599e91c4: 483b 9f30 | 0400 0075 | 0d48 8387 | 3804 0000 | 01e9 4a00 | 0000 4883 | bf20 0400 | 0000 7517 
  0x000001ca599e91e4: 4889 9f20 | 0400 0048 | c787 2804 | 0000 0100 | 0000 e929 | 0000 0048 | 83bf 3004 | 0000 0075 
  0x000001ca599e9204: 1748 899f | 3004 0000 | 48c7 8738 | 0400 0001 | 0000 00e9 | 0800 0000 | 4883 8718 | 0400 0001 
  0x000001ca599e9224: 0f1f 4000 

  0x000001ca599e9228: ;   {no_reloc}
  0x000001ca599e9228: e994 0900 | 0000 0000 | 0000 418b | 7908 49ba | 0000 0000 | ca01 0000 | 4903 fa48 | 3bfb 0f84 
  0x000001ca599e9248: 2c00 0000 | 8b73 1448 | 3b1c 370f | 841f 0000 | 0083 fe20 | 0f85 6909 | 0000 5753 

  0x000001ca599e9264: ;   {runtime_call C1 Runtime slow_subtype_check_blob}
  0x000001ca599e9264: e8d7 7c2b | 075f 5b85 | db0f 8458 | 0900 00e9 | 0000 0000 | 498b d166 | 9048 b858 | 4ba5 45ca 
  0x000001ca599e9284: ;   {virtual_call}
  0x000001ca599e9284: 0100 00e8 

  0x000001ca599e9288: ; ImmutableOopMap {}
                      ;*invokevirtual dispatchEvent {reexecute=0 rethrow=0 return_oop=0}
                      ; - java.awt.EventQueue::dispatchEventImpl@81 (line 730)
  0x000001ca599e9288: d45a 1f07 

  0x000001ca599e928c: ;   {post_call_nop}
  0x000001ca599e928c: 0f1f 8400 | 0419 000b 

  0x000001ca599e9294: ;   {metadata(method data for {method} {0x000001ca411864b8} 'dispatchEventImpl' '(Ljava/awt/AWTEvent;Ljava/lang/Object;)V' in 'java/awt/EventQueue')}
  0x000001ca599e9294: 49b8 4053 | 9341 ca01 | 0000 41ff | 8078 0400 | 0048 81c4 | d000 0000 

  0x000001ca599e92ac: ;   {poll_return}
  0x000001ca599e92ac: 5d49 3b67 | 280f 871d | 0900 00c3 | 4c8b 8424 | a800 0000 

  0x000001ca599e92c0: ;   {metadata(method data for {method} {0x000001ca411864b8} 'dispatchEventImpl' '(Ljava/awt/AWTEvent;Ljava/lang/Object;)V' in 'java/awt/EventQueue')}
  0x000001ca599e92c0: 4d85 c948 | bf40 5393 | 41ca 0100 | 0075 0c80 | 8f49 0300 | 0001 e9b0 | 0000 0041 | 8b59 0849 
  0x000001ca599e92e0: ba00 0000 | 00ca 0100 | 0049 03da | 483b 9f58 | 0300 0075 | 0d48 8387 | 6003 0000 | 01e9 6000 
  0x000001ca599e9300: 0000 483b | 9f68 0300 | 0075 0d48 | 8387 7003 | 0000 01e9 | 4a00 0000 | 4883 bf58 | 0300 0000 
  0x000001ca599e9320: 7517 4889 | 9f58 0300 | 0048 c787 | 6003 0000 | 0100 0000 | e929 0000 | 0048 83bf | 6803 0000 
  0x000001ca599e9340: 0075 1748 | 899f 6803 | 0000 48c7 | 8770 0300 | 0001 0000 | 00e9 0800 | 0000 4883 | 8750 0300 
  0x000001ca599e9360: ;   {metadata('java/awt/MenuComponent')}
  0x000001ca599e9360: 0001 48bb | f0ca 9541 | ca01 0000 | 418b 7108 | 49ba 0000 | 0000 ca01 | 0000 4903 | f248 3bde 
  0x000001ca599e9380: 0f85 6408 | 0000 e900 | 0000 0049 | 8bd1 483b | 0248 8bf2 

  0x000001ca599e9394: ;   {metadata(method data for {method} {0x000001ca411864b8} 'dispatchEventImpl' '(Ljava/awt/AWTEvent;Ljava/lang/Object;)V' in 'java/awt/EventQueue')}
  0x000001ca599e9394: 48bf 4053 | 9341 ca01 | 0000 8b76 | 0849 ba00 | 0000 00ca | 0100 0049 | 03f2 483b | b788 0300 
  0x000001ca599e93b4: 0075 0d48 | 8387 9003 | 0000 01e9 | 6000 0000 | 483b b798 | 0300 0075 | 0d48 8387 | a003 0000 
  0x000001ca599e93d4: 01e9 4a00 | 0000 4883 | bf88 0300 | 0000 7517 | 4889 b788 | 0300 0048 | c787 9003 | 0000 0100 
  0x000001ca599e93f4: 0000 e929 | 0000 0048 | 83bf 9803 | 0000 0075 | 1748 89b7 | 9803 0000 | 48c7 87a0 | 0300 0001 
  0x000001ca599e9414: 0000 00e9 | 0800 0000 | 4883 8780 | 0300 0001 

  0x000001ca599e9424: ;   {optimized virtual_call}
  0x000001ca599e9424: 6666 90e8 

  0x000001ca599e9428: ; ImmutableOopMap {}
                      ;*invokevirtual dispatchEvent {reexecute=0 rethrow=0 return_oop=0}
                      ; - java.awt.EventQueue::dispatchEventImpl@63 (line 728)
  0x000001ca599e9428: 3456 1f07 

  0x000001ca599e942c: ;   {post_call_nop}
  0x000001ca599e942c: 0f1f 8400 | a41a 000c 

  0x000001ca599e9434: ;   {metadata(method data for {method} {0x000001ca411864b8} 'dispatchEventImpl' '(Ljava/awt/AWTEvent;Ljava/lang/Object;)V' in 'java/awt/EventQueue')}
  0x000001ca599e9434: 49b8 4053 | 9341 ca01 | 0000 41ff | 80b0 0300 | 0048 81c4 | d000 0000 

  0x000001ca599e944c: ;   {poll_return}
  0x000001ca599e944c: 5d49 3b67 | 280f 87a1 | 0700 00c3 

  0x000001ca599e9458: ;   {metadata(method data for {method} {0x000001ca411864b8} 'dispatchEventImpl' '(Ljava/awt/AWTEvent;Ljava/lang/Object;)V' in 'java/awt/EventQueue')}
  0x000001ca599e9458: 488b f248 | bf40 5393 | 41ca 0100 | 0048 8387 | 6001 0000 | 0149 8bf0 | 4c8b c60f 

  0x000001ca599e9474: ;   {optimized virtual_call}
  0x000001ca599e9474: 1f40 00e8 

  0x000001ca599e9478: ; ImmutableOopMap {[168]=Oop }
                      ;*invokevirtual setCurrentEventAndMostRecentTimeImpl {reexecute=0 rethrow=0 return_oop=0}
                      ; - java.awt.EventQueue::dispatchEventImpl@14 (line 722)
  0x000001ca599e9478: 44c9 ffff 

  0x000001ca599e947c: ;   {post_call_nop}
  0x000001ca599e947c: 0f1f 8400 | f41a 000d | 4c8b 8424 | a800 0000 

  0x000001ca599e948c: ;   {metadata(method data for {method} {0x000001ca411864b8} 'dispatchEventImpl' '(Ljava/awt/AWTEvent;Ljava/lang/Object;)V' in 'java/awt/EventQueue')}
  0x000001ca599e948c: 4d85 c048 | bf40 5393 | 41ca 0100 | 0075 0c80 | 8f89 0100 | 0001 e9cb | 0000 0041 | 8b58 0849 
  0x000001ca599e94ac: ba00 0000 | 00ca 0100 | 0049 03da | 483b 9f98 | 0100 0075 | 0d48 8387 | a001 0000 | 01e9 6000 
  0x000001ca599e94cc: 0000 483b | 9fa8 0100 | 0075 0d48 | 8387 b001 | 0000 01e9 | 4a00 0000 | 4883 bf98 | 0100 0000 
  0x000001ca599e94ec: 7517 4889 | 9f98 0100 | 0048 c787 | a001 0000 | 0100 0000 | e929 0000 | 0048 83bf | a801 0000 
  0x000001ca599e950c: 0075 1748 | 899f a801 | 0000 48c7 | 87b0 0100 | 0001 0000 | 00e9 0800 | 0000 4883 | 8790 0100 
  0x000001ca599e952c: ;   {metadata('java/awt/ActiveEvent')}
  0x000001ca599e952c: 0001 48bb | 68b2 6941 | ca01 0000 | 418b 7808 | 49ba 0000 | 0000 ca01 | 0000 4903 | fa48 3b5f 
  0x000001ca599e954c: 200f 841f | 0000 0048 | 3bfb 0f84 | 1600 0000 

  0x000001ca599e955c: ;   {runtime_call C1 Runtime slow_subtype_check_blob}
  0x000001ca599e955c: 5753 e8dd | 792b 075f | 5f85 ff0f | 84a1 0600 | 00e9 0000 | 0000 498b | d048 3b02 

  0x000001ca599e9578: ;   {metadata(method data for {method} {0x000001ca411864b8} 'dispatchEventImpl' '(Ljava/awt/AWTEvent;Ljava/lang/Object;)V' in 'java/awt/EventQueue')}
  0x000001ca599e9578: 488b f248 | bf40 5393 | 41ca 0100 | 008b 7608 | 49ba 0000 | 0000 ca01 | 0000 4903 | f248 3bb7 
  0x000001ca599e9598: c801 0000 | 750d 4883 | 87d0 0100 | 0001 e960 | 0000 0048 | 3bb7 d801 | 0000 750d | 4883 87e0 
  0x000001ca599e95b8: 0100 0001 | e94a 0000 | 0048 83bf | c801 0000 | 0075 1748 | 89b7 c801 | 0000 48c7 | 87d0 0100 
  0x000001ca599e95d8: 0001 0000 | 00e9 2900 | 0000 4883 | bfd8 0100 | 0000 7517 | 4889 b7d8 | 0100 0048 | c787 e001 
  0x000001ca599e95f8: 0000 0100 | 0000 e908 | 0000 0048 | 8387 c001 | 0000 0166 | 9048 b880 | 4ba5 45ca 

  0x000001ca599e9614: ;   {virtual_call}
  0x000001ca599e9614: 0100 00e8 

  0x000001ca599e9618: ; ImmutableOopMap {}
                      ;*invokeinterface dispatch {reexecute=0 rethrow=0 return_oop=0}
                      ; - java.awt.EventQueue::dispatchEventImpl@21 (line 723)
  0x000001ca599e9618: 8402 2c07 

  0x000001ca599e961c: ;   {post_call_nop}
  0x000001ca599e961c: 0f1f 8400 | 941c 000e 

  0x000001ca599e9624: ;   {metadata(method data for {method} {0x000001ca411864b8} 'dispatchEventImpl' '(Ljava/awt/AWTEvent;Ljava/lang/Object;)V' in 'java/awt/EventQueue')}
  0x000001ca599e9624: 48ba 4053 | 9341 ca01 | 0000 ff82 | f001 0000 | 4881 c4d0 | 0000 005d 

  0x000001ca599e963c: ;   {poll_return}
  0x000001ca599e963c: 493b 6728 | 0f87 d605 | 0000 c390 

  0x000001ca599e9648: ;   {no_reloc}
  0x000001ca599e9648: e9f4 0500 | 0000 0000 | 0000 80ba | 4001 0000 | 040f 85f1 | 0500 0049 | 8b87 c801 | 0000 488d 
  0x000001ca599e9668: 7828 493b | bfd8 0100 | 000f 87d9 | 0500 0049 | 89bf c801 | 0000 48c7 | 0001 0000 | 0048 8bca 
  0x000001ca599e9688: 49ba 0000 | 0000 ca01 | 0000 492b | ca89 4808 | 4833 c989 | 480c 4833 | c948 8948 | 1048 8948 
  0x000001ca599e96a8: 1848 8948 | 2048 8bd0 

  0x000001ca599e96b0: ;   {metadata(method data for {method} {0x000001ca0044ab28} 'lookup' '()Ljava/lang/invoke/MethodHandles$Lookup;' in 'java/lang/invoke/MethodHandles')}
  0x000001ca599e96b0: 48be b06b | 6b41 ca01 | 0000 4883 | 8640 0100 

  0x000001ca599e96c0: ;   {oop("no caller frame"{0x00000007ffe27160})}
  0x000001ca599e96c0: 0001 49b8 | 6071 e2ff | 0700 0000 | 488b d048 | 8984 24c0 

  0x000001ca599e96d4: ;   {optimized virtual_call}
  0x000001ca599e96d4: 0000 00e8 

  0x000001ca599e96d8: ; ImmutableOopMap {[168]=Oop [192]=Oop }
                      ;*invokespecial <init> {reexecute=0 rethrow=0 return_oop=0}
                      ; - java.lang.invoke.MethodHandles::lookup@14 (line 128)
                      ; - sun.awt.AWTAccessor::ensureClassInitialized@0 (line 1464)
                      ; - sun.awt.AWTAccessor::getInputEventAccessor@10 (line 963)
                      ; - java.awt.AWTEvent::dispatched@7 (line 571)
                      ; - java.awt.EventQueue::dispatchEventImpl@45 (line 726)
  0x000001ca599e96d8: 8453 1f07 

  0x000001ca599e96dc: ;   {post_call_nop}
  0x000001ca599e96dc: 0f1f 8400 | 541d 000f | 488b 8424 | c000 0000 | e9d8 0500 | 0049 8b87 | 0805 0000 | 4d33 d24d 
  0x000001ca599e96fc: 8997 0805 | 0000 4d33 | d24d 8997 | 1005 0000 

  0x000001ca599e970c: ;   {oop(a 'java/lang/Class'{0x0000000715782f30} = 'sun/awt/AWTAccessor')}
  0x000001ca599e970c: 48be 302f | 7815 0700 | 0000 8bb6 | 8400 0000 | 48c1 e603 | 4c8b 8424 | a800 0000 

  0x000001ca599e9728: ;   {metadata(method data for {method} {0x000001ca410d7980} 'dispatched' '()V' in 'java/awt/AWTEvent')}
  0x000001ca599e9728: 4d85 c048 | b870 5b93 | 41ca 0100 | 0075 0c80 | 8869 0100 | 0001 e9b1 | 0000 0041 | 8b50 0849 
  0x000001ca599e9748: ba00 0000 | 00ca 0100 | 0049 03d2 | 483b 9078 | 0100 0075 | 0d48 8380 | 8001 0000 | 01e9 6000 
  0x000001ca599e9768: 0000 483b | 9088 0100 | 0075 0d48 | 8380 9001 | 0000 01e9 | 4a00 0000 | 4883 b878 | 0100 0000 
  0x000001ca599e9788: 7517 4889 | 9078 0100 | 0048 c780 | 8001 0000 | 0100 0000 | e929 0000 | 0048 83b8 | 8801 0000 
  0x000001ca599e97a8: 0075 1748 | 8990 8801 | 0000 48c7 | 8090 0100 | 0001 0000 | 00e9 0800 | 0000 4883 | 8070 0100 
  0x000001ca599e97c8: ;   {metadata('java/awt/event/InputEvent')}
  0x000001ca599e97c8: 0001 48ba | 48b2 1041 | ca01 0000 | 418b 4008 | 49ba 0000 | 0000 ca01 | 0000 4903 | c248 3b50 
  0x000001ca599e97e8: 500f 856e | 0400 00e9 | 0000 0000 | 498b f848 | 85f6 0f84 | 2900 0000 

  0x000001ca599e9800: ;   {metadata('java/awt/event/InputEvent$1')}
  0x000001ca599e9800: 48b9 b023 | 0501 ca01 | 0000 8b56 | 0849 ba00 | 0000 00ca | 0100 0049 | 03d2 483b | 4a38 0f85 
  0x000001ca599e9820: 4204 0000 | e900 0000 | 0048 8bde 

  0x000001ca599e982c: ; implicit exception: dispatches to 0x000001ca599e9c6b
                      ;   {metadata(method data for {method} {0x000001ca410d7980} 'dispatched' '()V' in 'java/awt/AWTEvent')}
  0x000001ca599e982c: 483b 0648 | bb70 5b93 | 41ca 0100 

  0x000001ca599e9838: ;   {metadata('java/awt/event/InputEvent$1')}
  0x000001ca599e9838: 0049 bab0 | 2305 01ca | 0100 004c | 8993 a801 | 0000 4883 | 83b0 0100 

  0x000001ca599e9850: ;   {metadata(method data for {method} {0x000001ca4110dcc0} 'setCanAccessSystemClipboard' '(Ljava/awt/event/InputEvent;Z)V' in 'java/awt/event/InputEvent$1')}
  0x000001ca599e9850: 0001 48be | f85e 9341 | ca01 0000 | 8b9e cc00 | 0000 83c3 | 0289 9ecc | 0000 0081 | e3fe ff1f 
  0x000001ca599e9870: 0085 db0f | 84f7 0300 | 00c6 4728 

  0x000001ca599e987c: ;   {metadata(method data for {method} {0x000001ca411864b8} 'dispatchEventImpl' '(Ljava/awt/AWTEvent;Ljava/lang/Object;)V' in 'java/awt/EventQueue')}
  0x000001ca599e987c: 0048 be40 | 5393 41ca | 0100 00ff | 86e8 0200 | 0048 81c4 | d000 0000 

  0x000001ca599e9894: ;   {poll_return}
  0x000001ca599e9894: 5d49 3b67 | 280f 87f7 | 0300 00c3 

  0x000001ca599e98a0: ;   {metadata({method} {0x000001ca411864b8} 'dispatchEventImpl' '(Ljava/awt/AWTEvent;Ljava/lang/Object;)V' in 'java/awt/EventQueue')}
  0x000001ca599e98a0: 49ba b064 | 1841 ca01 | 0000 4c89 | 5424 0848 | c704 24ff 

  0x000001ca599e98b4: ;   {runtime_call C1 Runtime counter_overflow_blob}
  0x000001ca599e98b4: ffff ffe8 

  0x000001ca599e98b8: ; ImmutableOopMap {rdx=Oop r8=Oop r9=Oop [168]=Oop }
                      ;*synchronization entry
                      ; - java.awt.EventQueue::dispatchEventImpl@-1 (line 719)
  0x000001ca599e98b8: a4b4 2b07 | e9cd e4ff 

  0x000001ca599e98c0: ;   {runtime_call C1 Runtime throw_null_pointer_exception_blob}
  0x000001ca599e98c0: ffe8 9a4c 

  0x000001ca599e98c4: ; ImmutableOopMap {rdx=Oop r8=Oop r9=Oop [168]=Oop }
                      ;*putfield isPosted {reexecute=1 rethrow=0 return_oop=0}
                      ; - (reexecute) java.awt.EventQueue::dispatchEventImpl@2 (line 719)
  0x000001ca599e98c4: 2b07 4c89 

  0x000001ca599e98c8: ;   {runtime_call C1 Runtime throw_class_cast_exception_blob}
  0x000001ca599e98c8: 0c24 e891 

  0x000001ca599e98cc: ; ImmutableOopMap {r8=Oop [168]=Oop }
                      ;*checkcast {reexecute=0 rethrow=0 return_oop=0}
                      ; - java.awt.EventQueue::dispatchEventImpl@37 (line 725)
                      ;   {runtime_call C1 Runtime throw_null_pointer_exception_blob}
  0x000001ca599e98cc: 702b 07e8 

  0x000001ca599e98d0: ; ImmutableOopMap {r8=Oop rdx=Oop [168]=Oop }
                      ;*invokevirtual dispatchEvent {reexecute=0 rethrow=0 return_oop=0}
                      ; - java.awt.EventQueue::dispatchEventImpl@41 (line 725)
  0x000001ca599e98d0: 8c4c 2b07 

  0x000001ca599e98d4: ;   {metadata({method} {0x000001ca41085860} 'dispatchEvent' '(Ljava/awt/AWTEvent;)V' in 'java/awt/Component')}
  0x000001ca599e98d4: 49ba 5858 | 0841 ca01 | 0000 4c89 | 5424 0848 | c704 24ff 

  0x000001ca599e98e8: ;   {runtime_call C1 Runtime counter_overflow_blob}
  0x000001ca599e98e8: ffff ffe8 

  0x000001ca599e98ec: ; ImmutableOopMap {r8=Oop rdx=Oop [168]=Oop }
                      ;*synchronization entry
                      ; - java.awt.Component::dispatchEvent@-1 (line 4790)
                      ; - java.awt.EventQueue::dispatchEventImpl@41 (line 725)
  0x000001ca599e98ec: 70b4 2b07 | e944 e8ff 

  0x000001ca599e98f4: ;   {metadata({method} {0x000001ca410d7980} 'dispatched' '()V' in 'java/awt/AWTEvent')}
  0x000001ca599e98f4: ff49 ba78 | 790d 41ca | 0100 004c | 8954 2408 | 48c7 0424 | ffff ffff 

  0x000001ca599e990c: ;   {runtime_call C1 Runtime counter_overflow_blob}
  0x000001ca599e990c: e84f b42b 

  0x000001ca599e9910: ; ImmutableOopMap {[168]=Oop }
                      ;*synchronization entry
                      ; - java.awt.AWTEvent::dispatched@-1 (line 570)
                      ; - java.awt.EventQueue::dispatchEventImpl@45 (line 726)
  0x000001ca599e9910: 07e9 96e9 

  0x000001ca599e9914: ;   {metadata({method} {0x000001ca410f1b38} 'getInputEventAccessor' '()Lsun/awt/AWTAccessor$InputEventAccessor;' in 'sun/awt/AWTAccessor')}
  0x000001ca599e9914: ffff 49ba | 301b 0f41 | ca01 0000 | 4c89 5424 | 0848 c704 | 24ff ffff 

  0x000001ca599e992c: ;   {runtime_call C1 Runtime counter_overflow_blob}
  0x000001ca599e992c: ffe8 2eb4 

  0x000001ca599e9930: ; ImmutableOopMap {r8=Oop [168]=Oop }
                      ;*synchronization entry
                      ; - sun.awt.AWTAccessor::getInputEventAccessor@-1 (line 961)
                      ; - java.awt.AWTEvent::dispatched@7 (line 571)
                      ; - java.awt.EventQueue::dispatchEventImpl@45 (line 726)
  0x000001ca599e9930: 2b07 e9b6 

  0x000001ca599e9934: ;   {metadata({method} {0x000001ca410f42f8} 'ensureClassInitialized' '(Ljava/lang/Class;)V' in 'sun/awt/AWTAccessor')}
  0x000001ca599e9934: eaff ff49 | baf0 420f | 41ca 0100 | 004c 8954 | 2408 48c7 | 0424 ffff 

  0x000001ca599e994c: ;   {runtime_call C1 Runtime counter_overflow_blob}
  0x000001ca599e994c: ffff e80d 

  0x000001ca599e9950: ; ImmutableOopMap {[168]=Oop }
                      ;*synchronization entry
                      ; - sun.awt.AWTAccessor::ensureClassInitialized@-1 (line 1464)
                      ; - sun.awt.AWTAccessor::getInputEventAccessor@10 (line 963)
                      ; - java.awt.AWTEvent::dispatched@7 (line 571)
                      ; - java.awt.EventQueue::dispatchEventImpl@45 (line 726)
  0x000001ca599e9950: b42b 07e9 | 0deb ffff 

  0x000001ca599e9958: ;   {metadata({method} {0x000001ca0044ab28} 'lookup' '()Ljava/lang/invoke/MethodHandles$Lookup;' in 'java/lang/invoke/MethodHandles')}
  0x000001ca599e9958: 49ba 20ab | 4400 ca01 | 0000 4c89 | 5424 0848 | c704 24ff 

  0x000001ca599e996c: ;   {runtime_call C1 Runtime counter_overflow_blob}
  0x000001ca599e996c: ffff ffe8 

  0x000001ca599e9970: ; ImmutableOopMap {[168]=Oop }
                      ;*synchronization entry
                      ; - java.lang.invoke.MethodHandles::lookup@-1 (line 126)
                      ; - sun.awt.AWTAccessor::ensureClassInitialized@0 (line 1464)
                      ; - sun.awt.AWTAccessor::getInputEventAccessor@10 (line 963)
                      ; - java.awt.AWTEvent::dispatched@7 (line 571)
                      ; - java.awt.EventQueue::dispatchEventImpl@45 (line 726)
  0x000001ca599e9970: ecb3 2b07 | e925 ebff | ff48 8bd2 

  0x000001ca599e997c: ;   {runtime_call C1 Runtime fast_new_instance_blob}
  0x000001ca599e997c: e8df 542b 

  0x000001ca599e9980: ; ImmutableOopMap {r8=Oop [168]=Oop }
                      ;*new {reexecute=0 rethrow=0 return_oop=0}
                      ; - java.lang.invoke.MethodHandles::lookup@18 (line 130)
                      ; - sun.awt.AWTAccessor::ensureClassInitialized@0 (line 1464)
                      ; - sun.awt.AWTAccessor::getInputEventAccessor@10 (line 963)
                      ; - java.awt.AWTEvent::dispatched@7 (line 571)
                      ; - java.awt.EventQueue::dispatchEventImpl@45 (line 726)
  0x000001ca599e9980: 07e9 c0eb 

  0x000001ca599e9984: ;   {metadata({method} {0x000001ca0044edd8} '<init>' '(Ljava/lang/Class;)V' in 'java/lang/invoke/MethodHandles$Lookup')}
  0x000001ca599e9984: ffff 49ba | d0ed 4400 | ca01 0000 | 4c89 5424 | 0848 c704 | 24ff ffff 

  0x000001ca599e999c: ;   {runtime_call C1 Runtime counter_overflow_blob}
  0x000001ca599e999c: ffe8 beb3 

  0x000001ca599e99a0: ; ImmutableOopMap {r8=Oop rax=Oop [168]=Oop }
                      ;*synchronization entry
                      ; - java.lang.invoke.MethodHandles$Lookup::<init>@-1 (line 1534)
                      ; - java.lang.invoke.MethodHandles::lookup@23 (line 130)
                      ; - sun.awt.AWTAccessor::ensureClassInitialized@0 (line 1464)
                      ; - sun.awt.AWTAccessor::getInputEventAccessor@10 (line 963)
                      ; - java.awt.AWTEvent::dispatched@7 (line 571)
                      ; - java.awt.EventQueue::dispatchEventImpl@45 (line 726)
  0x000001ca599e99a0: 2b07 e9dd 

  0x000001ca599e99a4: ;   {metadata(nullptr)}
  0x000001ca599e99a4: ebff ff48 | b800 0000 | 0000 0000 | 00b8 000f 

  0x000001ca599e99b4: ;   {runtime_call C1 Runtime load_klass_patching_blob}
  0x000001ca599e99b4: 050a e825 

  0x000001ca599e99b8: ; ImmutableOopMap {rdx=Oop r9=Oop [168]=Oop }
                      ;*instanceof {reexecute=1 rethrow=0 return_oop=0}
                      ; - (reexecute) java.awt.EventQueue::dispatchEventImpl@70 (line 729)
  0x000001ca599e99b8: 972b 07e9 | 78ee ffff 

  0x000001ca599e99c0: ;   {metadata({method} {0x000001ca41185af0} 'noEvents' '()Z' in 'java/awt/EventQueue')}
  0x000001ca599e99c0: 49ba e85a | 1841 ca01 | 0000 4c89 | 5424 0848 | c704 24ff 

  0x000001ca599e99d4: ;   {runtime_call C1 Runtime counter_overflow_blob}
  0x000001ca599e99d4: ffff ffe8 

  0x000001ca599e99d8: ; ImmutableOopMap {rdx=Oop }
                      ;*synchronization entry
                      ; - java.awt.EventQueue::noEvents@-1 (line 520)
                      ; - java.awt.EventQueue::dispatchEventImpl@95 (line 732)
  0x000001ca599e99d8: 84b3 2b07 | e916 f0ff 

  0x000001ca599e99e0: ;   {runtime_call C1 Runtime throw_null_pointer_exception_blob}
  0x000001ca599e99e0: ffe8 7a4b 

  0x000001ca599e99e4: ; ImmutableOopMap {rdx=Oop rdi=Oop }
                      ;*aaload {reexecute=0 rethrow=0 return_oop=0}
                      ; - java.awt.EventQueue::noEvents@12 (line 521)
                      ; - java.awt.EventQueue::dispatchEventImpl@95 (line 732)
                      ;   {runtime_call C1 Runtime throw_null_pointer_exception_blob}
  0x000001ca599e99e4: 2b07 e875 

  0x000001ca599e99e8: ; ImmutableOopMap {rdx=Oop rdi=Oop }
                      ;*aaload {reexecute=0 rethrow=0 return_oop=0}
                      ; - java.awt.EventQueue::noEvents@12 (line 521)
                      ; - java.awt.EventQueue::dispatchEventImpl@95 (line 732)
  0x000001ca599e99e8: 4b2b 0748 | 8934 2448 | 897c 2408 

  0x000001ca599e99f4: ;   {runtime_call C1 Runtime throw_range_check_failed_blob}
  0x000001ca599e99f4: e867 422b 

  0x000001ca599e99f8: ; ImmutableOopMap {rdx=Oop rdi=Oop }
                      ;*aaload {reexecute=0 rethrow=0 return_oop=0}
                      ; - java.awt.EventQueue::noEvents@12 (line 521)
                      ; - java.awt.EventQueue::dispatchEventImpl@95 (line 732)
                      ;   {runtime_call C1 Runtime throw_null_pointer_exception_blob}
  0x000001ca599e99f8: 07e8 624b 

  0x000001ca599e99fc: ; ImmutableOopMap {rdx=Oop }
                      ;*getfield head {reexecute=1 rethrow=0 return_oop=0}
                      ; - (reexecute) java.awt.EventQueue::noEvents@13 (line 521)
                      ; - java.awt.EventQueue::dispatchEventImpl@95 (line 732)
                      ;   {metadata({method} {0x000001ca41185af0} 'noEvents' '()Z' in 'java/awt/EventQueue')}
  0x000001ca599e99fc: 2b07 49ba | e85a 1841 | ca01 0000 | 4c89 5424 | 0848 c704 | 2418 0000 

  0x000001ca599e9a14: ;   {runtime_call C1 Runtime counter_overflow_blob}
  0x000001ca599e9a14: 00e8 46b3 

  0x000001ca599e9a18: ; ImmutableOopMap {rdx=Oop }
                      ;*goto {reexecute=1 rethrow=0 return_oop=0}
                      ; - (reexecute) java.awt.EventQueue::noEvents@24 (line 520)
                      ; - java.awt.EventQueue::dispatchEventImpl@95 (line 732)
  0x000001ca599e9a18: 2b07 e95f 

  0x000001ca599e9a1c: ;   {metadata({method} {0x000001ca411848c0} 'getEventLog' '()Lsun/util/logging/PlatformLogger;' in 'java/awt/EventQueue')}
  0x000001ca599e9a1c: f0ff ff49 | bab8 4818 | 41ca 0100 | 004c 8954 | 2408 48c7 | 0424 ffff 

  0x000001ca599e9a34: ;   {runtime_call C1 Runtime counter_overflow_blob}
  0x000001ca599e9a34: ffff e825 

  0x000001ca599e9a38: ; ImmutableOopMap {[168]=Oop }
                      ;*synchronization entry
                      ; - java.awt.EventQueue::getEventLog@-1 (line 180)
                      ; - java.awt.EventQueue::dispatchEventImpl@111 (line 736)
  0x000001ca599e9a38: b32b 07e9 | fcf0 ffff | 418b 5078 | 48c1 e203 | 4883 fa00 | 0f84 69f1 | ffff 4889 

  0x000001ca599e9a54: ;   {runtime_call g1_pre_barrier_slow}
  0x000001ca599e9a54: 1424 e805 | b92b 07e9 | 5bf1 ffff | 4883 f800 | 0f84 76f1 | ffff 4c89 

  0x000001ca599e9a6c: ;   {runtime_call g1_post_barrier_slow}
  0x000001ca599e9a6c: 0424 e8ed | bb2b 07e9 | 68f1 ffff 

  0x000001ca599e9a78: ;   {runtime_call C1 Runtime throw_null_pointer_exception_blob}
  0x000001ca599e9a78: e8e3 4a2b 

  0x000001ca599e9a7c: ; ImmutableOopMap {r8=Oop [168]=Oop }
                      ;*invokevirtual isLoggable {reexecute=0 rethrow=0 return_oop=0}
                      ; - java.awt.EventQueue::dispatchEventImpl@117 (line 736)
                      ;   {metadata({method} {0x000001ca410d9190} 'isLoggable' '(Lsun/util/logging/PlatformLogger$Level;)Z' in 'sun/util/logging/PlatformLogger')}
  0x000001ca599e9a7c: 0749 ba88 | 910d 41ca | 0100 004c | 8954 2408 | 48c7 0424 | ffff ffff 

  0x000001ca599e9a94: ;   {runtime_call C1 Runtime counter_overflow_blob}
  0x000001ca599e9a94: e8c7 b22b 

  0x000001ca599e9a98: ; ImmutableOopMap {r8=Oop [168]=Oop }
                      ;*synchronization entry
                      ; - sun.util.logging.PlatformLogger::isLoggable@-1 (line 336)
                      ; - java.awt.EventQueue::dispatchEventImpl@117 (line 736)
  0x000001ca599e9a98: 07e9 a4f1 

  0x000001ca599e9a9c: ;   {runtime_call C1 Runtime throw_null_pointer_exception_blob}
  0x000001ca599e9a9c: ffff e8bd 

  0x000001ca599e9aa0: ; ImmutableOopMap {rdx=Oop [168]=Oop }
                      ;*invokeinterface isLoggable {reexecute=0 rethrow=0 return_oop=0}
                      ; - sun.util.logging.PlatformLogger::isLoggable@17 (line 340)
                      ; - java.awt.EventQueue::dispatchEventImpl@117 (line 736)
                      ;   {metadata({method} {0x000001ca411848c0} 'getEventLog' '()Lsun/util/logging/PlatformLogger;' in 'java/awt/EventQueue')}
  0x000001ca599e9aa0: 4a2b 0749 | bab8 4818 | 41ca 0100 | 004c 8954 | 2408 48c7 | 0424 ffff 

  0x000001ca599e9ab8: ;   {runtime_call C1 Runtime counter_overflow_blob}
  0x000001ca599e9ab8: ffff e8a1 

  0x000001ca599e9abc: ; ImmutableOopMap {[168]=Oop }
                      ;*synchronization entry
                      ; - java.awt.EventQueue::getEventLog@-1 (line 180)
                      ; - java.awt.EventQueue::dispatchEventImpl@123 (line 737)
  0x000001ca599e9abc: b22b 07e9 | b6f2 ffff | 8b72 7848 | c1e6 0348 | 83fe 000f | 8426 f3ff | ff48 8934 

  0x000001ca599e9ad8: ;   {runtime_call g1_pre_barrier_slow}
  0x000001ca599e9ad8: 24e8 82b8 | 2b07 e918 | f3ff ff48 | 83f8 000f | 8433 f3ff | ff48 8914 

  0x000001ca599e9af0: ;   {runtime_call g1_post_barrier_slow}
  0x000001ca599e9af0: 24e8 6abb | 2b07 e925 

  0x000001ca599e9af8: ;   {metadata({method} {0x000001ca0047e890} 'valueOf' '(Ljava/lang/Object;)Ljava/lang/String;' in 'java/lang/String')}
  0x000001ca599e9af8: f3ff ff49 | ba88 e847 | 00ca 0100 | 004c 8954 | 2408 48c7 | 0424 ffff 

  0x000001ca599e9b10: ;   {runtime_call C1 Runtime counter_overflow_blob}
  0x000001ca599e9b10: ffff e849 

  0x000001ca599e9b14: ; ImmutableOopMap {rsi=Oop r8=Oop [168]=Oop [184]=Oop }
                      ;*synchronization entry
                      ; - java.lang.String::valueOf@-1 (line 4543)
                      ; - java.awt.EventQueue::dispatchEventImpl@127 (line 737)
  0x000001ca599e9b14: b22b 07e9 | 5ef3 ffff | 49b8 0000 | 0000 0000 | 0000 b800 

  0x000001ca599e9b28: ;   {runtime_call C1 Runtime load_appendix_patching_blob}
  0x000001ca599e9b28: 0f05 0ae8 

  0x000001ca599e9b2c: ; ImmutableOopMap {rdi=Oop [184]=Oop }
                      ;*invokedynamic {reexecute=1 rethrow=0 return_oop=0}
                      ; - (reexecute) java.awt.EventQueue::dispatchEventImpl@130 (line 737)
  0x000001ca599e9b2c: b0a6 2b07 | e93b f4ff 

  0x000001ca599e9b34: ;   {runtime_call C1 Runtime throw_null_pointer_exception_blob}
  0x000001ca599e9b34: ffe8 264a 

  0x000001ca599e9b38: ; ImmutableOopMap {rax=Oop rsi=Oop [184]=Oop }
                      ;*invokevirtual fine {reexecute=0 rethrow=0 return_oop=0}
                      ; - java.awt.EventQueue::dispatchEventImpl@135 (line 737)
                      ;   {metadata({method} {0x000001ca410d9de8} 'fine' '(Ljava/lang/String;)V' in 'sun/util/logging/PlatformLogger')}
  0x000001ca599e9b38: 2b07 49ba | e09d 0d41 | ca01 0000 | 4c89 5424 | 0848 c704 | 24ff ffff 

  0x000001ca599e9b50: ;   {runtime_call C1 Runtime counter_overflow_blob}
  0x000001ca599e9b50: ffe8 0ab2 

  0x000001ca599e9b54: ; ImmutableOopMap {rax=Oop rsi=Oop [184]=Oop }
                      ;*synchronization entry
                      ; - sun.util.logging.PlatformLogger::fine@-1 (line 449)
                      ; - java.awt.EventQueue::dispatchEventImpl@135 (line 737)
  0x000001ca599e9b54: 2b07 e9af 

  0x000001ca599e9b58: ;   {runtime_call C1 Runtime throw_null_pointer_exception_blob}
  0x000001ca599e9b58: f4ff ffe8 

  0x000001ca599e9b5c: ; ImmutableOopMap {rax=Oop rdx=Oop }
                      ;*invokeinterface log {reexecute=0 rethrow=0 return_oop=0}
                      ; - sun.util.logging.PlatformLogger::fine@12 (line 449)
                      ; - java.awt.EventQueue::dispatchEventImpl@135 (line 737)
  0x000001ca599e9b5c: 004a 2b07 

  0x000001ca599e9b60: ;   {internal_word}
  0x000001ca599e9b60: 49ba e490 | 9e59 ca01 | 0000 4d89 | 9760 0400 

  0x000001ca599e9b70: ;   {runtime_call SafepointBlob}
  0x000001ca599e9b70: 00e9 6ac1 

  0x000001ca599e9b74: ;   {runtime_call C1 Runtime throw_null_pointer_exception_blob}
  0x000001ca599e9b74: 1f07 e8e5 

  0x000001ca599e9b78: ; ImmutableOopMap {r8=Oop }
                      ;*invokevirtual stopDispatching {reexecute=0 rethrow=0 return_oop=0}
                      ; - java.awt.EventQueue::dispatchEventImpl@105 (line 733)
                      ;   {metadata({method} {0x000001ca416a0b88} 'stopDispatching' '()V' in 'java/awt/EventDispatchThread')}
  0x000001ca599e9b78: 492b 0749 | ba80 0b6a | 41ca 0100 | 004c 8954 | 2408 48c7 | 0424 ffff 

  0x000001ca599e9b90: ;   {runtime_call C1 Runtime counter_overflow_blob}
  0x000001ca599e9b90: ffff e8c9 

  0x000001ca599e9b94: ; ImmutableOopMap {r8=Oop }
                      ;*synchronization entry
                      ; - java.awt.EventDispatchThread::stopDispatching@-1 (line 85)
                      ; - java.awt.EventQueue::dispatchEventImpl@105 (line 733)
  0x000001ca599e9b94: b12b 07e9 | abf5 ffff 

  0x000001ca599e9b9c: ;   {internal_word}
  0x000001ca599e9b9c: 49ba 6f91 | 9e59 ca01 | 0000 4d89 | 9760 0400 

  0x000001ca599e9bac: ;   {runtime_call SafepointBlob}
  0x000001ca599e9bac: 00e9 2ec1 

  0x000001ca599e9bb0: ;   {metadata(nullptr)}
  0x000001ca599e9bb0: 1f07 48bb | 0000 0000 | 0000 0000 | b800 0f05 

  0x000001ca599e9bc0: ;   {runtime_call C1 Runtime load_klass_patching_blob}
  0x000001ca599e9bc0: 0ae8 1a95 

  0x000001ca599e9bc4: ; ImmutableOopMap {r9=Oop r8=Oop [168]=Oop }
                      ;*checkcast {reexecute=1 rethrow=0 return_oop=0}
                      ; - (reexecute) java.awt.EventQueue::dispatchEventImpl@77 (line 730)
  0x000001ca599e9bc4: 2b07 e95d | f6ff ff4c 

  0x000001ca599e9bcc: ;   {runtime_call C1 Runtime throw_class_cast_exception_blob}
  0x000001ca599e9bcc: 890c 24e8 

  0x000001ca599e9bd0: ; ImmutableOopMap {r9=Oop r8=Oop [168]=Oop }
                      ;*checkcast {reexecute=0 rethrow=0 return_oop=0}
                      ; - java.awt.EventQueue::dispatchEventImpl@77 (line 730)
  0x000001ca599e9bd0: 8c6d 2b07 

  0x000001ca599e9bd4: ;   {internal_word}
  0x000001ca599e9bd4: 49ba ad92 | 9e59 ca01 | 0000 4d89 | 9760 0400 

  0x000001ca599e9be4: ;   {runtime_call SafepointBlob}
  0x000001ca599e9be4: 00e9 f6c0 | 1f07 4c89 

  0x000001ca599e9bec: ;   {runtime_call C1 Runtime throw_class_cast_exception_blob}
  0x000001ca599e9bec: 0c24 e86d 

  0x000001ca599e9bf0: ; ImmutableOopMap {r8=Oop [168]=Oop }
                      ;*checkcast {reexecute=0 rethrow=0 return_oop=0}
                      ; - java.awt.EventQueue::dispatchEventImpl@59 (line 728)
                      ;   {runtime_call C1 Runtime throw_null_pointer_exception_blob}
  0x000001ca599e9bf0: 6d2b 07e8 

  0x000001ca599e9bf4: ; ImmutableOopMap {r8=Oop rdx=Oop [168]=Oop }
                      ;*invokevirtual dispatchEvent {reexecute=0 rethrow=0 return_oop=0}
                      ; - java.awt.EventQueue::dispatchEventImpl@63 (line 728)
  0x000001ca599e9bf4: 6849 2b07 

  0x000001ca599e9bf8: ;   {internal_word}
  0x000001ca599e9bf8: 49ba 4d94 | 9e59 ca01 | 0000 4d89 | 9760 0400 

  0x000001ca599e9c08: ;   {runtime_call SafepointBlob}
  0x000001ca599e9c08: 00e9 d2c0 | 1f07 4c89 

  0x000001ca599e9c10: ;   {runtime_call C1 Runtime throw_class_cast_exception_blob}
  0x000001ca599e9c10: 0424 e849 

  0x000001ca599e9c14: ; ImmutableOopMap {}
                      ;*checkcast {reexecute=0 rethrow=0 return_oop=0}
                      ; - java.awt.EventQueue::dispatchEventImpl@18 (line 723)
                      ;   {runtime_call C1 Runtime throw_null_pointer_exception_blob}
  0x000001ca599e9c14: 6d2b 07e8 

  0x000001ca599e9c18: ; ImmutableOopMap {rdx=Oop }
                      ;*invokeinterface dispatch {reexecute=0 rethrow=0 return_oop=0}
                      ; - java.awt.EventQueue::dispatchEventImpl@21 (line 723)
  0x000001ca599e9c18: 4449 2b07 

  0x000001ca599e9c1c: ;   {internal_word}
  0x000001ca599e9c1c: 49ba 3c96 | 9e59 ca01 | 0000 4d89 | 9760 0400 

  0x000001ca599e9c2c: ;   {runtime_call SafepointBlob}
  0x000001ca599e9c2c: 00e9 aec0 

  0x000001ca599e9c30: ;   {metadata(nullptr)}
  0x000001ca599e9c30: 1f07 48ba | 0000 0000 | 0000 0000 | b800 0f05 

  0x000001ca599e9c40: ;   {runtime_call C1 Runtime load_klass_patching_blob}
  0x000001ca599e9c40: 0ae8 9a94 

  0x000001ca599e9c44: ; ImmutableOopMap {[168]=Oop }
                      ;*new {reexecute=1 rethrow=0 return_oop=0}
                      ; - (reexecute) java.lang.invoke.MethodHandles::lookup@8 (line 128)
                      ; - sun.awt.AWTAccessor::ensureClassInitialized@0 (line 1464)
                      ; - sun.awt.AWTAccessor::getInputEventAccessor@10 (line 963)
                      ; - java.awt.AWTEvent::dispatched@7 (line 571)
                      ; - java.awt.EventQueue::dispatchEventImpl@45 (line 726)
  0x000001ca599e9c44: 2b07 e9fd 

  0x000001ca599e9c48: ;   {runtime_call C1 Runtime throw_null_pointer_exception_blob}
  0x000001ca599e9c48: f9ff ffe8 

  0x000001ca599e9c4c: ; ImmutableOopMap {[168]=Oop }
                      ;*new {reexecute=0 rethrow=0 return_oop=0}
                      ; - java.lang.invoke.MethodHandles::lookup@8 (line 128)
                      ; - sun.awt.AWTAccessor::ensureClassInitialized@0 (line 1464)
                      ; - sun.awt.AWTAccessor::getInputEventAccessor@10 (line 963)
                      ; - java.awt.AWTEvent::dispatched@7 (line 571)
                      ; - java.awt.EventQueue::dispatchEventImpl@45 (line 726)
  0x000001ca599e9c4c: 1049 2b07 

  0x000001ca599e9c50: ;   {runtime_call C1 Runtime fast_new_instance_init_check_blob}
  0x000001ca599e9c50: 488b d2e8 

  0x000001ca599e9c54: ; ImmutableOopMap {[168]=Oop }
                      ;*new {reexecute=0 rethrow=0 return_oop=0}
                      ; - java.lang.invoke.MethodHandles::lookup@8 (line 128)
                      ; - sun.awt.AWTAccessor::ensureClassInitialized@0 (line 1464)
                      ; - sun.awt.AWTAccessor::getInputEventAccessor@10 (line 963)
                      ; - java.awt.AWTEvent::dispatched@7 (line 571)
                      ; - java.awt.EventQueue::dispatchEventImpl@45 (line 726)
  0x000001ca599e9c54: 0855 2b07 | e950 faff | ff4c 8904 

  0x000001ca599e9c60: ;   {runtime_call C1 Runtime throw_class_cast_exception_blob}
  0x000001ca599e9c60: 24e8 fa6c 

  0x000001ca599e9c64: ; ImmutableOopMap {rsi=Oop }
                      ;*checkcast {reexecute=0 rethrow=0 return_oop=0}
                      ; - java.awt.AWTEvent::dispatched@11 (line 571)
                      ; - java.awt.EventQueue::dispatchEventImpl@45 (line 726)
                      ;   {runtime_call C1 Runtime throw_incompatible_class_change_error_blob}
  0x000001ca599e9c64: 2b07 e8f5 

  0x000001ca599e9c68: ; ImmutableOopMap {rsi=Oop rdi=Oop }
                      ;*invokeinterface setCanAccessSystemClipboard {reexecute=0 rethrow=0 return_oop=0}
                      ; - java.awt.AWTEvent::dispatched@15 (line 572)
                      ; - java.awt.EventQueue::dispatchEventImpl@45 (line 726)
                      ;   {runtime_call C1 Runtime throw_null_pointer_exception_blob}
  0x000001ca599e9c68: 6f2b 07e8 

  0x000001ca599e9c6c: ; ImmutableOopMap {rsi=Oop rdi=Oop }
                      ;*invokeinterface setCanAccessSystemClipboard {reexecute=0 rethrow=0 return_oop=0}
                      ; - java.awt.AWTEvent::dispatched@15 (line 572)
                      ; - java.awt.EventQueue::dispatchEventImpl@45 (line 726)
  0x000001ca599e9c6c: f048 2b07 

  0x000001ca599e9c70: ;   {metadata({method} {0x000001ca4110dcc0} 'setCanAccessSystemClipboard' '(Ljava/awt/event/InputEvent;Z)V' in 'java/awt/event/InputEvent$1')}
  0x000001ca599e9c70: 49ba b8dc | 1041 ca01 | 0000 4c89 | 5424 0848 | c704 24ff 

  0x000001ca599e9c84: ;   {runtime_call C1 Runtime counter_overflow_blob}
  0x000001ca599e9c84: ffff ffe8 

  0x000001ca599e9c88: ; ImmutableOopMap {rdi=Oop }
                      ;*synchronization entry
                      ; - java.awt.event.InputEvent$1::setCanAccessSystemClipboard@-1 (line 338)
                      ; - java.awt.AWTEvent::dispatched@15 (line 572)
                      ; - java.awt.EventQueue::dispatchEventImpl@45 (line 726)
  0x000001ca599e9c88: d4b0 2b07 | e9e8 fbff 

  0x000001ca599e9c90: ;   {runtime_call C1 Runtime throw_null_pointer_exception_blob}
  0x000001ca599e9c90: ffe8 ca48 

  0x000001ca599e9c94: ; ImmutableOopMap {}
                      ;*putfield canAccessSystemClipboard {reexecute=1 rethrow=0 return_oop=0}
                      ; - (reexecute) java.awt.event.InputEvent$1::setCanAccessSystemClipboard@2 (line 338)
                      ; - java.awt.AWTEvent::dispatched@15 (line 572)
                      ; - java.awt.EventQueue::dispatchEventImpl@45 (line 726)
                      ;   {internal_word}
  0x000001ca599e9c94: 2b07 49ba | 9598 9e59 | ca01 0000 | 4d89 9760 

  0x000001ca599e9ca4: ;   {runtime_call SafepointBlob}
  0x000001ca599e9ca4: 0400 00e9 | 34c0 1f07 | 498b 8708 | 0500 0049 | c787 0805 | 0000 0000 | 0000 49c7 | 8710 0500 
  0x000001ca599e9cc4: 0000 0000 | 0048 81c4 | d000 0000 

  0x000001ca599e9cd0: ;   {runtime_call C1 Runtime unwind_exception_blob}
  0x000001ca599e9cd0: 5de9 8a39 | 2b07 f4f4 
[Stub Code]
  0x000001ca599e9cd8: ;   {no_reloc}
  0x000001ca599e9cd8: 0f1f 4400 

  0x000001ca599e9cdc: ;   {static_stub}
  0x000001ca599e9cdc: 0048 bb00 | 0000 0000 

  0x000001ca599e9ce4: ;   {runtime_call nmethod}
  0x000001ca599e9ce4: 0000 00e9 | fbff ffff 

  0x000001ca599e9cec: ;   {static_stub}
  0x000001ca599e9cec: 9048 bb00 | 0000 0000 

  0x000001ca599e9cf4: ;   {runtime_call nmethod}
  0x000001ca599e9cf4: 0000 00e9 | fbff ffff 

  0x000001ca599e9cfc: ;   {static_stub}
  0x000001ca599e9cfc: 9048 bb00 | 0000 0000 

  0x000001ca599e9d04: ;   {runtime_call nmethod}
  0x000001ca599e9d04: 0000 00e9 | fbff ffff 

  0x000001ca599e9d0c: ;   {static_stub}
  0x000001ca599e9d0c: 9048 bb00 | 0000 0000 

  0x000001ca599e9d14: ;   {runtime_call nmethod}
  0x000001ca599e9d14: 0000 00e9 | fbff ffff 

  0x000001ca599e9d1c: ;   {static_stub}
  0x000001ca599e9d1c: 9048 bb00 | 0000 0000 

  0x000001ca599e9d24: ;   {runtime_call nmethod}
  0x000001ca599e9d24: 0000 00e9 | fbff ffff 

  0x000001ca599e9d2c: ;   {static_stub}
  0x000001ca599e9d2c: 9048 bb00 | 0000 0000 

  0x000001ca599e9d34: ;   {runtime_call nmethod}
  0x000001ca599e9d34: 0000 00e9 | fbff ffff 

  0x000001ca599e9d3c: ;   {static_stub}
  0x000001ca599e9d3c: 9048 bb00 | 0000 0000 

  0x000001ca599e9d44: ;   {runtime_call nmethod}
  0x000001ca599e9d44: 0000 00e9 | fbff ffff 

  0x000001ca599e9d4c: ;   {static_stub}
  0x000001ca599e9d4c: 9048 bb00 | 0000 0000 

  0x000001ca599e9d54: ;   {runtime_call nmethod}
  0x000001ca599e9d54: 0000 00e9 | fbff ffff 

  0x000001ca599e9d5c: ;   {static_stub}
  0x000001ca599e9d5c: 9048 bb00 | 0000 0000 

  0x000001ca599e9d64: ;   {runtime_call nmethod}
  0x000001ca599e9d64: 0000 00e9 | fbff ffff 

  0x000001ca599e9d6c: ;   {static_stub}
  0x000001ca599e9d6c: 48bb 0000 | 0000 0000 

  0x000001ca599e9d74: ;   {runtime_call nmethod}
  0x000001ca599e9d74: 0000 e9fb 

  0x000001ca599e9d78: ;   {static_stub}
  0x000001ca599e9d78: ffff ff48 | bb00 0000 | 0000 0000 

  0x000001ca599e9d84: ;   {runtime_call nmethod}
  0x000001ca599e9d84: 00e9 fbff 

  0x000001ca599e9d88: ;   {static_stub}
  0x000001ca599e9d88: ffff 48bb | 0000 0000 | 0000 0000 

  0x000001ca599e9d94: ;   {runtime_call nmethod}
  0x000001ca599e9d94: e9fb ffff 

  0x000001ca599e9d98: ;   {static_stub}
  0x000001ca599e9d98: ff48 bb00 | 0000 0000 

  0x000001ca599e9da0: ;   {runtime_call nmethod}
  0x000001ca599e9da0: 0000 00e9 | fbff ffff 

  0x000001ca599e9da8: ;   {static_stub}
  0x000001ca599e9da8: 48bb 0000 | 0000 0000 

  0x000001ca599e9db0: ;   {runtime_call nmethod}
  0x000001ca599e9db0: 0000 e9fb 

  0x000001ca599e9db4: ;   {runtime_call C1 Runtime handle_exception_from_callee_blob}
  0x000001ca599e9db4: ffff ffe8 | a465 2b07 

  0x000001ca599e9dbc: ;   {external_word}
  0x000001ca599e9dbc: 48b9 e034 | 8ede f87f | 0000 4883 

  0x000001ca599e9dc8: ;   {runtime_call}
  0x000001ca599e9dc8: e4f0 48b8 | 1090 4bde | f87f 0000 

  0x000001ca599e9dd4: ;   {section_word}
  0x000001ca599e9dd4: ffd0 f449 | bad7 9d9e | 59ca 0100 

  0x000001ca599e9de0: ;   {runtime_call DeoptimizationBlob}
  0x000001ca599e9de0: 0041 52e9 | 98b4 1f07 
[/MachCode]


---------------  P R O C E S S  ---------------

Threads class SMR info:
_java_thread_list=0x000001ca451d9a20, length=16, elements={
0x000001ca70dc31e0, 0x000001ca70dc3b20, 0x000001ca70dc8380, 0x000001ca70dc8eb0,
0x000001ca70dc9c40, 0x000001ca70dcab00, 0x000001ca70dd3df0, 0x000001ca70dd8090,
0x000001ca4514a9e0, 0x000001ca452464e0, 0x000001ca458b9be0, 0x000001ca458bab30,
0x000001ca458cd270, 0x000001ca45a77fc0, 0x000001ca4e7ce340, 0x000001ca45babae0
}

Java Threads: ( => current thread )
  0x000001ca70dc31e0 JavaThread "Reference Handler"          daemon [_thread_blocked, id=35616, stack(0x0000001b17500000,0x0000001b17600000) (1024K)]
  0x000001ca70dc3b20 JavaThread "Finalizer"                  daemon [_thread_blocked, id=30040, stack(0x0000001b17600000,0x0000001b17700000) (1024K)]
  0x000001ca70dc8380 JavaThread "Signal Dispatcher"          daemon [_thread_blocked, id=30256, stack(0x0000001b17700000,0x0000001b17800000) (1024K)]
  0x000001ca70dc8eb0 JavaThread "Attach Listener"            daemon [_thread_blocked, id=15168, stack(0x0000001b17800000,0x0000001b17900000) (1024K)]
  0x000001ca70dc9c40 JavaThread "Service Thread"             daemon [_thread_blocked, id=31540, stack(0x0000001b17900000,0x0000001b17a00000) (1024K)]
  0x000001ca70dcab00 JavaThread "Monitor Deflation Thread"   daemon [_thread_blocked, id=18656, stack(0x0000001b17a00000,0x0000001b17b00000) (1024K)]
  0x000001ca70dd3df0 JavaThread "C2 CompilerThread0"         daemon [_thread_blocked, id=12692, stack(0x0000001b17b00000,0x0000001b17c00000) (1024K)]
  0x000001ca70dd8090 JavaThread "C1 CompilerThread0"         daemon [_thread_blocked, id=35492, stack(0x0000001b17c00000,0x0000001b17d00000) (1024K)]
  0x000001ca4514a9e0 JavaThread "Common-Cleaner"             daemon [_thread_blocked, id=21604, stack(0x0000001b17f00000,0x0000001b18000000) (1024K)]
  0x000001ca452464e0 JavaThread "Notification Thread"        daemon [_thread_blocked, id=21008, stack(0x0000001b18100000,0x0000001b18200000) (1024K)]
  0x000001ca458b9be0 JavaThread "Java2D Disposer"            daemon [_thread_blocked, id=23520, stack(0x0000001b18200000,0x0000001b18300000) (1024K)]
  0x000001ca458bab30 JavaThread "AWT-Shutdown"                      [_thread_blocked, id=36880, stack(0x0000001b18300000,0x0000001b18400000) (1024K)]
  0x000001ca458cd270 JavaThread "AWT-Windows"                daemon [_thread_in_native, id=17508, stack(0x0000001b18400000,0x0000001b18500000) (1024K)]
=>0x000001ca45a77fc0 JavaThread "AWT-EventQueue-0"                  [_thread_in_native, id=28276, stack(0x0000001b18700000,0x0000001b18800000) (1024K)]
  0x000001ca4e7ce340 JavaThread "DestroyJavaVM"                     [_thread_blocked, id=12656, stack(0x0000001b16d00000,0x0000001b16e00000) (1024K)]
  0x000001ca45babae0 JavaThread "TimerQueue"                 daemon [_thread_blocked, id=576, stack(0x0000001b18c00000,0x0000001b18d00000) (1024K)]
Total: 16

Other Threads:
  0x000001ca70db68f0 VMThread "VM Thread"                           [id=32668, stack(0x0000001b17400000,0x0000001b17500000) (1024K)]
  0x000001ca70da8270 WatcherThread "VM Periodic Task Thread"        [id=35960, stack(0x0000001b17300000,0x0000001b17400000) (1024K)]
  0x000001ca50ca0910 WorkerThread "GC Thread#0"                     [id=33384, stack(0x0000001b16e00000,0x0000001b16f00000) (1024K)]
  0x000001ca50cb51f0 ConcurrentGCThread "G1 Main Marker"            [id=36916, stack(0x0000001b16f00000,0x0000001b17000000) (1024K)]
  0x000001ca50cb6bf0 WorkerThread "G1 Conc#0"                       [id=24672, stack(0x0000001b17000000,0x0000001b17100000) (1024K)]
  0x000001ca70c66d50 ConcurrentGCThread "G1 Refine#0"               [id=37160, stack(0x0000001b17100000,0x0000001b17200000) (1024K)]
  0x000001ca70c68590 ConcurrentGCThread "G1 Service"                [id=3548, stack(0x0000001b17200000,0x0000001b17300000) (1024K)]
Total: 7

Threads with active compile tasks:
Total: 0

VM state: not at safepoint (normal execution)

VM Mutex/Monitor currently owned by a thread: None

Heap address: 0x0000000705e00000, size: 4002 MB, Compressed Oops mode: Zero based, Oop shift amount: 3

CDS archive(s) mapped at: [0x000001ca00000000-0x000001ca00d40000-0x000001ca00d40000), size 13893632, SharedBaseAddress: 0x000001ca00000000, ArchiveRelocationMode: 1.
Compressed class space mapped at: 0x000001ca01000000-0x000001ca41000000, reserved size: 1073741824
UseCompressedClassPointers 1, UseCompactObjectHeaders 0
Narrow klass pointer bits 32, Max shift 3
Narrow klass base: 0x000001ca00000000, Narrow klass shift: 0
Encoding Range: [0x000001ca00000000 - 0x000001cb00000000), (4294967296 bytes)
Klass Range:    [0x000001ca00000000 - 0x000001ca41000000), (1090519040 bytes)
Klass ID Range:  [8 - 1090519033) (1090519025)

GC Precious Log:
 CardTable entry size: 512
 Card Set container configuration: InlinePtr #cards 4 size 8 Array Of Cards #cards 16 size 48 Howl #buckets 8 coarsen threshold 3686 Howl Bitmap #cards 512 size 80 coarsen threshold 460 Card regions per heap region 1 cards per card region 4096
 CPUs: 16 total, 16 available
 Memory: 16004M
 Large Page Support: Disabled
 NUMA Support: Disabled
 Compressed Oops: Enabled (Zero based)
 Heap Region Size: 2M
 Heap Min Capacity: 8M
 Heap Initial Capacity: 252M
 Heap Max Capacity: 4002M
 Pre-touch: Disabled
 Parallel Workers: 13
 Concurrent Workers: 3
 Concurrent Refinement Workers: 13
 Periodic GC: Disabled

Heap:
 garbage-first heap   total reserved 4098048K, committed 260096K, used 31856K [0x0000000705e00000, 0x0000000800000000)
  region size 2048K, 14 young (28672K), 0 survivors (0K)
 Metaspace       used 11153K, committed 11456K, reserved 1114112K
  class space    used 1081K, committed 1216K, reserved 1048576K

Heap Regions: E=young(eden), S=young(survivor), O=old, HS=humongous(starts), HC=humongous(continues), CS=collection set, F=free, TAMS=top-at-mark-start, PB=parsable bottom
|   0|0x0000000705e00000, 0x0000000706000000, 0x0000000706000000|100%|HS|  |TAMS 0x0000000705e00000| PB 0x0000000705e00000| Complete |  0
|   1|0x0000000706000000, 0x0000000706200000, 0x0000000706200000|100%|HC|  |TAMS 0x0000000706000000| PB 0x0000000706000000| Complete |  0
|   2|0x0000000706200000, 0x0000000706200000, 0x0000000706400000|  0%| F|  |TAMS 0x0000000706200000| PB 0x0000000706200000| Untracked |  0
|   3|0x0000000706400000, 0x0000000706400000, 0x0000000706600000|  0%| F|  |TAMS 0x0000000706400000| PB 0x0000000706400000| Untracked |  0
|   4|0x0000000706600000, 0x0000000706600000, 0x0000000706800000|  0%| F|  |TAMS 0x0000000706600000| PB 0x0000000706600000| Untracked |  0
|   5|0x0000000706800000, 0x0000000706800000, 0x0000000706a00000|  0%| F|  |TAMS 0x0000000706800000| PB 0x0000000706800000| Untracked |  0
|   6|0x0000000706a00000, 0x0000000706a00000, 0x0000000706c00000|  0%| F|  |TAMS 0x0000000706a00000| PB 0x0000000706a00000| Untracked |  0
|   7|0x0000000706c00000, 0x0000000706c00000, 0x0000000706e00000|  0%| F|  |TAMS 0x0000000706c00000| PB 0x0000000706c00000| Untracked |  0
|   8|0x0000000706e00000, 0x0000000706e00000, 0x0000000707000000|  0%| F|  |TAMS 0x0000000706e00000| PB 0x0000000706e00000| Untracked |  0
|   9|0x0000000707000000, 0x0000000707000000, 0x0000000707200000|  0%| F|  |TAMS 0x0000000707000000| PB 0x0000000707000000| Untracked |  0
|  10|0x0000000707200000, 0x0000000707200000, 0x0000000707400000|  0%| F|  |TAMS 0x0000000707200000| PB 0x0000000707200000| Untracked |  0
|  11|0x0000000707400000, 0x0000000707400000, 0x0000000707600000|  0%| F|  |TAMS 0x0000000707400000| PB 0x0000000707400000| Untracked |  0
|  12|0x0000000707600000, 0x0000000707600000, 0x0000000707800000|  0%| F|  |TAMS 0x0000000707600000| PB 0x0000000707600000| Untracked |  0
|  13|0x0000000707800000, 0x0000000707800000, 0x0000000707a00000|  0%| F|  |TAMS 0x0000000707800000| PB 0x0000000707800000| Untracked |  0
|  14|0x0000000707a00000, 0x0000000707a00000, 0x0000000707c00000|  0%| F|  |TAMS 0x0000000707a00000| PB 0x0000000707a00000| Untracked |  0
|  15|0x0000000707c00000, 0x0000000707c00000, 0x0000000707e00000|  0%| F|  |TAMS 0x0000000707c00000| PB 0x0000000707c00000| Untracked |  0
|  16|0x0000000707e00000, 0x0000000707e00000, 0x0000000708000000|  0%| F|  |TAMS 0x0000000707e00000| PB 0x0000000707e00000| Untracked |  0
|  17|0x0000000708000000, 0x0000000708000000, 0x0000000708200000|  0%| F|  |TAMS 0x0000000708000000| PB 0x0000000708000000| Untracked |  0
|  18|0x0000000708200000, 0x0000000708200000, 0x0000000708400000|  0%| F|  |TAMS 0x0000000708200000| PB 0x0000000708200000| Untracked |  0
|  19|0x0000000708400000, 0x0000000708400000, 0x0000000708600000|  0%| F|  |TAMS 0x0000000708400000| PB 0x0000000708400000| Untracked |  0
|  20|0x0000000708600000, 0x0000000708600000, 0x0000000708800000|  0%| F|  |TAMS 0x0000000708600000| PB 0x0000000708600000| Untracked |  0
|  21|0x0000000708800000, 0x0000000708800000, 0x0000000708a00000|  0%| F|  |TAMS 0x0000000708800000| PB 0x0000000708800000| Untracked |  0
|  22|0x0000000708a00000, 0x0000000708a00000, 0x0000000708c00000|  0%| F|  |TAMS 0x0000000708a00000| PB 0x0000000708a00000| Untracked |  0
|  23|0x0000000708c00000, 0x0000000708c00000, 0x0000000708e00000|  0%| F|  |TAMS 0x0000000708c00000| PB 0x0000000708c00000| Untracked |  0
|  24|0x0000000708e00000, 0x0000000708e00000, 0x0000000709000000|  0%| F|  |TAMS 0x0000000708e00000| PB 0x0000000708e00000| Untracked |  0
|  25|0x0000000709000000, 0x0000000709000000, 0x0000000709200000|  0%| F|  |TAMS 0x0000000709000000| PB 0x0000000709000000| Untracked |  0
|  26|0x0000000709200000, 0x0000000709200000, 0x0000000709400000|  0%| F|  |TAMS 0x0000000709200000| PB 0x0000000709200000| Untracked |  0
|  27|0x0000000709400000, 0x0000000709400000, 0x0000000709600000|  0%| F|  |TAMS 0x0000000709400000| PB 0x0000000709400000| Untracked |  0
|  28|0x0000000709600000, 0x0000000709600000, 0x0000000709800000|  0%| F|  |TAMS 0x0000000709600000| PB 0x0000000709600000| Untracked |  0
|  29|0x0000000709800000, 0x0000000709800000, 0x0000000709a00000|  0%| F|  |TAMS 0x0000000709800000| PB 0x0000000709800000| Untracked |  0
|  30|0x0000000709a00000, 0x0000000709a00000, 0x0000000709c00000|  0%| F|  |TAMS 0x0000000709a00000| PB 0x0000000709a00000| Untracked |  0
|  31|0x0000000709c00000, 0x0000000709c00000, 0x0000000709e00000|  0%| F|  |TAMS 0x0000000709c00000| PB 0x0000000709c00000| Untracked |  0
|  32|0x0000000709e00000, 0x0000000709e00000, 0x000000070a000000|  0%| F|  |TAMS 0x0000000709e00000| PB 0x0000000709e00000| Untracked |  0
|  33|0x000000070a000000, 0x000000070a000000, 0x000000070a200000|  0%| F|  |TAMS 0x000000070a000000| PB 0x000000070a000000| Untracked |  0
|  34|0x000000070a200000, 0x000000070a200000, 0x000000070a400000|  0%| F|  |TAMS 0x000000070a200000| PB 0x000000070a200000| Untracked |  0
|  35|0x000000070a400000, 0x000000070a400000, 0x000000070a600000|  0%| F|  |TAMS 0x000000070a400000| PB 0x000000070a400000| Untracked |  0
|  36|0x000000070a600000, 0x000000070a600000, 0x000000070a800000|  0%| F|  |TAMS 0x000000070a600000| PB 0x000000070a600000| Untracked |  0
|  37|0x000000070a800000, 0x000000070a800000, 0x000000070aa00000|  0%| F|  |TAMS 0x000000070a800000| PB 0x000000070a800000| Untracked |  0
|  38|0x000000070aa00000, 0x000000070aa00000, 0x000000070ac00000|  0%| F|  |TAMS 0x000000070aa00000| PB 0x000000070aa00000| Untracked |  0
|  39|0x000000070ac00000, 0x000000070ac00000, 0x000000070ae00000|  0%| F|  |TAMS 0x000000070ac00000| PB 0x000000070ac00000| Untracked |  0
|  40|0x000000070ae00000, 0x000000070ae00000, 0x000000070b000000|  0%| F|  |TAMS 0x000000070ae00000| PB 0x000000070ae00000| Untracked |  0
|  41|0x000000070b000000, 0x000000070b000000, 0x000000070b200000|  0%| F|  |TAMS 0x000000070b000000| PB 0x000000070b000000| Untracked |  0
|  42|0x000000070b200000, 0x000000070b200000, 0x000000070b400000|  0%| F|  |TAMS 0x000000070b200000| PB 0x000000070b200000| Untracked |  0
|  43|0x000000070b400000, 0x000000070b400000, 0x000000070b600000|  0%| F|  |TAMS 0x000000070b400000| PB 0x000000070b400000| Untracked |  0
|  44|0x000000070b600000, 0x000000070b600000, 0x000000070b800000|  0%| F|  |TAMS 0x000000070b600000| PB 0x000000070b600000| Untracked |  0
|  45|0x000000070b800000, 0x000000070b800000, 0x000000070ba00000|  0%| F|  |TAMS 0x000000070b800000| PB 0x000000070b800000| Untracked |  0
|  46|0x000000070ba00000, 0x000000070ba00000, 0x000000070bc00000|  0%| F|  |TAMS 0x000000070ba00000| PB 0x000000070ba00000| Untracked |  0
|  47|0x000000070bc00000, 0x000000070bc00000, 0x000000070be00000|  0%| F|  |TAMS 0x000000070bc00000| PB 0x000000070bc00000| Untracked |  0
|  48|0x000000070be00000, 0x000000070be00000, 0x000000070c000000|  0%| F|  |TAMS 0x000000070be00000| PB 0x000000070be00000| Untracked |  0
|  49|0x000000070c000000, 0x000000070c000000, 0x000000070c200000|  0%| F|  |TAMS 0x000000070c000000| PB 0x000000070c000000| Untracked |  0
|  50|0x000000070c200000, 0x000000070c200000, 0x000000070c400000|  0%| F|  |TAMS 0x000000070c200000| PB 0x000000070c200000| Untracked |  0
|  51|0x000000070c400000, 0x000000070c400000, 0x000000070c600000|  0%| F|  |TAMS 0x000000070c400000| PB 0x000000070c400000| Untracked |  0
|  52|0x000000070c600000, 0x000000070c600000, 0x000000070c800000|  0%| F|  |TAMS 0x000000070c600000| PB 0x000000070c600000| Untracked |  0
|  53|0x000000070c800000, 0x000000070c800000, 0x000000070ca00000|  0%| F|  |TAMS 0x000000070c800000| PB 0x000000070c800000| Untracked |  0
|  54|0x000000070ca00000, 0x000000070ca00000, 0x000000070cc00000|  0%| F|  |TAMS 0x000000070ca00000| PB 0x000000070ca00000| Untracked |  0
|  55|0x000000070cc00000, 0x000000070cc00000, 0x000000070ce00000|  0%| F|  |TAMS 0x000000070cc00000| PB 0x000000070cc00000| Untracked |  0
|  56|0x000000070ce00000, 0x000000070ce00000, 0x000000070d000000|  0%| F|  |TAMS 0x000000070ce00000| PB 0x000000070ce00000| Untracked |  0
|  57|0x000000070d000000, 0x000000070d000000, 0x000000070d200000|  0%| F|  |TAMS 0x000000070d000000| PB 0x000000070d000000| Untracked |  0
|  58|0x000000070d200000, 0x000000070d200000, 0x000000070d400000|  0%| F|  |TAMS 0x000000070d200000| PB 0x000000070d200000| Untracked |  0
|  59|0x000000070d400000, 0x000000070d400000, 0x000000070d600000|  0%| F|  |TAMS 0x000000070d400000| PB 0x000000070d400000| Untracked |  0
|  60|0x000000070d600000, 0x000000070d600000, 0x000000070d800000|  0%| F|  |TAMS 0x000000070d600000| PB 0x000000070d600000| Untracked |  0
|  61|0x000000070d800000, 0x000000070d800000, 0x000000070da00000|  0%| F|  |TAMS 0x000000070d800000| PB 0x000000070d800000| Untracked |  0
|  62|0x000000070da00000, 0x000000070da00000, 0x000000070dc00000|  0%| F|  |TAMS 0x000000070da00000| PB 0x000000070da00000| Untracked |  0
|  63|0x000000070dc00000, 0x000000070dc00000, 0x000000070de00000|  0%| F|  |TAMS 0x000000070dc00000| PB 0x000000070dc00000| Untracked |  0
|  64|0x000000070de00000, 0x000000070de00000, 0x000000070e000000|  0%| F|  |TAMS 0x000000070de00000| PB 0x000000070de00000| Untracked |  0
|  65|0x000000070e000000, 0x000000070e000000, 0x000000070e200000|  0%| F|  |TAMS 0x000000070e000000| PB 0x000000070e000000| Untracked |  0
|  66|0x000000070e200000, 0x000000070e200000, 0x000000070e400000|  0%| F|  |TAMS 0x000000070e200000| PB 0x000000070e200000| Untracked |  0
|  67|0x000000070e400000, 0x000000070e400000, 0x000000070e600000|  0%| F|  |TAMS 0x000000070e400000| PB 0x000000070e400000| Untracked |  0
|  68|0x000000070e600000, 0x000000070e600000, 0x000000070e800000|  0%| F|  |TAMS 0x000000070e600000| PB 0x000000070e600000| Untracked |  0
|  69|0x000000070e800000, 0x000000070e800000, 0x000000070ea00000|  0%| F|  |TAMS 0x000000070e800000| PB 0x000000070e800000| Untracked |  0
|  70|0x000000070ea00000, 0x000000070ea00000, 0x000000070ec00000|  0%| F|  |TAMS 0x000000070ea00000| PB 0x000000070ea00000| Untracked |  0
|  71|0x000000070ec00000, 0x000000070ec00000, 0x000000070ee00000|  0%| F|  |TAMS 0x000000070ec00000| PB 0x000000070ec00000| Untracked |  0
|  72|0x000000070ee00000, 0x000000070ee00000, 0x000000070f000000|  0%| F|  |TAMS 0x000000070ee00000| PB 0x000000070ee00000| Untracked |  0
|  73|0x000000070f000000, 0x000000070f000000, 0x000000070f200000|  0%| F|  |TAMS 0x000000070f000000| PB 0x000000070f000000| Untracked |  0
|  74|0x000000070f200000, 0x000000070f200000, 0x000000070f400000|  0%| F|  |TAMS 0x000000070f200000| PB 0x000000070f200000| Untracked |  0
|  75|0x000000070f400000, 0x000000070f400000, 0x000000070f600000|  0%| F|  |TAMS 0x000000070f400000| PB 0x000000070f400000| Untracked |  0
|  76|0x000000070f600000, 0x000000070f600000, 0x000000070f800000|  0%| F|  |TAMS 0x000000070f600000| PB 0x000000070f600000| Untracked |  0
|  77|0x000000070f800000, 0x000000070f800000, 0x000000070fa00000|  0%| F|  |TAMS 0x000000070f800000| PB 0x000000070f800000| Untracked |  0
|  78|0x000000070fa00000, 0x000000070fa00000, 0x000000070fc00000|  0%| F|  |TAMS 0x000000070fa00000| PB 0x000000070fa00000| Untracked |  0
|  79|0x000000070fc00000, 0x000000070fc00000, 0x000000070fe00000|  0%| F|  |TAMS 0x000000070fc00000| PB 0x000000070fc00000| Untracked |  0
|  80|0x000000070fe00000, 0x000000070fe00000, 0x0000000710000000|  0%| F|  |TAMS 0x000000070fe00000| PB 0x000000070fe00000| Untracked |  0
|  81|0x0000000710000000, 0x0000000710000000, 0x0000000710200000|  0%| F|  |TAMS 0x0000000710000000| PB 0x0000000710000000| Untracked |  0
|  82|0x0000000710200000, 0x0000000710200000, 0x0000000710400000|  0%| F|  |TAMS 0x0000000710200000| PB 0x0000000710200000| Untracked |  0
|  83|0x0000000710400000, 0x0000000710400000, 0x0000000710600000|  0%| F|  |TAMS 0x0000000710400000| PB 0x0000000710400000| Untracked |  0
|  84|0x0000000710600000, 0x0000000710600000, 0x0000000710800000|  0%| F|  |TAMS 0x0000000710600000| PB 0x0000000710600000| Untracked |  0
|  85|0x0000000710800000, 0x0000000710800000, 0x0000000710a00000|  0%| F|  |TAMS 0x0000000710800000| PB 0x0000000710800000| Untracked |  0
|  86|0x0000000710a00000, 0x0000000710a00000, 0x0000000710c00000|  0%| F|  |TAMS 0x0000000710a00000| PB 0x0000000710a00000| Untracked |  0
|  87|0x0000000710c00000, 0x0000000710c00000, 0x0000000710e00000|  0%| F|  |TAMS 0x0000000710c00000| PB 0x0000000710c00000| Untracked |  0
|  88|0x0000000710e00000, 0x0000000710e00000, 0x0000000711000000|  0%| F|  |TAMS 0x0000000710e00000| PB 0x0000000710e00000| Untracked |  0
|  89|0x0000000711000000, 0x0000000711000000, 0x0000000711200000|  0%| F|  |TAMS 0x0000000711000000| PB 0x0000000711000000| Untracked |  0
|  90|0x0000000711200000, 0x0000000711200000, 0x0000000711400000|  0%| F|  |TAMS 0x0000000711200000| PB 0x0000000711200000| Untracked |  0
|  91|0x0000000711400000, 0x0000000711400000, 0x0000000711600000|  0%| F|  |TAMS 0x0000000711400000| PB 0x0000000711400000| Untracked |  0
|  92|0x0000000711600000, 0x0000000711600000, 0x0000000711800000|  0%| F|  |TAMS 0x0000000711600000| PB 0x0000000711600000| Untracked |  0
|  93|0x0000000711800000, 0x0000000711800000, 0x0000000711a00000|  0%| F|  |TAMS 0x0000000711800000| PB 0x0000000711800000| Untracked |  0
|  94|0x0000000711a00000, 0x0000000711a00000, 0x0000000711c00000|  0%| F|  |TAMS 0x0000000711a00000| PB 0x0000000711a00000| Untracked |  0
|  95|0x0000000711c00000, 0x0000000711c00000, 0x0000000711e00000|  0%| F|  |TAMS 0x0000000711c00000| PB 0x0000000711c00000| Untracked |  0
|  96|0x0000000711e00000, 0x0000000711e00000, 0x0000000712000000|  0%| F|  |TAMS 0x0000000711e00000| PB 0x0000000711e00000| Untracked |  0
|  97|0x0000000712000000, 0x0000000712000000, 0x0000000712200000|  0%| F|  |TAMS 0x0000000712000000| PB 0x0000000712000000| Untracked |  0
|  98|0x0000000712200000, 0x0000000712200000, 0x0000000712400000|  0%| F|  |TAMS 0x0000000712200000| PB 0x0000000712200000| Untracked |  0
|  99|0x0000000712400000, 0x0000000712400000, 0x0000000712600000|  0%| F|  |TAMS 0x0000000712400000| PB 0x0000000712400000| Untracked |  0
| 100|0x0000000712600000, 0x0000000712600000, 0x0000000712800000|  0%| F|  |TAMS 0x0000000712600000| PB 0x0000000712600000| Untracked |  0
| 101|0x0000000712800000, 0x0000000712800000, 0x0000000712a00000|  0%| F|  |TAMS 0x0000000712800000| PB 0x0000000712800000| Untracked |  0
| 102|0x0000000712a00000, 0x0000000712a00000, 0x0000000712c00000|  0%| F|  |TAMS 0x0000000712a00000| PB 0x0000000712a00000| Untracked |  0
| 103|0x0000000712c00000, 0x0000000712c00000, 0x0000000712e00000|  0%| F|  |TAMS 0x0000000712c00000| PB 0x0000000712c00000| Untracked |  0
| 104|0x0000000712e00000, 0x0000000712e00000, 0x0000000713000000|  0%| F|  |TAMS 0x0000000712e00000| PB 0x0000000712e00000| Untracked |  0
| 105|0x0000000713000000, 0x0000000713000000, 0x0000000713200000|  0%| F|  |TAMS 0x0000000713000000| PB 0x0000000713000000| Untracked |  0
| 106|0x0000000713200000, 0x0000000713200000, 0x0000000713400000|  0%| F|  |TAMS 0x0000000713200000| PB 0x0000000713200000| Untracked |  0
| 107|0x0000000713400000, 0x0000000713400000, 0x0000000713600000|  0%| F|  |TAMS 0x0000000713400000| PB 0x0000000713400000| Untracked |  0
| 108|0x0000000713600000, 0x0000000713600000, 0x0000000713800000|  0%| F|  |TAMS 0x0000000713600000| PB 0x0000000713600000| Untracked |  0
| 109|0x0000000713800000, 0x0000000713800000, 0x0000000713a00000|  0%| F|  |TAMS 0x0000000713800000| PB 0x0000000713800000| Untracked |  0
| 110|0x0000000713a00000, 0x0000000713a00000, 0x0000000713c00000|  0%| F|  |TAMS 0x0000000713a00000| PB 0x0000000713a00000| Untracked |  0
| 111|0x0000000713c00000, 0x0000000713c00000, 0x0000000713e00000|  0%| F|  |TAMS 0x0000000713c00000| PB 0x0000000713c00000| Untracked |  0
| 112|0x0000000713e00000, 0x0000000714000000, 0x0000000714000000|100%| E|  |TAMS 0x0000000713e00000| PB 0x0000000713e00000| Complete |  0
| 113|0x0000000714000000, 0x0000000714200000, 0x0000000714200000|100%| E|CS|TAMS 0x0000000714000000| PB 0x0000000714000000| Complete |  0
| 114|0x0000000714200000, 0x0000000714400000, 0x0000000714400000|100%| E|CS|TAMS 0x0000000714200000| PB 0x0000000714200000| Complete |  0
| 115|0x0000000714400000, 0x0000000714600000, 0x0000000714600000|100%| E|CS|TAMS 0x0000000714400000| PB 0x0000000714400000| Complete |  0
| 116|0x0000000714600000, 0x0000000714800000, 0x0000000714800000|100%| E|CS|TAMS 0x0000000714600000| PB 0x0000000714600000| Complete |  0
| 117|0x0000000714800000, 0x0000000714a00000, 0x0000000714a00000|100%| E|CS|TAMS 0x0000000714800000| PB 0x0000000714800000| Complete |  0
| 118|0x0000000714a00000, 0x0000000714c00000, 0x0000000714c00000|100%| E|CS|TAMS 0x0000000714a00000| PB 0x0000000714a00000| Complete |  0
| 119|0x0000000714c00000, 0x0000000714e00000, 0x0000000714e00000|100%| E|CS|TAMS 0x0000000714c00000| PB 0x0000000714c00000| Complete |  0
| 120|0x0000000714e00000, 0x0000000715000000, 0x0000000715000000|100%| E|CS|TAMS 0x0000000714e00000| PB 0x0000000714e00000| Complete |  0
| 121|0x0000000715000000, 0x0000000715200000, 0x0000000715200000|100%| E|CS|TAMS 0x0000000715000000| PB 0x0000000715000000| Complete |  0
| 122|0x0000000715200000, 0x0000000715400000, 0x0000000715400000|100%| E|CS|TAMS 0x0000000715200000| PB 0x0000000715200000| Complete |  0
| 123|0x0000000715400000, 0x0000000715600000, 0x0000000715600000|100%| E|CS|TAMS 0x0000000715400000| PB 0x0000000715400000| Complete |  0
| 124|0x0000000715600000, 0x0000000715800000, 0x0000000715800000|100%| E|CS|TAMS 0x0000000715600000| PB 0x0000000715600000| Complete |  0
| 125|0x0000000715800000, 0x0000000715a00000, 0x0000000715a00000|100%| E|CS|TAMS 0x0000000715800000| PB 0x0000000715800000| Complete |  0
|2000|0x00000007ffe00000, 0x00000007fff1c318, 0x0000000800000000| 55%| O|  |TAMS 0x00000007ffe00000| PB 0x00000007ffe00000| Untracked |  0

Card table byte_map: [0x000001ca697b0000,0x000001ca69f90000] _byte_map_base: 0x000001ca65f81000

Marking Bits: (CMBitMap*) 0x000001ca50ca1020
 Bits: [0x000001ca69f90000, 0x000001ca6de18000)

Polling page: 0x000001ca4e9c0000

Metaspace:

Usage:
  Non-class:      9.84 MB used.
      Class:      1.06 MB used.
       Both:     10.89 MB used.

Virtual space:
  Non-class space:       64.00 MB reserved,      10.00 MB ( 16%) committed,  1 nodes.
      Class space:        1.00 GB reserved,       1.19 MB ( <1%) committed,  1 nodes.
             Both:        1.06 GB reserved,      11.19 MB (  1%) committed. 

Chunk freelists:
   Non-Class:  6.06 MB
       Class:  14.75 MB
        Both:  20.80 MB

MaxMetaspaceSize: unlimited
CompressedClassSpaceSize: 1.00 GB
Initial GC threshold: 21.00 MB
Current GC threshold: 21.00 MB
CDS: on
 - commit_granule_bytes: 65536.
 - commit_granule_words: 8192.
 - virtual_space_node_default_size: 8388608.
 - enlarge_chunks_in_place: 1.
UseCompressedClassPointers 1, UseCompactObjectHeaders 0
Narrow klass pointer bits 32, Max shift 3
Narrow klass base: 0x000001ca00000000, Narrow klass shift: 0
Encoding Range: [0x000001ca00000000 - 0x000001cb00000000), (4294967296 bytes)
Klass Range:    [0x000001ca00000000 - 0x000001ca41000000), (1090519040 bytes)
Klass ID Range:  [8 - 1090519033) (1090519025)


Internal statistics:

num_allocs_failed_limit: 0.
num_arena_births: 112.
num_arena_deaths: 0.
num_vsnodes_births: 2.
num_vsnodes_deaths: 0.
num_space_committed: 179.
num_space_uncommitted: 0.
num_chunks_returned_to_freelist: 0.
num_chunks_taken_from_freelist: 157.
num_chunk_merges: 0.
num_chunk_splits: 96.
num_chunks_enlarged: 55.
num_inconsistent_stats: 0.

CodeHeap 'non-profiled nmethods': size=119232Kb used=482Kb max_used=482Kb free=118749Kb
 bounds [0x000001ca612d0000, 0x000001ca61540000, 0x000001ca68740000]
CodeHeap 'profiled nmethods': size=119104Kb used=2800Kb max_used=2800Kb free=116303Kb
 bounds [0x000001ca59740000, 0x000001ca59a00000, 0x000001ca60b90000]
CodeHeap 'non-nmethods': size=7424Kb used=1521Kb max_used=3276Kb free=5902Kb
 bounds [0x000001ca60b90000, 0x000001ca60ed0000, 0x000001ca612d0000]
CodeCache: size=245760Kb, used=4803Kb, max_used=6558Kb, free=240954Kb
 total_blobs=2561, nmethods=1866, adapters=600, full_count=0
Compilation: enabled, stopped_count=0, restarted_count=0

Compilation events (20 events):
Event: 4588.155 Thread 0x000001ca70dd8090 1855       3       sun.awt.Win32GraphicsConfig::getDefaultTransform (24 bytes)
Event: 4588.156 Thread 0x000001ca70dd8090 nmethod 1855 0x000001ca599f7c08 code [0x000001ca599f7d20, 0x000001ca599f7f98]
Event: 11814.875 Thread 0x000001ca70dd8090 1856       3       java.lang.ref.ReferenceQueue::poll0 (65 bytes)
Event: 11814.882 Thread 0x000001ca70dd8090 nmethod 1856 0x000001ca599f8008 code [0x000001ca599f8140, 0x000001ca599f8620]
Event: 19735.691 Thread 0x000001ca70dd8090 1857  s    3       jdk.internal.ref.CleanerImpl$CleanableList::isEmpty (16 bytes)
Event: 19735.695 Thread 0x000001ca70dd8090 nmethod 1857 0x000001ca599f8688 code [0x000001ca599f87a0, 0x000001ca599f8a50]
Event: 19735.695 Thread 0x000001ca70dd8090 1860       3       java.lang.ref.ReferenceQueue::remove0 (67 bytes)
Event: 19735.698 Thread 0x000001ca70dd8090 nmethod 1860 0x000001ca599f8a88 code [0x000001ca599f8c00, 0x000001ca599f9060]
Event: 19735.699 Thread 0x000001ca70dd8090 1858       3       jdk.internal.misc.InnocuousThread::eraseThreadLocals (23 bytes)
Event: 19735.701 Thread 0x000001ca70dd8090 nmethod 1858 0x000001ca599f9088 code [0x000001ca599f91a0, 0x000001ca599f9390]
Event: 19735.701 Thread 0x000001ca70dd8090 1859   !   3       java.lang.ref.ReferenceQueue::remove (49 bytes)
Event: 19735.706 Thread 0x000001ca70dd8090 nmethod 1859 0x000001ca599f9408 code [0x000001ca599f95a0, 0x000001ca599f9f50]
Event: 24916.214 Thread 0x000001ca70dd8090 1861   !   3       java.awt.event.InvocationEvent::dispatch (69 bytes)
Event: 24916.219 Thread 0x000001ca70dd3df0 1863       4       java.util.HashMap$HashIterator::hasNext (13 bytes)
Event: 24916.224 Thread 0x000001ca70dd8090 nmethod 1861 0x000001ca599f9f88 code [0x000001ca599fa100, 0x000001ca599fa778]
Event: 24916.225 Thread 0x000001ca70dd8090 1862   !   3       java.awt.Toolkit::setDesktopProperty (81 bytes)
Event: 24916.227 Thread 0x000001ca70dd3df0 nmethod 1863 0x000001ca61348208 code [0x000001ca61348300, 0x000001ca61348380]
Event: 24916.228 Thread 0x000001ca70dd8090 nmethod 1862 0x000001ca599fa788 code [0x000001ca599fa920, 0x000001ca599fb230]
Event: 24916.228 Thread 0x000001ca70dd8090 1864   !   3       java.awt.event.InvocationEvent::finishedDispatching (53 bytes)
Event: 24916.229 Thread 0x000001ca70dd8090 nmethod 1864 0x000001ca599fb288 code [0x000001ca599fb3c0, 0x000001ca599fb860]

GC Heap History (0 events):
No events

Dll operation events (10 events):
Event: 0.009 Loaded shared library C:\Program Files\Apache NetBeans\jdk\bin\java.dll
Event: 0.038 Loaded shared library C:\Program Files\Apache NetBeans\jdk\bin\jsvml.dll
Event: 0.065 Loaded shared library C:\Program Files\Apache NetBeans\jdk\bin\net.dll
Event: 0.067 Loaded shared library C:\Program Files\Apache NetBeans\jdk\bin\nio.dll
Event: 0.088 Loaded shared library C:\Program Files\Apache NetBeans\jdk\bin\zip.dll
Event: 0.091 Loaded shared library C:\Program Files\Apache NetBeans\jdk\bin\jimage.dll
Event: 0.099 Loaded shared library C:\Program Files\Apache NetBeans\jdk\bin\awt.dll
Event: 0.260 Loaded shared library C:\Program Files\Apache NetBeans\jdk\bin\verify.dll
Event: 0.324 Loaded shared library C:\Program Files\Apache NetBeans\jdk\bin\freetype.dll
Event: 0.325 Loaded shared library C:\Program Files\Apache NetBeans\jdk\bin\fontmanager.dll

Deoptimization events (20 events):
Event: 0.722 Thread 0x000001ca45a77fc0 Uncommon trap: trap_request=0xffffff4d fr.pc=0x000001ca613395bc relative=0x00000000000003dc
Event: 0.722 Thread 0x000001ca45a77fc0 Uncommon trap: reason=unstable_if action=reinterpret pc=0x000001ca613395bc method=java.lang.Character.isSurrogate(C)Z @ 3 c2
Event: 0.722 Thread 0x000001ca45a77fc0 DEOPT PACKING pc=0x000001ca613395bc sp=0x0000001b187fcf40
Event: 0.722 Thread 0x000001ca45a77fc0 DEOPT UNPACKING pc=0x000001ca60ca8582 sp=0x0000001b187fce58 mode 2
Event: 0.722 Thread 0x000001ca45a77fc0 Uncommon trap: trap_request=0xffffff4d fr.pc=0x000001ca61337fc4 relative=0x0000000000000044
Event: 0.722 Thread 0x000001ca45a77fc0 Uncommon trap: reason=unstable_if action=reinterpret pc=0x000001ca61337fc4 method=java.lang.Character.isSurrogate(C)Z @ 3 c2
Event: 0.722 Thread 0x000001ca45a77fc0 DEOPT PACKING pc=0x000001ca61337fc4 sp=0x0000001b187fcec0
Event: 0.722 Thread 0x000001ca45a77fc0 DEOPT UNPACKING pc=0x000001ca60ca8582 sp=0x0000001b187fce58 mode 2
Event: 0.748 Thread 0x000001ca45a77fc0 Uncommon trap: trap_request=0xffffff5c fr.pc=0x000001ca6133440c relative=0x000000000000008c
Event: 0.748 Thread 0x000001ca45a77fc0 Uncommon trap: reason=speculate_null_check action=make_not_entrant pc=0x000001ca6133440c method=jdk.internal.misc.Unsafe.getIntUnaligned(Ljava/lang/Object;JZ)I @ 5 c2
Event: 0.748 Thread 0x000001ca45a77fc0 DEOPT PACKING pc=0x000001ca6133440c sp=0x0000001b187fd0c0
Event: 0.748 Thread 0x000001ca45a77fc0 DEOPT UNPACKING pc=0x000001ca60ca8582 sp=0x0000001b187fcf20 mode 2
Event: 0.748 Thread 0x000001ca45a77fc0 Uncommon trap: trap_request=0xffffff5c fr.pc=0x000001ca61330e60 relative=0x0000000000000060
Event: 0.748 Thread 0x000001ca45a77fc0 Uncommon trap: reason=speculate_null_check action=make_not_entrant pc=0x000001ca61330e60 method=jdk.internal.misc.Unsafe.getIntUnaligned(Ljava/lang/Object;JZ)I @ 5 c2
Event: 0.748 Thread 0x000001ca45a77fc0 DEOPT PACKING pc=0x000001ca61330e60 sp=0x0000001b187fcfc0
Event: 0.748 Thread 0x000001ca45a77fc0 DEOPT UNPACKING pc=0x000001ca60ca8582 sp=0x0000001b187fcf18 mode 2
Event: 0.762 Thread 0x000001ca45a77fc0 Uncommon trap: trap_request=0xffffff4d fr.pc=0x000001ca613379c8 relative=0x0000000000000128
Event: 0.762 Thread 0x000001ca45a77fc0 Uncommon trap: reason=unstable_if action=reinterpret pc=0x000001ca613379c8 method=java.lang.ThreadLocal$ThreadLocalMap.getEntry(Ljava/lang/ThreadLocal;)Ljava/lang/ThreadLocal$ThreadLocalMap$Entry; @ 21 c2
Event: 0.762 Thread 0x000001ca45a77fc0 DEOPT PACKING pc=0x000001ca613379c8 sp=0x0000001b187fd750
Event: 0.762 Thread 0x000001ca45a77fc0 DEOPT UNPACKING pc=0x000001ca60ca8582 sp=0x0000001b187fd670 mode 2

Classes loaded (20 events):
Event: 1.983 Loading class java/awt/event/MouseEvent$1
Event: 1.983 Loading class sun/awt/AWTAccessor$MouseEventAccessor
Event: 1.983 Loading class sun/awt/AWTAccessor$MouseEventAccessor done
Event: 1.983 Loading class java/awt/event/MouseEvent$1 done
Event: 1.984 Loading class java/awt/Cursor$CursorDisposer
Event: 1.984 Loading class java/awt/Cursor$CursorDisposer done
Event: 1.984 Loading class java/awt/Container$MouseEventTargetFilter
Event: 1.984 Loading class java/awt/Container$EventTargetFilter
Event: 1.984 Loading class java/awt/Container$EventTargetFilter done
Event: 1.984 Loading class java/awt/Container$MouseEventTargetFilter done
Event: 1.985 Loading class java/awt/event/MouseWheelEvent
Event: 1.985 Loading class java/awt/event/MouseWheelEvent done
Event: 4.111 Loading class sun/awt/SunToolkit$1
Event: 4.111 Loading class sun/awt/SunToolkit$1 done
Event: 663.739 Loading class java/util/WeakHashMap$KeyIterator
Event: 663.739 Loading class java/util/WeakHashMap$HashIterator
Event: 663.739 Loading class java/util/WeakHashMap$HashIterator done
Event: 663.739 Loading class java/util/WeakHashMap$KeyIterator done
Event: 663.744 Loading class javax/swing/RepaintManager$DisplayChangedRunnable
Event: 663.744 Loading class javax/swing/RepaintManager$DisplayChangedRunnable done

Classes unloaded (0 events):
No events

Classes redefined (0 events):
No events

Internal exceptions (20 events):
Event: 0.165 Thread 0x000001ca4e7ce340 Exception <a 'java/lang/NoSuchMethodError'{0x0000000715470520}: 'java.lang.Object java.lang.invoke.DirectMethodHandle$Holder.invokeStaticInit(java.lang.Object, long)'> (0x0000000715470520) 
thrown [s\src\hotspot\share\interpreter\linkResolver.cpp, line 805]
Event: 0.186 Thread 0x000001ca4e7ce340 Exception <a 'java/lang/NoSuchMethodError'{0x00000007154a08b0}: 'void java.lang.invoke.DirectMethodHandle$Holder.invokeSpecial(java.lang.Object, java.lang.Object, java.lang.Object)'> (0x00000007154a08b0) 
thrown [s\src\hotspot\share\interpreter\linkResolver.cpp, line 805]
Event: 0.199 Thread 0x000001ca4e7ce340 Exception <a 'java/lang/NoSuchMethodError'{0x0000000715209348}: 'java.lang.Object java.lang.invoke.DirectMethodHandle$Holder.newInvokeSpecial(java.lang.Object, java.lang.Object, java.lang.Object, java.lang.Object, java.lang.Object)'> (0x0000000715209348) 
thrown [s\src\hotspot\share\interpreter\linkResolver.cpp, line 805]
Event: 0.207 Thread 0x000001ca4e7ce340 Exception <a 'java/lang/NoSuchMethodError'{0x0000000715271490}: 'java.lang.Object java.lang.invoke.DirectMethodHandle$Holder.invokeStatic(java.lang.Object, int, java.lang.Object)'> (0x0000000715271490) 
thrown [s\src\hotspot\share\interpreter\linkResolver.cpp, line 805]
Event: 0.232 Thread 0x000001ca4e7ce340 Exception <a 'java/lang/ClassNotFoundException'{0x00000007150a3030}: com/sun/swing/internal/plaf/metal/resources/spi/metalProvider> (0x00000007150a3030) 
thrown [s\src\hotspot\share\classfile\systemDictionary.cpp, line 327]
Event: 0.233 Thread 0x000001ca4e7ce340 Exception <a 'java/lang/ClassNotFoundException'{0x00000007150a6a40}: com/sun/swing/internal/plaf/basic/resources/spi/basicProvider> (0x00000007150a6a40) 
thrown [s\src\hotspot\share\classfile\systemDictionary.cpp, line 327]
Event: 0.242 Thread 0x000001ca4e7ce340 Exception <a 'java/lang/NoSuchMethodError'{0x00000007150d44f8}: 'int java.lang.invoke.Invokers$Holder.invokeExact_MT(java.lang.Object, java.lang.Object)'> (0x00000007150d44f8) 
thrown [s\src\hotspot\share\interpreter\linkResolver.cpp, line 805]
Event: 0.333 Thread 0x000001ca4e7ce340 Exception <a 'java/lang/NoSuchMethodError'{0x0000000714fa04c8}: 'long java.lang.invoke.DirectMethodHandle$Holder.invokeStaticInit(java.lang.Object, long, long, long, long)'> (0x0000000714fa04c8) 
thrown [s\src\hotspot\share\interpreter\linkResolver.cpp, line 805]
Event: 0.333 Thread 0x000001ca4e7ce340 Exception <a 'java/lang/NoSuchMethodError'{0x0000000714fa8ed0}: 'java.lang.Object java.lang.invoke.DirectMethodHandle$Holder.invokeInterface(java.lang.Object, java.lang.Object, long, long)'> (0x0000000714fa8ed0) 
thrown [s\src\hotspot\share\interpreter\linkResolver.cpp, line 805]
Event: 0.334 Thread 0x000001ca4e7ce340 Exception <a 'java/lang/NoSuchMethodError'{0x0000000714fc1690}: 'void java.lang.invoke.DirectMethodHandle$Holder.invokeStaticInit(java.lang.Object, java.lang.Object, long, java.lang.Object)'> (0x0000000714fc1690) 
thrown [s\src\hotspot\share\interpreter\linkResolver.cpp, line 805]
Event: 0.334 Thread 0x000001ca4e7ce340 Exception <a 'java/lang/NoSuchMethodError'{0x0000000714fca278}: 'long java.lang.invoke.DirectMethodHandle$Holder.invokeStatic(java.lang.Object, long, long)'> (0x0000000714fca278) 
thrown [s\src\hotspot\share\interpreter\linkResolver.cpp, line 805]
Event: 0.338 Thread 0x000001ca4e7ce340 Exception <a 'java/lang/NoSuchMethodError'{0x0000000714ff3fe0}: 'java.lang.Object java.lang.invoke.DirectMethodHandle$Holder.newInvokeSpecial(java.lang.Object, int, java.lang.Object)'> (0x0000000714ff3fe0) 
thrown [s\src\hotspot\share\interpreter\linkResolver.cpp, line 805]
Event: 0.364 Thread 0x000001ca4e7ce340 Exception <a 'java/lang/NoSuchMethodError'{0x0000000714c67950}: 'void java.lang.invoke.DelegatingMethodHandle$Holder.reinvoke_L(java.lang.Object, java.lang.Object, java.lang.Object, java.lang.Object, long, long, float)'> (0x0000000714c67950) 
thrown [s\src\hotspot\share\interpreter\linkResolver.cpp, line 805]
Event: 0.366 Thread 0x000001ca4e7ce340 Exception <a 'java/lang/NoSuchMethodError'{0x0000000714c87fa0}: 'java.lang.Object java.lang.invoke.DirectMethodHandle$Holder.invokeStatic(java.lang.Object, java.lang.Object, java.lang.Object, java.lang.Object, java.lang.Object, long)'> (0x0000000714c87fa0) 
thrown [s\src\hotspot\share\interpreter\linkResolver.cpp, line 805]
Event: 0.370 Thread 0x000001ca4e7ce340 Exception <a 'java/lang/NoSuchMethodError'{0x0000000714ccb700}: 'float java.lang.invoke.DelegatingMethodHandle$Holder.reinvoke_L(java.lang.Object, java.lang.Object, java.lang.Object, java.lang.Object, long, long)'> (0x0000000714ccb700) 
thrown [s\src\hotspot\share\interpreter\linkResolver.cpp, line 805]
Event: 0.479 Thread 0x000001ca458cd270 Exception <a 'java/lang/NoSuchMethodError'{0x0000000715505c60}: 'void java.lang.invoke.DirectMethodHandle$Holder.invokeVirtual(java.lang.Object, java.lang.Object)'> (0x0000000715505c60) 
thrown [s\src\hotspot\share\interpreter\linkResolver.cpp, line 805]
Event: 0.492 Thread 0x000001ca4e7ce340 Exception <a 'java/lang/NoSuchMethodError'{0x0000000714869ae8}: 'void java.lang.invoke.DirectMethodHandle$Holder.invokeStaticInit(java.lang.Object)'> (0x0000000714869ae8) 
thrown [s\src\hotspot\share\interpreter\linkResolver.cpp, line 805]
Event: 0.565 Thread 0x000001ca45a77fc0 Exception <a 'java/io/FileNotFoundException'{0x0000000714656330}> (0x0000000714656330) 
thrown [s\src\hotspot\share\prims\jni.cpp, line 518]
Event: 0.569 Thread 0x000001ca45a77fc0 Exception <a 'java/io/FileNotFoundException'{0x000000071466fe78}> (0x000000071466fe78) 
thrown [s\src\hotspot\share\prims\jni.cpp, line 518]
Event: 0.762 Thread 0x000001ca45a77fc0 Implicit null exception at 0x000001ca613378f5 to 0x000001ca613379a8

VM Operations (20 events):
Event: 0.537 Executing VM operation: HandshakeAllThreads (Deoptimize)
Event: 0.537 Executing VM operation: HandshakeAllThreads (Deoptimize) done
Event: 0.785 Executing VM operation: HandshakeAllThreads (Deoptimize)
Event: 0.785 Executing VM operation: HandshakeAllThreads (Deoptimize) done
Event: 60.165 Executing VM operation: HandshakeAllThreads (HandshakeForDeflation)
Event: 60.165 Executing VM operation: HandshakeAllThreads (HandshakeForDeflation) done
Event: 60.165 Executing VM operation: RendezvousGCThreads
Event: 60.165 Executing VM operation: RendezvousGCThreads done
Event: 1453.273 Executing VM operation: HandshakeAllThreads (HandshakeForDeflation)
Event: 1453.273 Executing VM operation: HandshakeAllThreads (HandshakeForDeflation) done
Event: 1453.273 Executing VM operation: RendezvousGCThreads
Event: 1453.273 Executing VM operation: RendezvousGCThreads done
Event: 4632.374 Executing VM operation: HandshakeAllThreads (HandshakeForDeflation)
Event: 4632.374 Executing VM operation: HandshakeAllThreads (HandshakeForDeflation) done
Event: 4632.376 Executing VM operation: RendezvousGCThreads
Event: 4632.376 Executing VM operation: RendezvousGCThreads done
Event: 10714.033 Executing VM operation: HandshakeAllThreads (HandshakeForDeflation)
Event: 10714.033 Executing VM operation: HandshakeAllThreads (HandshakeForDeflation) done
Event: 10714.033 Executing VM operation: RendezvousGCThreads
Event: 10714.033 Executing VM operation: RendezvousGCThreads done

Memory protections (0 events):
No events

Nmethod flushes (0 events):
No events

Events (20 events):
Event: 0.042 Thread 0x000001ca70dd8090 Thread added: 0x000001ca70da8fb0
Event: 0.064 Thread 0x000001ca4e7ce340 Thread added: 0x000001ca4514a9e0
Event: 0.075 Thread 0x000001ca70da8fb0 Thread added: 0x000001ca4516bb90
Event: 0.079 Thread 0x000001ca4e7ce340 Thread added: 0x000001ca452464e0
Event: 0.144 Thread 0x000001ca4e7ce340 Thread added: 0x000001ca458b9be0
Event: 0.145 Thread 0x000001ca4e7ce340 Thread added: 0x000001ca458bab30
Event: 0.146 Thread 0x000001ca4e7ce340 Thread added: 0x000001ca458cd270
Event: 0.288 Thread 0x000001ca70da8fb0 Thread added: 0x000001ca45a52e50
Event: 0.313 Thread 0x000001ca70dd3df0 Thread added: 0x000001ca45a18650
Event: 0.375 Thread 0x000001ca4e7ce340 Thread added: 0x000001ca45a77fc0
Event: 0.458 Thread 0x000001ca4e7ce340 Thread added: 0x000001ca45c34f80
Event: 0.542 Thread 0x000001ca4e7ce340 Thread exited: 0x000001ca4e7ce340
Event: 0.542 Thread 0x000001ca4e7ce340 Thread added: 0x000001ca4e7ce340
Event: 0.799 Thread 0x000001ca45a77fc0 Thread added: 0x000001ca45babae0
Event: 1.301 Thread 0x000001ca45a18650 Thread exited: 0x000001ca45a18650
Event: 1.301 Thread 0x000001ca4516bb90 Thread exited: 0x000001ca4516bb90
Event: 1.301 Thread 0x000001ca45a52e50 Thread exited: 0x000001ca45a52e50
Event: 1.803 Thread 0x000001ca70da8fb0 Thread exited: 0x000001ca70da8fb0
Event: 5.465 Thread 0x000001ca70da8820 Thread exited: 0x000001ca70da8820
Event: 5.465 Thread 0x000001ca45c34f80 Thread exited: 0x000001ca45c34f80


Dynamic libraries:
0x00007ff635500000 - 0x00007ff63550e000 	C:\Program Files\Apache NetBeans\jdk\bin\java.exe
0x00007ff9d5f00000 - 0x00007ff9d6169000 	C:\WINDOWS\SYSTEM32\ntdll.dll
0x00007ff9d5090000 - 0x00007ff9d5159000 	C:\WINDOWS\System32\KERNEL32.DLL
0x00007ff9d3370000 - 0x00007ff9d3763000 	C:\WINDOWS\System32\KERNELBASE.dll
0x00007ff9d3ad0000 - 0x00007ff9d3c1b000 	C:\WINDOWS\System32\ucrtbase.dll
0x00007ff9a0910000 - 0x00007ff9a0926000 	C:\Program Files\Apache NetBeans\jdk\bin\jli.dll
0x00007ff9aca80000 - 0x00007ff9aca9e000 	C:\Program Files\Apache NetBeans\jdk\bin\VCRUNTIME140.dll
0x00007ff9d4690000 - 0x00007ff9d4854000 	C:\WINDOWS\System32\USER32.dll
0x00007ff9d32b0000 - 0x00007ff9d32d7000 	C:\WINDOWS\System32\win32u.dll
0x00007ff9b99e0000 - 0x00007ff9b9c73000 	C:\WINDOWS\WinSxS\amd64_microsoft.windows.common-controls_6595b64144ccf1df_6.0.26100.5074_none_3e0d6f78e32fd63f\COMCTL32.dll
0x00007ff9d55f0000 - 0x00007ff9d561b000 	C:\WINDOWS\System32\GDI32.dll
0x00007ff9d5e10000 - 0x00007ff9d5eb9000 	C:\WINDOWS\System32\msvcrt.dll
0x00007ff9d3770000 - 0x00007ff9d389d000 	C:\WINDOWS\System32\gdi32full.dll
0x00007ff9d3c20000 - 0x00007ff9d3cc3000 	C:\WINDOWS\System32\msvcp_win.dll
0x00007ff9d4600000 - 0x00007ff9d462f000 	C:\WINDOWS\System32\IMM32.DLL
0x00007ff9ac280000 - 0x00007ff9ac28c000 	C:\Program Files\Apache NetBeans\jdk\bin\vcruntime140_1.dll
0x00007ff995080000 - 0x00007ff99510d000 	C:\Program Files\Apache NetBeans\jdk\bin\msvcp140.dll
0x00007ff8dde30000 - 0x00007ff8decac000 	C:\Program Files\Apache NetBeans\jdk\bin\server\jvm.dll
0x00007ff9d4860000 - 0x00007ff9d4914000 	C:\WINDOWS\System32\ADVAPI32.dll
0x00007ff9d5b00000 - 0x00007ff9d5ba6000 	C:\WINDOWS\System32\sechost.dll
0x00007ff9d5840000 - 0x00007ff9d5958000 	C:\WINDOWS\System32\RPCRT4.dll
0x00007ff9d5620000 - 0x00007ff9d5694000 	C:\WINDOWS\System32\WS2_32.dll
0x00007ff9c8120000 - 0x00007ff9c8155000 	C:\WINDOWS\SYSTEM32\WINMM.dll
0x00007ff9d1ca0000 - 0x00007ff9d1cfe000 	C:\WINDOWS\SYSTEM32\POWRPROF.dll
0x00007ff9cba50000 - 0x00007ff9cba5b000 	C:\WINDOWS\SYSTEM32\VERSION.dll
0x00007ff9d1c80000 - 0x00007ff9d1c94000 	C:\WINDOWS\SYSTEM32\UMPDC.dll
0x00007ff9d1f90000 - 0x00007ff9d1fab000 	C:\WINDOWS\SYSTEM32\kernel.appcore.dll
0x00007ff9ac270000 - 0x00007ff9ac27a000 	C:\Program Files\Apache NetBeans\jdk\bin\jimage.dll
0x00007ff9d08c0000 - 0x00007ff9d0b02000 	C:\WINDOWS\SYSTEM32\DBGHELP.DLL
0x00007ff9d4920000 - 0x00007ff9d4c9b000 	C:\WINDOWS\System32\combase.dll
0x00007ff9d4f10000 - 0x00007ff9d4fe7000 	C:\WINDOWS\System32\OLEAUT32.dll
0x00007ff9a1490000 - 0x00007ff9a14cd000 	C:\WINDOWS\SYSTEM32\dbgcore.DLL
0x00007ff9d3090000 - 0x00007ff9d3129000 	C:\WINDOWS\System32\bcryptPrimitives.dll
0x00007ff9a1d60000 - 0x00007ff9a1d7e000 	C:\Program Files\Apache NetBeans\jdk\bin\java.dll
0x00007ff9d56a0000 - 0x00007ff9d5838000 	C:\WINDOWS\System32\ole32.dll
0x00007ff9d3e30000 - 0x00007ff9d457d000 	C:\WINDOWS\System32\SHELL32.dll
0x00007ff9d38a0000 - 0x00007ff9d3a0c000 	C:\WINDOWS\System32\wintypes.dll
0x00007ff9d0cd0000 - 0x00007ff9d1529000 	C:\WINDOWS\SYSTEM32\windows.storage.dll
0x00007ff9d5960000 - 0x00007ff9d5a50000 	C:\WINDOWS\System32\SHCORE.dll
0x00007ff9d5bb0000 - 0x00007ff9d5c12000 	C:\WINDOWS\System32\shlwapi.dll
0x00007ff9d2fb0000 - 0x00007ff9d2fd9000 	C:\WINDOWS\SYSTEM32\profapi.dll
0x00007ff9433d0000 - 0x00007ff9434a7000 	C:\Program Files\Apache NetBeans\jdk\bin\jsvml.dll
0x00007ff9a1d50000 - 0x00007ff9a1d60000 	C:\Program Files\Apache NetBeans\jdk\bin\net.dll
0x00007ff9d2510000 - 0x00007ff9d257b000 	C:\WINDOWS\system32\mswsock.dll
0x00007ff99d250000 - 0x00007ff99d266000 	C:\Program Files\Apache NetBeans\jdk\bin\nio.dll
0x00007ff99e060000 - 0x00007ff99e077000 	C:\Program Files\Apache NetBeans\jdk\bin\zip.dll
0x00007ff92b200000 - 0x00007ff92b37e000 	C:\Program Files\Apache NetBeans\jdk\bin\awt.dll
0x00007ff9cf950000 - 0x00007ff9cf9ee000 	C:\WINDOWS\SYSTEM32\apphelp.dll
0x00007ff9cfb20000 - 0x00007ff9cfb4b000 	C:\WINDOWS\system32\DWMAPI.DLL
0x00007ff9cfa70000 - 0x00007ff9cfb18000 	C:\WINDOWS\system32\uxtheme.dll
0x00007ff92add0000 - 0x00007ff92aedc000 	C:\WINDOWS\system32\opengl32.dll
0x00007ff92ad80000 - 0x00007ff92adad000 	C:\WINDOWS\SYSTEM32\GLU32.dll
0x00007ff9d0130000 - 0x00007ff9d0174000 	C:\WINDOWS\SYSTEM32\dxcore.dll
0x00007ff9d3cd0000 - 0x00007ff9d3e28000 	C:\WINDOWS\System32\MSCTF.dll
0x00007ff9a0bd0000 - 0x00007ff9a0be0000 	C:\Program Files\Apache NetBeans\jdk\bin\verify.dll
0x00007ff988140000 - 0x00007ff9881c7000 	C:\Program Files\Apache NetBeans\jdk\bin\freetype.dll
0x00007ff938a40000 - 0x00007ff938b29000 	C:\Program Files\Apache NetBeans\jdk\bin\fontmanager.dll
0x00007ff9d5c20000 - 0x00007ff9d5cd1000 	C:\WINDOWS\System32\clbcatq.dll
0x00007ff9cde30000 - 0x00007ff9ce05f000 	C:\WINDOWS\SYSTEM32\WindowsCodecs.dll
0x00007ff99eca0000 - 0x00007ff99ecfa000 	C:\WINDOWS\system32\dataexchange.dll
0x00007ff9c30f0000 - 0x00007ff9c3329000 	C:\WINDOWS\system32\twinapi.appcore.dll
0x00007ff9ca660000 - 0x00007ff9ca7a9000 	C:\WINDOWS\SYSTEM32\textinputframework.dll
0x00007ff9cf690000 - 0x00007ff9cf7b5000 	C:\WINDOWS\SYSTEM32\CoreMessaging.dll
0x00007ff9cb4d0000 - 0x00007ff9cb7b3000 	C:\WINDOWS\SYSTEM32\CoreUIComponents.dll
0x00007ff9d27d0000 - 0x00007ff9d27dc000 	C:\WINDOWS\SYSTEM32\CRYPTBASE.DLL

JVMTI agents: none

dbghelp: loaded successfully - version: 4.0.5 - missing functions: none
symbol engine: initialized successfully - sym options: 0x614 - pdb path: .;C:\Program Files\Apache NetBeans\jdk\bin;C:\WINDOWS\SYSTEM32;C:\WINDOWS\WinSxS\amd64_microsoft.windows.common-controls_6595b64144ccf1df_6.0.26100.5074_none_3e0d6f78e32fd63f;C:\Program Files\Apache NetBeans\jdk\bin\server

VM Arguments:
jvm_args: -Dfile.encoding=UTF-8 --module-path=C:\Users\Istiak\Documents\NetBeansProjects\Bank Management System\build\classes 
java_command: bank.management.system.SignupOne
java_class_path (initial): C:\Users\Istiak\Downloads\jcalendar-1.4\lib\jcalendar-1.4.jar;C:\Users\Istiak\Documents\NetBeansProjects\Bank Management System\build\classes
Launcher Type: SUN_STANDARD

[Global flags]
     intx CICompilerCount                          = 12                                        {product} {ergonomic}
     uint ConcGCThreads                            = 3                                         {product} {ergonomic}
     uint G1ConcRefinementThreads                  = 13                                        {product} {ergonomic}
   size_t G1HeapRegionSize                         = 2097152                                   {product} {ergonomic}
   size_t InitialHeapSize                          = 264241152                                 {product} {ergonomic}
   size_t MarkStackSize                            = 4194304                                   {product} {ergonomic}
   size_t MarkStackSizeMax                         = 536870912                                 {product} {ergonomic}
   size_t MaxHeapSize                              = 4196401152                                {product} {ergonomic}
   size_t MaxNewSize                               = 2516582400                                {product} {ergonomic}
   size_t MinHeapDeltaBytes                        = 2097152                                   {product} {ergonomic}
   size_t MinHeapSize                              = 8388608                                   {product} {ergonomic}
    uintx NonNMethodCodeHeapSize                   = 7602176                                {pd product} {ergonomic}
    uintx NonProfiledCodeHeapSize                  = 122093568                              {pd product} {ergonomic}
     bool PerfDisableSharedMem                     = true                                      {product} {ergonomic}
    uintx ProfiledCodeHeapSize                     = 121962496                              {pd product} {ergonomic}
    uintx ReservedCodeCacheSize                    = 251658240                              {pd product} {ergonomic}
     bool SegmentedCodeCache                       = true                                      {product} {ergonomic}
   size_t SoftMaxHeapSize                          = 4196401152                             {manageable} {ergonomic}
     bool UseCompressedOops                        = true                           {product lp64_product} {ergonomic}
     bool UseG1GC                                  = true                                      {product} {ergonomic}
     bool UseLargePagesIndividualAllocation        = false                                  {pd product} {ergonomic}

Logging:
Log output configuration:
 #0: stdout all=warning uptime,level,tags foldmultilines=false
 #1: stderr all=off uptime,level,tags foldmultilines=false

Environment Variables:
JAVA_HOME=C:\Program Files\Eclipse Adoptium\jdk-17.0.15.6-hotspot\
PATH=C:\Program Files\Eclipse Adoptium\jdk-17.0.15.6-hotspot\bin;C:\Program Files (x86)\Common Files\Oracle\Java\java8path;C:\Program Files (x86)\Common Files\Oracle\Java\javapath;C:\Program Files (x86)\Common Files\Intel\Shared Libraries\redist\intel64\compiler;C:\Windows\system32;C:\Windows;C:\Windows\System32\Wbem;C:\Windows\System32\WindowsPowerShell\v1.0\;C:\Windows\System32\OpenSSH\;C:\Program Files (x86)\NVIDIA Corporation\PhysX\Common;C:\Program Files\steghide;C:\WINDOWS\system32;C:\WINDOWS;C:\WINDOWS\System32\Wbem;C:\WINDOWS\System32\WindowsPowerShell\v1.0\;C:\WINDOWS\System32\OpenSSH\;C:\Program Files\NVIDIA Corporation\NVIDIA app\NvDLISR;C:\Program Files\Git\cmd;C:\Program Files\dotnet\;C:\Users\Istiak\AppData\Local\Programs\Python\Python39\Scripts\;C:\Users\Istiak\AppData\Local\Programs\Python\Python39\;C:\Users\Istiak\AppData\Local\Microsoft\WindowsApps;C:\Users\Istiak\AppData\Local\Programs\Microsoft VS Code\bin;C:\msys64\ucrt64\bin;C:\Users\Istiak\AppData\Local\Programs\Microsoft VS Code\bin;C:\Users\Istiak\AppData\Local\GitHubDesktop\bin
USERNAME=Istiak
OS=Windows_NT
PROCESSOR_IDENTIFIER=Intel64 Family 6 Model 154 Stepping 3, GenuineIntel
TMP=C:\Users\Istiak\AppData\Local\Temp
TEMP=C:\Users\Istiak\AppData\Local\Temp




Periodic native trim disabled

---------------  S Y S T E M  ---------------

OS:
 Windows 11 , 64 bit Build 26100 (10.0.26100.5074)
OS uptime: 2 days 15:46 hours
Hyper-V role detected

CPU: total 16 (initial active 16) (8 cores per cpu, 2 threads per core) family 6 model 154 stepping 3 microcode 0x434, cx8, cmov, fxsr, ht, mmx, 3dnowpref, sse, sse2, sse3, ssse3, sse4.1, sse4.2, popcnt, lzcnt, tsc, tscinvbit, avx, avx2, aes, erms, clmul, bmi1, bmi2, adx, sha, fma, vzeroupper, clflush, clflushopt, clwb, hv, serialize, rdtscp, rdpid, fsrm, gfni, f16c, cet_ibt, cet_ss
Processor Information for the first 16 processors :
  Max Mhz: 2500, Current Mhz: 2500, Mhz Limit: 2500

Memory: 4k page, system-wide physical 16004M (4588M free)
TotalPageFile size 37239M (AvailPageFile size 8390M)
current process WorkingSet (physical memory assigned to process): 18M, peak: 103M
current process commit charge ("private bytes"): 373M, peak: 377M

vm_info: OpenJDK 64-Bit Server VM (24.0.2+12) for windows-amd64 JRE (24.0.2+12) (Zulu24.32+13-CA), built on 2025-07-11T12:45:44Z with MS VC++ 17.1 (VS2022)

END.
