#
# A fatal error has been detected by the Java Runtime Environment:
#
#  EXCEPTION_ACCESS_VIOLATION (0xc0000005) at pc=0x00007ff92b2dad89, pid=8344, tid=32088
#
# JRE version: OpenJDK Runtime Environment Zulu24.32+13-CA (24.0.2+12) (build 24.0.2+12)
# Java VM: OpenJDK 64-Bit Server VM Zulu24.32+13-CA (24.0.2+12, mixed mode, sharing, tiered, compressed oops, compressed class ptrs, g1 gc, windows-amd64)
# Problematic frame:
# C  [awt.dll+0xdad89]
#
# No core dump will be written. Minidumps are not enabled by default on client versions of Windows
#
# If you would like to submit a bug report, please visit:
#   http://www.azul.com/support/
# The crash happened outside the Java Virtual Machine in native code.
# See problematic frame for where to report the bug.
#

---------------  S U M M A R Y ------------

Command Line: -Dfile.encoding=UTF-8 --module-path=C:\Users\Istiak\Documents\NetBeansProjects\Bank Management System\build\classes bank.management.system.SignupOne

Host: 12th Gen Intel(R) Core(TM) i5-12500H, 16 cores, 15G,  Windows 11 , 64 bit Build 26100 (10.0.26100.5074)
Time: Sat Sep 13 06:20:53 2025 Bangladesh Standard Time elapsed time: 24949.800162 seconds (0d 6h 55m 49s)

---------------  T H R E A D  ---------------

Current thread (0x000001d793767790):  JavaThread "AWT-EventQueue-0"        [_thread_in_native, id=32088, stack(0x00000088f6100000,0x00000088f6200000) (1024K)]

Stack: [0x00000088f6100000,0x00000088f6200000],  sp=0x00000088f61fee20,  free space=1019k
Native frames: (J=compiled Java code, j=interpreted, Vv=VM code, C=native code)
C  [awt.dll+0xdad89]  (no source info available)
C  [awt.dll+0xda148]  (no source info available)
C  0x000001d73d21ce20  (no source info available)

The last pc belongs to native method entry point (kind = native) (printed below).
Java frames: (J=compiled Java code, j=interpreted, Vv=VM code)
j  sun.awt.Win32GraphicsConfig.getBounds(I)Ljava/awt/Rectangle;+0 java.desktop@24.0.2
j  sun.awt.Win32GraphicsConfig.getBounds()Ljava/awt/Rectangle;+8 java.desktop@24.0.2
j  sun.awt.Win32GraphicsDevice.displayChanged()V+23 java.desktop@24.0.2
j  sun.awt.Win32GraphicsEnvironment.displayChanged()V+271 java.desktop@24.0.2
j  sun.awt.windows.WToolkit.lambda$displayChanged$0()V+15 java.desktop@24.0.2
j  sun.awt.windows.WToolkit$$Lambda+0x000001d74f116620.run()V+0 java.desktop@24.0.2
J 1859 c1 java.awt.event.InvocationEvent.dispatch()V java.desktop@24.0.2 (69 bytes) @ 0x000001d73607c69c [0x000001d73607c480+0x000000000000021c]
J 1824 c1 java.awt.EventQueue.dispatchEventImpl(Ljava/awt/AWTEvent;Ljava/lang/Object;)V java.desktop@24.0.2 (139 bytes) @ 0x000001d73606d61c [0x000001d73606bd20+0x00000000000018fc]
J 1844 c1 java.awt.EventQueue.dispatchEvent(Ljava/awt/AWTEvent;)V java.desktop@24.0.2 (48 bytes) @ 0x000001d736077234 [0x000001d736076fe0+0x0000000000000254]
J 1351 c1 java.awt.EventDispatchThread.pumpOneEventForFilters(I)V java.desktop@24.0.2 (106 bytes) @ 0x000001d735fb59d4 [0x000001d735fb51c0+0x0000000000000814]
j  java.awt.EventDispatchThread.pumpEventsForFilter(ILjava/awt/Conditional;Ljava/awt/EventFilter;)V+35 java.desktop@24.0.2
j  java.awt.EventDispatchThread.pumpEventsForHierarchy(ILjava/awt/Conditional;Ljava/awt/Component;)V+11 java.desktop@24.0.2
j  java.awt.EventDispatchThread.pumpEvents(ILjava/awt/Conditional;)V+4 java.desktop@24.0.2
j  java.awt.EventDispatchThread.pumpEvents(Ljava/awt/Conditional;)V+3 java.desktop@24.0.2
j  java.awt.EventDispatchThread.run()V+9 java.desktop@24.0.2
v  ~StubRoutines::call_stub 0x000001d73d210fcd

siginfo: EXCEPTION_ACCESS_VIOLATION (0xc0000005), reading address 0x0000000000000028


Registers:
RAX=0x0000000000000000, RBX=0x000001d79371daf0, RCX=0x0000000000000000, RDX=0x0000000000000000
RSP=0x00000088f61fee20, RBP=0x0000000000000000, RSI=0x0000000000000000, RDI=0x0000000000000000
R8 =0x0000000000000001, R9 =0x00000088f4297000, R10=0x000001d79357a480, R11=0x000001d78f2a94f8
R12=0x0000000000000000, R13=0x000001d74d737090, R14=0x000001d7934e0f10, R15=0x0000000000000000
RIP=0x00007ff92b2dad89, EFLAGS=0x0000000000010246

XMM[0]=0x0000000000000000 0x0000000000000000
XMM[1]=0x0000000000000000 0x00000088f61feef0
XMM[2]=0x00000088f61fd530 0x000000888f8fcf80
XMM[3]=0x00000088f61fe644 0x00000088f61fe640
XMM[4]=0x0000000000000000 0x00000088f61fe3b0
XMM[5]=0x000001d793767790 0x0000000000000001
XMM[6]=0x0000000000000000 0x2b81732f30b4bd0c
XMM[7]=0x0000000000000000 0xe890d36c17aa66eb
XMM[8]=0x0000000000000000 0x76f433c6a2c147d2
XMM[9]=0x0000000000000000 0xcd473aff6cfbbc5c
XMM[10]=0x0000000000000000 0x000000009fb4815d
XMM[11]=0x0000000000000000 0xdd441a944a3fd6f0
XMM[12]=0x0000000000000000 0x000000006cfbbc5c
XMM[13]=0x0000000000000000 0x0000000000000000
XMM[14]=0x0000000000000000 0x0000000000000000
XMM[15]=0x0000000000000000 0x0000000000000000
  MXCSR=0x00001fa2


Register to memory mapping:

RAX=0x0 is null
RBX=0x000001d79371daf0 points into unknown readable memory: 0x000001d79368b4a0 | a0 b4 68 93 d7 01 00 00
RCX=0x0 is null
RDX=0x0 is null
RSP=0x00000088f61fee20 is pointing into the stack for thread: 0x000001d793767790
RBP=0x0 is null
RSI=0x0 is null
RDI=0x0 is null
R8 =0x0000000000000001 is an unknown value
R9 =0x00000088f4297000 points into unknown readable memory: 0x0000000000000000 | 00 00 00 00 00 00 00 00
R10=0x000001d79357a480 points into unknown readable memory: 0x0000001e00000003 | 03 00 00 00 1e 00 00 00
R11={method} {0x000001d78f2a9500} '<init>' '(IIII)V' in 'java/awt/Rectangle'
R12=0x0 is null
R13=0x000001d74d737090 points into unknown readable memory: 0x000001d78f2a94f8 | f8 94 2a 8f d7 01 00 00
R14=0x000001d7934e0f10 points into unknown readable memory: 0x000000071547c778 | 78 c7 47 15 07 00 00 00
R15=0x0 is null

Top of Stack: (sp=0x00000088f61fee20)
0x00000088f61fee20:   00007ff92b337838 000001d79371daf0   8x3+......q.....
0x00000088f61fee30:   000001d793767b58 000001d79371daf0   X{v.......q.....
0x00000088f61fee40:   000001d793767b58 00007ff92b2da148   X{v.....H.-+....
0x00000088f61fee50:   000001d79371daf0 000001d79371daf0   ..q.......q.....
0x00000088f61fee60:   000000000000003c 000001d793767b58   <.......X{v.....
0x00000088f61fee70:   000000071542b728 000001d78f2451b8   (.B......Q$.....
0x00000088f61fee80:   0000000000000000 00000088f61feea0   ................
0x00000088f61fee90:   0000000000000000 0000000000000000   ................
0x00000088f61feea0:   0000d1b001050985 0000000713f25a10   .........Z......
0x00000088f61feeb0:   000001d793767790 00000088f61fef98   .wv.............
0x00000088f61feec0:   000001d78f2a16d8 0000000000000000   ..*.............
0x00000088f61feed0:   000001d78f74f590 000000000000003c   ..t.....<.......
0x00000088f61feee0:   00000088f61fef70 000001d73d21ce20   p....... .!=....
0x00000088f61feef0:   00000088f61fef08 000001d78f2a16d8   ..........*.....
0x00000088f61fef00:   000001d73d218800 0000000000000000   ..!=............
0x00000088f61fef10:   0000000713f25a10 0000000713f26588   .Z.......e......
0x00000088f61fef20:   0000000713f26588 fffffffffffffff7   .e..............
0x00000088f61fef30:   0000000000000000 0000000000000005   ................
0x00000088f61fef40:   000001d78f2a4160 0000000000000000   `A*.............
0x00000088f61fef50:   000000071547bef0 000001d78f2a16d8   ..G.......*.....
0x00000088f61fef60:   0000000000000000 00000088f61fef90   ................
0x00000088f61fef70:   00000088f61fefe8 000001d73d21899a   ..........!=....
0x00000088f61fef80:   0000000000000000 000001d73d21a43a   ........:.!=....
0x00000088f61fef90:   0000000000000000 0000000713f26588   .........e......
0x00000088f61fefa0:   fffffffffffffff7 000001d78f2a1780   ..........*.....
0x00000088f61fefb0:   0000000000000002 000001d78f2a4160   ........`A*.....
0x00000088f61fefc0:   0000000000000000 000000071547bef0   ..........G.....
0x00000088f61fefd0:   000001d78f2a1798 fffffffffffffff5   ..*.............
0x00000088f61fefe0:   00000088f61feff8 00000088f61ff048   ........H.......
0x00000088f61feff0:   000001d73d21899a 0000000713f26588   ..!=.....e......
0x00000088f61ff000:   fffffffffffffff7 000001d78f24500f   .........P$.....
0x00000088f61ff010:   0000000000000003 000001d78f246790   .........g$.....

Instructions: (pc=0x00007ff92b2dad89)
  0x00007ff92b2dac89:   cc cc cc cc cc cc cc 48 89 5c 24 08 48 89 6c 24
  0x00007ff92b2dac99:   10 48 89 74 24 18 57 48 83 ec 20 41 8b f8 0f b6
  0x00007ff92b2daca9:   f2 48 8b e9 e8 1e d3 f4 ff 48 8b d8 48 89 44 24
  0x00007ff92b2dacb9:   48 41 b8 01 00 00 00 8b d7 48 8b c8 e8 86 d2 f4
  0x00007ff92b2dacc9:   ff 48 8b c8 44 0f b6 c6 48 8b d5 e8 97 fa ff ff
  0x00007ff92b2dacd9:   48 8b f8 48 8b cb e8 ac d4 f4 ff 90 48 8b c7 48
  0x00007ff92b2dace9:   8b 5c 24 30 48 8b 6c 24 38 48 8b 74 24 40 48 83
  0x00007ff92b2dacf9:   c4 20 5f c3 cc cc cc 48 8b 49 28 e9 07 07 00 00
  0x00007ff92b2dad09:   cc cc cc cc cc cc cc 48 89 5c 24 08 57 48 83 ec
  0x00007ff92b2dad19:   20 8b f9 e8 af d2 f4 ff 48 8b d8 48 89 44 24 38
  0x00007ff92b2dad29:   41 b8 01 00 00 00 8b d7 48 8b c8 e8 17 d2 f4 ff
  0x00007ff92b2dad39:   48 8b 08 8b 39 48 8b cb e8 4a d4 f4 ff 90 8b c7
  0x00007ff92b2dad49:   48 8b 5c 24 30 48 83 c4 20 5f c3 cc cc cc cc cc
  0x00007ff92b2dad59:   cc cc cc cc cc cc cc 48 89 5c 24 08 57 48 83 ec
  0x00007ff92b2dad69:   20 8b f9 e8 5f d2 f4 ff 48 8b d8 48 89 44 24 38
  0x00007ff92b2dad79:   41 b8 01 00 00 00 8b d7 48 8b c8 e8 c7 d1 f4 ff
=>0x00007ff92b2dad89:   48 8b 78 28 48 8b cb e8 fb d3 f4 ff 90 48 8b c7
  0x00007ff92b2dad99:   48 8b 5c 24 30 48 83 c4 20 5f c3 cc cc cc cc cc
  0x00007ff92b2dada9:   cc cc cc cc cc cc cc 48 89 5c 24 08 57 48 83 ec
  0x00007ff92b2dadb9:   20 8b f9 e8 0f d2 f4 ff 48 8b d8 48 89 44 24 38
  0x00007ff92b2dadc9:   41 b8 01 00 00 00 8b d7 48 8b c8 e8 77 d1 f4 ff
  0x00007ff92b2dadd9:   48 8b 78 30 48 8b cb e8 ab d3 f4 ff 90 48 8b c7
  0x00007ff92b2dade9:   48 8b 5c 24 30 48 83 c4 20 5f c3 cc cc cc cc cc
  0x00007ff92b2dadf9:   cc cc cc cc cc cc cc 48 89 5c 24 08 57 48 83 ec
  0x00007ff92b2dae09:   20 8b f9 e8 bf d1 f4 ff 48 8b d8 48 89 44 24 38
  0x00007ff92b2dae19:   41 b8 01 00 00 00 8b d7 48 8b c8 e8 27 d1 f4 ff
  0x00007ff92b2dae29:   48 8b 78 08 48 85 ff 74 07 48 8b bf 08 0c 00 00
  0x00007ff92b2dae39:   48 8b cb e8 4f d3 f4 ff 90 48 8b c7 48 8b 5c 24
  0x00007ff92b2dae49:   30 48 83 c4 20 5f c3 f3 0f 10 41 48 c3 cc cc cc
  0x00007ff92b2dae59:   cc cc cc cc cc cc cc f3 0f 10 41 4c c3 cc cc cc
  0x00007ff92b2dae69:   cc cc cc cc cc cc cc 48 89 5c 24 10 48 89 74 24
  0x00007ff92b2dae79:   18 55 57 41 56 48 8d 6c 24 e0 48 81 ec 20 01 00


Stack slot to memory mapping:

stack at sp + 0 slots: 0x00007ff92b337838 awt.dll
stack at sp + 1 slots: 0x000001d79371daf0 points into unknown readable memory: 0x000001d79368b4a0 | a0 b4 68 93 d7 01 00 00
stack at sp + 2 slots: 0x000001d793767b58 points into unknown readable memory: 0x00007ff8deb2c9d0 | d0 c9 b2 de f8 7f 00 00
stack at sp + 3 slots: 0x000001d79371daf0 points into unknown readable memory: 0x000001d79368b4a0 | a0 b4 68 93 d7 01 00 00
stack at sp + 4 slots: 0x000001d793767b58 points into unknown readable memory: 0x00007ff8deb2c9d0 | d0 c9 b2 de f8 7f 00 00
stack at sp + 5 slots: 0x00007ff92b2da148 awt.dll
stack at sp + 6 slots: 0x000001d79371daf0 points into unknown readable memory: 0x000001d79368b4a0 | a0 b4 68 93 d7 01 00 00
stack at sp + 7 slots: 0x000001d79371daf0 points into unknown readable memory: 0x000001d79368b4a0 | a0 b4 68 93 d7 01 00 00

Lock stack of current Java thread (top to bottom):

native method entry point (kind = native)  [0x000001d73d21ca40, 0x000001d73d21d478]  2616 bytes
[MachCode]
  0x000001d73d21ca40: 488b 4b08 | 0fb7 492e | 584c 8d74 | ccf8 6800 | 0000 0068 | 0000 0000 | 5055 488b | ec41 5568 
  0x000001d73d21ca60: 0000 0000 | 4c8b 6b08 | 4d8d 6d38 | 5348 8b53 | 0848 8b52 | 0848 8b52 | 1848 8b52 | 7048 8b12 
  0x000001d73d21ca80: 5248 8b53 | 1048 85d2 | 0f84 0700 | 0000 4881 | c208 0100 | 0052 488b | 5308 488b | 5208 488b 
  0x000001d73d21caa0: 5210 5249 | 8bc6 482b | c548 c1e8 | 0350 6800 | 0000 0068 | f7ff ffff | 41c6 8771 | 0400 0001 
  0x000001d73d21cac0: 488b 4310 | 4885 c074 | 208b 88cc | 0000 0083 | c102 8988 | cc00 0000 | 2388 e000 | 0000 0f84 
  0x000001d73d21cae0: e408 0000 | e9cd 0000 | 0048 8b43 | 1848 85c0 | 0f85 b000 | 0000 e805 | 0000 00e9 | 9900 0000 
  0x000001d73d21cb00: 488b d348 | 8d44 2408 | 4c89 6dc0 | 498b cfc5 | f877 4989 | afb8 0300 | 0049 8987 | a803 0000 
  0x000001d73d21cb20: 4883 ec20 | 40f6 c40f | 0f84 1900 | 0000 4883 | ec08 48b8 | e016 25de | f87f 0000 | ffd0 4883 
  0x000001d73d21cb40: c408 e90c | 0000 0048 | b8e0 1625 | def8 7f00 | 00ff d048 | 83c4 2049 | c787 a803 | 0000 0000 
  0x000001d73d21cb60: 0000 49c7 | 87b8 0300 | 0000 0000 | 0049 c787 | b003 0000 | 0000 0000 | c5f8 7749 | 837f 0800 
  0x000001d73d21cb80: 0f84 0500 | 0000 e935 | 43ff ff4c | 8b6d c04c | 8b75 c84e | 8d74 f500 | c348 8b43 | 1848 85c0 
  0x000001d73d21cba0: 0f84 1000 | 0000 8b08 | 83c1 0289 | 0823 4814 | 0f84 1208 | 0000 493b | a7f0 0400 | 000f 8748 
  0x000001d73d21cbc0: 0000 0089 | 8424 00f0 | ffff 8984 | 2400 e0ff | ff89 8424 | 00d0 ffff | 8984 2400 | c0ff ff89 
  0x000001d73d21cbe0: 8424 00b0 | ffff 8984 | 2400 a0ff | ff89 8424 | 0090 ffff | 8984 2400 | 80ff ff49 | 3ba7 e804 
  0x000001d73d21cc00: 0000 7607 | 4989 a7f0 | 0400 0041 | c687 7104 | 0000 0048 | 8b5d e84c | 8b5b 0845 | 0fb7 5b2e 
  0x000001d73d21cc20: 41c1 e303 | 492b e348 | 83ec 2048 | 83e4 f04c | 8b5b 604d | 85db 0f85 | ab00 0000 | e805 0000 
  0x000001d73d21cc40: 00e9 9900 | 0000 488b | d348 8d44 | 2408 4c89 | 6dc0 498b | cfc5 f877 | 4989 afb8 | 0300 0049 
  0x000001d73d21cc60: 8987 a803 | 0000 4883 | ec20 40f6 | c40f 0f84 | 1900 0000 | 4883 ec08 | 48b8 0041 | 25de f87f 
  0x000001d73d21cc80: 0000 ffd0 | 4883 c408 | e90c 0000 | 0048 b800 | 4125 def8 | 7f00 00ff | d048 83c4 | 2049 c787 
  0x000001d73d21cca0: a803 0000 | 0000 0000 | 49c7 87b8 | 0300 0000 | 0000 0049 | c787 b003 | 0000 0000 | 0000 c5f8 
  0x000001d73d21ccc0: 7749 837f | 0800 0f84 | 0500 0000 | e9ef 41ff | ff4c 8b6d | c04c 8b75 | c84e 8d74 | f500 c348 
  0x000001d73d21cce0: 8b5d e84c | 8b5b 6041 | ffd3 488b | 5de8 4889 | 4518 448b | 5b28 41f6 | c308 0f84 | 1b00 0000 
  0x000001d73d21cd00: 4c8b 5b08 | 4d8b 5b08 | 4d8b 5b18 | 4d8b 5b70 | 4d8b 1b4c | 895d 1048 | 8d55 1048 | 8b43 5849 
  0x000001d73d21cd20: ba70 8c5e | def8 7f00 | 0049 3bc2 | 0f85 ab00 | 0000 e805 | 0000 00e9 | 9900 0000 | 488b d348 
  0x000001d73d21cd40: 8d44 2408 | 4c89 6dc0 | 498b cfc5 | f877 4989 | afb8 0300 | 0049 8987 | a803 0000 | 4883 ec20 
  0x000001d73d21cd60: 40f6 c40f | 0f84 1900 | 0000 4883 | ec08 48b8 | 0041 25de | f87f 0000 | ffd0 4883 | c408 e90c 
  0x000001d73d21cd80: 0000 0048 | b800 4125 | def8 7f00 | 00ff d048 | 83c4 2049 | c787 a803 | 0000 0000 | 0000 49c7 
  0x000001d73d21cda0: 87b8 0300 | 0000 0000 | 0049 c787 | b003 0000 | 0000 0000 | c5f8 7749 | 837f 0800 | 0f84 0500 
  0x000001d73d21cdc0: 0000 e9f9 | 40ff ff4c | 8b6d c04c | 8b75 c84e | 8d74 f500 | c348 8b5d | e848 8b43 | 5849 8d8f 
  0x000001d73d21cde0: c803 0000 | 4c8d 15d5 | 0000 004d | 8997 b003 | 0000 c5f8 | 7749 89af | b803 0000 | 4989 a7a8 
  0x000001d73d21ce00: 0300 0041 | c787 5404 | 0000 0400 | 0000 493b | a748 0500 | 0076 0749 | 89a7 4805 | 0000 ffd0 
  0x000001d73d21ce20: 493b a748 | 0500 0072 | 0b49 c787 | 4805 0000 | 0000 0000 | c5f8 7748 | 83ec 10c5 | fb11 0424 
  0x000001d73d21ce40: 4883 ec10 | 4889 0424 | 48c7 4424 | 0800 0000 | 0041 c787 | 5404 0000 | 0500 0000 | f083 4424 
  0x000001d73d21ce60: c000 493b | 6f28 0f87 | 0e00 0000 | 4183 bf50 | 0400 0000 | 0f84 2000 | 0000 498b | cf4c 8be4 
  0x000001d73d21ce80: 4883 ec20 | 4883 e4f0 | 48b8 f0a5 | 26de f87f | 0000 ffd0 | 498b e44d | 33e4 41c7 | 8754 0400 
  0x000001d73d21cea0: 0008 0000 | 004d 8b97 | 7005 0000 | 4983 fa00 | 7435 49c7 | 8770 0500 | 0000 0000 | 0041 ffe2 
  0x000001d73d21cec0: 49ba 00bb | 213d d701 | 0000 41ff | d248 83ec | 10c5 fb11 | 0424 4883 | ec10 4889 | 0424 48c7 
  0x000001d73d21cee0: 4424 0800 | 0000 0049 | c787 a803 | 0000 0000 | 0000 49c7 | 87b8 0300 | 0000 0000 | 0049 c787 
  0x000001d73d21cf00: b003 0000 | 0000 0000 | c5f8 774d | 8b9f 3804 | 0000 41c7 | 8300 0100 | 0000 0000 | 0049 bb3a 
  0x000001d73d21cf20: a421 3dd7 | 0100 004c | 3b5d 180f | 8555 0100 | 0048 8b04 | 2448 83c4 | 1048 85c0 | 0f84 2f01 
  0x000001d73d21cf40: 0000 a803 | 0f85 0800 | 0000 488b | 00e9 1f01 | 0000 a801 | 0f85 0900 | 0000 488b | 40fe e90e 
  0x000001d73d21cf60: 0100 0048 | 8b40 ff41 | 807f 4800 | 0f84 ff00 | 0000 4883 | f800 0f84 | f500 0000 | 4d8b 5f38 
  0x000001d73d21cf80: 4d85 db0f | 8414 0000 | 0049 83eb | 084d 895f | 384d 035f | 4049 8903 | e9d4 0000 | 0048 83ec 
  0x000001d73d21cfa0: 7048 8904 | 2448 894c | 2408 4889 | 5424 104c | 8944 2418 | 4c89 4c24 | 204c 8954 | 2428 4c89 
  0x000001d73d21cfc0: 5c24 30c5 | fb11 4424 | 40c5 fb11 | 4c24 48c5 | fb11 5424 | 50c5 fb11 | 5c24 58c5 | fb11 6424 
  0x000001d73d21cfe0: 60c5 fb11 | 6c24 6849 | 8bd7 488b | c848 83ec | 2040 f6c4 | 0f0f 8419 | 0000 0048 | 83ec 0848 
  0x000001d73d21d000: b8e0 1819 | def8 7f00 | 00ff d048 | 83c4 08e9 | 0c00 0000 | 48b8 e018 | 19de f87f | 0000 ffd0 
  0x000001d73d21d020: 4883 c420 | c5fb 106c | 2468 c5fb | 1064 2460 | c5fb 105c | 2458 c5fb | 1054 2450 | c5fb 104c 
  0x000001d73d21d040: 2448 c5fb | 1044 2440 | 4c8b 5c24 | 304c 8b54 | 2428 4c8b | 4c24 204c | 8b44 2418 | 488b 5424 
  0x000001d73d21d060: 1048 8b4c | 2408 488b | 0424 4883 | c470 c5f8 | 7748 8945 | 1048 83ec | 1048 8904 | 2448 c744 
  0x000001d73d21d080: 2408 0000 | 0000 4183 | bfd0 0400 | 0002 0f85 | bf00 0000 | 4881 ec80 | 0000 0048 | 8944 2478 
  0x000001d73d21d0a0: 4889 4c24 | 7048 8954 | 2468 4889 | 5c24 6048 | 896c 2450 | 4889 7424 | 4848 897c | 2440 4c89 
  0x000001d73d21d0c0: 4424 384c | 894c 2430 | 4c89 5424 | 284c 895c | 2420 4c89 | 6424 184c | 896c 2410 | 4c89 7424 
  0x000001d73d21d0e0: 084c 893c | 244c 8be4 | 4883 ec20 | 4883 e4f0 | 48b8 6074 | 5ede f87f | 0000 ffd0 | 498b e44c 
  0x000001d73d21d100: 8b3c 244c | 8b74 2408 | 4c8b 6c24 | 104c 8b64 | 2418 4c8b | 5c24 204c | 8b54 2428 | 4c8b 4c24 
  0x000001d73d21d120: 304c 8b44 | 2438 488b | 7c24 4048 | 8b74 2448 | 488b 6c24 | 5048 8b5c | 2460 488b | 5424 6848 
  0x000001d73d21d140: 8b4c 2470 | 488b 4424 | 7848 81c4 | 8000 0000 | 4d33 e448 | 8b5d e84c | 8b6b 084d | 8d6d 3849 
  0x000001d73d21d160: 837f 0800 | 0f84 bb00 | 0000 e805 | 0000 00e9 | 9600 0000 | 488d 4424 | 084c 896d | c049 8bcf 
  0x000001d73d21d180: c5f8 7749 | 89af b803 | 0000 4989 | 87a8 0300 | 0048 83ec | 2040 f6c4 | 0f0f 8419 | 0000 0048 
  0x000001d73d21d1a0: 83ec 0848 | b8a0 5f25 | def8 7f00 | 00ff d048 | 83c4 08e9 | 0c00 0000 | 48b8 a05f | 25de f87f 
  0x000001d73d21d1c0: 0000 ffd0 | 4883 c420 | 49c7 87a8 | 0300 0000 | 0000 0049 | c787 b803 | 0000 0000 | 0000 49c7 
  0x000001d73d21d1e0: 87b0 0300 | 0000 0000 | 00c5 f877 | 4983 7f08 | 000f 8405 | 0000 00e9 | c43c ffff | 4c8b 6dc0 
  0x000001d73d21d200: 4c8b 75c8 | 4e8d 74f5 | 00c3 48b9 | e034 8ede | f87f 0000 | 4883 e4f0 | 48b8 1090 | 4bde f87f 
  0x000001d73d21d220: 0000 ffd0 | f444 8b5b | 2841 f6c3 | 200f 8472 | 0100 0048 | 8d55 a84c | 8b5a 084d | 85db 0f85 
  0x000001d73d21d240: bb00 0000 | e805 0000 | 00e9 9600 | 0000 488d | 4424 084c | 896d c049 | 8bcf c5f8 | 7749 89af 
  0x000001d73d21d260: b803 0000 | 4989 87a8 | 0300 0048 | 83ec 2040 | f6c4 0f0f | 8419 0000 | 0048 83ec | 0848 b8d0 
  0x000001d73d21d280: 5e25 def8 | 7f00 00ff | d048 83c4 | 08e9 0c00 | 0000 48b8 | d05e 25de | f87f 0000 | ffd0 4883 
  0x000001d73d21d2a0: c420 49c7 | 87a8 0300 | 0000 0000 | 0049 c787 | b803 0000 | 0000 0000 | 49c7 87b0 | 0300 0000 
  0x000001d73d21d2c0: 0000 00c5 | f877 4983 | 7f08 000f | 8405 0000 | 00e9 ea3b | ffff 4c8b | 6dc0 4c8b | 75c8 4e8d 
  0x000001d73d21d2e0: 74f5 00c3 | 48b9 e034 | 8ede f87f | 0000 4883 | e4f0 48b8 | 1090 4bde | f87f 0000 | ffd0 f44c 
  0x000001d73d21d300: 896d c04c | 8b4a 0848 | c742 0800 | 0000 0045 | 8b87 5806 | 0000 4f3b | 4c07 f80f | 8542 0000 
  0x000001d73d21d320: 0041 83af | 5806 0000 | 084f 3b4c | 07f0 0f84 | 2a00 0000 | 498b 01a8 | 020f 8512 | 0000 004c 
  0x000001d73d21d340: 8bc0 4983 | c801 f04d | 0fb1 010f | 840d 0000 | 0041 8387 | 5806 0000 | 08e9 0500 | 0000 e93e 
  0x000001d73d21d360: 0000 004c | 894a 0848 | 8bca 4883 | ec20 40f6 | c40f 0f84 | 1900 0000 | 4883 ec08 | 48b8 f030 
  0x000001d73d21d380: 25de f87f | 0000 ffd0 | 4883 c408 | e90c 0000 | 0048 b8f0 | 3025 def8 | 7f00 00ff | d048 83c4 
  0x000001d73d21d3a0: 204c 8b6d | c048 8b04 | 2448 83c4 | 10c5 fb10 | 0424 4883 | c410 4c8b | 5d18 41ff | d34c 8b5d 
  0x000001d73d21d3c0: f8c9 5f49 | 8be3 ffe7 | ba00 0000 | 00e8 0500 | 0000 e996 | 0000 0048 | 8d44 2408 | 4c89 6dc0 
  0x000001d73d21d3e0: 498b cfc5 | f877 4989 | afb8 0300 | 0049 8987 | a803 0000 | 4883 ec20 | 40f6 c40f | 0f84 1900 
  0x000001d73d21d400: 0000 4883 | ec08 48b8 | a025 25de | f87f 0000 | ffd0 4883 | c408 e90c | 0000 0048 | b8a0 2525 
  0x000001d73d21d420: def8 7f00 | 00ff d048 | 83c4 2049 | c787 a803 | 0000 0000 | 0000 49c7 | 87b8 0300 | 0000 0000 
  0x000001d73d21d440: 0049 c787 | b003 0000 | 0000 0000 | c5f8 7749 | 837f 0800 | 0f84 0500 | 0000 e961 | 3aff ff4c 
  0x000001d73d21d460: 8b6d c04c | 8b75 c84e | 8d74 f500 | c348 8b5d | e8e9 40f7 | ffff 6690 
[/MachCode]

Compiled method (c1) 24951095 1859   !   3       java.awt.event.InvocationEvent::dispatch (69 bytes)
 total in heap  [0x000001d73607c308,0x000001d73607cb00] = 2040
 relocation     [0x000001d73607c3e0,0x000001d73607c468] = 136
 main code      [0x000001d73607c480,0x000001d73607ca90] = 1552
 stub code      [0x000001d73607ca90,0x000001d73607caf8] = 104
 metadata       [0x000001d73607caf8,0x000001d73607cb00] = 8
 immutable data [0x000001d79368c830,0x000001d79368c9d8] = 424
 dependencies   [0x000001d79368c830,0x000001d79368c838] = 8
 nul chk table  [0x000001d79368c838,0x000001d79368c850] = 24
 handler table  [0x000001d79368c850,0x000001d79368c8e0] = 144
 scopes pcs     [0x000001d79368c8e0,0x000001d79368c980] = 160
 scopes data    [0x000001d79368c980,0x000001d79368c9d8] = 88

[Constant Pool (empty)]

[MachCode]
[Instructions begin]
  0x000001d73607c480: 6666 660f | 1f84 0000 | 0000 0066 | 6666 9066 | 6690 448b | 5208 443b 

  0x000001d73607c498: ;   {runtime_call Shared Runtime ic_miss_blob}
  0x000001d73607c498: 5008 0f85 | c022 1e07 
[Verified Entry Point]
  0x000001d73607c4a0: 8984 2400 | 80ff ff55 | 4883 ec30 | 4181 7f20 | 0100 0000 

  0x000001d73607c4b4: ;   {runtime_call StubRoutines (final stubs)}
  0x000001d73607c4b4: 7405 e845 | 941c 0748 | 8954 2418 

  0x000001d73607c4c0: ;   {metadata(method data for {method} {0x000001d78f69b5f8} 'dispatch' '()V' in 'java/awt/event/InvocationEvent')}
  0x000001d73607c4c0: 48be f810 | 938f d701 | 0000 8bbe | cc00 0000 | 83c7 0289 | becc 0000 | 0081 e7fe | 0700 0085 
  0x000001d73607c4e0: ff0f 84c7 | 0400 000f | be72 1d85 

  0x000001d73607c4ec: ;   {metadata(method data for {method} {0x000001d78f69b5f8} 'dispatch' '()V' in 'java/awt/event/InvocationEvent')}
  0x000001d73607c4ec: f648 bef8 | 1093 8fd7 | 0100 00bf | 1001 0000 | 7405 bf20 | 0100 0048 | 8b1c 3e48 | 8d5b 0148 
  0x000001d73607c50c: 891c 3e0f | 84d1 0000 | 008b 7228 | 48c1 e603 

  0x000001d73607c51c: ; implicit exception: dispatches to 0x000001d73607c9cf
  0x000001d73607c51c: 483b 0648 

  0x000001d73607c520: ;   {metadata(method data for {method} {0x000001d78f69b5f8} 'dispatch' '()V' in 'java/awt/event/InvocationEvent')}
  0x000001d73607c520: 8bfe 48bb | f810 938f | d701 0000 | 8b7f 0849 | ba00 0000 | 4ed7 0100 | 0049 03fa | 483b bb38 
  0x000001d73607c540: 0100 0075 | 0d48 8383 | 4001 0000 | 01e9 6000 | 0000 483b | bb48 0100 | 0075 0d48 | 8383 5001 
  0x000001d73607c560: 0000 01e9 | 4a00 0000 | 4883 bb38 | 0100 0000 | 7517 4889 | bb38 0100 | 0048 c783 | 4001 0000 
  0x000001d73607c580: 0100 0000 | e929 0000 | 0048 83bb | 4801 0000 | 0075 1748 | 89bb 4801 | 0000 48c7 | 8350 0100 
  0x000001d73607c5a0: 0001 0000 | 00e9 0800 | 0000 4883 | 8330 0100 | 0001 488b | d648 b810 | 9102 94d7 

  0x000001d73607c5bc: ;   {virtual_call}
  0x000001d73607c5bc: 0100 00e8 

  0x000001d73607c5c0: ; ImmutableOopMap {[24]=Oop }
                      ;*invokeinterface run {reexecute=0 rethrow=0 return_oop=0}
                      ; - java.awt.event.InvocationEvent::dispatch@11 (line 308)
  0x000001d73607c5c0: 9c27 1e07 

  0x000001d73607c5c4: ;   {post_call_nop}
  0x000001d73607c5c4: 0f1f 8400 | bc02 0000 

  0x000001d73607c5cc: ;   {metadata(method data for {method} {0x000001d78f69b5f8} 'dispatch' '()V' in 'java/awt/event/InvocationEvent')}
  0x000001d73607c5cc: 48ba f810 | 938f d701 | 0000 ff82 | 6001 0000 | 488b 5424 | 18e9 1f03 | 0000 8b72 | 2848 c1e6 
  0x000001d73607c5ec: 0348 3b06 

  0x000001d73607c5f0: ;   {metadata(method data for {method} {0x000001d78f69b5f8} 'dispatch' '()V' in 'java/awt/event/InvocationEvent')}
  0x000001d73607c5f0: 488b fe48 | bbf8 1093 | 8fd7 0100 | 008b 7f08 | 49ba 0000 | 004e d701 | 0000 4903 | fa48 3bbb 
  0x000001d73607c610: 1802 0000 | 750d 4883 | 8320 0200 | 0001 e960 | 0000 0048 | 3bbb 2802 | 0000 750d | 4883 8330 
  0x000001d73607c630: 0200 0001 | e94a 0000 | 0048 83bb | 1802 0000 | 0075 1748 | 89bb 1802 | 0000 48c7 | 8320 0200 
  0x000001d73607c650: 0001 0000 | 00e9 2900 | 0000 4883 | bb28 0200 | 0000 7517 | 4889 bb28 | 0200 0048 | c783 3002 
  0x000001d73607c670: 0000 0100 | 0000 e908 | 0000 0048 | 8383 1002 | 0000 0148 | 8bd6 0f1f | 8000 0000 | 0048 b838 
  0x000001d73607c690: 9102 94d7 

  0x000001d73607c694: ;   {virtual_call}
  0x000001d73607c694: 0100 00e8 

  0x000001d73607c698: ; ImmutableOopMap {[24]=Oop }
                      ;*invokeinterface run {reexecute=0 rethrow=0 return_oop=0}
                      ; - java.awt.event.InvocationEvent::dispatch@47 (line 318)
  0x000001d73607c698: b4d8 2a07 

  0x000001d73607c69c: ;   {post_call_nop}
  0x000001d73607c69c: 0f1f 8400 | 9403 0001 | 488b 5424 | 18e9 5702 | 0000 498b | 8708 0500 | 004d 33d2 | 4d89 9708 
  0x000001d73607c6bc: 0500 004d | 33d2 4d89 | 9710 0500 | 0048 85c0 

  0x000001d73607c6cc: ;   {metadata(method data for {method} {0x000001d78f69b5f8} 'dispatch' '()V' in 'java/awt/event/InvocationEvent')}
  0x000001d73607c6cc: 48be f810 | 938f d701 | 0000 750c | 808e 7101 | 0000 01e9 | af00 0000 | 8b78 0849 | ba00 0000 
  0x000001d73607c6ec: 4ed7 0100 | 0049 03fa | 483b be80 | 0100 0075 | 0d48 8386 | 8801 0000 | 01e9 6000 | 0000 483b 
  0x000001d73607c70c: be90 0100 | 0075 0d48 | 8386 9801 | 0000 01e9 | 4a00 0000 | 4883 be80 | 0100 0000 | 7517 4889 
  0x000001d73607c72c: be80 0100 | 0048 c786 | 8801 0000 | 0100 0000 | e929 0000 | 0048 83be | 9001 0000 | 0075 1748 
  0x000001d73607c74c: 89be 9001 | 0000 48c7 | 8698 0100 | 0001 0000 | 00e9 0800 | 0000 4883 | 8678 0100 

  0x000001d73607c768: ;   {metadata('java/lang/Exception')}
  0x000001d73607c768: 0001 48bf | e8f4 1b4e | d701 0000 | 8b70 0849 | ba00 0000 | 4ed7 0100 | 0049 03f2 | 483b 7e40 
  0x000001d73607c788: 0f85 0500 | 0000 e905 | 0000 004d | 33c0 eb06 | 41b8 0100 | 0000 4585 

  0x000001d73607c7a0: ;   {metadata(method data for {method} {0x000001d78f69b5f8} 'dispatch' '()V' in 'java/awt/event/InvocationEvent')}
  0x000001d73607c7a0: c049 b8f8 | 1093 8fd7 | 0100 00ba | a801 0000 | 7405 bab8 | 0100 0049 | 8b34 1048 | 8d76 0149 
  0x000001d73607c7c0: 8934 1048 | 8b54 2418 | 0f84 f900 | 0000 4885 

  0x000001d73607c7d0: ;   {metadata(method data for {method} {0x000001d78f69b5f8} 'dispatch' '()V' in 'java/awt/event/InvocationEvent')}
  0x000001d73607c7d0: c048 bff8 | 1093 8fd7 | 0100 0075 | 0c80 8fc1 | 0100 0001 | e9af 0000 | 008b 5808 | 49ba 0000 
  0x000001d73607c7f0: 004e d701 | 0000 4903 | da48 3b9f | d001 0000 | 750d 4883 | 87d8 0100 | 0001 e960 | 0000 0048 
  0x000001d73607c810: 3b9f e001 | 0000 750d | 4883 87e8 | 0100 0001 | e94a 0000 | 0048 83bf | d001 0000 | 0075 1748 
  0x000001d73607c830: 899f d001 | 0000 48c7 | 87d8 0100 | 0001 0000 | 00e9 2900 | 0000 4883 | bfe0 0100 | 0000 7517 
  0x000001d73607c850: 4889 9fe0 | 0100 0048 | c787 e801 | 0000 0100 | 0000 e908 | 0000 0048 | 8387 c801 

  0x000001d73607c86c: ;   {metadata('java/lang/Exception')}
  0x000001d73607c86c: 0000 0148 | bbe8 f41b | 4ed7 0100 | 008b 7808 | 49ba 0000 | 004e d701 | 0000 4903 | fa48 3b5f 
  0x000001d73607c88c: 400f 8546 | 0100 00e9 | 0000 0000 | 4c8b c041 | 0fbe 7748 | 85f6 0f85 | 3a01 0000 | 4d8b d049 
  0x000001d73607c8ac: c1ea 0344 | 8952 3448 | 8bf2 4933 | f048 c1ee | 1548 83fe | 000f 853a | 0100 0045 | 0fbe 4748 
  0x000001d73607c8cc: 4585 c00f | 8544 0100 | 004c 8bd0 | 49c1 ea03 | 4489 5238 | 4c8b c24c | 33c0 49c1 | e815 4983 
  0x000001d73607c8ec: f800 0f85 | 4501 0000 

  0x000001d73607c8f4: ;   {metadata(method data for {method} {0x000001d78f69b5f8} 'dispatch' '()V' in 'java/awt/event/InvocationEvent')}
  0x000001d73607c8f4: 49b8 f810 | 938f d701 | 0000 41ff | 80f8 0100 | 004c 8bc2 

  0x000001d73607c908: ;   {metadata(method data for {method} {0x000001d78f69b5f8} 'dispatch' '()V' in 'java/awt/event/InvocationEvent')}
  0x000001d73607c908: 48be f810 | 938f d701 | 0000 4883 | 8640 0200 | 0001 41b8 | 0100 0000 | 0f1f 8000 

  0x000001d73607c924: ;   {optimized virtual_call}
  0x000001d73607c924: 0000 00e8 

  0x000001d73607c928: ; ImmutableOopMap {}
                      ;*invokevirtual finishedDispatching {reexecute=0 rethrow=0 return_oop=0}
                      ; - java.awt.event.InvocationEvent::dispatch@54 (line 321)
  0x000001d73607c928: 8801 0000 

  0x000001d73607c92c: ;   {post_call_nop}
  0x000001d73607c92c: 0f1f 8400 | 2406 0002 

  0x000001d73607c934: ;   {metadata(method data for {method} {0x000001d78f69b5f8} 'dispatch' '()V' in 'java/awt/event/InvocationEvent')}
  0x000001d73607c934: 48b8 f810 | 938f d701 | 0000 ff80 | 7002 0000 | 4883 c430 

  0x000001d73607c948: ;   {poll_return}
  0x000001d73607c948: 5d49 3b67 | 280f 87fe | 0000 00c3 | 488b 5424 | 1849 8b87 | 0805 0000 | 4d33 d24d | 8997 0805 
  0x000001d73607c968: 0000 4d33 | d24d 8997 | 1005 0000 

  0x000001d73607c974: ;   {metadata(method data for {method} {0x000001d78f69b5f8} 'dispatch' '()V' in 'java/awt/event/InvocationEvent')}
  0x000001d73607c974: 4c8b c248 | bef8 1093 | 8fd7 0100 | 0048 8386 | 8802 0000 | 0141 b801 | 0000 0048 | 8944 2420 
  0x000001d73607c994: ;   {optimized virtual_call}
  0x000001d73607c994: 6666 90e8 

  0x000001d73607c998: ; ImmutableOopMap {[32]=Oop }
                      ;*invokevirtual finishedDispatching {reexecute=0 rethrow=0 return_oop=0}
                      ; - java.awt.event.InvocationEvent::dispatch@63 (line 321)
  0x000001d73607c998: c420 1e07 

  0x000001d73607c99c: ;   {post_call_nop}
  0x000001d73607c99c: 0f1f 8400 | 9406 0003 | 488b 4424 | 20e9 d600 

  0x000001d73607c9ac: ;   {metadata({method} {0x000001d78f69b5f8} 'dispatch' '()V' in 'java/awt/event/InvocationEvent')}
  0x000001d73607c9ac: 0000 49ba | f0b5 698f | d701 0000 | 4c89 5424 | 0848 c704 | 24ff ffff 

  0x000001d73607c9c4: ;   {runtime_call C1 Runtime counter_overflow_blob}
  0x000001d73607c9c4: ffe8 966c 

  0x000001d73607c9c8: ; ImmutableOopMap {rdx=Oop [24]=Oop }
                      ;*synchronization entry
                      ; - java.awt.event.InvocationEvent::dispatch@-1 (line 306)
  0x000001d73607c9c8: 2a07 e918 

  0x000001d73607c9cc: ;   {runtime_call C1 Runtime throw_null_pointer_exception_blob}
  0x000001d73607c9cc: fbff ffe8 

  0x000001d73607c9d0: ; ImmutableOopMap {rdx=Oop rsi=Oop [24]=Oop }
                      ;*invokeinterface run {reexecute=0 rethrow=0 return_oop=0}
                      ; - java.awt.event.InvocationEvent::dispatch@11 (line 308)
  0x000001d73607c9d0: 8c1b 2a07 

  0x000001d73607c9d4: ;   {runtime_call C1 Runtime throw_null_pointer_exception_blob}
  0x000001d73607c9d4: e887 1b2a 

  0x000001d73607c9d8: ; ImmutableOopMap {rdx=Oop rsi=Oop [24]=Oop }
                      ;*invokeinterface run {reexecute=0 rethrow=0 return_oop=0}
                      ; - java.awt.event.InvocationEvent::dispatch@47 (line 318)
  0x000001d73607c9d8: 0748 8904 

  0x000001d73607c9dc: ;   {runtime_call C1 Runtime throw_class_cast_exception_blob}
  0x000001d73607c9dc: 24e8 7e3f 

  0x000001d73607c9e0: ; ImmutableOopMap {rax=Oop rdx=Oop [24]=Oop }
                      ;*checkcast {reexecute=0 rethrow=0 return_oop=0}
                      ; - java.awt.event.InvocationEvent::dispatch@29 (line 312)
  0x000001d73607c9e0: 2a07 8b72 | 3448 c1e6 | 0348 83fe | 000f 84b5 | feff ff48 

  0x000001d73607c9f4: ;   {runtime_call g1_pre_barrier_slow}
  0x000001d73607c9f4: 8934 24e8 | 6472 2a07 | e9a7 feff | ff49 83f8 | 000f 84bc | feff ff48 

  0x000001d73607ca0c: ;   {runtime_call g1_post_barrier_slow}
  0x000001d73607ca0c: 8914 24e8 | 4c75 2a07 | e9ae feff | ff44 8b42 | 3849 c1e0 | 0349 83f8 | 000f 84aa | feff ff4c 
  0x000001d73607ca2c: ;   {runtime_call g1_pre_barrier_slow}
  0x000001d73607ca2c: 8904 24e8 | 2c72 2a07 | e99c feff | ff48 83f8 | 000f 84b1 | feff ff48 

  0x000001d73607ca44: ;   {runtime_call g1_post_barrier_slow}
  0x000001d73607ca44: 8914 24e8 | 1475 2a07 | e9a3 feff 

  0x000001d73607ca50: ;   {internal_word}
  0x000001d73607ca50: ff49 ba49 | c907 36d7 | 0100 004d | 8997 6004 

  0x000001d73607ca60: ;   {runtime_call SafepointBlob}
  0x000001d73607ca60: 0000 e979 | 921e 0749 | 8b87 0805 | 0000 49c7 | 8708 0500 | 0000 0000 | 0049 c787 | 1005 0000 
  0x000001d73607ca80: 0000 0000 | 4883 c430 

  0x000001d73607ca88: ;   {runtime_call C1 Runtime unwind_exception_blob}
  0x000001d73607ca88: 5de9 d20b | 2a07 f4f4 
[Stub Code]
  0x000001d73607ca90: ;   {no_reloc}
  0x000001d73607ca90: 0f1f 4400 

  0x000001d73607ca94: ;   {static_stub}
  0x000001d73607ca94: 0048 bb00 | 0000 0000 

  0x000001d73607ca9c: ;   {runtime_call nmethod}
  0x000001d73607ca9c: 0000 00e9 | fbff ffff 

  0x000001d73607caa4: ;   {static_stub}
  0x000001d73607caa4: 9048 bb00 | 0000 0000 

  0x000001d73607caac: ;   {runtime_call nmethod}
  0x000001d73607caac: 0000 00e9 | fbff ffff 

  0x000001d73607cab4: ;   {static_stub}
  0x000001d73607cab4: 48bb f0b9 | 698f d701 

  0x000001d73607cabc: ;   {runtime_call I2C/C2I adapters}
  0x000001d73607cabc: 0000 e9f3 

  0x000001d73607cac0: ;   {runtime_call C1 Runtime handle_exception_from_callee_blob}
  0x000001d73607cac0: 7c1e 07e8 | 9838 2a07 

  0x000001d73607cac8: ;   {external_word}
  0x000001d73607cac8: 48b9 e034 | 8ede f87f | 0000 4883 

  0x000001d73607cad4: ;   {runtime_call}
  0x000001d73607cad4: e4f0 48b8 | 1090 4bde | f87f 0000 

  0x000001d73607cae0: ;   {section_word}
  0x000001d73607cae0: ffd0 f449 | bae3 ca07 | 36d7 0100 

  0x000001d73607caec: ;   {runtime_call DeoptimizationBlob}
  0x000001d73607caec: 0041 52e9 | 8c87 1e07 | f4f4 f4f4 
[/MachCode]


Compiled method (c1) 24951343 1824       3       java.awt.EventQueue::dispatchEventImpl (139 bytes)
 total in heap  [0x000001d73606b988,0x000001d73606dec0] = 9528
 relocation     [0x000001d73606ba60,0x000001d73606bd08] = 680
 main code      [0x000001d73606bd20,0x000001d73606dcd8] = 8120
 stub code      [0x000001d73606dcd8,0x000001d73606dde8] = 272
 oops           [0x000001d73606dde8,0x000001d73606ddf8] = 16
 metadata       [0x000001d73606ddf8,0x000001d73606dec0] = 200
 immutable data [0x000001d74d4d8b10,0x000001d74d4d9298] = 1928
 dependencies   [0x000001d74d4d8b10,0x000001d74d4d8b48] = 56
 nul chk table  [0x000001d74d4d8b48,0x000001d74d4d8bc8] = 128
 handler table  [0x000001d74d4d8bc8,0x000001d74d4d8c88] = 192
 scopes pcs     [0x000001d74d4d8c88,0x000001d74d4d9068] = 992
 scopes data    [0x000001d74d4d9068,0x000001d74d4d9298] = 560

[Constant Pool (empty)]

[MachCode]
[Instructions begin]
  0x000001d73606bd20: 6666 660f | 1f84 0000 | 0000 0066 | 6666 9066 | 6690 448b | 5208 443b 

  0x000001d73606bd38: ;   {runtime_call Shared Runtime ic_miss_blob}
  0x000001d73606bd38: 5008 0f85 | 202a 1f07 
[Verified Entry Point]
  0x000001d73606bd40: 8984 2400 | 80ff ff55 | 4881 ecd0 | 0000 0090 | 4181 7f20 | 0100 0000 

  0x000001d73606bd58: ;   {runtime_call StubRoutines (final stubs)}
  0x000001d73606bd58: 7405 e8a1 | 9b1d 074c | 8984 24a8 

  0x000001d73606bd64: ;   {metadata(method data for {method} {0x000001d78f186960} 'dispatchEventImpl' '(Ljava/awt/AWTEvent;Ljava/lang/Object;)V' in 'java/awt/EventQueue')}
  0x000001d73606bd64: 0000 0048 | bef8 b192 | 8fd7 0100 | 008b becc | 0000 0083 | c702 89be | cc00 0000 | 81e7 fe07 
  0x000001d73606bd84: 0000 85ff | 0f84 121b | 0000 41c6 | 4016 014d 

  0x000001d73606bd94: ;   {metadata(method data for {method} {0x000001d78f186960} 'dispatchEventImpl' '(Ljava/awt/AWTEvent;Ljava/lang/Object;)V' in 'java/awt/EventQueue')}
  0x000001d73606bd94: 85c0 48bb | f8b1 928f | d701 0000 | 750c 808b | 0901 0000 | 01e9 cb00 | 0000 418b | 4008 49ba 
  0x000001d73606bdb4: 0000 004e | d701 0000 | 4903 c248 | 3b83 1801 | 0000 750d | 4883 8320 | 0100 0001 | e960 0000 
  0x000001d73606bdd4: 0048 3b83 | 2801 0000 | 750d 4883 | 8330 0100 | 0001 e94a | 0000 0048 | 83bb 1801 | 0000 0075 
  0x000001d73606bdf4: 1748 8983 | 1801 0000 | 48c7 8320 | 0100 0001 | 0000 00e9 | 2900 0000 | 4883 bb28 | 0100 0000 
  0x000001d73606be14: 7517 4889 | 8328 0100 | 0048 c783 | 3001 0000 | 0100 0000 | e908 0000 | 0048 8383 | 1001 0000 
  0x000001d73606be34: ;   {metadata('java/awt/ActiveEvent')}
  0x000001d73606be34: 0148 b8f8 | ad69 8fd7 | 0100 0041 | 8b58 0849 | ba00 0000 | 4ed7 0100 | 0049 03da | 483b 4320 
  0x000001d73606be54: 0f84 2400 | 0000 483b | d80f 841b | 0000 0053 

  0x000001d73606be64: ;   {runtime_call C1 Runtime slow_subtype_check_blob}
  0x000001d73606be64: 50e8 d650 | 2b07 5b5b | 85db 0f84 | 0500 0000 | e905 0000 | 0048 33f6 | eb05 be01 | 0000 0085 
  0x000001d73606be84: ;   {metadata(method data for {method} {0x000001d78f186960} 'dispatchEventImpl' '(Ljava/awt/AWTEvent;Ljava/lang/Object;)V' in 'java/awt/EventQueue')}
  0x000001d73606be84: f648 bef8 | b192 8fd7 | 0100 00bf | 5001 0000 | 7505 bf40 | 0100 0048 | 8b1c 3e48 | 8d5b 0148 
  0x000001d73606bea4: 891c 3e0f | 85ab 1500 | 004d 85c9 

  0x000001d73606beb0: ;   {metadata(method data for {method} {0x000001d78f186960} 'dispatchEventImpl' '(Ljava/awt/AWTEvent;Ljava/lang/Object;)V' in 'java/awt/EventQueue')}
  0x000001d73606beb0: 48bb f8b1 | 928f d701 | 0000 750c | 808b 0102 | 0000 01e9 | b100 0000 | 418b 4108 | 49ba 0000 
  0x000001d73606bed0: 004e d701 | 0000 4903 | c248 3b83 | 1002 0000 | 750d 4883 | 8318 0200 | 0001 e960 | 0000 0048 
  0x000001d73606bef0: 3b83 2002 | 0000 750d | 4883 8328 | 0200 0001 | e94a 0000 | 0048 83bb | 1002 0000 | 0075 1748 
  0x000001d73606bf10: 8983 1002 | 0000 48c7 | 8318 0200 | 0001 0000 | 00e9 2900 | 0000 4883 | bb20 0200 | 0000 7517 
  0x000001d73606bf30: 4889 8320 | 0200 0048 | c783 2802 | 0000 0100 | 0000 e908 | 0000 0048 | 8383 0802 

  0x000001d73606bf4c: ;   {metadata('java/awt/Component')}
  0x000001d73606bf4c: 0000 0148 | b8b8 2509 | 8fd7 0100 | 0041 8b59 | 0849 ba00 | 0000 4ed7 | 0100 0049 | 03da 483b 
  0x000001d73606bf6c: 4338 0f85 | 0500 0000 | e905 0000 | 0048 33f6 | eb05 be01 | 0000 0085 

  0x000001d73606bf84: ;   {metadata(method data for {method} {0x000001d78f186960} 'dispatchEventImpl' '(Ljava/awt/AWTEvent;Ljava/lang/Object;)V' in 'java/awt/EventQueue')}
  0x000001d73606bf84: f648 bef8 | b192 8fd7 | 0100 00bf | 3802 0000 | 7405 bf48 | 0200 0048 | 8b1c 3e48 | 8d5b 0148 
  0x000001d73606bfa4: 891c 3e0f | 84e4 0600 | 004d 85c9 

  0x000001d73606bfb0: ;   {metadata(method data for {method} {0x000001d78f186960} 'dispatchEventImpl' '(Ljava/awt/AWTEvent;Ljava/lang/Object;)V' in 'java/awt/EventQueue')}
  0x000001d73606bfb0: 48bf f8b1 | 928f d701 | 0000 750c | 808f 5102 | 0000 01e9 | b100 0000 | 418b 5908 | 49ba 0000 
  0x000001d73606bfd0: 004e d701 | 0000 4903 | da48 3b9f | 6002 0000 | 750d 4883 | 8768 0200 | 0001 e960 | 0000 0048 
  0x000001d73606bff0: 3b9f 7002 | 0000 750d | 4883 8778 | 0200 0001 | e94a 0000 | 0048 83bf | 6002 0000 | 0075 1748 
  0x000001d73606c010: 899f 6002 | 0000 48c7 | 8768 0200 | 0001 0000 | 00e9 2900 | 0000 4883 | bf70 0200 | 0000 7517 
  0x000001d73606c030: 4889 9f70 | 0200 0048 | c787 7802 | 0000 0100 | 0000 e908 | 0000 0048 | 8387 5802 

  0x000001d73606c04c: ;   {metadata('java/awt/Component')}
  0x000001d73606c04c: 0000 0148 | bbb8 2509 | 8fd7 0100 | 0041 8b79 | 0849 ba00 | 0000 4ed7 | 0100 0049 | 03fa 483b 
  0x000001d73606c06c: 5f38 0f85 | 5218 0000 | e900 0000 | 0049 8bd1 

  0x000001d73606c07c: ; implicit exception: dispatches to 0x000001d73606d8cf
  0x000001d73606c07c: 483b 0248 

  0x000001d73606c080: ;   {metadata(method data for {method} {0x000001d78f186960} 'dispatchEventImpl' '(Ljava/awt/AWTEvent;Ljava/lang/Object;)V' in 'java/awt/EventQueue')}
  0x000001d73606c080: 8bf2 48bf | f8b1 928f | d701 0000 | 8b76 0849 | ba00 0000 | 4ed7 0100 | 0049 03f2 | 483b b790 
  0x000001d73606c0a0: 0200 0075 | 0d48 8387 | 9802 0000 | 01e9 6000 | 0000 483b | b7a0 0200 | 0075 0d48 | 8387 a802 
  0x000001d73606c0c0: 0000 01e9 | 4a00 0000 | 4883 bf90 | 0200 0000 | 7517 4889 | b790 0200 | 0048 c787 | 9802 0000 
  0x000001d73606c0e0: 0100 0000 | e929 0000 | 0048 83bf | a002 0000 | 0075 1748 | 89b7 a002 | 0000 48c7 | 87a8 0200 
  0x000001d73606c100: 0001 0000 | 00e9 0800 | 0000 4883 | 8788 0200 

  0x000001d73606c110: ;   {metadata(method data for {method} {0x000001d78f085a48} 'dispatchEvent' '(Ljava/awt/AWTEvent;)V' in 'java/awt/Component')}
  0x000001d73606c110: 0001 48be | a0b8 928f | d701 0000 | 8bbe cc00 | 0000 83c7 | 0289 becc | 0000 0081 | e7fe ff1f 
  0x000001d73606c130: 0085 ff0f | 849b 1700 | 0048 8bf2 

  0x000001d73606c13c: ;   {metadata(method data for {method} {0x000001d78f085a48} 'dispatchEvent' '(Ljava/awt/AWTEvent;)V' in 'java/awt/Component')}
  0x000001d73606c13c: 48bf a0b8 | 928f d701 | 0000 8b76 | 0849 ba00 | 0000 4ed7 | 0100 0049 | 03f2 483b | b718 0100 
  0x000001d73606c15c: 0075 0d48 | 8387 2001 | 0000 01e9 | 6000 0000 | 483b b728 | 0100 0075 | 0d48 8387 | 3001 0000 
  0x000001d73606c17c: 01e9 4a00 | 0000 4883 | bf18 0100 | 0000 7517 | 4889 b718 | 0100 0048 | c787 2001 | 0000 0100 
  0x000001d73606c19c: 0000 e929 | 0000 0048 | 83bf 2801 | 0000 0075 | 1748 89b7 | 2801 0000 | 48c7 8730 | 0100 0001 
  0x000001d73606c1bc: 0000 00e9 | 0800 0000 | 4883 8710 | 0100 0001 | 498b f04c | 8bc6 6666 | 9048 b840 | b46f 93d7 
  0x000001d73606c1dc: ;   {virtual_call}
  0x000001d73606c1dc: 0100 00e8 

  0x000001d73606c1e0: ; ImmutableOopMap {[168]=Oop }
                      ;*invokevirtual dispatchEventImpl {reexecute=0 rethrow=0 return_oop=0}
                      ; - java.awt.Component::dispatchEvent@2 (line 4790)
                      ; - java.awt.EventQueue::dispatchEventImpl@41 (line 725)
  0x000001d73606c1e0: 5c3b 4b07 

  0x000001d73606c1e4: ;   {post_call_nop}
  0x000001d73606c1e4: 0f1f 8400 | 5c08 0000 | 4c8b 8424 | a800 0000 

  0x000001d73606c1f4: ;   {metadata(method data for {method} {0x000001d78f186960} 'dispatchEventImpl' '(Ljava/awt/AWTEvent;Ljava/lang/Object;)V' in 'java/awt/EventQueue')}
  0x000001d73606c1f4: 48be f8b1 | 928f d701 | 0000 458b | 4008 49ba | 0000 004e | d701 0000 | 4d03 c24c | 3b86 c002 
  0x000001d73606c214: 0000 750d | 4883 86c8 | 0200 0001 | e960 0000 | 004c 3b86 | d002 0000 | 750d 4883 | 86d8 0200 
  0x000001d73606c234: 0001 e94a | 0000 0048 | 83be c002 | 0000 0075 | 174c 8986 | c002 0000 | 48c7 86c8 | 0200 0001 
  0x000001d73606c254: 0000 00e9 | 2900 0000 | 4883 bed0 | 0200 0000 | 7517 4c89 | 86d0 0200 | 0048 c786 | d802 0000 
  0x000001d73606c274: 0100 0000 | e908 0000 | 0048 8386 | b802 0000 

  0x000001d73606c284: ;   {metadata(method data for {method} {0x000001d78f0d7b68} 'dispatched' '()V' in 'java/awt/AWTEvent')}
  0x000001d73606c284: 0148 be28 | ba92 8fd7 | 0100 008b | becc 0000 | 0083 c702 | 89be cc00 | 0000 81e7 | feff 1f00 
  0x000001d73606c2a4: 85ff 0f84 | 4916 0000 | 4c8b 8424 | a800 0000 

  0x000001d73606c2b4: ;   {metadata(method data for {method} {0x000001d78f0d7b68} 'dispatched' '()V' in 'java/awt/AWTEvent')}
  0x000001d73606c2b4: 4d85 c048 | bb28 ba92 | 8fd7 0100 | 0075 0c80 | 8b09 0100 | 0001 e9b1 | 0000 0041 | 8b40 0849 
  0x000001d73606c2d4: ba00 0000 | 4ed7 0100 | 0049 03c2 | 483b 8318 | 0100 0075 | 0d48 8383 | 2001 0000 | 01e9 6000 
  0x000001d73606c2f4: 0000 483b | 8328 0100 | 0075 0d48 | 8383 3001 | 0000 01e9 | 4a00 0000 | 4883 bb18 | 0100 0000 
  0x000001d73606c314: 7517 4889 | 8318 0100 | 0048 c783 | 2001 0000 | 0100 0000 | e929 0000 | 0048 83bb | 2801 0000 
  0x000001d73606c334: 0075 1748 | 8983 2801 | 0000 48c7 | 8330 0100 | 0001 0000 | 00e9 0800 | 0000 4883 | 8310 0100 
  0x000001d73606c354: ;   {metadata('java/awt/event/InputEvent')}
  0x000001d73606c354: 0001 48b8 | f0b6 108f | d701 0000 | 418b 5808 | 49ba 0000 | 004e d701 | 0000 4903 | da48 3b43 
  0x000001d73606c374: 500f 8505 | 0000 00e9 | 0500 0000 | 4833 f6eb | 05be 0100 | 0000 85f6 

  0x000001d73606c38c: ;   {metadata(method data for {method} {0x000001d78f0d7b68} 'dispatched' '()V' in 'java/awt/AWTEvent')}
  0x000001d73606c38c: 48be 28ba | 928f d701 | 0000 bf40 | 0100 0074 | 05bf 5001 | 0000 488b | 1c3e 488d | 5b01 4889 
  0x000001d73606c3ac: 1c3e 0f84 | c914 0000 

  0x000001d73606c3b4: ;   {metadata(method data for {method} {0x000001d78f0d7b68} 'dispatched' '()V' in 'java/awt/AWTEvent')}
  0x000001d73606c3b4: 48be 28ba | 928f d701 | 0000 4883 | 8660 0100 

  0x000001d73606c3c4: ;   {metadata(method data for {method} {0x000001d78f0f1d20} 'getInputEventAccessor' '()Lsun/awt/AWTAccessor$InputEventAccessor;' in 'sun/awt/AWTAccessor')}
  0x000001d73606c3c4: 0001 48be | 38bc 928f | d701 0000 | 8bbe cc00 | 0000 83c7 | 0289 becc | 0000 0081 | e7fe ff1f 
  0x000001d73606c3e4: 0085 ff0f | 8429 1500 

  0x000001d73606c3ec: ;   {oop(a 'java/lang/Class'{0x0000000715782f30} = 'sun/awt/AWTAccessor')}
  0x000001d73606c3ec: 0048 be30 | 2f78 1507 | 0000 008b | b684 0000 | 0048 c1e6 | 0348 85f6 

  0x000001d73606c404: ;   {metadata(method data for {method} {0x000001d78f0f1d20} 'getInputEventAccessor' '()Lsun/awt/AWTAccessor$InputEventAccessor;' in 'sun/awt/AWTAccessor')}
  0x000001d73606c404: 48bf 38bc | 928f d701 | 0000 bb10 | 0100 0075 | 05bb 2001 | 0000 488b | 041f 488d | 4001 4889 
  0x000001d73606c424: 041f 0f85 | f412 0000 

  0x000001d73606c42c: ;   {metadata(method data for {method} {0x000001d78f0f1d20} 'getInputEventAccessor' '()Lsun/awt/AWTAccessor$InputEventAccessor;' in 'sun/awt/AWTAccessor')}
  0x000001d73606c42c: 48be 38bc | 928f d701 | 0000 4883 | 8630 0100 

  0x000001d73606c43c: ;   {metadata(method data for {method} {0x000001d78f0f44e0} 'ensureClassInitialized' '(Ljava/lang/Class;)V' in 'sun/awt/AWTAccessor')}
  0x000001d73606c43c: 0001 48be | c062 6b8f | d701 0000 | 8bbe cc00 | 0000 83c7 | 0289 becc | 0000 0081 | e7fe ff1f 
  0x000001d73606c45c: 0085 ff0f | 84d2 1400 

  0x000001d73606c464: ;   {metadata(method data for {method} {0x000001d78f0f44e0} 'ensureClassInitialized' '(Ljava/lang/Class;)V' in 'sun/awt/AWTAccessor')}
  0x000001d73606c464: 0048 bec0 | 626b 8fd7 | 0100 0048 | 8386 1001 

  0x000001d73606c474: ;   {metadata(method data for {method} {0x000001d74e44ab28} 'lookup' '()Ljava/lang/invoke/MethodHandles$Lookup;' in 'java/lang/invoke/MethodHandles')}
  0x000001d73606c474: 0000 0148 | be70 646b | 8fd7 0100 | 008b becc | 0000 0083 | c702 89be | cc00 0000 | 81e7 feff 
  0x000001d73606c494: 1f00 85ff | 0f84 ba14 

  0x000001d73606c49c: ;   {metadata(method data for {method} {0x000001d74e44ab28} 'lookup' '()Ljava/lang/invoke/MethodHandles$Lookup;' in 'java/lang/invoke/MethodHandles')}
  0x000001d73606c49c: 0000 48be | 7064 6b8f | d701 0000 | 4883 8610 | 0100 0001 | 0f1f 8000 

  0x000001d73606c4b4: ;   {static_call}
  0x000001d73606c4b4: 0000 00e8 

  0x000001d73606c4b8: ; ImmutableOopMap {[168]=Oop }
                      ;*invokestatic getCallerClass {reexecute=0 rethrow=0 return_oop=0}
                      ; - java.lang.invoke.MethodHandles::lookup@0 (line 126)
                      ; - sun.awt.AWTAccessor::ensureClassInitialized@0 (line 1464)
                      ; - sun.awt.AWTAccessor::getInputEventAccessor@10 (line 963)
                      ; - java.awt.AWTEvent::dispatched@7 (line 571)
                      ; - java.awt.EventQueue::dispatchEventImpl@45 (line 726)
  0x000001d73606c4b8: a42b 1f07 

  0x000001d73606c4bc: ;   {post_call_nop}
  0x000001d73606c4bc: 0f1f 8400 | 340b 0001 | 4c8b c04d 

  0x000001d73606c4c8: ;   {metadata(method data for {method} {0x000001d74e44ab28} 'lookup' '()Ljava/lang/invoke/MethodHandles$Lookup;' in 'java/lang/invoke/MethodHandles')}
  0x000001d73606c4c8: 85c0 48ba | 7064 6b8f | d701 0000 | be30 0100 | 0074 05be | 2001 0000 | 488b 3c32 | 488d 7f01 
  0x000001d73606c4e8: 4889 3c32 | 0f84 5511 

  0x000001d73606c4f0: ;   {metadata('java/lang/invoke/MethodHandles$Lookup')}
  0x000001d73606c4f0: 0000 48ba | b8a5 1e4e | d701 0000 | 498b 87c8 | 0100 0048 | 8d78 2049 | 3bbf d801 | 0000 0f87 
  0x000001d73606c510: 6514 0000 | 4989 bfc8 | 0100 0048 | c700 0100 | 0000 488b | ca49 ba00 | 0000 4ed7 | 0100 0049 
  0x000001d73606c530: 2bca 8948 | 0848 33c9 | 8948 0c48 | 33c9 4889 | 4810 4889 | 4818 4c8b 

  0x000001d73606c548: ;   {metadata(method data for {method} {0x000001d74e44ab28} 'lookup' '()Ljava/lang/invoke/MethodHandles$Lookup;' in 'java/lang/invoke/MethodHandles')}
  0x000001d73606c548: c848 bf70 | 646b 8fd7 | 0100 0048 | 8387 5001 

  0x000001d73606c558: ;   {metadata(method data for {method} {0x000001d74e44edd8} '<init>' '(Ljava/lang/Class;)V' in 'java/lang/invoke/MethodHandles$Lookup')}
  0x000001d73606c558: 0000 0149 | b980 686b | 8fd7 0100 | 0041 8bb9 | cc00 0000 | 83c7 0241 | 89b9 cc00 | 0000 81e7 
  0x000001d73606c578: feff 1f00 | 85ff 0f84 | 0214 0000 

  0x000001d73606c584: ;   {metadata(method data for {method} {0x000001d74e44edd8} '<init>' '(Ljava/lang/Class;)V' in 'java/lang/invoke/MethodHandles$Lookup')}
  0x000001d73606c584: 4c8b c848 | bf80 686b | 8fd7 0100 | 0048 8387 | 1001 0000 

  0x000001d73606c598: ;   {oop(nullptr)}
  0x000001d73606c598: 0149 b900 | 0000 0000 | 0000 00bf | 5f00 0000 | 488b d048 | 8984 24b0 | 0000 000f 

  0x000001d73606c5b4: ;   {optimized virtual_call}
  0x000001d73606c5b4: 1f40 00e8 

  0x000001d73606c5b8: ; ImmutableOopMap {[168]=Oop [176]=Oop }
                      ;*invokespecial <init> {reexecute=0 rethrow=0 return_oop=0}
                      ; - java.lang.invoke.MethodHandles$Lookup::<init>@5 (line 1534)
                      ; - java.lang.invoke.MethodHandles::lookup@23 (line 130)
                      ; - sun.awt.AWTAccessor::ensureClassInitialized@0 (line 1464)
                      ; - sun.awt.AWTAccessor::getInputEventAccessor@10 (line 963)
                      ; - java.awt.AWTEvent::dispatched@7 (line 571)
                      ; - java.awt.EventQueue::dispatchEventImpl@45 (line 726)
  0x000001d73606c5b8: a424 1f07 

  0x000001d73606c5bc: ;   {post_call_nop}
  0x000001d73606c5bc: 0f1f 8400 | 340c 0002 | 488b 8424 | b000 0000 

  0x000001d73606c5cc: ;   {metadata(method data for {method} {0x000001d78f0f44e0} 'ensureClassInitialized' '(Ljava/lang/Class;)V' in 'sun/awt/AWTAccessor')}
  0x000001d73606c5cc: 4c8b c048 | bac0 626b | 8fd7 0100 | 0045 8b40 | 0849 ba00 | 0000 4ed7 | 0100 004d | 03c2 4c3b 
  0x000001d73606c5ec: 8228 0100 | 0075 0d48 | 8382 3001 | 0000 01e9 | 6000 0000 | 4c3b 8238 | 0100 0075 | 0d48 8382 
  0x000001d73606c60c: 4001 0000 | 01e9 4a00 | 0000 4883 | ba28 0100 | 0000 7517 | 4c89 8228 | 0100 0048 | c782 3001 
  0x000001d73606c62c: 0000 0100 | 0000 e929 | 0000 0048 | 83ba 3801 | 0000 0075 | 174c 8982 | 3801 0000 | 48c7 8240 
  0x000001d73606c64c: 0100 0001 | 0000 00e9 | 0800 0000 | 4883 8220 | 0100 0001 

  0x000001d73606c660: ;   {oop(a 'java/lang/Class'{0x00000007157c3400} = 'java/awt/event/InputEvent')}
  0x000001d73606c660: 49b8 0034 | 7c15 0700 | 0000 488b 

  0x000001d73606c66c: ;   {optimized virtual_call}
  0x000001d73606c66c: d066 90e8 

  0x000001d73606c670: ; ImmutableOopMap {[168]=Oop }
                      ;*invokevirtual ensureInitialized {reexecute=0 rethrow=0 return_oop=0}
                      ; - sun.awt.AWTAccessor::ensureClassInitialized@4 (line 1464)
                      ; - sun.awt.AWTAccessor::getInputEventAccessor@10 (line 963)
                      ; - java.awt.AWTEvent::dispatched@7 (line 571)
                      ; - java.awt.EventQueue::dispatchEventImpl@45 (line 726)
  0x000001d73606c670: ec23 1f07 

  0x000001d73606c674: ;   {post_call_nop}
  0x000001d73606c674: 0f1f 8400 | ec0c 0003 

  0x000001d73606c67c: ;   {metadata(method data for {method} {0x000001d78f0f44e0} 'ensureClassInitialized' '(Ljava/lang/Class;)V' in 'sun/awt/AWTAccessor')}
  0x000001d73606c67c: 48ba c062 | 6b8f d701 | 0000 ff82 | 5001 0000 | e97b 1000 | 004d 85c9 

  0x000001d73606c694: ;   {metadata(method data for {method} {0x000001d78f186960} 'dispatchEventImpl' '(Ljava/awt/AWTEvent;Ljava/lang/Object;)V' in 'java/awt/EventQueue')}
  0x000001d73606c694: 48bb f8b1 | 928f d701 | 0000 750c | 808b f902 | 0000 01e9 | b000 0000 | 418b 4108 | 49ba 0000 
  0x000001d73606c6b4: 004e d701 | 0000 4903 | c248 3b83 | 0803 0000 | 750d 4883 | 8310 0300 | 0001 e960 | 0000 0048 
  0x000001d73606c6d4: 3b83 1803 | 0000 750d | 4883 8320 | 0300 0001 | e94a 0000 | 0048 83bb | 0803 0000 | 0075 1748 
  0x000001d73606c6f4: 8983 0803 | 0000 48c7 | 8310 0300 | 0001 0000 | 00e9 2900 | 0000 4883 | bb18 0300 | 0000 7517 
  0x000001d73606c714: 4889 8318 | 0300 0048 | c783 2003 | 0000 0100 | 0000 e908 | 0000 0048 | 8383 0003 

  0x000001d73606c730: ;   {metadata('java/awt/MenuComponent')}
  0x000001d73606c730: 0000 0148 | b8e8 ad8e | 8fd7 0100 | 0041 8b79 | 0849 ba00 | 0000 4ed7 | 0100 0049 | 03fa 483b 
  0x000001d73606c750: c70f 8505 | 0000 00e9 | 0500 0000 | 4833 f6eb | 05be 0100 | 0000 85f6 

  0x000001d73606c768: ;   {metadata(method data for {method} {0x000001d78f186960} 'dispatchEventImpl' '(Ljava/awt/AWTEvent;Ljava/lang/Object;)V' in 'java/awt/EventQueue')}
  0x000001d73606c768: 48be f8b1 | 928f d701 | 0000 bf40 | 0300 0075 | 05bf 3003 | 0000 488b | 1c3e 488d | 5b01 4889 
  0x000001d73606c788: 1c3e 0f85 | 280b 0000 

  0x000001d73606c790: ;   {metadata(method data for {method} {0x000001d78f186960} 'dispatchEventImpl' '(Ljava/awt/AWTEvent;Ljava/lang/Object;)V' in 'java/awt/EventQueue')}
  0x000001d73606c790: 4d85 c948 | bbf8 b192 | 8fd7 0100 | 0075 0c80 | 8bc1 0300 | 0001 e9dd | 0000 0041 | 8b41 0849 
  0x000001d73606c7b0: ba00 0000 | 4ed7 0100 | 0049 03c2 | 483b 83d0 | 0300 0075 | 0d48 8383 | d803 0000 | 01e9 6000 
  0x000001d73606c7d0: 0000 483b | 83e0 0300 | 0075 0d48 | 8383 e803 | 0000 01e9 | 4a00 0000 | 4883 bbd0 | 0300 0000 
  0x000001d73606c7f0: 7517 4889 | 83d0 0300 | 0048 c783 | d803 0000 | 0100 0000 | e929 0000 | 0048 83bb | e003 0000 
  0x000001d73606c810: 0075 1748 | 8983 e003 | 0000 48c7 | 83e8 0300 | 0001 0000 | 00e9 0800 | 0000 4883 | 83c8 0300 
  0x000001d73606c830: 0001 660f | 1f44 0000 

  0x000001d73606c838: ;   {no_reloc}
  0x000001d73606c838: e979 1100 | 0000 0000 | 0000 418b | 5908 49ba | 0000 004e | d701 0000 | 4903 da48 | 3bd8 0f84 
  0x000001d73606c858: 3100 0000 | 8b78 1448 | 3b04 3b0f | 8424 0000 | 0083 ff20 | 0f85 1600 | 0000 5350 

  0x000001d73606c874: ;   {runtime_call C1 Runtime slow_subtype_check_blob}
  0x000001d73606c874: e8c7 462b | 075b 5885 | c00f 8405 | 0000 00e9 | 0500 0000 | 4833 f6eb | 05be 0100 | 0000 85f6 
  0x000001d73606c894: ;   {metadata(method data for {method} {0x000001d78f186960} 'dispatchEventImpl' '(Ljava/awt/AWTEvent;Ljava/lang/Object;)V' in 'java/awt/EventQueue')}
  0x000001d73606c894: 48be f8b1 | 928f d701 | 0000 bf08 | 0400 0075 | 05bf f803 | 0000 488b | 1c3e 488d | 5b01 4889 
  0x000001d73606c8b4: 1c3e 0f85 | be08 0000 

  0x000001d73606c8bc: ;   {metadata(method data for {method} {0x000001d78f186960} 'dispatchEventImpl' '(Ljava/awt/AWTEvent;Ljava/lang/Object;)V' in 'java/awt/EventQueue')}
  0x000001d73606c8bc: 4d85 c948 | bbf8 b192 | 8fd7 0100 | 0075 0c80 | 8b89 0400 | 0001 e9b0 | 0000 0041 | 8b41 0849 
  0x000001d73606c8dc: ba00 0000 | 4ed7 0100 | 0049 03c2 | 483b 8398 | 0400 0075 | 0d48 8383 | a004 0000 | 01e9 6000 
  0x000001d73606c8fc: 0000 483b | 83a8 0400 | 0075 0d48 | 8383 b004 | 0000 01e9 | 4a00 0000 | 4883 bb98 | 0400 0000 
  0x000001d73606c91c: 7517 4889 | 8398 0400 | 0048 c783 | a004 0000 | 0100 0000 | e929 0000 | 0048 83bb | a804 0000 
  0x000001d73606c93c: 0075 1748 | 8983 a804 | 0000 48c7 | 83b0 0400 | 0001 0000 | 00e9 0800 | 0000 4883 | 8390 0400 
  0x000001d73606c95c: ;   {metadata('sun/awt/AWTAutoShutdown')}
  0x000001d73606c95c: 0001 48b8 | b0ae 064f | d701 0000 | 418b 7908 | 49ba 0000 | 004e d701 | 0000 4903 | fa48 3bc7 
  0x000001d73606c97c: 0f85 0500 | 0000 e905 | 0000 0048 | 33f6 eb05 | be01 0000 

  0x000001d73606c990: ;   {metadata(method data for {method} {0x000001d78f186960} 'dispatchEventImpl' '(Ljava/awt/AWTEvent;Ljava/lang/Object;)V' in 'java/awt/EventQueue')}
  0x000001d73606c990: 0085 f648 | bef8 b192 | 8fd7 0100 | 00bf c004 | 0000 7405 | bfd0 0400 | 0048 8b1c | 3e48 8d5b 
  0x000001d73606c9b0: 0148 891c | 3e0f 8448 | 0100 0048 

  0x000001d73606c9bc: ;   {metadata(method data for {method} {0x000001d78f186960} 'dispatchEventImpl' '(Ljava/awt/AWTEvent;Ljava/lang/Object;)V' in 'java/awt/EventQueue')}
  0x000001d73606c9bc: 8bf2 48bf | f8b1 928f | d701 0000 | 4883 87e0 | 0400 0001 

  0x000001d73606c9d0: ;   {metadata(method data for {method} {0x000001d78f185f98} 'noEvents' '()Z' in 'java/awt/EventQueue')}
  0x000001d73606c9d0: 48be 3050 | 838f d701 | 0000 8bbe | cc00 0000 | 83c7 0289 | becc 0000 | 0081 e7fe | ff1f 0085 
  0x000001d73606c9f0: ff0f 84c9 | 0f00 00be | 0000 0000 | e994 0000 | 000f 1f80 | 0000 0000 | 8b7a 2048 | c1e7 033b 
  0x000001d73606ca10: 770c 0f83 | d30f 0000 | 4863 de8b | 7c9f 1048 | c1e7 038b | 7f0c 48c1 | e703 4885 

  0x000001d73606ca2c: ;   {metadata(method data for {method} {0x000001d78f185f98} 'noEvents' '()Z' in 'java/awt/EventQueue')}
  0x000001d73606ca2c: ff48 bf30 | 5083 8fd7 | 0100 00bb | 4001 0000 | 7505 bb30 | 0100 0048 | 8b04 1f48 | 8d40 0148 
  0x000001d73606ca4c: 8904 1f0f | 8570 0000 

  0x000001d73606ca54: ;   {metadata(method data for {method} {0x000001d78f185f98} 'noEvents' '()Z' in 'java/awt/EventQueue')}
  0x000001d73606ca54: 00ff c648 | bf30 5083 | 8fd7 0100 | 008b 9fd0 | 0000 0083 | c302 899f | d000 0000 | 81e3 fe3f 
  0x000001d73606ca74: 0000 85db | 0f84 800f | 0000 4d8b 

  0x000001d73606ca80: ; ImmutableOopMap {rdx=Oop }
                      ;*goto {reexecute=1 rethrow=0 return_oop=0}
                      ; - (reexecute) java.awt.EventQueue::noEvents@24 (line 520)
                      ; - java.awt.EventQueue::dispatchEventImpl@95 (line 732)
                      ;   {poll}
  0x000001d73606ca80: 5730 4185 

  0x000001d73606ca84: ;   {metadata(method data for {method} {0x000001d78f185f98} 'noEvents' '()Z' in 'java/awt/EventQueue')}
  0x000001d73606ca84: 0248 bf30 | 5083 8fd7 | 0100 00ff | 8750 0100 | 0083 fe04 

  0x000001d73606ca98: ;   {metadata(method data for {method} {0x000001d78f185f98} 'noEvents' '()Z' in 'java/awt/EventQueue')}
  0x000001d73606ca98: 48bf 3050 | 838f d701 | 0000 bb10 | 0100 007d | 05bb 2001 | 0000 488b | 041f 488d | 4001 4889 
  0x000001d73606cab8: 041f 0f8d | 0f00 0000 | e943 ffff | ffbe 0000 | 0000 e905 | 0000 00be | 0100 0000 

  0x000001d73606cad4: ;   {metadata(method data for {method} {0x000001d78f186960} 'dispatchEventImpl' '(Ljava/awt/AWTEvent;Ljava/lang/Object;)V' in 'java/awt/EventQueue')}
  0x000001d73606cad4: 85f6 48be | f8b1 928f | d701 0000 | bf10 0500 | 0074 05bf | 2005 0000 | 488b 1c3e | 488d 5b01 
  0x000001d73606caf4: 4889 1c3e | 0f84 8f0d | 0000 e9ec 

  0x000001d73606cb00: ;   {metadata(method data for {method} {0x000001d78f186960} 'dispatchEventImpl' '(Ljava/awt/AWTEvent;Ljava/lang/Object;)V' in 'java/awt/EventQueue')}
  0x000001d73606cb00: 0500 0048 | baf8 b192 | 8fd7 0100 | 0048 8382 | 7805 0000 

  0x000001d73606cb14: ;   {metadata(method data for {method} {0x000001d78f184d68} 'getEventLog' '()Lsun/util/logging/PlatformLogger;' in 'java/awt/EventQueue')}
  0x000001d73606cb14: 0148 ba28 | c092 8fd7 | 0100 008b | b2cc 0000 | 0083 c602 | 89b2 cc00 | 0000 81e6 | feff 1f00 
  0x000001d73606cb34: 85f6 0f84 | e30e 0000 

  0x000001d73606cb3c: ;   {oop(a 'java/lang/Class'{0x00000007157ea4a8} = 'java/awt/EventQueue')}
  0x000001d73606cb3c: 48ba a8a4 | 7e15 0700 | 0000 8b52 | 7848 c1e2 | 0348 85d2 

  0x000001d73606cb50: ;   {metadata(method data for {method} {0x000001d78f184d68} 'getEventLog' '()Lsun/util/logging/PlatformLogger;' in 'java/awt/EventQueue')}
  0x000001d73606cb50: 48ba 28c0 | 928f d701 | 0000 be10 | 0100 0075 | 05be 2001 | 0000 488b | 3c32 488d | 7f01 4889 
  0x000001d73606cb70: 3c32 0f85 | 6800 0000 

  0x000001d73606cb78: ;   {metadata(method data for {method} {0x000001d78f184d68} 'getEventLog' '()Lsun/util/logging/PlatformLogger;' in 'java/awt/EventQueue')}
  0x000001d73606cb78: 48ba 28c0 | 928f d701 | 0000 4883 | 8230 0100 

  0x000001d73606cb88: ;   {oop("java.awt.event.EventQueue"{0x0000000714af5cf8})}
  0x000001d73606cb88: 0001 48ba | f85c af14 | 0700 0000 

  0x000001d73606cb94: ;   {static_call}
  0x000001d73606cb94: 6666 90e8 

  0x000001d73606cb98: ; ImmutableOopMap {[168]=Oop }
                      ;*invokestatic getLogger {reexecute=0 rethrow=0 return_oop=0}
                      ; - java.awt.EventQueue::getEventLog@8 (line 181)
                      ; - java.awt.EventQueue::dispatchEventImpl@111 (line 736)
  0x000001d73606cb98: c424 1f07 

  0x000001d73606cb9c: ;   {post_call_nop}
  0x000001d73606cb9c: 0f1f 8400 | 1412 0005 

  0x000001d73606cba4: ;   {oop(a 'java/lang/Class'{0x00000007157ea4a8} = 'java/awt/EventQueue')}
  0x000001d73606cba4: 49b8 a8a4 | 7e15 0700 | 0000 410f | be57 4885 | d20f 8585 | 0e00 004c | 8bd0 49c1 | ea03 4589 
  0x000001d73606cbc4: 5078 f083 | 4424 c000 | 498b d048 | 33d0 48c1 | ea15 4883 | fa00 0f85 | 800e 0000 

  0x000001d73606cbe0: ;   {oop(a 'java/lang/Class'{0x00000007157ea4a8} = 'java/awt/EventQueue')}
  0x000001d73606cbe0: 49b8 a8a4 | 7e15 0700 | 0000 458b | 4078 49c1 | e003 493b | 0049 8bd0 

  0x000001d73606cbf8: ;   {metadata(method data for {method} {0x000001d78f186960} 'dispatchEventImpl' '(Ljava/awt/AWTEvent;Ljava/lang/Object;)V' in 'java/awt/EventQueue')}
  0x000001d73606cbf8: 48be f8b1 | 928f d701 

  0x000001d73606cc00: ;   {metadata('sun/util/logging/PlatformLogger')}
  0x000001d73606cc00: 0000 49ba | c8de 044f | d701 0000 | 4c89 9690 | 0500 0048 | 8386 9805 

  0x000001d73606cc18: ;   {metadata(method data for {method} {0x000001d78f0d9378} 'isLoggable' '(Lsun/util/logging/PlatformLogger$Level;)Z' in 'sun/util/logging/PlatformLogger')}
  0x000001d73606cc18: 0000 0148 | ba88 f43d | 8fd7 0100 | 008b b2cc | 0000 0083 | c602 89b2 | cc00 0000 | 81e6 feff 
  0x000001d73606cc38: 1f00 85f6 | 0f84 3b0e 

  0x000001d73606cc40: ;   {metadata(method data for {method} {0x000001d78f0d9378} 'isLoggable' '(Lsun/util/logging/PlatformLogger$Level;)Z' in 'sun/util/logging/PlatformLogger')}
  0x000001d73606cc40: 0000 48ba | 88f4 3d8f | d701 0000 | ff82 1001 | 0000 418b | 500c 48c1 | e203 483b | 024c 8bc2 
  0x000001d73606cc60: ;   {metadata(method data for {method} {0x000001d78f0d9378} 'isLoggable' '(Lsun/util/logging/PlatformLogger$Level;)Z' in 'sun/util/logging/PlatformLogger')}
  0x000001d73606cc60: 48be 88f4 | 3d8f d701 | 0000 458b | 4008 49ba | 0000 004e | d701 0000 | 4d03 c24c | 3b86 4801 
  0x000001d73606cc80: 0000 750d | 4883 8650 | 0100 0001 | e960 0000 | 004c 3b86 | 5801 0000 | 750d 4883 | 8660 0100 
  0x000001d73606cca0: 0001 e94a | 0000 0048 | 83be 4801 | 0000 0075 | 174c 8986 | 4801 0000 | 48c7 8650 | 0100 0001 
  0x000001d73606ccc0: 0000 00e9 | 2900 0000 | 4883 be58 | 0100 0000 | 7517 4c89 | 8658 0100 | 0048 c786 | 6001 0000 
  0x000001d73606cce0: 0100 0000 | e908 0000 | 0048 8386 | 4001 0000 

  0x000001d73606ccf0: ;   {oop(a 'sun/util/logging/PlatformLogger$Level'{0x000000071577b648})}
  0x000001d73606ccf0: 0149 b848 | b677 1507 | 0000 0066 | 9048 b868 | b46f 93d7 

  0x000001d73606cd04: ;   {virtual_call}
  0x000001d73606cd04: 0100 00e8 

  0x000001d73606cd08: ; ImmutableOopMap {[168]=Oop }
                      ;*invokeinterface isLoggable {reexecute=0 rethrow=0 return_oop=0}
                      ; - sun.util.logging.PlatformLogger::isLoggable@17 (line 340)
                      ; - java.awt.EventQueue::dispatchEventImpl@117 (line 736)
  0x000001d73606cd08: 5420 1f07 

  0x000001d73606cd0c: ;   {post_call_nop}
  0x000001d73606cd0c: 0f1f 8400 | 8413 0006 | 83e0 0185 

  0x000001d73606cd18: ;   {metadata(method data for {method} {0x000001d78f186960} 'dispatchEventImpl' '(Ljava/awt/AWTEvent;Ljava/lang/Object;)V' in 'java/awt/EventQueue')}
  0x000001d73606cd18: c048 baf8 | b192 8fd7 | 0100 00be | b805 0000 | 7405 bec8 | 0500 0048 | 8b3c 3248 | 8d7f 0148 
  0x000001d73606cd38: 893c 320f | 844c 0b00 

  0x000001d73606cd40: ;   {metadata(method data for {method} {0x000001d78f186960} 'dispatchEventImpl' '(Ljava/awt/AWTEvent;Ljava/lang/Object;)V' in 'java/awt/EventQueue')}
  0x000001d73606cd40: 0048 baf8 | b192 8fd7 | 0100 0048 | 8382 d805 

  0x000001d73606cd50: ;   {metadata(method data for {method} {0x000001d78f184d68} 'getEventLog' '()Lsun/util/logging/PlatformLogger;' in 'java/awt/EventQueue')}
  0x000001d73606cd50: 0000 0148 | ba28 c092 | 8fd7 0100 | 008b b2cc | 0000 0083 | c602 89b2 | cc00 0000 | 81e6 feff 
  0x000001d73606cd70: 1f00 85f6 | 0f84 290d 

  0x000001d73606cd78: ;   {oop(a 'java/lang/Class'{0x00000007157ea4a8} = 'java/awt/EventQueue')}
  0x000001d73606cd78: 0000 48ba | a8a4 7e15 | 0700 0000 | 8b52 7848 | c1e2 0348 

  0x000001d73606cd8c: ;   {metadata(method data for {method} {0x000001d78f184d68} 'getEventLog' '()Lsun/util/logging/PlatformLogger;' in 'java/awt/EventQueue')}
  0x000001d73606cd8c: 85d2 48ba | 28c0 928f | d701 0000 | be10 0100 | 0075 05be | 2001 0000 | 488b 3c32 | 488d 7f01 
  0x000001d73606cdac: 4889 3c32 | 0f85 6a00 

  0x000001d73606cdb4: ;   {metadata(method data for {method} {0x000001d78f184d68} 'getEventLog' '()Lsun/util/logging/PlatformLogger;' in 'java/awt/EventQueue')}
  0x000001d73606cdb4: 0000 48ba | 28c0 928f | d701 0000 | 4883 8230 | 0100 0001 

  0x000001d73606cdc8: ;   {oop("java.awt.event.EventQueue"{0x0000000714af5cf8})}
  0x000001d73606cdc8: 48ba f85c | af14 0700 | 0000 0f1f 

  0x000001d73606cdd4: ;   {static_call}
  0x000001d73606cdd4: 4400 00e8 

  0x000001d73606cdd8: ; ImmutableOopMap {[168]=Oop }
                      ;*invokestatic getLogger {reexecute=0 rethrow=0 return_oop=0}
                      ; - java.awt.EventQueue::getEventLog@8 (line 181)
                      ; - java.awt.EventQueue::dispatchEventImpl@123 (line 737)
  0x000001d73606cdd8: 8422 1f07 

  0x000001d73606cddc: ;   {post_call_nop}
  0x000001d73606cddc: 0f1f 8400 | 5414 0007 

  0x000001d73606cde4: ;   {oop(a 'java/lang/Class'{0x00000007157ea4a8} = 'java/awt/EventQueue')}
  0x000001d73606cde4: 48ba a8a4 | 7e15 0700 | 0000 410f | be77 4885 | f60f 85c9 | 0c00 004c | 8bd0 49c1 | ea03 4489 
  0x000001d73606ce04: 5278 f083 | 4424 c000 | 488b f248 | 33f0 48c1 | ee15 4883 | fe00 0f85 | c30c 0000 

  0x000001d73606ce20: ;   {oop(a 'java/lang/Class'{0x00000007157ea4a8} = 'java/awt/EventQueue')}
  0x000001d73606ce20: 48ba a8a4 | 7e15 0700 | 0000 8b72 | 7848 c1e6 | 0348 89b4 | 24b8 0000 | 004c 8b84 | 24a8 0000 
  0x000001d73606ce40: ;   {metadata(method data for {method} {0x000001d78f186960} 'dispatchEventImpl' '(Ljava/awt/AWTEvent;Ljava/lang/Object;)V' in 'java/awt/EventQueue')}
  0x000001d73606ce40: 0048 baf8 | b192 8fd7 | 0100 0048 | 8382 e805 

  0x000001d73606ce50: ;   {metadata(method data for {method} {0x000001d74e47e890} 'valueOf' '(Ljava/lang/Object;)Ljava/lang/String;' in 'java/lang/String')}
  0x000001d73606ce50: 0000 0148 | ba38 3320 | 8fd7 0100 | 008b bacc | 0000 0083 | c702 89ba | cc00 0000 | 81e7 feff 
  0x000001d73606ce70: 1f00 85ff | 0f84 810c | 0000 4d85 

  0x000001d73606ce7c: ;   {metadata(method data for {method} {0x000001d74e47e890} 'valueOf' '(Ljava/lang/Object;)Ljava/lang/String;' in 'java/lang/String')}
  0x000001d73606ce7c: c048 ba38 | 3320 8fd7 | 0100 00bf | 1001 0000 | 7505 bf20 | 0100 0048 | 8b1c 3a48 | 8d5b 0148 
  0x000001d73606ce9c: 891c 3a0f | 851f 0000 

  0x000001d73606cea4: ;   {metadata(method data for {method} {0x000001d74e47e890} 'valueOf' '(Ljava/lang/Object;)Ljava/lang/String;' in 'java/lang/String')}
  0x000001d73606cea4: 0048 ba38 | 3320 8fd7 | 0100 00ff | 8230 0100 

  0x000001d73606ceb4: ;   {oop("null"{0x00000007ffe1c918})}
  0x000001d73606ceb4: 0048 bf18 | c9e1 ff07 | 0000 00e9 | ab00 0000 

  0x000001d73606cec4: ;   {metadata(method data for {method} {0x000001d74e47e890} 'valueOf' '(Ljava/lang/Object;)Ljava/lang/String;' in 'java/lang/String')}
  0x000001d73606cec4: 498b d048 | bf38 3320 | 8fd7 0100 | 008b 5208 | 49ba 0000 | 004e d701 | 0000 4903 | d248 3b97 
  0x000001d73606cee4: 5001 0000 | 750d 4883 | 8758 0100 | 0001 e960 | 0000 0048 | 3b97 6001 | 0000 750d | 4883 8768 
  0x000001d73606cf04: 0100 0001 | e94a 0000 | 0048 83bf | 5001 0000 | 0075 1748 | 8997 5001 | 0000 48c7 | 8758 0100 
  0x000001d73606cf24: 0001 0000 | 00e9 2900 | 0000 4883 | bf60 0100 | 0000 7517 | 4889 9760 | 0100 0048 | c787 6801 
  0x000001d73606cf44: 0000 0100 | 0000 e908 | 0000 0048 | 8387 4801 | 0000 0149 | 8bd0 0f1f 

  0x000001d73606cf5c: ;   {optimized virtual_call}
  0x000001d73606cf5c: 4400 00e8 

  0x000001d73606cf60: ; ImmutableOopMap {[184]=Oop }
                      ;*invokevirtual toString {reexecute=0 rethrow=0 return_oop=0}
                      ; - java.lang.String::valueOf@11 (line 4543)
                      ; - java.awt.EventQueue::dispatchEventImpl@127 (line 737)
  0x000001d73606cf60: fc1a 1f07 

  0x000001d73606cf64: ;   {post_call_nop}
  0x000001d73606cf64: 0f1f 8400 | dc15 0008 | 488b f890 

  0x000001d73606cf70: ;   {no_reloc}
  0x000001d73606cf70: e9b6 0b00 | 0090 9090 | 9090 488b 

  0x000001d73606cf7c: ;   {static_call}
  0x000001d73606cf7c: d766 90e8 

  0x000001d73606cf80: ; ImmutableOopMap {[184]=Oop }
                      ;*invokedynamic {reexecute=0 rethrow=0 return_oop=0}
                      ; - java.awt.EventQueue::dispatchEventImpl@130 (line 737)
  0x000001d73606cf80: dc20 1f07 

  0x000001d73606cf84: ;   {post_call_nop}
  0x000001d73606cf84: 0f1f 8400 | fc15 0009 

  0x000001d73606cf8c: ;   {metadata(method data for {method} {0x000001d78f186960} 'dispatchEventImpl' '(Ljava/awt/AWTEvent;Ljava/lang/Object;)V' in 'java/awt/EventQueue')}
  0x000001d73606cf8c: 49b8 f8b1 | 928f d701 | 0000 4d8d | 8018 0600 | 0048 85c0 | 750b 41f6 | 0001 7505 | f049 8308 
  0x000001d73606cfac: 0148 8bb4 | 24b8 0000 | 0048 3b06 

  0x000001d73606cfb8: ;   {metadata(method data for {method} {0x000001d78f186960} 'dispatchEventImpl' '(Ljava/awt/AWTEvent;Ljava/lang/Object;)V' in 'java/awt/EventQueue')}
  0x000001d73606cfb8: 4c8b c649 | b9f8 b192 | 8fd7 0100 

  0x000001d73606cfc4: ;   {metadata('sun/util/logging/PlatformLogger')}
  0x000001d73606cfc4: 0049 bac8 | de04 4fd7 | 0100 004d | 8991 3006 | 0000 4983 | 8138 0600 

  0x000001d73606cfdc: ;   {metadata(method data for {method} {0x000001d78f0d9fd0} 'fine' '(Ljava/lang/String;)V' in 'sun/util/logging/PlatformLogger')}
  0x000001d73606cfdc: 0001 49b8 | 70c8 928f | d701 0000 | 458b 88cc | 0000 0041 | 83c1 0245 | 8988 cc00 | 0000 4181 
  0x000001d73606cffc: e1fe ff1f | 0045 85c9 | 0f84 300b | 0000 8b56 | 0c48 c1e2 | 0348 3b02 

  0x000001d73606d014: ;   {metadata(method data for {method} {0x000001d78f0d9fd0} 'fine' '(Ljava/lang/String;)V' in 'sun/util/logging/PlatformLogger')}
  0x000001d73606d014: 4c8b c249 | b970 c892 | 8fd7 0100 | 0045 8b40 | 0849 ba00 | 0000 4ed7 | 0100 004d | 03c2 4d3b 
  0x000001d73606d034: 8148 0100 | 0075 0d49 | 8381 5001 | 0000 01e9 | 6000 0000 | 4d3b 8158 | 0100 0075 | 0d49 8381 
  0x000001d73606d054: 6001 0000 | 01e9 4a00 | 0000 4983 | b948 0100 | 0000 7517 | 4d89 8148 | 0100 0049 | c781 5001 
  0x000001d73606d074: 0000 0100 | 0000 e929 | 0000 0049 | 83b9 5801 | 0000 0075 | 174d 8981 | 5801 0000 | 49c7 8160 
  0x000001d73606d094: 0100 0001 | 0000 00e9 | 0800 0000 | 4983 8140 | 0100 0001 

  0x000001d73606d0a8: ;   {oop(a 'sun/util/logging/PlatformLogger$Level'{0x000000071577b648})}
  0x000001d73606d0a8: 49b8 48b6 | 7715 0700 | 0000 4c8b 

  0x000001d73606d0b4: ;   {oop(nullptr)}
  0x000001d73606d0b4: c848 bf00 | 0000 0000 | 0000 0066 | 0f1f 4400 | 0048 b890 | b46f 93d7 

  0x000001d73606d0cc: ;   {virtual_call}
  0x000001d73606d0cc: 0100 00e8 

  0x000001d73606d0d0: ; ImmutableOopMap {}
                      ;*invokeinterface log {reexecute=0 rethrow=0 return_oop=0}
                      ; - sun.util.logging.PlatformLogger::fine@12 (line 449)
                      ; - java.awt.EventQueue::dispatchEventImpl@135 (line 737)
  0x000001d73606d0d0: 8c1c 1f07 

  0x000001d73606d0d4: ;   {post_call_nop}
  0x000001d73606d0d4: 0f1f 8400 | 4c17 000a | 4881 c4d0 | 0000 005d 

  0x000001d73606d0e4: ;   {poll_return}
  0x000001d73606d0e4: 493b 6728 | 0f87 720a | 0000 c344 | 8b42 3449 | c1e0 0349 | 3b00 498b 

  0x000001d73606d0fc: ;   {metadata(method data for {method} {0x000001d78f186960} 'dispatchEventImpl' '(Ljava/awt/AWTEvent;Ljava/lang/Object;)V' in 'java/awt/EventQueue')}
  0x000001d73606d0fc: d048 bef8 | b192 8fd7 

  0x000001d73606d104: ;   {metadata('java/awt/EventDispatchThread')}
  0x000001d73606d104: 0100 0049 | bac0 920e | 4fd7 0100 | 004c 8996 | 3805 0000 | 4883 8640 | 0500 0001 

  0x000001d73606d120: ;   {metadata(method data for {method} {0x000001d78f6a0718} 'stopDispatching' '()V' in 'java/awt/EventDispatchThread')}
  0x000001d73606d120: 48ba f0be | 928f d701 | 0000 8bb2 | cc00 0000 | 83c6 0289 | b2cc 0000 | 0081 e6fe | ff1f 0085 
  0x000001d73606d140: f60f 8434 | 0a00 00ba | 0000 0000 | 4188 5070 | f083 4424 

  0x000001d73606d154: ;   {metadata(method data for {method} {0x000001d78f186960} 'dispatchEventImpl' '(Ljava/awt/AWTEvent;Ljava/lang/Object;)V' in 'java/awt/EventQueue')}
  0x000001d73606d154: c000 49b8 | f8b1 928f | d701 0000 | 41ff 8060 | 0500 0048 | 81c4 d000 

  0x000001d73606d16c: ;   {poll_return}
  0x000001d73606d16c: 0000 5d49 | 3b67 280f | 8723 0a00 | 00c3 4c8b | 8424 a800 | 0000 4d85 

  0x000001d73606d184: ;   {metadata(method data for {method} {0x000001d78f186960} 'dispatchEventImpl' '(Ljava/awt/AWTEvent;Ljava/lang/Object;)V' in 'java/awt/EventQueue')}
  0x000001d73606d184: c948 bff8 | b192 8fd7 | 0100 0075 | 0c80 8f11 | 0400 0001 | e9db 0000 | 0041 8b59 | 0849 ba00 
  0x000001d73606d1a4: 0000 4ed7 | 0100 0049 | 03da 483b | 9f20 0400 | 0075 0d48 | 8387 2804 | 0000 01e9 | 6000 0000 
  0x000001d73606d1c4: 483b 9f30 | 0400 0075 | 0d48 8387 | 3804 0000 | 01e9 4a00 | 0000 4883 | bf20 0400 | 0000 7517 
  0x000001d73606d1e4: 4889 9f20 | 0400 0048 | c787 2804 | 0000 0100 | 0000 e929 | 0000 0048 | 83bf 3004 | 0000 0075 
  0x000001d73606d204: 1748 899f | 3004 0000 | 48c7 8738 | 0400 0001 | 0000 00e9 | 0800 0000 | 4883 8718 | 0400 0001 
  0x000001d73606d224: 0f1f 4000 

  0x000001d73606d228: ;   {no_reloc}
  0x000001d73606d228: e994 0900 | 0000 0000 | 0000 418b | 7908 49ba | 0000 004e | d701 0000 | 4903 fa48 | 3bfb 0f84 
  0x000001d73606d248: 2c00 0000 | 8b73 1448 | 3b1c 370f | 841f 0000 | 0083 fe20 | 0f85 6909 | 0000 5753 

  0x000001d73606d264: ;   {runtime_call C1 Runtime slow_subtype_check_blob}
  0x000001d73606d264: e8d7 3c2b | 075f 5b85 | db0f 8458 | 0900 00e9 | 0000 0000 | 498b d166 | 9048 b8b8 | b46f 93d7 
  0x000001d73606d284: ;   {virtual_call}
  0x000001d73606d284: 0100 00e8 

  0x000001d73606d288: ; ImmutableOopMap {}
                      ;*invokevirtual dispatchEvent {reexecute=0 rethrow=0 return_oop=0}
                      ; - java.awt.EventQueue::dispatchEventImpl@81 (line 730)
  0x000001d73606d288: d41a 1f07 

  0x000001d73606d28c: ;   {post_call_nop}
  0x000001d73606d28c: 0f1f 8400 | 0419 000b 

  0x000001d73606d294: ;   {metadata(method data for {method} {0x000001d78f186960} 'dispatchEventImpl' '(Ljava/awt/AWTEvent;Ljava/lang/Object;)V' in 'java/awt/EventQueue')}
  0x000001d73606d294: 49b8 f8b1 | 928f d701 | 0000 41ff | 8078 0400 | 0048 81c4 | d000 0000 

  0x000001d73606d2ac: ;   {poll_return}
  0x000001d73606d2ac: 5d49 3b67 | 280f 871d | 0900 00c3 | 4c8b 8424 | a800 0000 

  0x000001d73606d2c0: ;   {metadata(method data for {method} {0x000001d78f186960} 'dispatchEventImpl' '(Ljava/awt/AWTEvent;Ljava/lang/Object;)V' in 'java/awt/EventQueue')}
  0x000001d73606d2c0: 4d85 c948 | bff8 b192 | 8fd7 0100 | 0075 0c80 | 8f49 0300 | 0001 e9b0 | 0000 0041 | 8b59 0849 
  0x000001d73606d2e0: ba00 0000 | 4ed7 0100 | 0049 03da | 483b 9f58 | 0300 0075 | 0d48 8387 | 6003 0000 | 01e9 6000 
  0x000001d73606d300: 0000 483b | 9f68 0300 | 0075 0d48 | 8387 7003 | 0000 01e9 | 4a00 0000 | 4883 bf58 | 0300 0000 
  0x000001d73606d320: 7517 4889 | 9f58 0300 | 0048 c787 | 6003 0000 | 0100 0000 | e929 0000 | 0048 83bf | 6803 0000 
  0x000001d73606d340: 0075 1748 | 899f 6803 | 0000 48c7 | 8770 0300 | 0001 0000 | 00e9 0800 | 0000 4883 | 8750 0300 
  0x000001d73606d360: ;   {metadata('java/awt/MenuComponent')}
  0x000001d73606d360: 0001 48bb | e8ad 8e8f | d701 0000 | 418b 7108 | 49ba 0000 | 004e d701 | 0000 4903 | f248 3bde 
  0x000001d73606d380: 0f85 6408 | 0000 e900 | 0000 0049 | 8bd1 483b | 0248 8bf2 

  0x000001d73606d394: ;   {metadata(method data for {method} {0x000001d78f186960} 'dispatchEventImpl' '(Ljava/awt/AWTEvent;Ljava/lang/Object;)V' in 'java/awt/EventQueue')}
  0x000001d73606d394: 48bf f8b1 | 928f d701 | 0000 8b76 | 0849 ba00 | 0000 4ed7 | 0100 0049 | 03f2 483b | b788 0300 
  0x000001d73606d3b4: 0075 0d48 | 8387 9003 | 0000 01e9 | 6000 0000 | 483b b798 | 0300 0075 | 0d48 8387 | a003 0000 
  0x000001d73606d3d4: 01e9 4a00 | 0000 4883 | bf88 0300 | 0000 7517 | 4889 b788 | 0300 0048 | c787 9003 | 0000 0100 
  0x000001d73606d3f4: 0000 e929 | 0000 0048 | 83bf 9803 | 0000 0075 | 1748 89b7 | 9803 0000 | 48c7 87a0 | 0300 0001 
  0x000001d73606d414: 0000 00e9 | 0800 0000 | 4883 8780 | 0300 0001 

  0x000001d73606d424: ;   {optimized virtual_call}
  0x000001d73606d424: 6666 90e8 

  0x000001d73606d428: ; ImmutableOopMap {}
                      ;*invokevirtual dispatchEvent {reexecute=0 rethrow=0 return_oop=0}
                      ; - java.awt.EventQueue::dispatchEventImpl@63 (line 728)
  0x000001d73606d428: 3416 1f07 

  0x000001d73606d42c: ;   {post_call_nop}
  0x000001d73606d42c: 0f1f 8400 | a41a 000c 

  0x000001d73606d434: ;   {metadata(method data for {method} {0x000001d78f186960} 'dispatchEventImpl' '(Ljava/awt/AWTEvent;Ljava/lang/Object;)V' in 'java/awt/EventQueue')}
  0x000001d73606d434: 49b8 f8b1 | 928f d701 | 0000 41ff | 80b0 0300 | 0048 81c4 | d000 0000 

  0x000001d73606d44c: ;   {poll_return}
  0x000001d73606d44c: 5d49 3b67 | 280f 87a1 | 0700 00c3 

  0x000001d73606d458: ;   {metadata(method data for {method} {0x000001d78f186960} 'dispatchEventImpl' '(Ljava/awt/AWTEvent;Ljava/lang/Object;)V' in 'java/awt/EventQueue')}
  0x000001d73606d458: 488b f248 | bff8 b192 | 8fd7 0100 | 0048 8387 | 6001 0000 | 0149 8bf0 | 4c8b c60f 

  0x000001d73606d474: ;   {optimized virtual_call}
  0x000001d73606d474: 1f40 00e8 

  0x000001d73606d478: ; ImmutableOopMap {[168]=Oop }
                      ;*invokevirtual setCurrentEventAndMostRecentTimeImpl {reexecute=0 rethrow=0 return_oop=0}
                      ; - java.awt.EventQueue::dispatchEventImpl@14 (line 722)
  0x000001d73606d478: c4c8 ffff 

  0x000001d73606d47c: ;   {post_call_nop}
  0x000001d73606d47c: 0f1f 8400 | f41a 000d | 4c8b 8424 | a800 0000 

  0x000001d73606d48c: ;   {metadata(method data for {method} {0x000001d78f186960} 'dispatchEventImpl' '(Ljava/awt/AWTEvent;Ljava/lang/Object;)V' in 'java/awt/EventQueue')}
  0x000001d73606d48c: 4d85 c048 | bff8 b192 | 8fd7 0100 | 0075 0c80 | 8f89 0100 | 0001 e9cb | 0000 0041 | 8b58 0849 
  0x000001d73606d4ac: ba00 0000 | 4ed7 0100 | 0049 03da | 483b 9f98 | 0100 0075 | 0d48 8387 | a001 0000 | 01e9 6000 
  0x000001d73606d4cc: 0000 483b | 9fa8 0100 | 0075 0d48 | 8387 b001 | 0000 01e9 | 4a00 0000 | 4883 bf98 | 0100 0000 
  0x000001d73606d4ec: 7517 4889 | 9f98 0100 | 0048 c787 | a001 0000 | 0100 0000 | e929 0000 | 0048 83bf | a801 0000 
  0x000001d73606d50c: 0075 1748 | 899f a801 | 0000 48c7 | 87b0 0100 | 0001 0000 | 00e9 0800 | 0000 4883 | 8790 0100 
  0x000001d73606d52c: ;   {metadata('java/awt/ActiveEvent')}
  0x000001d73606d52c: 0001 48bb | f8ad 698f | d701 0000 | 418b 7808 | 49ba 0000 | 004e d701 | 0000 4903 | fa48 3b5f 
  0x000001d73606d54c: 200f 841f | 0000 0048 | 3bfb 0f84 | 1600 0000 

  0x000001d73606d55c: ;   {runtime_call C1 Runtime slow_subtype_check_blob}
  0x000001d73606d55c: 5753 e8dd | 392b 075f | 5f85 ff0f | 84a1 0600 | 00e9 0000 | 0000 498b | d048 3b02 

  0x000001d73606d578: ;   {metadata(method data for {method} {0x000001d78f186960} 'dispatchEventImpl' '(Ljava/awt/AWTEvent;Ljava/lang/Object;)V' in 'java/awt/EventQueue')}
  0x000001d73606d578: 488b f248 | bff8 b192 | 8fd7 0100 | 008b 7608 | 49ba 0000 | 004e d701 | 0000 4903 | f248 3bb7 
  0x000001d73606d598: c801 0000 | 750d 4883 | 87d0 0100 | 0001 e960 | 0000 0048 | 3bb7 d801 | 0000 750d | 4883 87e0 
  0x000001d73606d5b8: 0100 0001 | e94a 0000 | 0048 83bf | c801 0000 | 0075 1748 | 89b7 c801 | 0000 48c7 | 87d0 0100 
  0x000001d73606d5d8: 0001 0000 | 00e9 2900 | 0000 4883 | bfd8 0100 | 0000 7517 | 4889 b7d8 | 0100 0048 | c787 e001 
  0x000001d73606d5f8: 0000 0100 | 0000 e908 | 0000 0048 | 8387 c001 | 0000 0166 | 9048 b8e0 | b46f 93d7 

  0x000001d73606d614: ;   {virtual_call}
  0x000001d73606d614: 0100 00e8 

  0x000001d73606d618: ; ImmutableOopMap {}
                      ;*invokeinterface dispatch {reexecute=0 rethrow=0 return_oop=0}
                      ; - java.awt.EventQueue::dispatchEventImpl@21 (line 723)
  0x000001d73606d618: 34c9 2b07 

  0x000001d73606d61c: ;   {post_call_nop}
  0x000001d73606d61c: 0f1f 8400 | 941c 000e 

  0x000001d73606d624: ;   {metadata(method data for {method} {0x000001d78f186960} 'dispatchEventImpl' '(Ljava/awt/AWTEvent;Ljava/lang/Object;)V' in 'java/awt/EventQueue')}
  0x000001d73606d624: 48ba f8b1 | 928f d701 | 0000 ff82 | f001 0000 | 4881 c4d0 | 0000 005d 

  0x000001d73606d63c: ;   {poll_return}
  0x000001d73606d63c: 493b 6728 | 0f87 d605 | 0000 c390 

  0x000001d73606d648: ;   {no_reloc}
  0x000001d73606d648: e9f4 0500 | 0000 0000 | 0000 80ba | 4001 0000 | 040f 85f1 | 0500 0049 | 8b87 c801 | 0000 488d 
  0x000001d73606d668: 7828 493b | bfd8 0100 | 000f 87d9 | 0500 0049 | 89bf c801 | 0000 48c7 | 0001 0000 | 0048 8bca 
  0x000001d73606d688: 49ba 0000 | 004e d701 | 0000 492b | ca89 4808 | 4833 c989 | 480c 4833 | c948 8948 | 1048 8948 
  0x000001d73606d6a8: 1848 8948 | 2048 8bd0 

  0x000001d73606d6b0: ;   {metadata(method data for {method} {0x000001d74e44ab28} 'lookup' '()Ljava/lang/invoke/MethodHandles$Lookup;' in 'java/lang/invoke/MethodHandles')}
  0x000001d73606d6b0: 48be 7064 | 6b8f d701 | 0000 4883 | 8640 0100 

  0x000001d73606d6c0: ;   {oop("no caller frame"{0x00000007ffe27160})}
  0x000001d73606d6c0: 0001 49b8 | 6071 e2ff | 0700 0000 | 488b d048 | 8984 24c0 

  0x000001d73606d6d4: ;   {optimized virtual_call}
  0x000001d73606d6d4: 0000 00e8 

  0x000001d73606d6d8: ; ImmutableOopMap {[168]=Oop [192]=Oop }
                      ;*invokespecial <init> {reexecute=0 rethrow=0 return_oop=0}
                      ; - java.lang.invoke.MethodHandles::lookup@14 (line 128)
                      ; - sun.awt.AWTAccessor::ensureClassInitialized@0 (line 1464)
                      ; - sun.awt.AWTAccessor::getInputEventAccessor@10 (line 963)
                      ; - java.awt.AWTEvent::dispatched@7 (line 571)
                      ; - java.awt.EventQueue::dispatchEventImpl@45 (line 726)
  0x000001d73606d6d8: 8413 1f07 

  0x000001d73606d6dc: ;   {post_call_nop}
  0x000001d73606d6dc: 0f1f 8400 | 541d 000f | 488b 8424 | c000 0000 | e9d8 0500 | 0049 8b87 | 0805 0000 | 4d33 d24d 
  0x000001d73606d6fc: 8997 0805 | 0000 4d33 | d24d 8997 | 1005 0000 

  0x000001d73606d70c: ;   {oop(a 'java/lang/Class'{0x0000000715782f30} = 'sun/awt/AWTAccessor')}
  0x000001d73606d70c: 48be 302f | 7815 0700 | 0000 8bb6 | 8400 0000 | 48c1 e603 | 4c8b 8424 | a800 0000 

  0x000001d73606d728: ;   {metadata(method data for {method} {0x000001d78f0d7b68} 'dispatched' '()V' in 'java/awt/AWTEvent')}
  0x000001d73606d728: 4d85 c048 | b828 ba92 | 8fd7 0100 | 0075 0c80 | 8869 0100 | 0001 e9b1 | 0000 0041 | 8b50 0849 
  0x000001d73606d748: ba00 0000 | 4ed7 0100 | 0049 03d2 | 483b 9078 | 0100 0075 | 0d48 8380 | 8001 0000 | 01e9 6000 
  0x000001d73606d768: 0000 483b | 9088 0100 | 0075 0d48 | 8380 9001 | 0000 01e9 | 4a00 0000 | 4883 b878 | 0100 0000 
  0x000001d73606d788: 7517 4889 | 9078 0100 | 0048 c780 | 8001 0000 | 0100 0000 | e929 0000 | 0048 83b8 | 8801 0000 
  0x000001d73606d7a8: 0075 1748 | 8990 8801 | 0000 48c7 | 8090 0100 | 0001 0000 | 00e9 0800 | 0000 4883 | 8070 0100 
  0x000001d73606d7c8: ;   {metadata('java/awt/event/InputEvent')}
  0x000001d73606d7c8: 0001 48ba | f0b6 108f | d701 0000 | 418b 4008 | 49ba 0000 | 004e d701 | 0000 4903 | c248 3b50 
  0x000001d73606d7e8: 500f 856e | 0400 00e9 | 0000 0000 | 498b f848 | 85f6 0f84 | 2900 0000 

  0x000001d73606d800: ;   {metadata('java/awt/event/InputEvent$1')}
  0x000001d73606d800: 48b9 b023 | 054f d701 | 0000 8b56 | 0849 ba00 | 0000 4ed7 | 0100 0049 | 03d2 483b | 4a38 0f85 
  0x000001d73606d820: 4204 0000 | e900 0000 | 0048 8bde 

  0x000001d73606d82c: ; implicit exception: dispatches to 0x000001d73606dc6b
                      ;   {metadata(method data for {method} {0x000001d78f0d7b68} 'dispatched' '()V' in 'java/awt/AWTEvent')}
  0x000001d73606d82c: 483b 0648 | bb28 ba92 | 8fd7 0100 

  0x000001d73606d838: ;   {metadata('java/awt/event/InputEvent$1')}
  0x000001d73606d838: 0049 bab0 | 2305 4fd7 | 0100 004c | 8993 a801 | 0000 4883 | 83b0 0100 

  0x000001d73606d850: ;   {metadata(method data for {method} {0x000001d78f10e168} 'setCanAccessSystemClipboard' '(Ljava/awt/event/InputEvent;Z)V' in 'java/awt/event/InputEvent$1')}
  0x000001d73606d850: 0001 48be | b0bd 928f | d701 0000 | 8b9e cc00 | 0000 83c3 | 0289 9ecc | 0000 0081 | e3fe ff1f 
  0x000001d73606d870: 0085 db0f | 84f7 0300 | 00c6 4728 

  0x000001d73606d87c: ;   {metadata(method data for {method} {0x000001d78f186960} 'dispatchEventImpl' '(Ljava/awt/AWTEvent;Ljava/lang/Object;)V' in 'java/awt/EventQueue')}
  0x000001d73606d87c: 0048 bef8 | b192 8fd7 | 0100 00ff | 86e8 0200 | 0048 81c4 | d000 0000 

  0x000001d73606d894: ;   {poll_return}
  0x000001d73606d894: 5d49 3b67 | 280f 87f7 | 0300 00c3 

  0x000001d73606d8a0: ;   {metadata({method} {0x000001d78f186960} 'dispatchEventImpl' '(Ljava/awt/AWTEvent;Ljava/lang/Object;)V' in 'java/awt/EventQueue')}
  0x000001d73606d8a0: 49ba 5869 | 188f d701 | 0000 4c89 | 5424 0848 | c704 24ff 

  0x000001d73606d8b4: ;   {runtime_call C1 Runtime counter_overflow_blob}
  0x000001d73606d8b4: ffff ffe8 

  0x000001d73606d8b8: ; ImmutableOopMap {rdx=Oop r8=Oop r9=Oop [168]=Oop }
                      ;*synchronization entry
                      ; - java.awt.EventQueue::dispatchEventImpl@-1 (line 719)
  0x000001d73606d8b8: a45d 2b07 | e9cd e4ff 

  0x000001d73606d8c0: ;   {runtime_call C1 Runtime throw_null_pointer_exception_blob}
  0x000001d73606d8c0: ffe8 9a0c 

  0x000001d73606d8c4: ; ImmutableOopMap {rdx=Oop r8=Oop r9=Oop [168]=Oop }
                      ;*putfield isPosted {reexecute=1 rethrow=0 return_oop=0}
                      ; - (reexecute) java.awt.EventQueue::dispatchEventImpl@2 (line 719)
  0x000001d73606d8c4: 2b07 4c89 

  0x000001d73606d8c8: ;   {runtime_call C1 Runtime throw_class_cast_exception_blob}
  0x000001d73606d8c8: 0c24 e891 

  0x000001d73606d8cc: ; ImmutableOopMap {r8=Oop [168]=Oop }
                      ;*checkcast {reexecute=0 rethrow=0 return_oop=0}
                      ; - java.awt.EventQueue::dispatchEventImpl@37 (line 725)
                      ;   {runtime_call C1 Runtime throw_null_pointer_exception_blob}
  0x000001d73606d8cc: 302b 07e8 

  0x000001d73606d8d0: ; ImmutableOopMap {r8=Oop rdx=Oop [168]=Oop }
                      ;*invokevirtual dispatchEvent {reexecute=0 rethrow=0 return_oop=0}
                      ; - java.awt.EventQueue::dispatchEventImpl@41 (line 725)
  0x000001d73606d8d0: 8c0c 2b07 

  0x000001d73606d8d4: ;   {metadata({method} {0x000001d78f085a48} 'dispatchEvent' '(Ljava/awt/AWTEvent;)V' in 'java/awt/Component')}
  0x000001d73606d8d4: 49ba 405a | 088f d701 | 0000 4c89 | 5424 0848 | c704 24ff 

  0x000001d73606d8e8: ;   {runtime_call C1 Runtime counter_overflow_blob}
  0x000001d73606d8e8: ffff ffe8 

  0x000001d73606d8ec: ; ImmutableOopMap {r8=Oop rdx=Oop [168]=Oop }
                      ;*synchronization entry
                      ; - java.awt.Component::dispatchEvent@-1 (line 4790)
                      ; - java.awt.EventQueue::dispatchEventImpl@41 (line 725)
  0x000001d73606d8ec: 705d 2b07 | e944 e8ff 

  0x000001d73606d8f4: ;   {metadata({method} {0x000001d78f0d7b68} 'dispatched' '()V' in 'java/awt/AWTEvent')}
  0x000001d73606d8f4: ff49 ba60 | 7b0d 8fd7 | 0100 004c | 8954 2408 | 48c7 0424 | ffff ffff 

  0x000001d73606d90c: ;   {runtime_call C1 Runtime counter_overflow_blob}
  0x000001d73606d90c: e84f 5d2b 

  0x000001d73606d910: ; ImmutableOopMap {[168]=Oop }
                      ;*synchronization entry
                      ; - java.awt.AWTEvent::dispatched@-1 (line 570)
                      ; - java.awt.EventQueue::dispatchEventImpl@45 (line 726)
  0x000001d73606d910: 07e9 96e9 

  0x000001d73606d914: ;   {metadata({method} {0x000001d78f0f1d20} 'getInputEventAccessor' '()Lsun/awt/AWTAccessor$InputEventAccessor;' in 'sun/awt/AWTAccessor')}
  0x000001d73606d914: ffff 49ba | 181d 0f8f | d701 0000 | 4c89 5424 | 0848 c704 | 24ff ffff 

  0x000001d73606d92c: ;   {runtime_call C1 Runtime counter_overflow_blob}
  0x000001d73606d92c: ffe8 2e5d 

  0x000001d73606d930: ; ImmutableOopMap {r8=Oop [168]=Oop }
                      ;*synchronization entry
                      ; - sun.awt.AWTAccessor::getInputEventAccessor@-1 (line 961)
                      ; - java.awt.AWTEvent::dispatched@7 (line 571)
                      ; - java.awt.EventQueue::dispatchEventImpl@45 (line 726)
  0x000001d73606d930: 2b07 e9b6 

  0x000001d73606d934: ;   {metadata({method} {0x000001d78f0f44e0} 'ensureClassInitialized' '(Ljava/lang/Class;)V' in 'sun/awt/AWTAccessor')}
  0x000001d73606d934: eaff ff49 | bad8 440f | 8fd7 0100 | 004c 8954 | 2408 48c7 | 0424 ffff 

  0x000001d73606d94c: ;   {runtime_call C1 Runtime counter_overflow_blob}
  0x000001d73606d94c: ffff e80d 

  0x000001d73606d950: ; ImmutableOopMap {[168]=Oop }
                      ;*synchronization entry
                      ; - sun.awt.AWTAccessor::ensureClassInitialized@-1 (line 1464)
                      ; - sun.awt.AWTAccessor::getInputEventAccessor@10 (line 963)
                      ; - java.awt.AWTEvent::dispatched@7 (line 571)
                      ; - java.awt.EventQueue::dispatchEventImpl@45 (line 726)
  0x000001d73606d950: 5d2b 07e9 | 0deb ffff 

  0x000001d73606d958: ;   {metadata({method} {0x000001d74e44ab28} 'lookup' '()Ljava/lang/invoke/MethodHandles$Lookup;' in 'java/lang/invoke/MethodHandles')}
  0x000001d73606d958: 49ba 20ab | 444e d701 | 0000 4c89 | 5424 0848 | c704 24ff 

  0x000001d73606d96c: ;   {runtime_call C1 Runtime counter_overflow_blob}
  0x000001d73606d96c: ffff ffe8 

  0x000001d73606d970: ; ImmutableOopMap {[168]=Oop }
                      ;*synchronization entry
                      ; - java.lang.invoke.MethodHandles::lookup@-1 (line 126)
                      ; - sun.awt.AWTAccessor::ensureClassInitialized@0 (line 1464)
                      ; - sun.awt.AWTAccessor::getInputEventAccessor@10 (line 963)
                      ; - java.awt.AWTEvent::dispatched@7 (line 571)
                      ; - java.awt.EventQueue::dispatchEventImpl@45 (line 726)
  0x000001d73606d970: ec5c 2b07 | e925 ebff | ff48 8bd2 

  0x000001d73606d97c: ;   {runtime_call C1 Runtime fast_new_instance_blob}
  0x000001d73606d97c: e8df 142b 

  0x000001d73606d980: ; ImmutableOopMap {r8=Oop [168]=Oop }
                      ;*new {reexecute=0 rethrow=0 return_oop=0}
                      ; - java.lang.invoke.MethodHandles::lookup@18 (line 130)
                      ; - sun.awt.AWTAccessor::ensureClassInitialized@0 (line 1464)
                      ; - sun.awt.AWTAccessor::getInputEventAccessor@10 (line 963)
                      ; - java.awt.AWTEvent::dispatched@7 (line 571)
                      ; - java.awt.EventQueue::dispatchEventImpl@45 (line 726)
  0x000001d73606d980: 07e9 c0eb 

  0x000001d73606d984: ;   {metadata({method} {0x000001d74e44edd8} '<init>' '(Ljava/lang/Class;)V' in 'java/lang/invoke/MethodHandles$Lookup')}
  0x000001d73606d984: ffff 49ba | d0ed 444e | d701 0000 | 4c89 5424 | 0848 c704 | 24ff ffff 

  0x000001d73606d99c: ;   {runtime_call C1 Runtime counter_overflow_blob}
  0x000001d73606d99c: ffe8 be5c 

  0x000001d73606d9a0: ; ImmutableOopMap {r8=Oop rax=Oop [168]=Oop }
                      ;*synchronization entry
                      ; - java.lang.invoke.MethodHandles$Lookup::<init>@-1 (line 1534)
                      ; - java.lang.invoke.MethodHandles::lookup@23 (line 130)
                      ; - sun.awt.AWTAccessor::ensureClassInitialized@0 (line 1464)
                      ; - sun.awt.AWTAccessor::getInputEventAccessor@10 (line 963)
                      ; - java.awt.AWTEvent::dispatched@7 (line 571)
                      ; - java.awt.EventQueue::dispatchEventImpl@45 (line 726)
  0x000001d73606d9a0: 2b07 e9dd 

  0x000001d73606d9a4: ;   {metadata(nullptr)}
  0x000001d73606d9a4: ebff ff48 | b800 0000 | 0000 0000 | 00b8 000f 

  0x000001d73606d9b4: ;   {runtime_call C1 Runtime load_klass_patching_blob}
  0x000001d73606d9b4: 050a e825 

  0x000001d73606d9b8: ; ImmutableOopMap {rdx=Oop r9=Oop [168]=Oop }
                      ;*instanceof {reexecute=1 rethrow=0 return_oop=0}
                      ; - (reexecute) java.awt.EventQueue::dispatchEventImpl@70 (line 729)
  0x000001d73606d9b8: 4c2b 07e9 | 78ee ffff 

  0x000001d73606d9c0: ;   {metadata({method} {0x000001d78f185f98} 'noEvents' '()Z' in 'java/awt/EventQueue')}
  0x000001d73606d9c0: 49ba 905f | 188f d701 | 0000 4c89 | 5424 0848 | c704 24ff 

  0x000001d73606d9d4: ;   {runtime_call C1 Runtime counter_overflow_blob}
  0x000001d73606d9d4: ffff ffe8 

  0x000001d73606d9d8: ; ImmutableOopMap {rdx=Oop }
                      ;*synchronization entry
                      ; - java.awt.EventQueue::noEvents@-1 (line 520)
                      ; - java.awt.EventQueue::dispatchEventImpl@95 (line 732)
  0x000001d73606d9d8: 845c 2b07 | e916 f0ff 

  0x000001d73606d9e0: ;   {runtime_call C1 Runtime throw_null_pointer_exception_blob}
  0x000001d73606d9e0: ffe8 7a0b 

  0x000001d73606d9e4: ; ImmutableOopMap {rdx=Oop rdi=Oop }
                      ;*aaload {reexecute=0 rethrow=0 return_oop=0}
                      ; - java.awt.EventQueue::noEvents@12 (line 521)
                      ; - java.awt.EventQueue::dispatchEventImpl@95 (line 732)
                      ;   {runtime_call C1 Runtime throw_null_pointer_exception_blob}
  0x000001d73606d9e4: 2b07 e875 

  0x000001d73606d9e8: ; ImmutableOopMap {rdx=Oop rdi=Oop }
                      ;*aaload {reexecute=0 rethrow=0 return_oop=0}
                      ; - java.awt.EventQueue::noEvents@12 (line 521)
                      ; - java.awt.EventQueue::dispatchEventImpl@95 (line 732)
  0x000001d73606d9e8: 0b2b 0748 | 8934 2448 | 897c 2408 

  0x000001d73606d9f4: ;   {runtime_call C1 Runtime throw_range_check_failed_blob}
  0x000001d73606d9f4: e867 022b 

  0x000001d73606d9f8: ; ImmutableOopMap {rdx=Oop rdi=Oop }
                      ;*aaload {reexecute=0 rethrow=0 return_oop=0}
                      ; - java.awt.EventQueue::noEvents@12 (line 521)
                      ; - java.awt.EventQueue::dispatchEventImpl@95 (line 732)
                      ;   {runtime_call C1 Runtime throw_null_pointer_exception_blob}
  0x000001d73606d9f8: 07e8 620b 

  0x000001d73606d9fc: ; ImmutableOopMap {rdx=Oop }
                      ;*getfield head {reexecute=1 rethrow=0 return_oop=0}
                      ; - (reexecute) java.awt.EventQueue::noEvents@13 (line 521)
                      ; - java.awt.EventQueue::dispatchEventImpl@95 (line 732)
                      ;   {metadata({method} {0x000001d78f185f98} 'noEvents' '()Z' in 'java/awt/EventQueue')}
  0x000001d73606d9fc: 2b07 49ba | 905f 188f | d701 0000 | 4c89 5424 | 0848 c704 | 2418 0000 

  0x000001d73606da14: ;   {runtime_call C1 Runtime counter_overflow_blob}
  0x000001d73606da14: 00e8 465c 

  0x000001d73606da18: ; ImmutableOopMap {rdx=Oop }
                      ;*goto {reexecute=1 rethrow=0 return_oop=0}
                      ; - (reexecute) java.awt.EventQueue::noEvents@24 (line 520)
                      ; - java.awt.EventQueue::dispatchEventImpl@95 (line 732)
  0x000001d73606da18: 2b07 e95f 

  0x000001d73606da1c: ;   {metadata({method} {0x000001d78f184d68} 'getEventLog' '()Lsun/util/logging/PlatformLogger;' in 'java/awt/EventQueue')}
  0x000001d73606da1c: f0ff ff49 | ba60 4d18 | 8fd7 0100 | 004c 8954 | 2408 48c7 | 0424 ffff 

  0x000001d73606da34: ;   {runtime_call C1 Runtime counter_overflow_blob}
  0x000001d73606da34: ffff e825 

  0x000001d73606da38: ; ImmutableOopMap {[168]=Oop }
                      ;*synchronization entry
                      ; - java.awt.EventQueue::getEventLog@-1 (line 180)
                      ; - java.awt.EventQueue::dispatchEventImpl@111 (line 736)
  0x000001d73606da38: 5c2b 07e9 | fcf0 ffff | 418b 5078 | 48c1 e203 | 4883 fa00 | 0f84 69f1 | ffff 4889 

  0x000001d73606da54: ;   {runtime_call g1_pre_barrier_slow}
  0x000001d73606da54: 1424 e805 | 622b 07e9 | 5bf1 ffff | 4883 f800 | 0f84 76f1 | ffff 4c89 

  0x000001d73606da6c: ;   {runtime_call g1_post_barrier_slow}
  0x000001d73606da6c: 0424 e8ed | 642b 07e9 | 68f1 ffff 

  0x000001d73606da78: ;   {runtime_call C1 Runtime throw_null_pointer_exception_blob}
  0x000001d73606da78: e8e3 0a2b 

  0x000001d73606da7c: ; ImmutableOopMap {r8=Oop [168]=Oop }
                      ;*invokevirtual isLoggable {reexecute=0 rethrow=0 return_oop=0}
                      ; - java.awt.EventQueue::dispatchEventImpl@117 (line 736)
                      ;   {metadata({method} {0x000001d78f0d9378} 'isLoggable' '(Lsun/util/logging/PlatformLogger$Level;)Z' in 'sun/util/logging/PlatformLogger')}
  0x000001d73606da7c: 0749 ba70 | 930d 8fd7 | 0100 004c | 8954 2408 | 48c7 0424 | ffff ffff 

  0x000001d73606da94: ;   {runtime_call C1 Runtime counter_overflow_blob}
  0x000001d73606da94: e8c7 5b2b 

  0x000001d73606da98: ; ImmutableOopMap {r8=Oop [168]=Oop }
                      ;*synchronization entry
                      ; - sun.util.logging.PlatformLogger::isLoggable@-1 (line 336)
                      ; - java.awt.EventQueue::dispatchEventImpl@117 (line 736)
  0x000001d73606da98: 07e9 a4f1 

  0x000001d73606da9c: ;   {runtime_call C1 Runtime throw_null_pointer_exception_blob}
  0x000001d73606da9c: ffff e8bd 

  0x000001d73606daa0: ; ImmutableOopMap {rdx=Oop [168]=Oop }
                      ;*invokeinterface isLoggable {reexecute=0 rethrow=0 return_oop=0}
                      ; - sun.util.logging.PlatformLogger::isLoggable@17 (line 340)
                      ; - java.awt.EventQueue::dispatchEventImpl@117 (line 736)
                      ;   {metadata({method} {0x000001d78f184d68} 'getEventLog' '()Lsun/util/logging/PlatformLogger;' in 'java/awt/EventQueue')}
  0x000001d73606daa0: 0a2b 0749 | ba60 4d18 | 8fd7 0100 | 004c 8954 | 2408 48c7 | 0424 ffff 

  0x000001d73606dab8: ;   {runtime_call C1 Runtime counter_overflow_blob}
  0x000001d73606dab8: ffff e8a1 

  0x000001d73606dabc: ; ImmutableOopMap {[168]=Oop }
                      ;*synchronization entry
                      ; - java.awt.EventQueue::getEventLog@-1 (line 180)
                      ; - java.awt.EventQueue::dispatchEventImpl@123 (line 737)
  0x000001d73606dabc: 5b2b 07e9 | b6f2 ffff | 8b72 7848 | c1e6 0348 | 83fe 000f | 8426 f3ff | ff48 8934 

  0x000001d73606dad8: ;   {runtime_call g1_pre_barrier_slow}
  0x000001d73606dad8: 24e8 8261 | 2b07 e918 | f3ff ff48 | 83f8 000f | 8433 f3ff | ff48 8914 

  0x000001d73606daf0: ;   {runtime_call g1_post_barrier_slow}
  0x000001d73606daf0: 24e8 6a64 | 2b07 e925 

  0x000001d73606daf8: ;   {metadata({method} {0x000001d74e47e890} 'valueOf' '(Ljava/lang/Object;)Ljava/lang/String;' in 'java/lang/String')}
  0x000001d73606daf8: f3ff ff49 | ba88 e847 | 4ed7 0100 | 004c 8954 | 2408 48c7 | 0424 ffff 

  0x000001d73606db10: ;   {runtime_call C1 Runtime counter_overflow_blob}
  0x000001d73606db10: ffff e849 

  0x000001d73606db14: ; ImmutableOopMap {rsi=Oop r8=Oop [168]=Oop [184]=Oop }
                      ;*synchronization entry
                      ; - java.lang.String::valueOf@-1 (line 4543)
                      ; - java.awt.EventQueue::dispatchEventImpl@127 (line 737)
  0x000001d73606db14: 5b2b 07e9 | 5ef3 ffff | 49b8 0000 | 0000 0000 | 0000 b800 

  0x000001d73606db28: ;   {runtime_call C1 Runtime load_appendix_patching_blob}
  0x000001d73606db28: 0f05 0ae8 

  0x000001d73606db2c: ; ImmutableOopMap {rdi=Oop [184]=Oop }
                      ;*invokedynamic {reexecute=1 rethrow=0 return_oop=0}
                      ; - (reexecute) java.awt.EventQueue::dispatchEventImpl@130 (line 737)
  0x000001d73606db2c: b053 2b07 | e93b f4ff 

  0x000001d73606db34: ;   {runtime_call C1 Runtime throw_null_pointer_exception_blob}
  0x000001d73606db34: ffe8 260a 

  0x000001d73606db38: ; ImmutableOopMap {rax=Oop rsi=Oop [184]=Oop }
                      ;*invokevirtual fine {reexecute=0 rethrow=0 return_oop=0}
                      ; - java.awt.EventQueue::dispatchEventImpl@135 (line 737)
                      ;   {metadata({method} {0x000001d78f0d9fd0} 'fine' '(Ljava/lang/String;)V' in 'sun/util/logging/PlatformLogger')}
  0x000001d73606db38: 2b07 49ba | c89f 0d8f | d701 0000 | 4c89 5424 | 0848 c704 | 24ff ffff 

  0x000001d73606db50: ;   {runtime_call C1 Runtime counter_overflow_blob}
  0x000001d73606db50: ffe8 0a5b 

  0x000001d73606db54: ; ImmutableOopMap {rax=Oop rsi=Oop [184]=Oop }
                      ;*synchronization entry
                      ; - sun.util.logging.PlatformLogger::fine@-1 (line 449)
                      ; - java.awt.EventQueue::dispatchEventImpl@135 (line 737)
  0x000001d73606db54: 2b07 e9af 

  0x000001d73606db58: ;   {runtime_call C1 Runtime throw_null_pointer_exception_blob}
  0x000001d73606db58: f4ff ffe8 

  0x000001d73606db5c: ; ImmutableOopMap {rax=Oop rdx=Oop }
                      ;*invokeinterface log {reexecute=0 rethrow=0 return_oop=0}
                      ; - sun.util.logging.PlatformLogger::fine@12 (line 449)
                      ; - java.awt.EventQueue::dispatchEventImpl@135 (line 737)
  0x000001d73606db5c: 000a 2b07 

  0x000001d73606db60: ;   {internal_word}
  0x000001d73606db60: 49ba e4d0 | 0636 d701 | 0000 4d89 | 9760 0400 

  0x000001d73606db70: ;   {runtime_call SafepointBlob}
  0x000001d73606db70: 00e9 6a81 

  0x000001d73606db74: ;   {runtime_call C1 Runtime throw_null_pointer_exception_blob}
  0x000001d73606db74: 1f07 e8e5 

  0x000001d73606db78: ; ImmutableOopMap {r8=Oop }
                      ;*invokevirtual stopDispatching {reexecute=0 rethrow=0 return_oop=0}
                      ; - java.awt.EventQueue::dispatchEventImpl@105 (line 733)
                      ;   {metadata({method} {0x000001d78f6a0718} 'stopDispatching' '()V' in 'java/awt/EventDispatchThread')}
  0x000001d73606db78: 092b 0749 | ba10 076a | 8fd7 0100 | 004c 8954 | 2408 48c7 | 0424 ffff 

  0x000001d73606db90: ;   {runtime_call C1 Runtime counter_overflow_blob}
  0x000001d73606db90: ffff e8c9 

  0x000001d73606db94: ; ImmutableOopMap {r8=Oop }
                      ;*synchronization entry
                      ; - java.awt.EventDispatchThread::stopDispatching@-1 (line 85)
                      ; - java.awt.EventQueue::dispatchEventImpl@105 (line 733)
  0x000001d73606db94: 5a2b 07e9 | abf5 ffff 

  0x000001d73606db9c: ;   {internal_word}
  0x000001d73606db9c: 49ba 6fd1 | 0636 d701 | 0000 4d89 | 9760 0400 

  0x000001d73606dbac: ;   {runtime_call SafepointBlob}
  0x000001d73606dbac: 00e9 2e81 

  0x000001d73606dbb0: ;   {metadata(nullptr)}
  0x000001d73606dbb0: 1f07 48bb | 0000 0000 | 0000 0000 | b800 0f05 

  0x000001d73606dbc0: ;   {runtime_call C1 Runtime load_klass_patching_blob}
  0x000001d73606dbc0: 0ae8 1a4a 

  0x000001d73606dbc4: ; ImmutableOopMap {r9=Oop r8=Oop [168]=Oop }
                      ;*checkcast {reexecute=1 rethrow=0 return_oop=0}
                      ; - (reexecute) java.awt.EventQueue::dispatchEventImpl@77 (line 730)
  0x000001d73606dbc4: 2b07 e95d | f6ff ff4c 

  0x000001d73606dbcc: ;   {runtime_call C1 Runtime throw_class_cast_exception_blob}
  0x000001d73606dbcc: 890c 24e8 

  0x000001d73606dbd0: ; ImmutableOopMap {r9=Oop r8=Oop [168]=Oop }
                      ;*checkcast {reexecute=0 rethrow=0 return_oop=0}
                      ; - java.awt.EventQueue::dispatchEventImpl@77 (line 730)
  0x000001d73606dbd0: 8c2d 2b07 

  0x000001d73606dbd4: ;   {internal_word}
  0x000001d73606dbd4: 49ba add2 | 0636 d701 | 0000 4d89 | 9760 0400 

  0x000001d73606dbe4: ;   {runtime_call SafepointBlob}
  0x000001d73606dbe4: 00e9 f680 | 1f07 4c89 

  0x000001d73606dbec: ;   {runtime_call C1 Runtime throw_class_cast_exception_blob}
  0x000001d73606dbec: 0c24 e86d 

  0x000001d73606dbf0: ; ImmutableOopMap {r8=Oop [168]=Oop }
                      ;*checkcast {reexecute=0 rethrow=0 return_oop=0}
                      ; - java.awt.EventQueue::dispatchEventImpl@59 (line 728)
                      ;   {runtime_call C1 Runtime throw_null_pointer_exception_blob}
  0x000001d73606dbf0: 2d2b 07e8 

  0x000001d73606dbf4: ; ImmutableOopMap {r8=Oop rdx=Oop [168]=Oop }
                      ;*invokevirtual dispatchEvent {reexecute=0 rethrow=0 return_oop=0}
                      ; - java.awt.EventQueue::dispatchEventImpl@63 (line 728)
  0x000001d73606dbf4: 6809 2b07 

  0x000001d73606dbf8: ;   {internal_word}
  0x000001d73606dbf8: 49ba 4dd4 | 0636 d701 | 0000 4d89 | 9760 0400 

  0x000001d73606dc08: ;   {runtime_call SafepointBlob}
  0x000001d73606dc08: 00e9 d280 | 1f07 4c89 

  0x000001d73606dc10: ;   {runtime_call C1 Runtime throw_class_cast_exception_blob}
  0x000001d73606dc10: 0424 e849 

  0x000001d73606dc14: ; ImmutableOopMap {}
                      ;*checkcast {reexecute=0 rethrow=0 return_oop=0}
                      ; - java.awt.EventQueue::dispatchEventImpl@18 (line 723)
                      ;   {runtime_call C1 Runtime throw_null_pointer_exception_blob}
  0x000001d73606dc14: 2d2b 07e8 

  0x000001d73606dc18: ; ImmutableOopMap {rdx=Oop }
                      ;*invokeinterface dispatch {reexecute=0 rethrow=0 return_oop=0}
                      ; - java.awt.EventQueue::dispatchEventImpl@21 (line 723)
  0x000001d73606dc18: 4409 2b07 

  0x000001d73606dc1c: ;   {internal_word}
  0x000001d73606dc1c: 49ba 3cd6 | 0636 d701 | 0000 4d89 | 9760 0400 

  0x000001d73606dc2c: ;   {runtime_call SafepointBlob}
  0x000001d73606dc2c: 00e9 ae80 

  0x000001d73606dc30: ;   {metadata(nullptr)}
  0x000001d73606dc30: 1f07 48ba | 0000 0000 | 0000 0000 | b800 0f05 

  0x000001d73606dc40: ;   {runtime_call C1 Runtime load_klass_patching_blob}
  0x000001d73606dc40: 0ae8 9a49 

  0x000001d73606dc44: ; ImmutableOopMap {[168]=Oop }
                      ;*new {reexecute=1 rethrow=0 return_oop=0}
                      ; - (reexecute) java.lang.invoke.MethodHandles::lookup@8 (line 128)
                      ; - sun.awt.AWTAccessor::ensureClassInitialized@0 (line 1464)
                      ; - sun.awt.AWTAccessor::getInputEventAccessor@10 (line 963)
                      ; - java.awt.AWTEvent::dispatched@7 (line 571)
                      ; - java.awt.EventQueue::dispatchEventImpl@45 (line 726)
  0x000001d73606dc44: 2b07 e9fd 

  0x000001d73606dc48: ;   {runtime_call C1 Runtime throw_null_pointer_exception_blob}
  0x000001d73606dc48: f9ff ffe8 

  0x000001d73606dc4c: ; ImmutableOopMap {[168]=Oop }
                      ;*new {reexecute=0 rethrow=0 return_oop=0}
                      ; - java.lang.invoke.MethodHandles::lookup@8 (line 128)
                      ; - sun.awt.AWTAccessor::ensureClassInitialized@0 (line 1464)
                      ; - sun.awt.AWTAccessor::getInputEventAccessor@10 (line 963)
                      ; - java.awt.AWTEvent::dispatched@7 (line 571)
                      ; - java.awt.EventQueue::dispatchEventImpl@45 (line 726)
  0x000001d73606dc4c: 1009 2b07 

  0x000001d73606dc50: ;   {runtime_call C1 Runtime fast_new_instance_init_check_blob}
  0x000001d73606dc50: 488b d2e8 

  0x000001d73606dc54: ; ImmutableOopMap {[168]=Oop }
                      ;*new {reexecute=0 rethrow=0 return_oop=0}
                      ; - java.lang.invoke.MethodHandles::lookup@8 (line 128)
                      ; - sun.awt.AWTAccessor::ensureClassInitialized@0 (line 1464)
                      ; - sun.awt.AWTAccessor::getInputEventAccessor@10 (line 963)
                      ; - java.awt.AWTEvent::dispatched@7 (line 571)
                      ; - java.awt.EventQueue::dispatchEventImpl@45 (line 726)
  0x000001d73606dc54: 0815 2b07 | e950 faff | ff4c 8904 

  0x000001d73606dc60: ;   {runtime_call C1 Runtime throw_class_cast_exception_blob}
  0x000001d73606dc60: 24e8 fa2c 

  0x000001d73606dc64: ; ImmutableOopMap {rsi=Oop }
                      ;*checkcast {reexecute=0 rethrow=0 return_oop=0}
                      ; - java.awt.AWTEvent::dispatched@11 (line 571)
                      ; - java.awt.EventQueue::dispatchEventImpl@45 (line 726)
                      ;   {runtime_call C1 Runtime throw_incompatible_class_change_error_blob}
  0x000001d73606dc64: 2b07 e8f5 

  0x000001d73606dc68: ; ImmutableOopMap {rsi=Oop rdi=Oop }
                      ;*invokeinterface setCanAccessSystemClipboard {reexecute=0 rethrow=0 return_oop=0}
                      ; - java.awt.AWTEvent::dispatched@15 (line 572)
                      ; - java.awt.EventQueue::dispatchEventImpl@45 (line 726)
                      ;   {runtime_call C1 Runtime throw_null_pointer_exception_blob}
  0x000001d73606dc68: 2f2b 07e8 

  0x000001d73606dc6c: ; ImmutableOopMap {rsi=Oop rdi=Oop }
                      ;*invokeinterface setCanAccessSystemClipboard {reexecute=0 rethrow=0 return_oop=0}
                      ; - java.awt.AWTEvent::dispatched@15 (line 572)
                      ; - java.awt.EventQueue::dispatchEventImpl@45 (line 726)
  0x000001d73606dc6c: f008 2b07 

  0x000001d73606dc70: ;   {metadata({method} {0x000001d78f10e168} 'setCanAccessSystemClipboard' '(Ljava/awt/event/InputEvent;Z)V' in 'java/awt/event/InputEvent$1')}
  0x000001d73606dc70: 49ba 60e1 | 108f d701 | 0000 4c89 | 5424 0848 | c704 24ff 

  0x000001d73606dc84: ;   {runtime_call C1 Runtime counter_overflow_blob}
  0x000001d73606dc84: ffff ffe8 

  0x000001d73606dc88: ; ImmutableOopMap {rdi=Oop }
                      ;*synchronization entry
                      ; - java.awt.event.InputEvent$1::setCanAccessSystemClipboard@-1 (line 338)
                      ; - java.awt.AWTEvent::dispatched@15 (line 572)
                      ; - java.awt.EventQueue::dispatchEventImpl@45 (line 726)
  0x000001d73606dc88: d459 2b07 | e9e8 fbff 

  0x000001d73606dc90: ;   {runtime_call C1 Runtime throw_null_pointer_exception_blob}
  0x000001d73606dc90: ffe8 ca08 

  0x000001d73606dc94: ; ImmutableOopMap {}
                      ;*putfield canAccessSystemClipboard {reexecute=1 rethrow=0 return_oop=0}
                      ; - (reexecute) java.awt.event.InputEvent$1::setCanAccessSystemClipboard@2 (line 338)
                      ; - java.awt.AWTEvent::dispatched@15 (line 572)
                      ; - java.awt.EventQueue::dispatchEventImpl@45 (line 726)
                      ;   {internal_word}
  0x000001d73606dc94: 2b07 49ba | 95d8 0636 | d701 0000 | 4d89 9760 

  0x000001d73606dca4: ;   {runtime_call SafepointBlob}
  0x000001d73606dca4: 0400 00e9 | 3480 1f07 | 498b 8708 | 0500 0049 | c787 0805 | 0000 0000 | 0000 49c7 | 8710 0500 
  0x000001d73606dcc4: 0000 0000 | 0048 81c4 | d000 0000 

  0x000001d73606dcd0: ;   {runtime_call C1 Runtime unwind_exception_blob}
  0x000001d73606dcd0: 5de9 8af9 | 2a07 f4f4 
[Stub Code]
  0x000001d73606dcd8: ;   {no_reloc}
  0x000001d73606dcd8: 0f1f 4400 

  0x000001d73606dcdc: ;   {static_stub}
  0x000001d73606dcdc: 0048 bb00 | 0000 0000 

  0x000001d73606dce4: ;   {runtime_call nmethod}
  0x000001d73606dce4: 0000 00e9 | fbff ffff 

  0x000001d73606dcec: ;   {static_stub}
  0x000001d73606dcec: 9048 bb00 | 0000 0000 

  0x000001d73606dcf4: ;   {runtime_call nmethod}
  0x000001d73606dcf4: 0000 00e9 | fbff ffff 

  0x000001d73606dcfc: ;   {static_stub}
  0x000001d73606dcfc: 9048 bb00 | 0000 0000 

  0x000001d73606dd04: ;   {runtime_call nmethod}
  0x000001d73606dd04: 0000 00e9 | fbff ffff 

  0x000001d73606dd0c: ;   {static_stub}
  0x000001d73606dd0c: 9048 bb00 | 0000 0000 

  0x000001d73606dd14: ;   {runtime_call nmethod}
  0x000001d73606dd14: 0000 00e9 | fbff ffff 

  0x000001d73606dd1c: ;   {static_stub}
  0x000001d73606dd1c: 9048 bb00 | 0000 0000 

  0x000001d73606dd24: ;   {runtime_call nmethod}
  0x000001d73606dd24: 0000 00e9 | fbff ffff 

  0x000001d73606dd2c: ;   {static_stub}
  0x000001d73606dd2c: 9048 bb00 | 0000 0000 

  0x000001d73606dd34: ;   {runtime_call nmethod}
  0x000001d73606dd34: 0000 00e9 | fbff ffff 

  0x000001d73606dd3c: ;   {static_stub}
  0x000001d73606dd3c: 9048 bb00 | 0000 0000 

  0x000001d73606dd44: ;   {runtime_call nmethod}
  0x000001d73606dd44: 0000 00e9 | fbff ffff 

  0x000001d73606dd4c: ;   {static_stub}
  0x000001d73606dd4c: 9048 bb00 | 0000 0000 

  0x000001d73606dd54: ;   {runtime_call nmethod}
  0x000001d73606dd54: 0000 00e9 | fbff ffff 

  0x000001d73606dd5c: ;   {static_stub}
  0x000001d73606dd5c: 9048 bb00 | 0000 0000 

  0x000001d73606dd64: ;   {runtime_call nmethod}
  0x000001d73606dd64: 0000 00e9 | fbff ffff 

  0x000001d73606dd6c: ;   {static_stub}
  0x000001d73606dd6c: 48bb 0000 | 0000 0000 

  0x000001d73606dd74: ;   {runtime_call nmethod}
  0x000001d73606dd74: 0000 e9fb 

  0x000001d73606dd78: ;   {static_stub}
  0x000001d73606dd78: ffff ff48 | bb00 0000 | 0000 0000 

  0x000001d73606dd84: ;   {runtime_call nmethod}
  0x000001d73606dd84: 00e9 fbff 

  0x000001d73606dd88: ;   {static_stub}
  0x000001d73606dd88: ffff 48bb | 0000 0000 | 0000 0000 

  0x000001d73606dd94: ;   {runtime_call nmethod}
  0x000001d73606dd94: e9fb ffff 

  0x000001d73606dd98: ;   {static_stub}
  0x000001d73606dd98: ff48 bb00 | 0000 0000 

  0x000001d73606dda0: ;   {runtime_call nmethod}
  0x000001d73606dda0: 0000 00e9 | fbff ffff 

  0x000001d73606dda8: ;   {static_stub}
  0x000001d73606dda8: 48bb 0000 | 0000 0000 

  0x000001d73606ddb0: ;   {runtime_call nmethod}
  0x000001d73606ddb0: 0000 e9fb 

  0x000001d73606ddb4: ;   {runtime_call C1 Runtime handle_exception_from_callee_blob}
  0x000001d73606ddb4: ffff ffe8 | a425 2b07 

  0x000001d73606ddbc: ;   {external_word}
  0x000001d73606ddbc: 48b9 e034 | 8ede f87f | 0000 4883 

  0x000001d73606ddc8: ;   {runtime_call}
  0x000001d73606ddc8: e4f0 48b8 | 1090 4bde | f87f 0000 

  0x000001d73606ddd4: ;   {section_word}
  0x000001d73606ddd4: ffd0 f449 | bad7 dd06 | 36d7 0100 

  0x000001d73606dde0: ;   {runtime_call DeoptimizationBlob}
  0x000001d73606dde0: 0041 52e9 | 9874 1f07 
[/MachCode]


---------------  P R O C E S S  ---------------

Threads class SMR info:
_java_thread_list=0x000001d794078da0, length=15, elements={
0x000001d74d4b3020, 0x000001d74d4b3960, 0x000001d74d4b48b0, 0x000001d74d4b7650,
0x000001d74d4b86c0, 0x000001d74d4bb370, 0x000001d74d4bdec0, 0x000001d74d4d8380,
0x000001d74d5e1b30, 0x000001d74d683530, 0x000001d74d740dc0, 0x000001d74d743fc0,
0x000001d74d744700, 0x000001d793767790, 0x000001d72aeb1320
}

Java Threads: ( => current thread )
  0x000001d74d4b3020 JavaThread "Reference Handler"          daemon [_thread_blocked, id=27300, stack(0x00000088f4f00000,0x00000088f5000000) (1024K)]
  0x000001d74d4b3960 JavaThread "Finalizer"                  daemon [_thread_blocked, id=6624, stack(0x00000088f5000000,0x00000088f5100000) (1024K)]
  0x000001d74d4b48b0 JavaThread "Signal Dispatcher"          daemon [_thread_blocked, id=34156, stack(0x00000088f5100000,0x00000088f5200000) (1024K)]
  0x000001d74d4b7650 JavaThread "Attach Listener"            daemon [_thread_blocked, id=23860, stack(0x00000088f5200000,0x00000088f5300000) (1024K)]
  0x000001d74d4b86c0 JavaThread "Service Thread"             daemon [_thread_blocked, id=8328, stack(0x00000088f5300000,0x00000088f5400000) (1024K)]
  0x000001d74d4bb370 JavaThread "Monitor Deflation Thread"   daemon [_thread_blocked, id=37532, stack(0x00000088f5400000,0x00000088f5500000) (1024K)]
  0x000001d74d4bdec0 JavaThread "C2 CompilerThread0"         daemon [_thread_blocked, id=5960, stack(0x00000088f5500000,0x00000088f5600000) (1024K)]
  0x000001d74d4d8380 JavaThread "C1 CompilerThread0"         daemon [_thread_blocked, id=20916, stack(0x00000088f5600000,0x00000088f5700000) (1024K)]
  0x000001d74d5e1b30 JavaThread "Common-Cleaner"             daemon [_thread_blocked, id=18556, stack(0x00000088f5800000,0x00000088f5900000) (1024K)]
  0x000001d74d683530 JavaThread "Notification Thread"        daemon [_thread_blocked, id=19228, stack(0x00000088f5a00000,0x00000088f5b00000) (1024K)]
  0x000001d74d740dc0 JavaThread "Java2D Disposer"            daemon [_thread_blocked, id=20440, stack(0x00000088f5b00000,0x00000088f5c00000) (1024K)]
  0x000001d74d743fc0 JavaThread "AWT-Shutdown"                      [_thread_blocked, id=36280, stack(0x00000088f5c00000,0x00000088f5d00000) (1024K)]
  0x000001d74d744700 JavaThread "AWT-Windows"                daemon [_thread_in_native, id=36748, stack(0x00000088f5d00000,0x00000088f5e00000) (1024K)]
=>0x000001d793767790 JavaThread "AWT-EventQueue-0"                  [_thread_in_native, id=32088, stack(0x00000088f6100000,0x00000088f6200000) (1024K)]
  0x000001d72aeb1320 JavaThread "DestroyJavaVM"                     [_thread_blocked, id=34544, stack(0x00000088f4700000,0x00000088f4800000) (1024K)]
Total: 15

Other Threads:
  0x000001d74c8de850 VMThread "VM Thread"                           [id=37208, stack(0x00000088f4e00000,0x00000088f4f00000) (1024K)]
  0x000001d74c8d37f0 WatcherThread "VM Periodic Task Thread"        [id=37380, stack(0x00000088f4d00000,0x00000088f4e00000) (1024K)]
  0x000001d72d320310 WorkerThread "GC Thread#0"                     [id=22844, stack(0x00000088f4800000,0x00000088f4900000) (1024K)]
  0x000001d72d36f410 ConcurrentGCThread "G1 Main Marker"            [id=37720, stack(0x00000088f4900000,0x00000088f4a00000) (1024K)]
  0x000001d72d36ff20 WorkerThread "G1 Conc#0"                       [id=35332, stack(0x00000088f4a00000,0x00000088f4b00000) (1024K)]
  0x000001d74c78bff0 ConcurrentGCThread "G1 Refine#0"               [id=37620, stack(0x00000088f4b00000,0x00000088f4c00000) (1024K)]
  0x000001d74c78cb70 ConcurrentGCThread "G1 Service"                [id=7104, stack(0x00000088f4c00000,0x00000088f4d00000) (1024K)]
Total: 7

Threads with active compile tasks:
Total: 0

VM state: not at safepoint (normal execution)

VM Mutex/Monitor currently owned by a thread: None

Heap address: 0x0000000705e00000, size: 4002 MB, Compressed Oops mode: Zero based, Oop shift amount: 3

CDS archive(s) mapped at: [0x000001d74e000000-0x000001d74ed40000-0x000001d74ed40000), size 13893632, SharedBaseAddress: 0x000001d74e000000, ArchiveRelocationMode: 1.
Compressed class space mapped at: 0x000001d74f000000-0x000001d78f000000, reserved size: 1073741824
UseCompressedClassPointers 1, UseCompactObjectHeaders 0
Narrow klass pointer bits 32, Max shift 3
Narrow klass base: 0x000001d74e000000, Narrow klass shift: 0
Encoding Range: [0x000001d74e000000 - 0x000001d84e000000), (4294967296 bytes)
Klass Range:    [0x000001d74e000000 - 0x000001d78f000000), (1090519040 bytes)
Klass ID Range:  [8 - 1090519033) (1090519025)

GC Precious Log:
 CardTable entry size: 512
 Card Set container configuration: InlinePtr #cards 4 size 8 Array Of Cards #cards 16 size 48 Howl #buckets 8 coarsen threshold 3686 Howl Bitmap #cards 512 size 80 coarsen threshold 460 Card regions per heap region 1 cards per card region 4096
 CPUs: 16 total, 16 available
 Memory: 16004M
 Large Page Support: Disabled
 NUMA Support: Disabled
 Compressed Oops: Enabled (Zero based)
 Heap Region Size: 2M
 Heap Min Capacity: 8M
 Heap Initial Capacity: 252M
 Heap Max Capacity: 4002M
 Pre-touch: Disabled
 Parallel Workers: 13
 Concurrent Workers: 3
 Concurrent Refinement Workers: 13
 Periodic GC: Disabled

Heap:
 garbage-first heap   total reserved 4098048K, committed 260096K, used 31856K [0x0000000705e00000, 0x0000000800000000)
  region size 2048K, 14 young (28672K), 0 survivors (0K)
 Metaspace       used 11113K, committed 11328K, reserved 1114112K
  class space    used 1080K, committed 1152K, reserved 1048576K

Heap Regions: E=young(eden), S=young(survivor), O=old, HS=humongous(starts), HC=humongous(continues), CS=collection set, F=free, TAMS=top-at-mark-start, PB=parsable bottom
|   0|0x0000000705e00000, 0x0000000706000000, 0x0000000706000000|100%|HS|  |TAMS 0x0000000705e00000| PB 0x0000000705e00000| Complete |  0
|   1|0x0000000706000000, 0x0000000706200000, 0x0000000706200000|100%|HC|  |TAMS 0x0000000706000000| PB 0x0000000706000000| Complete |  0
|   2|0x0000000706200000, 0x0000000706200000, 0x0000000706400000|  0%| F|  |TAMS 0x0000000706200000| PB 0x0000000706200000| Untracked |  0
|   3|0x0000000706400000, 0x0000000706400000, 0x0000000706600000|  0%| F|  |TAMS 0x0000000706400000| PB 0x0000000706400000| Untracked |  0
|   4|0x0000000706600000, 0x0000000706600000, 0x0000000706800000|  0%| F|  |TAMS 0x0000000706600000| PB 0x0000000706600000| Untracked |  0
|   5|0x0000000706800000, 0x0000000706800000, 0x0000000706a00000|  0%| F|  |TAMS 0x0000000706800000| PB 0x0000000706800000| Untracked |  0
|   6|0x0000000706a00000, 0x0000000706a00000, 0x0000000706c00000|  0%| F|  |TAMS 0x0000000706a00000| PB 0x0000000706a00000| Untracked |  0
|   7|0x0000000706c00000, 0x0000000706c00000, 0x0000000706e00000|  0%| F|  |TAMS 0x0000000706c00000| PB 0x0000000706c00000| Untracked |  0
|   8|0x0000000706e00000, 0x0000000706e00000, 0x0000000707000000|  0%| F|  |TAMS 0x0000000706e00000| PB 0x0000000706e00000| Untracked |  0
|   9|0x0000000707000000, 0x0000000707000000, 0x0000000707200000|  0%| F|  |TAMS 0x0000000707000000| PB 0x0000000707000000| Untracked |  0
|  10|0x0000000707200000, 0x0000000707200000, 0x0000000707400000|  0%| F|  |TAMS 0x0000000707200000| PB 0x0000000707200000| Untracked |  0
|  11|0x0000000707400000, 0x0000000707400000, 0x0000000707600000|  0%| F|  |TAMS 0x0000000707400000| PB 0x0000000707400000| Untracked |  0
|  12|0x0000000707600000, 0x0000000707600000, 0x0000000707800000|  0%| F|  |TAMS 0x0000000707600000| PB 0x0000000707600000| Untracked |  0
|  13|0x0000000707800000, 0x0000000707800000, 0x0000000707a00000|  0%| F|  |TAMS 0x0000000707800000| PB 0x0000000707800000| Untracked |  0
|  14|0x0000000707a00000, 0x0000000707a00000, 0x0000000707c00000|  0%| F|  |TAMS 0x0000000707a00000| PB 0x0000000707a00000| Untracked |  0
|  15|0x0000000707c00000, 0x0000000707c00000, 0x0000000707e00000|  0%| F|  |TAMS 0x0000000707c00000| PB 0x0000000707c00000| Untracked |  0
|  16|0x0000000707e00000, 0x0000000707e00000, 0x0000000708000000|  0%| F|  |TAMS 0x0000000707e00000| PB 0x0000000707e00000| Untracked |  0
|  17|0x0000000708000000, 0x0000000708000000, 0x0000000708200000|  0%| F|  |TAMS 0x0000000708000000| PB 0x0000000708000000| Untracked |  0
|  18|0x0000000708200000, 0x0000000708200000, 0x0000000708400000|  0%| F|  |TAMS 0x0000000708200000| PB 0x0000000708200000| Untracked |  0
|  19|0x0000000708400000, 0x0000000708400000, 0x0000000708600000|  0%| F|  |TAMS 0x0000000708400000| PB 0x0000000708400000| Untracked |  0
|  20|0x0000000708600000, 0x0000000708600000, 0x0000000708800000|  0%| F|  |TAMS 0x0000000708600000| PB 0x0000000708600000| Untracked |  0
|  21|0x0000000708800000, 0x0000000708800000, 0x0000000708a00000|  0%| F|  |TAMS 0x0000000708800000| PB 0x0000000708800000| Untracked |  0
|  22|0x0000000708a00000, 0x0000000708a00000, 0x0000000708c00000|  0%| F|  |TAMS 0x0000000708a00000| PB 0x0000000708a00000| Untracked |  0
|  23|0x0000000708c00000, 0x0000000708c00000, 0x0000000708e00000|  0%| F|  |TAMS 0x0000000708c00000| PB 0x0000000708c00000| Untracked |  0
|  24|0x0000000708e00000, 0x0000000708e00000, 0x0000000709000000|  0%| F|  |TAMS 0x0000000708e00000| PB 0x0000000708e00000| Untracked |  0
|  25|0x0000000709000000, 0x0000000709000000, 0x0000000709200000|  0%| F|  |TAMS 0x0000000709000000| PB 0x0000000709000000| Untracked |  0
|  26|0x0000000709200000, 0x0000000709200000, 0x0000000709400000|  0%| F|  |TAMS 0x0000000709200000| PB 0x0000000709200000| Untracked |  0
|  27|0x0000000709400000, 0x0000000709400000, 0x0000000709600000|  0%| F|  |TAMS 0x0000000709400000| PB 0x0000000709400000| Untracked |  0
|  28|0x0000000709600000, 0x0000000709600000, 0x0000000709800000|  0%| F|  |TAMS 0x0000000709600000| PB 0x0000000709600000| Untracked |  0
|  29|0x0000000709800000, 0x0000000709800000, 0x0000000709a00000|  0%| F|  |TAMS 0x0000000709800000| PB 0x0000000709800000| Untracked |  0
|  30|0x0000000709a00000, 0x0000000709a00000, 0x0000000709c00000|  0%| F|  |TAMS 0x0000000709a00000| PB 0x0000000709a00000| Untracked |  0
|  31|0x0000000709c00000, 0x0000000709c00000, 0x0000000709e00000|  0%| F|  |TAMS 0x0000000709c00000| PB 0x0000000709c00000| Untracked |  0
|  32|0x0000000709e00000, 0x0000000709e00000, 0x000000070a000000|  0%| F|  |TAMS 0x0000000709e00000| PB 0x0000000709e00000| Untracked |  0
|  33|0x000000070a000000, 0x000000070a000000, 0x000000070a200000|  0%| F|  |TAMS 0x000000070a000000| PB 0x000000070a000000| Untracked |  0
|  34|0x000000070a200000, 0x000000070a200000, 0x000000070a400000|  0%| F|  |TAMS 0x000000070a200000| PB 0x000000070a200000| Untracked |  0
|  35|0x000000070a400000, 0x000000070a400000, 0x000000070a600000|  0%| F|  |TAMS 0x000000070a400000| PB 0x000000070a400000| Untracked |  0
|  36|0x000000070a600000, 0x000000070a600000, 0x000000070a800000|  0%| F|  |TAMS 0x000000070a600000| PB 0x000000070a600000| Untracked |  0
|  37|0x000000070a800000, 0x000000070a800000, 0x000000070aa00000|  0%| F|  |TAMS 0x000000070a800000| PB 0x000000070a800000| Untracked |  0
|  38|0x000000070aa00000, 0x000000070aa00000, 0x000000070ac00000|  0%| F|  |TAMS 0x000000070aa00000| PB 0x000000070aa00000| Untracked |  0
|  39|0x000000070ac00000, 0x000000070ac00000, 0x000000070ae00000|  0%| F|  |TAMS 0x000000070ac00000| PB 0x000000070ac00000| Untracked |  0
|  40|0x000000070ae00000, 0x000000070ae00000, 0x000000070b000000|  0%| F|  |TAMS 0x000000070ae00000| PB 0x000000070ae00000| Untracked |  0
|  41|0x000000070b000000, 0x000000070b000000, 0x000000070b200000|  0%| F|  |TAMS 0x000000070b000000| PB 0x000000070b000000| Untracked |  0
|  42|0x000000070b200000, 0x000000070b200000, 0x000000070b400000|  0%| F|  |TAMS 0x000000070b200000| PB 0x000000070b200000| Untracked |  0
|  43|0x000000070b400000, 0x000000070b400000, 0x000000070b600000|  0%| F|  |TAMS 0x000000070b400000| PB 0x000000070b400000| Untracked |  0
|  44|0x000000070b600000, 0x000000070b600000, 0x000000070b800000|  0%| F|  |TAMS 0x000000070b600000| PB 0x000000070b600000| Untracked |  0
|  45|0x000000070b800000, 0x000000070b800000, 0x000000070ba00000|  0%| F|  |TAMS 0x000000070b800000| PB 0x000000070b800000| Untracked |  0
|  46|0x000000070ba00000, 0x000000070ba00000, 0x000000070bc00000|  0%| F|  |TAMS 0x000000070ba00000| PB 0x000000070ba00000| Untracked |  0
|  47|0x000000070bc00000, 0x000000070bc00000, 0x000000070be00000|  0%| F|  |TAMS 0x000000070bc00000| PB 0x000000070bc00000| Untracked |  0
|  48|0x000000070be00000, 0x000000070be00000, 0x000000070c000000|  0%| F|  |TAMS 0x000000070be00000| PB 0x000000070be00000| Untracked |  0
|  49|0x000000070c000000, 0x000000070c000000, 0x000000070c200000|  0%| F|  |TAMS 0x000000070c000000| PB 0x000000070c000000| Untracked |  0
|  50|0x000000070c200000, 0x000000070c200000, 0x000000070c400000|  0%| F|  |TAMS 0x000000070c200000| PB 0x000000070c200000| Untracked |  0
|  51|0x000000070c400000, 0x000000070c400000, 0x000000070c600000|  0%| F|  |TAMS 0x000000070c400000| PB 0x000000070c400000| Untracked |  0
|  52|0x000000070c600000, 0x000000070c600000, 0x000000070c800000|  0%| F|  |TAMS 0x000000070c600000| PB 0x000000070c600000| Untracked |  0
|  53|0x000000070c800000, 0x000000070c800000, 0x000000070ca00000|  0%| F|  |TAMS 0x000000070c800000| PB 0x000000070c800000| Untracked |  0
|  54|0x000000070ca00000, 0x000000070ca00000, 0x000000070cc00000|  0%| F|  |TAMS 0x000000070ca00000| PB 0x000000070ca00000| Untracked |  0
|  55|0x000000070cc00000, 0x000000070cc00000, 0x000000070ce00000|  0%| F|  |TAMS 0x000000070cc00000| PB 0x000000070cc00000| Untracked |  0
|  56|0x000000070ce00000, 0x000000070ce00000, 0x000000070d000000|  0%| F|  |TAMS 0x000000070ce00000| PB 0x000000070ce00000| Untracked |  0
|  57|0x000000070d000000, 0x000000070d000000, 0x000000070d200000|  0%| F|  |TAMS 0x000000070d000000| PB 0x000000070d000000| Untracked |  0
|  58|0x000000070d200000, 0x000000070d200000, 0x000000070d400000|  0%| F|  |TAMS 0x000000070d200000| PB 0x000000070d200000| Untracked |  0
|  59|0x000000070d400000, 0x000000070d400000, 0x000000070d600000|  0%| F|  |TAMS 0x000000070d400000| PB 0x000000070d400000| Untracked |  0
|  60|0x000000070d600000, 0x000000070d600000, 0x000000070d800000|  0%| F|  |TAMS 0x000000070d600000| PB 0x000000070d600000| Untracked |  0
|  61|0x000000070d800000, 0x000000070d800000, 0x000000070da00000|  0%| F|  |TAMS 0x000000070d800000| PB 0x000000070d800000| Untracked |  0
|  62|0x000000070da00000, 0x000000070da00000, 0x000000070dc00000|  0%| F|  |TAMS 0x000000070da00000| PB 0x000000070da00000| Untracked |  0
|  63|0x000000070dc00000, 0x000000070dc00000, 0x000000070de00000|  0%| F|  |TAMS 0x000000070dc00000| PB 0x000000070dc00000| Untracked |  0
|  64|0x000000070de00000, 0x000000070de00000, 0x000000070e000000|  0%| F|  |TAMS 0x000000070de00000| PB 0x000000070de00000| Untracked |  0
|  65|0x000000070e000000, 0x000000070e000000, 0x000000070e200000|  0%| F|  |TAMS 0x000000070e000000| PB 0x000000070e000000| Untracked |  0
|  66|0x000000070e200000, 0x000000070e200000, 0x000000070e400000|  0%| F|  |TAMS 0x000000070e200000| PB 0x000000070e200000| Untracked |  0
|  67|0x000000070e400000, 0x000000070e400000, 0x000000070e600000|  0%| F|  |TAMS 0x000000070e400000| PB 0x000000070e400000| Untracked |  0
|  68|0x000000070e600000, 0x000000070e600000, 0x000000070e800000|  0%| F|  |TAMS 0x000000070e600000| PB 0x000000070e600000| Untracked |  0
|  69|0x000000070e800000, 0x000000070e800000, 0x000000070ea00000|  0%| F|  |TAMS 0x000000070e800000| PB 0x000000070e800000| Untracked |  0
|  70|0x000000070ea00000, 0x000000070ea00000, 0x000000070ec00000|  0%| F|  |TAMS 0x000000070ea00000| PB 0x000000070ea00000| Untracked |  0
|  71|0x000000070ec00000, 0x000000070ec00000, 0x000000070ee00000|  0%| F|  |TAMS 0x000000070ec00000| PB 0x000000070ec00000| Untracked |  0
|  72|0x000000070ee00000, 0x000000070ee00000, 0x000000070f000000|  0%| F|  |TAMS 0x000000070ee00000| PB 0x000000070ee00000| Untracked |  0
|  73|0x000000070f000000, 0x000000070f000000, 0x000000070f200000|  0%| F|  |TAMS 0x000000070f000000| PB 0x000000070f000000| Untracked |  0
|  74|0x000000070f200000, 0x000000070f200000, 0x000000070f400000|  0%| F|  |TAMS 0x000000070f200000| PB 0x000000070f200000| Untracked |  0
|  75|0x000000070f400000, 0x000000070f400000, 0x000000070f600000|  0%| F|  |TAMS 0x000000070f400000| PB 0x000000070f400000| Untracked |  0
|  76|0x000000070f600000, 0x000000070f600000, 0x000000070f800000|  0%| F|  |TAMS 0x000000070f600000| PB 0x000000070f600000| Untracked |  0
|  77|0x000000070f800000, 0x000000070f800000, 0x000000070fa00000|  0%| F|  |TAMS 0x000000070f800000| PB 0x000000070f800000| Untracked |  0
|  78|0x000000070fa00000, 0x000000070fa00000, 0x000000070fc00000|  0%| F|  |TAMS 0x000000070fa00000| PB 0x000000070fa00000| Untracked |  0
|  79|0x000000070fc00000, 0x000000070fc00000, 0x000000070fe00000|  0%| F|  |TAMS 0x000000070fc00000| PB 0x000000070fc00000| Untracked |  0
|  80|0x000000070fe00000, 0x000000070fe00000, 0x0000000710000000|  0%| F|  |TAMS 0x000000070fe00000| PB 0x000000070fe00000| Untracked |  0
|  81|0x0000000710000000, 0x0000000710000000, 0x0000000710200000|  0%| F|  |TAMS 0x0000000710000000| PB 0x0000000710000000| Untracked |  0
|  82|0x0000000710200000, 0x0000000710200000, 0x0000000710400000|  0%| F|  |TAMS 0x0000000710200000| PB 0x0000000710200000| Untracked |  0
|  83|0x0000000710400000, 0x0000000710400000, 0x0000000710600000|  0%| F|  |TAMS 0x0000000710400000| PB 0x0000000710400000| Untracked |  0
|  84|0x0000000710600000, 0x0000000710600000, 0x0000000710800000|  0%| F|  |TAMS 0x0000000710600000| PB 0x0000000710600000| Untracked |  0
|  85|0x0000000710800000, 0x0000000710800000, 0x0000000710a00000|  0%| F|  |TAMS 0x0000000710800000| PB 0x0000000710800000| Untracked |  0
|  86|0x0000000710a00000, 0x0000000710a00000, 0x0000000710c00000|  0%| F|  |TAMS 0x0000000710a00000| PB 0x0000000710a00000| Untracked |  0
|  87|0x0000000710c00000, 0x0000000710c00000, 0x0000000710e00000|  0%| F|  |TAMS 0x0000000710c00000| PB 0x0000000710c00000| Untracked |  0
|  88|0x0000000710e00000, 0x0000000710e00000, 0x0000000711000000|  0%| F|  |TAMS 0x0000000710e00000| PB 0x0000000710e00000| Untracked |  0
|  89|0x0000000711000000, 0x0000000711000000, 0x0000000711200000|  0%| F|  |TAMS 0x0000000711000000| PB 0x0000000711000000| Untracked |  0
|  90|0x0000000711200000, 0x0000000711200000, 0x0000000711400000|  0%| F|  |TAMS 0x0000000711200000| PB 0x0000000711200000| Untracked |  0
|  91|0x0000000711400000, 0x0000000711400000, 0x0000000711600000|  0%| F|  |TAMS 0x0000000711400000| PB 0x0000000711400000| Untracked |  0
|  92|0x0000000711600000, 0x0000000711600000, 0x0000000711800000|  0%| F|  |TAMS 0x0000000711600000| PB 0x0000000711600000| Untracked |  0
|  93|0x0000000711800000, 0x0000000711800000, 0x0000000711a00000|  0%| F|  |TAMS 0x0000000711800000| PB 0x0000000711800000| Untracked |  0
|  94|0x0000000711a00000, 0x0000000711a00000, 0x0000000711c00000|  0%| F|  |TAMS 0x0000000711a00000| PB 0x0000000711a00000| Untracked |  0
|  95|0x0000000711c00000, 0x0000000711c00000, 0x0000000711e00000|  0%| F|  |TAMS 0x0000000711c00000| PB 0x0000000711c00000| Untracked |  0
|  96|0x0000000711e00000, 0x0000000711e00000, 0x0000000712000000|  0%| F|  |TAMS 0x0000000711e00000| PB 0x0000000711e00000| Untracked |  0
|  97|0x0000000712000000, 0x0000000712000000, 0x0000000712200000|  0%| F|  |TAMS 0x0000000712000000| PB 0x0000000712000000| Untracked |  0
|  98|0x0000000712200000, 0x0000000712200000, 0x0000000712400000|  0%| F|  |TAMS 0x0000000712200000| PB 0x0000000712200000| Untracked |  0
|  99|0x0000000712400000, 0x0000000712400000, 0x0000000712600000|  0%| F|  |TAMS 0x0000000712400000| PB 0x0000000712400000| Untracked |  0
| 100|0x0000000712600000, 0x0000000712600000, 0x0000000712800000|  0%| F|  |TAMS 0x0000000712600000| PB 0x0000000712600000| Untracked |  0
| 101|0x0000000712800000, 0x0000000712800000, 0x0000000712a00000|  0%| F|  |TAMS 0x0000000712800000| PB 0x0000000712800000| Untracked |  0
| 102|0x0000000712a00000, 0x0000000712a00000, 0x0000000712c00000|  0%| F|  |TAMS 0x0000000712a00000| PB 0x0000000712a00000| Untracked |  0
| 103|0x0000000712c00000, 0x0000000712c00000, 0x0000000712e00000|  0%| F|  |TAMS 0x0000000712c00000| PB 0x0000000712c00000| Untracked |  0
| 104|0x0000000712e00000, 0x0000000712e00000, 0x0000000713000000|  0%| F|  |TAMS 0x0000000712e00000| PB 0x0000000712e00000| Untracked |  0
| 105|0x0000000713000000, 0x0000000713000000, 0x0000000713200000|  0%| F|  |TAMS 0x0000000713000000| PB 0x0000000713000000| Untracked |  0
| 106|0x0000000713200000, 0x0000000713200000, 0x0000000713400000|  0%| F|  |TAMS 0x0000000713200000| PB 0x0000000713200000| Untracked |  0
| 107|0x0000000713400000, 0x0000000713400000, 0x0000000713600000|  0%| F|  |TAMS 0x0000000713400000| PB 0x0000000713400000| Untracked |  0
| 108|0x0000000713600000, 0x0000000713600000, 0x0000000713800000|  0%| F|  |TAMS 0x0000000713600000| PB 0x0000000713600000| Untracked |  0
| 109|0x0000000713800000, 0x0000000713800000, 0x0000000713a00000|  0%| F|  |TAMS 0x0000000713800000| PB 0x0000000713800000| Untracked |  0
| 110|0x0000000713a00000, 0x0000000713a00000, 0x0000000713c00000|  0%| F|  |TAMS 0x0000000713a00000| PB 0x0000000713a00000| Untracked |  0
| 111|0x0000000713c00000, 0x0000000713c00000, 0x0000000713e00000|  0%| F|  |TAMS 0x0000000713c00000| PB 0x0000000713c00000| Untracked |  0
| 112|0x0000000713e00000, 0x0000000713fec0f0, 0x0000000714000000| 96%| E|  |TAMS 0x0000000713e00000| PB 0x0000000713e00000| Complete |  0
| 113|0x0000000714000000, 0x0000000714200000, 0x0000000714200000|100%| E|CS|TAMS 0x0000000714000000| PB 0x0000000714000000| Complete |  0
| 114|0x0000000714200000, 0x0000000714400000, 0x0000000714400000|100%| E|CS|TAMS 0x0000000714200000| PB 0x0000000714200000| Complete |  0
| 115|0x0000000714400000, 0x0000000714600000, 0x0000000714600000|100%| E|CS|TAMS 0x0000000714400000| PB 0x0000000714400000| Complete |  0
| 116|0x0000000714600000, 0x0000000714800000, 0x0000000714800000|100%| E|CS|TAMS 0x0000000714600000| PB 0x0000000714600000| Complete |  0
| 117|0x0000000714800000, 0x0000000714a00000, 0x0000000714a00000|100%| E|CS|TAMS 0x0000000714800000| PB 0x0000000714800000| Complete |  0
| 118|0x0000000714a00000, 0x0000000714c00000, 0x0000000714c00000|100%| E|CS|TAMS 0x0000000714a00000| PB 0x0000000714a00000| Complete |  0
| 119|0x0000000714c00000, 0x0000000714e00000, 0x0000000714e00000|100%| E|CS|TAMS 0x0000000714c00000| PB 0x0000000714c00000| Complete |  0
| 120|0x0000000714e00000, 0x0000000715000000, 0x0000000715000000|100%| E|CS|TAMS 0x0000000714e00000| PB 0x0000000714e00000| Complete |  0
| 121|0x0000000715000000, 0x0000000715200000, 0x0000000715200000|100%| E|CS|TAMS 0x0000000715000000| PB 0x0000000715000000| Complete |  0
| 122|0x0000000715200000, 0x0000000715400000, 0x0000000715400000|100%| E|CS|TAMS 0x0000000715200000| PB 0x0000000715200000| Complete |  0
| 123|0x0000000715400000, 0x0000000715600000, 0x0000000715600000|100%| E|CS|TAMS 0x0000000715400000| PB 0x0000000715400000| Complete |  0
| 124|0x0000000715600000, 0x0000000715800000, 0x0000000715800000|100%| E|CS|TAMS 0x0000000715600000| PB 0x0000000715600000| Complete |  0
| 125|0x0000000715800000, 0x0000000715a00000, 0x0000000715a00000|100%| E|CS|TAMS 0x0000000715800000| PB 0x0000000715800000| Complete |  0
|2000|0x00000007ffe00000, 0x00000007fff1c318, 0x0000000800000000| 55%| O|  |TAMS 0x00000007ffe00000| PB 0x00000007ffe00000| Untracked |  0

Card table byte_map: [0x000001d745e40000,0x000001d746620000] _byte_map_base: 0x000001d742611000

Marking Bits: (CMBitMap*) 0x000001d72d320a20
 Bits: [0x000001d746620000, 0x000001d74a4a8000)

Polling page: 0x000001d72b100000

Metaspace:

Usage:
  Non-class:      9.80 MB used.
      Class:      1.06 MB used.
       Both:     10.85 MB used.

Virtual space:
  Non-class space:       64.00 MB reserved,       9.94 MB ( 16%) committed,  1 nodes.
      Class space:        1.00 GB reserved,       1.12 MB ( <1%) committed,  1 nodes.
             Both:        1.06 GB reserved,      11.06 MB (  1%) committed. 

Chunk freelists:
   Non-Class:  6.12 MB
       Class:  14.75 MB
        Both:  20.87 MB

MaxMetaspaceSize: unlimited
CompressedClassSpaceSize: 1.00 GB
Initial GC threshold: 21.00 MB
Current GC threshold: 21.00 MB
CDS: on
 - commit_granule_bytes: 65536.
 - commit_granule_words: 8192.
 - virtual_space_node_default_size: 8388608.
 - enlarge_chunks_in_place: 1.
UseCompressedClassPointers 1, UseCompactObjectHeaders 0
Narrow klass pointer bits 32, Max shift 3
Narrow klass base: 0x000001d74e000000, Narrow klass shift: 0
Encoding Range: [0x000001d74e000000 - 0x000001d84e000000), (4294967296 bytes)
Klass Range:    [0x000001d74e000000 - 0x000001d78f000000), (1090519040 bytes)
Klass ID Range:  [8 - 1090519033) (1090519025)


Internal statistics:

num_allocs_failed_limit: 0.
num_arena_births: 112.
num_arena_deaths: 0.
num_vsnodes_births: 2.
num_vsnodes_deaths: 0.
num_space_committed: 177.
num_space_uncommitted: 0.
num_chunks_returned_to_freelist: 0.
num_chunks_taken_from_freelist: 157.
num_chunk_merges: 0.
num_chunk_splits: 97.
num_chunks_enlarged: 55.
num_inconsistent_stats: 0.

CodeHeap 'non-profiled nmethods': size=119232Kb used=485Kb max_used=485Kb free=118746Kb
 bounds [0x000001d73d950000, 0x000001d73dbc0000, 0x000001d744dc0000]
CodeHeap 'profiled nmethods': size=119104Kb used=2833Kb max_used=2833Kb free=116270Kb
 bounds [0x000001d735dc0000, 0x000001d736090000, 0x000001d73d210000]
CodeHeap 'non-nmethods': size=7424Kb used=1522Kb max_used=3270Kb free=5902Kb
 bounds [0x000001d73d210000, 0x000001d73d550000, 0x000001d73d950000]
CodeCache: size=245760Kb, used=4840Kb, max_used=6588Kb, free=240918Kb
 total_blobs=2578, nmethods=1885, adapters=598, full_count=0
Compilation: enabled, stopped_count=0, restarted_count=0

Compilation events (20 events):
Event: 19735.660 Thread 0x000001d74d4d8380 1875       3       jdk.internal.misc.InnocuousThread::eraseThreadLocals (23 bytes)
Event: 19735.662 Thread 0x000001d74d4d8380 nmethod 1875 0x000001d736080f08 code [0x000001d736081020, 0x000001d736081210]
Event: 19735.662 Thread 0x000001d74d4d8380 1876   !   3       java.lang.ref.ReferenceQueue::remove (49 bytes)
Event: 19735.667 Thread 0x000001d74d4d8380 nmethod 1876 0x000001d736081288 code [0x000001d736081420, 0x000001d736081dd0]
Event: 24946.368 Thread 0x000001d74d4d8380 1878       3       java.awt.Toolkit::getEventQueue (7 bytes)
Event: 24946.375 Thread 0x000001d74d4d8380 nmethod 1878 0x000001d736081e08 code [0x000001d736081f60, 0x000001d7360823e0]
Event: 24946.375 Thread 0x000001d74d4d8380 1879       3       sun.awt.SunToolkit::getSystemEventQueueImpl (4 bytes)
Event: 24946.376 Thread 0x000001d74d4d8380 nmethod 1879 0x000001d736082488 code [0x000001d7360825c0, 0x000001d736082948]
Event: 24946.376 Thread 0x000001d74d4d8380 1880       3       sun.awt.SunToolkit::getSystemEventQueueImplPP (7 bytes)
Event: 24946.376 Thread 0x000001d74d4d8380 nmethod 1880 0x000001d736082988 code [0x000001d736082ac0, 0x000001d736082dd0]
Event: 24946.891 Thread 0x000001d74d4d8380 1881       3       java.util.IdentityHashMap$IdentityHashMapIterator::nextIndex (72 bytes)
Event: 24946.894 Thread 0x000001d74d4bdec0 1883       4       java.util.HashMap$HashIterator::hasNext (13 bytes)
Event: 24946.897 Thread 0x000001d74d4d8380 nmethod 1881 0x000001d736082e08 code [0x000001d736082f60, 0x000001d7360832d0]
Event: 24946.897 Thread 0x000001d74d4d8380 1882   !   3       java.awt.Toolkit::setDesktopProperty (81 bytes)
Event: 24946.897 Thread 0x000001d74d4bdec0 nmethod 1883 0x000001d73d9c9408 code [0x000001d73d9c9500, 0x000001d73d9c9580]
Event: 24946.900 Thread 0x000001d74d4d8380 nmethod 1882 0x000001d736083308 code [0x000001d7360834a0, 0x000001d736083db0]
Event: 24949.695 Thread 0x000001d74d4d8380 1884       3       java.util.WeakHashMap::maskNull (12 bytes)
Event: 24949.699 Thread 0x000001d74d4d8380 nmethod 1884 0x000001d736083e08 code [0x000001d736083f20, 0x000001d736084050]
Event: 24949.699 Thread 0x000001d74d4d8380 1885       3       java.util.WeakHashMap::hash (28 bytes)
Event: 24949.699 Thread 0x000001d74d4d8380 nmethod 1885 0x000001d736084108 code [0x000001d736084220, 0x000001d736084410]

GC Heap History (0 events):
No events

Dll operation events (10 events):
Event: 0.007 Loaded shared library C:\Program Files\Apache NetBeans\jdk\bin\java.dll
Event: 0.031 Loaded shared library C:\Program Files\Apache NetBeans\jdk\bin\jsvml.dll
Event: 0.053 Loaded shared library C:\Program Files\Apache NetBeans\jdk\bin\net.dll
Event: 0.055 Loaded shared library C:\Program Files\Apache NetBeans\jdk\bin\nio.dll
Event: 0.078 Loaded shared library C:\Program Files\Apache NetBeans\jdk\bin\zip.dll
Event: 0.081 Loaded shared library C:\Program Files\Apache NetBeans\jdk\bin\jimage.dll
Event: 0.089 Loaded shared library C:\Program Files\Apache NetBeans\jdk\bin\awt.dll
Event: 0.275 Loaded shared library C:\Program Files\Apache NetBeans\jdk\bin\verify.dll
Event: 0.355 Loaded shared library C:\Program Files\Apache NetBeans\jdk\bin\freetype.dll
Event: 0.355 Loaded shared library C:\Program Files\Apache NetBeans\jdk\bin\fontmanager.dll

Deoptimization events (20 events):
Event: 0.763 Thread 0x000001d793767790 Uncommon trap: trap_request=0xffffff4d fr.pc=0x000001d73d9b9c3c relative=0x00000000000003dc
Event: 0.763 Thread 0x000001d793767790 Uncommon trap: reason=unstable_if action=reinterpret pc=0x000001d73d9b9c3c method=java.lang.Character.isSurrogate(C)Z @ 3 c2
Event: 0.763 Thread 0x000001d793767790 DEOPT PACKING pc=0x000001d73d9b9c3c sp=0x00000088f61fd300
Event: 0.763 Thread 0x000001d793767790 DEOPT UNPACKING pc=0x000001d73d327e02 sp=0x00000088f61fd218 mode 2
Event: 0.763 Thread 0x000001d793767790 Uncommon trap: trap_request=0xffffff4d fr.pc=0x000001d73d9b8644 relative=0x0000000000000044
Event: 0.763 Thread 0x000001d793767790 Uncommon trap: reason=unstable_if action=reinterpret pc=0x000001d73d9b8644 method=java.lang.Character.isSurrogate(C)Z @ 3 c2
Event: 0.763 Thread 0x000001d793767790 DEOPT PACKING pc=0x000001d73d9b8644 sp=0x00000088f61fd280
Event: 0.763 Thread 0x000001d793767790 DEOPT UNPACKING pc=0x000001d73d327e02 sp=0x00000088f61fd218 mode 2
Event: 0.788 Thread 0x000001d793767790 Uncommon trap: trap_request=0xffffff5c fr.pc=0x000001d73d9b3e8c relative=0x000000000000008c
Event: 0.788 Thread 0x000001d793767790 Uncommon trap: reason=speculate_null_check action=make_not_entrant pc=0x000001d73d9b3e8c method=jdk.internal.misc.Unsafe.getIntUnaligned(Ljava/lang/Object;JZ)I @ 5 c2
Event: 0.788 Thread 0x000001d793767790 DEOPT PACKING pc=0x000001d73d9b3e8c sp=0x00000088f61fd490
Event: 0.788 Thread 0x000001d793767790 DEOPT UNPACKING pc=0x000001d73d327e02 sp=0x00000088f61fd2f0 mode 2
Event: 0.788 Thread 0x000001d793767790 Uncommon trap: trap_request=0xffffff5c fr.pc=0x000001d73d9b0ee0 relative=0x0000000000000060
Event: 0.788 Thread 0x000001d793767790 Uncommon trap: reason=speculate_null_check action=make_not_entrant pc=0x000001d73d9b0ee0 method=jdk.internal.misc.Unsafe.getIntUnaligned(Ljava/lang/Object;JZ)I @ 5 c2
Event: 0.788 Thread 0x000001d793767790 DEOPT PACKING pc=0x000001d73d9b0ee0 sp=0x00000088f61fd390
Event: 0.788 Thread 0x000001d793767790 DEOPT UNPACKING pc=0x000001d73d327e02 sp=0x00000088f61fd2e8 mode 2
Event: 0.800 Thread 0x000001d793767790 Uncommon trap: trap_request=0xffffff4d fr.pc=0x000001d73d9b8048 relative=0x0000000000000128
Event: 0.800 Thread 0x000001d793767790 Uncommon trap: reason=unstable_if action=reinterpret pc=0x000001d73d9b8048 method=java.lang.ThreadLocal$ThreadLocalMap.getEntry(Ljava/lang/ThreadLocal;)Ljava/lang/ThreadLocal$ThreadLocalMap$Entry; @ 21 c2
Event: 0.800 Thread 0x000001d793767790 DEOPT PACKING pc=0x000001d73d9b8048 sp=0x00000088f61fdb10
Event: 0.800 Thread 0x000001d793767790 DEOPT UNPACKING pc=0x000001d73d327e02 sp=0x00000088f61fda30 mode 2

Classes loaded (20 events):
Event: 1.770 Loading class sun/awt/AWTAccessor$MouseEventAccessor done
Event: 1.770 Loading class java/awt/event/MouseEvent$1 done
Event: 1.771 Loading class java/awt/Cursor$CursorDisposer
Event: 1.771 Loading class java/awt/Cursor$CursorDisposer done
Event: 1.771 Loading class java/awt/Container$MouseEventTargetFilter
Event: 1.771 Loading class java/awt/Container$EventTargetFilter
Event: 1.771 Loading class java/awt/Container$EventTargetFilter done
Event: 1.771 Loading class java/awt/Container$MouseEventTargetFilter done
Event: 1.771 Loading class java/awt/event/MouseWheelEvent
Event: 1.772 Loading class java/awt/event/MouseWheelEvent done
Event: 1.914 Loading class java/lang/FdLibm$Acos
Event: 1.914 Loading class java/lang/FdLibm$Acos done
Event: 12.268 Loading class sun/awt/SunToolkit$1
Event: 12.269 Loading class sun/awt/SunToolkit$1 done
Event: 694.463 Loading class java/util/WeakHashMap$KeyIterator
Event: 694.463 Loading class java/util/WeakHashMap$HashIterator
Event: 694.464 Loading class java/util/WeakHashMap$HashIterator done
Event: 694.464 Loading class java/util/WeakHashMap$KeyIterator done
Event: 694.464 Loading class javax/swing/RepaintManager$DisplayChangedRunnable
Event: 694.465 Loading class javax/swing/RepaintManager$DisplayChangedRunnable done

Classes unloaded (0 events):
No events

Classes redefined (0 events):
No events

Internal exceptions (20 events):
Event: 0.149 Thread 0x000001d72aeb1320 Exception <a 'java/lang/NoSuchMethodError'{0x0000000715470520}: 'java.lang.Object java.lang.invoke.DirectMethodHandle$Holder.invokeStaticInit(java.lang.Object, long)'> (0x0000000715470520) 
thrown [s\src\hotspot\share\interpreter\linkResolver.cpp, line 805]
Event: 0.165 Thread 0x000001d72aeb1320 Exception <a 'java/lang/NoSuchMethodError'{0x00000007154a08b0}: 'void java.lang.invoke.DirectMethodHandle$Holder.invokeSpecial(java.lang.Object, java.lang.Object, java.lang.Object)'> (0x00000007154a08b0) 
thrown [s\src\hotspot\share\interpreter\linkResolver.cpp, line 805]
Event: 0.175 Thread 0x000001d72aeb1320 Exception <a 'java/lang/NoSuchMethodError'{0x0000000715209348}: 'java.lang.Object java.lang.invoke.DirectMethodHandle$Holder.newInvokeSpecial(java.lang.Object, java.lang.Object, java.lang.Object, java.lang.Object, java.lang.Object)'> (0x0000000715209348) 
thrown [s\src\hotspot\share\interpreter\linkResolver.cpp, line 805]
Event: 0.181 Thread 0x000001d72aeb1320 Exception <a 'java/lang/NoSuchMethodError'{0x0000000715271490}: 'java.lang.Object java.lang.invoke.DirectMethodHandle$Holder.invokeStatic(java.lang.Object, int, java.lang.Object)'> (0x0000000715271490) 
thrown [s\src\hotspot\share\interpreter\linkResolver.cpp, line 805]
Event: 0.232 Thread 0x000001d72aeb1320 Exception <a 'java/lang/ClassNotFoundException'{0x00000007150a3030}: com/sun/swing/internal/plaf/metal/resources/spi/metalProvider> (0x00000007150a3030) 
thrown [s\src\hotspot\share\classfile\systemDictionary.cpp, line 327]
Event: 0.233 Thread 0x000001d72aeb1320 Exception <a 'java/lang/ClassNotFoundException'{0x00000007150a6a40}: com/sun/swing/internal/plaf/basic/resources/spi/basicProvider> (0x00000007150a6a40) 
thrown [s\src\hotspot\share\classfile\systemDictionary.cpp, line 327]
Event: 0.247 Thread 0x000001d72aeb1320 Exception <a 'java/lang/NoSuchMethodError'{0x00000007150d44f8}: 'int java.lang.invoke.Invokers$Holder.invokeExact_MT(java.lang.Object, java.lang.Object)'> (0x00000007150d44f8) 
thrown [s\src\hotspot\share\interpreter\linkResolver.cpp, line 805]
Event: 0.365 Thread 0x000001d72aeb1320 Exception <a 'java/lang/NoSuchMethodError'{0x0000000714fa1438}: 'long java.lang.invoke.DirectMethodHandle$Holder.invokeStaticInit(java.lang.Object, long, long, long, long)'> (0x0000000714fa1438) 
thrown [s\src\hotspot\share\interpreter\linkResolver.cpp, line 805]
Event: 0.365 Thread 0x000001d72aeb1320 Exception <a 'java/lang/NoSuchMethodError'{0x0000000714fa9e40}: 'java.lang.Object java.lang.invoke.DirectMethodHandle$Holder.invokeInterface(java.lang.Object, java.lang.Object, long, long)'> (0x0000000714fa9e40) 
thrown [s\src\hotspot\share\interpreter\linkResolver.cpp, line 805]
Event: 0.366 Thread 0x000001d72aeb1320 Exception <a 'java/lang/NoSuchMethodError'{0x0000000714fc2600}: 'void java.lang.invoke.DirectMethodHandle$Holder.invokeStaticInit(java.lang.Object, java.lang.Object, long, java.lang.Object)'> (0x0000000714fc2600) 
thrown [s\src\hotspot\share\interpreter\linkResolver.cpp, line 805]
Event: 0.366 Thread 0x000001d72aeb1320 Exception <a 'java/lang/NoSuchMethodError'{0x0000000714fcb1e8}: 'long java.lang.invoke.DirectMethodHandle$Holder.invokeStatic(java.lang.Object, long, long)'> (0x0000000714fcb1e8) 
thrown [s\src\hotspot\share\interpreter\linkResolver.cpp, line 805]
Event: 0.369 Thread 0x000001d72aeb1320 Exception <a 'java/lang/NoSuchMethodError'{0x0000000714ff4fe0}: 'java.lang.Object java.lang.invoke.DirectMethodHandle$Holder.newInvokeSpecial(java.lang.Object, int, java.lang.Object)'> (0x0000000714ff4fe0) 
thrown [s\src\hotspot\share\interpreter\linkResolver.cpp, line 805]
Event: 0.394 Thread 0x000001d72aeb1320 Exception <a 'java/lang/NoSuchMethodError'{0x0000000714c68880}: 'void java.lang.invoke.DelegatingMethodHandle$Holder.reinvoke_L(java.lang.Object, java.lang.Object, java.lang.Object, java.lang.Object, long, long, float)'> (0x0000000714c68880) 
thrown [s\src\hotspot\share\interpreter\linkResolver.cpp, line 805]
Event: 0.396 Thread 0x000001d72aeb1320 Exception <a 'java/lang/NoSuchMethodError'{0x0000000714c88ed0}: 'java.lang.Object java.lang.invoke.DirectMethodHandle$Holder.invokeStatic(java.lang.Object, java.lang.Object, java.lang.Object, java.lang.Object, java.lang.Object, long)'> (0x0000000714c88ed0) 
thrown [s\src\hotspot\share\interpreter\linkResolver.cpp, line 805]
Event: 0.400 Thread 0x000001d72aeb1320 Exception <a 'java/lang/NoSuchMethodError'{0x0000000714ccc630}: 'float java.lang.invoke.DelegatingMethodHandle$Holder.reinvoke_L(java.lang.Object, java.lang.Object, java.lang.Object, java.lang.Object, long, long)'> (0x0000000714ccc630) 
thrown [s\src\hotspot\share\interpreter\linkResolver.cpp, line 805]
Event: 0.505 Thread 0x000001d74d744700 Exception <a 'java/lang/NoSuchMethodError'{0x0000000715505c60}: 'void java.lang.invoke.DirectMethodHandle$Holder.invokeVirtual(java.lang.Object, java.lang.Object)'> (0x0000000715505c60) 
thrown [s\src\hotspot\share\interpreter\linkResolver.cpp, line 805]
Event: 0.516 Thread 0x000001d72aeb1320 Exception <a 'java/lang/NoSuchMethodError'{0x00000007148554c8}: 'void java.lang.invoke.DirectMethodHandle$Holder.invokeStaticInit(java.lang.Object)'> (0x00000007148554c8) 
thrown [s\src\hotspot\share\interpreter\linkResolver.cpp, line 805]
Event: 0.598 Thread 0x000001d793767790 Exception <a 'java/io/FileNotFoundException'{0x0000000714656320}> (0x0000000714656320) 
thrown [s\src\hotspot\share\prims\jni.cpp, line 518]
Event: 0.604 Thread 0x000001d793767790 Exception <a 'java/io/FileNotFoundException'{0x000000071466fe68}> (0x000000071466fe68) 
thrown [s\src\hotspot\share\prims\jni.cpp, line 518]
Event: 0.800 Thread 0x000001d793767790 Implicit null exception at 0x000001d73d9b7f75 to 0x000001d73d9b8028

VM Operations (20 events):
Event: 0.566 Executing VM operation: HandshakeAllThreads (Deoptimize)
Event: 0.566 Executing VM operation: HandshakeAllThreads (Deoptimize) done
Event: 0.567 Executing VM operation: HandshakeAllThreads (Deoptimize)
Event: 0.567 Executing VM operation: HandshakeAllThreads (Deoptimize) done
Event: 60.162 Executing VM operation: HandshakeAllThreads (HandshakeForDeflation)
Event: 60.162 Executing VM operation: HandshakeAllThreads (HandshakeForDeflation) done
Event: 60.162 Executing VM operation: RendezvousGCThreads
Event: 60.162 Executing VM operation: RendezvousGCThreads done
Event: 1483.980 Executing VM operation: HandshakeAllThreads (HandshakeForDeflation)
Event: 1483.980 Executing VM operation: HandshakeAllThreads (HandshakeForDeflation) done
Event: 1483.980 Executing VM operation: RendezvousGCThreads
Event: 1483.980 Executing VM operation: RendezvousGCThreads done
Event: 4663.345 Executing VM operation: HandshakeAllThreads (HandshakeForDeflation)
Event: 4663.345 Executing VM operation: HandshakeAllThreads (HandshakeForDeflation) done
Event: 4663.345 Executing VM operation: RendezvousGCThreads
Event: 4663.345 Executing VM operation: RendezvousGCThreads done
Event: 10744.739 Executing VM operation: HandshakeAllThreads (HandshakeForDeflation)
Event: 10744.740 Executing VM operation: HandshakeAllThreads (HandshakeForDeflation) done
Event: 10744.740 Executing VM operation: RendezvousGCThreads
Event: 10744.740 Executing VM operation: RendezvousGCThreads done

Memory protections (0 events):
No events

Nmethod flushes (0 events):
No events

Events (20 events):
Event: 0.034 Thread 0x000001d74d4d8380 Thread added: 0x000001d74d4da1c0
Event: 0.052 Thread 0x000001d72aeb1320 Thread added: 0x000001d74d5e1b30
Event: 0.063 Thread 0x000001d74d4da1c0 Thread added: 0x000001d74d4db0e0
Event: 0.067 Thread 0x000001d72aeb1320 Thread added: 0x000001d74d683530
Event: 0.133 Thread 0x000001d72aeb1320 Thread added: 0x000001d74d740dc0
Event: 0.134 Thread 0x000001d72aeb1320 Thread added: 0x000001d74d743fc0
Event: 0.134 Thread 0x000001d72aeb1320 Thread added: 0x000001d74d744700
Event: 0.184 Thread 0x000001d74d4da1c0 Thread added: 0x000001d74d4db870
Event: 0.311 Thread 0x000001d74d4d8380 Thread added: 0x000001d74d4d92a0
Event: 0.318 Thread 0x000001d74d4da1c0 Thread added: 0x000001d74d4d9a30
Event: 0.405 Thread 0x000001d72aeb1320 Thread added: 0x000001d793767790
Event: 0.484 Thread 0x000001d72aeb1320 Thread added: 0x000001d793568be0
Event: 0.571 Thread 0x000001d72aeb1320 Thread exited: 0x000001d72aeb1320
Event: 0.572 Thread 0x000001d72aeb1320 Thread added: 0x000001d72aeb1320
Event: 1.772 Thread 0x000001d74d4d92a0 Thread exited: 0x000001d74d4d92a0
Event: 1.772 Thread 0x000001d74d4d9a30 Thread exited: 0x000001d74d4d9a30
Event: 1.784 Thread 0x000001d74d4db0e0 Thread exited: 0x000001d74d4db0e0
Event: 2.829 Thread 0x000001d74d4db870 Thread exited: 0x000001d74d4db870
Event: 2.829 Thread 0x000001d74d4da1c0 Thread exited: 0x000001d74d4da1c0
Event: 5.490 Thread 0x000001d793568be0 Thread exited: 0x000001d793568be0


Dynamic libraries:
0x00007ff635500000 - 0x00007ff63550e000 	C:\Program Files\Apache NetBeans\jdk\bin\java.exe
0x00007ff9d5f00000 - 0x00007ff9d6169000 	C:\WINDOWS\SYSTEM32\ntdll.dll
0x00007ff9d5090000 - 0x00007ff9d5159000 	C:\WINDOWS\System32\KERNEL32.DLL
0x00007ff9d3370000 - 0x00007ff9d3763000 	C:\WINDOWS\System32\KERNELBASE.dll
0x00007ff9d3ad0000 - 0x00007ff9d3c1b000 	C:\WINDOWS\System32\ucrtbase.dll
0x00007ff9a0910000 - 0x00007ff9a0926000 	C:\Program Files\Apache NetBeans\jdk\bin\jli.dll
0x00007ff9aca80000 - 0x00007ff9aca9e000 	C:\Program Files\Apache NetBeans\jdk\bin\VCRUNTIME140.dll
0x00007ff9d4690000 - 0x00007ff9d4854000 	C:\WINDOWS\System32\USER32.dll
0x00007ff9d32b0000 - 0x00007ff9d32d7000 	C:\WINDOWS\System32\win32u.dll
0x00007ff9b99e0000 - 0x00007ff9b9c73000 	C:\WINDOWS\WinSxS\amd64_microsoft.windows.common-controls_6595b64144ccf1df_6.0.26100.5074_none_3e0d6f78e32fd63f\COMCTL32.dll
0x00007ff9d55f0000 - 0x00007ff9d561b000 	C:\WINDOWS\System32\GDI32.dll
0x00007ff9d5e10000 - 0x00007ff9d5eb9000 	C:\WINDOWS\System32\msvcrt.dll
0x00007ff9d3770000 - 0x00007ff9d389d000 	C:\WINDOWS\System32\gdi32full.dll
0x00007ff9d3c20000 - 0x00007ff9d3cc3000 	C:\WINDOWS\System32\msvcp_win.dll
0x00007ff9d4600000 - 0x00007ff9d462f000 	C:\WINDOWS\System32\IMM32.DLL
0x00007ff9ac280000 - 0x00007ff9ac28c000 	C:\Program Files\Apache NetBeans\jdk\bin\vcruntime140_1.dll
0x00007ff995080000 - 0x00007ff99510d000 	C:\Program Files\Apache NetBeans\jdk\bin\msvcp140.dll
0x00007ff8dde30000 - 0x00007ff8decac000 	C:\Program Files\Apache NetBeans\jdk\bin\server\jvm.dll
0x00007ff9d4860000 - 0x00007ff9d4914000 	C:\WINDOWS\System32\ADVAPI32.dll
0x00007ff9d5b00000 - 0x00007ff9d5ba6000 	C:\WINDOWS\System32\sechost.dll
0x00007ff9d5840000 - 0x00007ff9d5958000 	C:\WINDOWS\System32\RPCRT4.dll
0x00007ff9d5620000 - 0x00007ff9d5694000 	C:\WINDOWS\System32\WS2_32.dll
0x00007ff9c8120000 - 0x00007ff9c8155000 	C:\WINDOWS\SYSTEM32\WINMM.dll
0x00007ff9d1ca0000 - 0x00007ff9d1cfe000 	C:\WINDOWS\SYSTEM32\POWRPROF.dll
0x00007ff9cba50000 - 0x00007ff9cba5b000 	C:\WINDOWS\SYSTEM32\VERSION.dll
0x00007ff9d1c80000 - 0x00007ff9d1c94000 	C:\WINDOWS\SYSTEM32\UMPDC.dll
0x00007ff9d1f90000 - 0x00007ff9d1fab000 	C:\WINDOWS\SYSTEM32\kernel.appcore.dll
0x00007ff9ac270000 - 0x00007ff9ac27a000 	C:\Program Files\Apache NetBeans\jdk\bin\jimage.dll
0x00007ff9d08c0000 - 0x00007ff9d0b02000 	C:\WINDOWS\SYSTEM32\DBGHELP.DLL
0x00007ff9d4920000 - 0x00007ff9d4c9b000 	C:\WINDOWS\System32\combase.dll
0x00007ff9d4f10000 - 0x00007ff9d4fe7000 	C:\WINDOWS\System32\OLEAUT32.dll
0x00007ff9a1490000 - 0x00007ff9a14cd000 	C:\WINDOWS\SYSTEM32\dbgcore.DLL
0x00007ff9d3090000 - 0x00007ff9d3129000 	C:\WINDOWS\System32\bcryptPrimitives.dll
0x00007ff9a1d60000 - 0x00007ff9a1d7e000 	C:\Program Files\Apache NetBeans\jdk\bin\java.dll
0x00007ff9d56a0000 - 0x00007ff9d5838000 	C:\WINDOWS\System32\ole32.dll
0x00007ff9d3e30000 - 0x00007ff9d457d000 	C:\WINDOWS\System32\SHELL32.dll
0x00007ff9d38a0000 - 0x00007ff9d3a0c000 	C:\WINDOWS\System32\wintypes.dll
0x00007ff9d0cd0000 - 0x00007ff9d1529000 	C:\WINDOWS\SYSTEM32\windows.storage.dll
0x00007ff9d5960000 - 0x00007ff9d5a50000 	C:\WINDOWS\System32\SHCORE.dll
0x00007ff9d5bb0000 - 0x00007ff9d5c12000 	C:\WINDOWS\System32\shlwapi.dll
0x00007ff9d2fb0000 - 0x00007ff9d2fd9000 	C:\WINDOWS\SYSTEM32\profapi.dll
0x00007ff9433d0000 - 0x00007ff9434a7000 	C:\Program Files\Apache NetBeans\jdk\bin\jsvml.dll
0x00007ff9a1d50000 - 0x00007ff9a1d60000 	C:\Program Files\Apache NetBeans\jdk\bin\net.dll
0x00007ff9d2510000 - 0x00007ff9d257b000 	C:\WINDOWS\system32\mswsock.dll
0x00007ff99d250000 - 0x00007ff99d266000 	C:\Program Files\Apache NetBeans\jdk\bin\nio.dll
0x00007ff99e060000 - 0x00007ff99e077000 	C:\Program Files\Apache NetBeans\jdk\bin\zip.dll
0x00007ff92b200000 - 0x00007ff92b37e000 	C:\Program Files\Apache NetBeans\jdk\bin\awt.dll
0x00007ff9cf950000 - 0x00007ff9cf9ee000 	C:\WINDOWS\SYSTEM32\apphelp.dll
0x00007ff9cfb20000 - 0x00007ff9cfb4b000 	C:\WINDOWS\system32\DWMAPI.DLL
0x00007ff9cfa70000 - 0x00007ff9cfb18000 	C:\WINDOWS\system32\uxtheme.dll
0x00007ff92add0000 - 0x00007ff92aedc000 	C:\WINDOWS\system32\opengl32.dll
0x00007ff92ad80000 - 0x00007ff92adad000 	C:\WINDOWS\SYSTEM32\GLU32.dll
0x00007ff9d0130000 - 0x00007ff9d0174000 	C:\WINDOWS\SYSTEM32\dxcore.dll
0x00007ff9d3cd0000 - 0x00007ff9d3e28000 	C:\WINDOWS\System32\MSCTF.dll
0x00007ff9a0bd0000 - 0x00007ff9a0be0000 	C:\Program Files\Apache NetBeans\jdk\bin\verify.dll
0x00007ff988140000 - 0x00007ff9881c7000 	C:\Program Files\Apache NetBeans\jdk\bin\freetype.dll
0x00007ff938a40000 - 0x00007ff938b29000 	C:\Program Files\Apache NetBeans\jdk\bin\fontmanager.dll
0x00007ff9d5c20000 - 0x00007ff9d5cd1000 	C:\WINDOWS\System32\clbcatq.dll
0x00007ff9cde30000 - 0x00007ff9ce05f000 	C:\WINDOWS\SYSTEM32\WindowsCodecs.dll
0x00007ff99eca0000 - 0x00007ff99ecfa000 	C:\WINDOWS\system32\dataexchange.dll
0x00007ff9c30f0000 - 0x00007ff9c3329000 	C:\WINDOWS\system32\twinapi.appcore.dll
0x00007ff9ca660000 - 0x00007ff9ca7a9000 	C:\WINDOWS\SYSTEM32\textinputframework.dll
0x00007ff9cf690000 - 0x00007ff9cf7b5000 	C:\WINDOWS\SYSTEM32\CoreMessaging.dll
0x00007ff9cb4d0000 - 0x00007ff9cb7b3000 	C:\WINDOWS\SYSTEM32\CoreUIComponents.dll
0x00007ff9d27d0000 - 0x00007ff9d27dc000 	C:\WINDOWS\SYSTEM32\CRYPTBASE.DLL

JVMTI agents: none

dbghelp: loaded successfully - version: 4.0.5 - missing functions: none
symbol engine: initialized successfully - sym options: 0x614 - pdb path: .;C:\Program Files\Apache NetBeans\jdk\bin;C:\WINDOWS\SYSTEM32;C:\WINDOWS\WinSxS\amd64_microsoft.windows.common-controls_6595b64144ccf1df_6.0.26100.5074_none_3e0d6f78e32fd63f;C:\Program Files\Apache NetBeans\jdk\bin\server

VM Arguments:
jvm_args: -Dfile.encoding=UTF-8 --module-path=C:\Users\Istiak\Documents\NetBeansProjects\Bank Management System\build\classes 
java_command: bank.management.system.SignupOne
java_class_path (initial): C:\Users\Istiak\Downloads\jcalendar-1.4\lib\jcalendar-1.4.jar;C:\Users\Istiak\Documents\NetBeansProjects\Bank Management System\build\classes
Launcher Type: SUN_STANDARD

[Global flags]
     intx CICompilerCount                          = 12                                        {product} {ergonomic}
     uint ConcGCThreads                            = 3                                         {product} {ergonomic}
     uint G1ConcRefinementThreads                  = 13                                        {product} {ergonomic}
   size_t G1HeapRegionSize                         = 2097152                                   {product} {ergonomic}
   size_t InitialHeapSize                          = 264241152                                 {product} {ergonomic}
   size_t MarkStackSize                            = 4194304                                   {product} {ergonomic}
   size_t MarkStackSizeMax                         = 536870912                                 {product} {ergonomic}
   size_t MaxHeapSize                              = 4196401152                                {product} {ergonomic}
   size_t MaxNewSize                               = 2516582400                                {product} {ergonomic}
   size_t MinHeapDeltaBytes                        = 2097152                                   {product} {ergonomic}
   size_t MinHeapSize                              = 8388608                                   {product} {ergonomic}
    uintx NonNMethodCodeHeapSize                   = 7602176                                {pd product} {ergonomic}
    uintx NonProfiledCodeHeapSize                  = 122093568                              {pd product} {ergonomic}
     bool PerfDisableSharedMem                     = true                                      {product} {ergonomic}
    uintx ProfiledCodeHeapSize                     = 121962496                              {pd product} {ergonomic}
    uintx ReservedCodeCacheSize                    = 251658240                              {pd product} {ergonomic}
     bool SegmentedCodeCache                       = true                                      {product} {ergonomic}
   size_t SoftMaxHeapSize                          = 4196401152                             {manageable} {ergonomic}
     bool UseCompressedOops                        = true                           {product lp64_product} {ergonomic}
     bool UseG1GC                                  = true                                      {product} {ergonomic}
     bool UseLargePagesIndividualAllocation        = false                                  {pd product} {ergonomic}

Logging:
Log output configuration:
 #0: stdout all=warning uptime,level,tags foldmultilines=false
 #1: stderr all=off uptime,level,tags foldmultilines=false

Environment Variables:
JAVA_HOME=C:\Program Files\Eclipse Adoptium\jdk-17.0.15.6-hotspot\
PATH=C:\Program Files\Eclipse Adoptium\jdk-17.0.15.6-hotspot\bin;C:\Program Files (x86)\Common Files\Oracle\Java\java8path;C:\Program Files (x86)\Common Files\Oracle\Java\javapath;C:\Program Files (x86)\Common Files\Intel\Shared Libraries\redist\intel64\compiler;C:\Windows\system32;C:\Windows;C:\Windows\System32\Wbem;C:\Windows\System32\WindowsPowerShell\v1.0\;C:\Windows\System32\OpenSSH\;C:\Program Files (x86)\NVIDIA Corporation\PhysX\Common;C:\Program Files\steghide;C:\WINDOWS\system32;C:\WINDOWS;C:\WINDOWS\System32\Wbem;C:\WINDOWS\System32\WindowsPowerShell\v1.0\;C:\WINDOWS\System32\OpenSSH\;C:\Program Files\NVIDIA Corporation\NVIDIA app\NvDLISR;C:\Program Files\Git\cmd;C:\Program Files\dotnet\;C:\Users\Istiak\AppData\Local\Programs\Python\Python39\Scripts\;C:\Users\Istiak\AppData\Local\Programs\Python\Python39\;C:\Users\Istiak\AppData\Local\Microsoft\WindowsApps;C:\Users\Istiak\AppData\Local\Programs\Microsoft VS Code\bin;C:\msys64\ucrt64\bin;C:\Users\Istiak\AppData\Local\Programs\Microsoft VS Code\bin;C:\Users\Istiak\AppData\Local\GitHubDesktop\bin
USERNAME=Istiak
OS=Windows_NT
PROCESSOR_IDENTIFIER=Intel64 Family 6 Model 154 Stepping 3, GenuineIntel
TMP=C:\Users\Istiak\AppData\Local\Temp
TEMP=C:\Users\Istiak\AppData\Local\Temp




Periodic native trim disabled

---------------  S Y S T E M  ---------------

OS:
 Windows 11 , 64 bit Build 26100 (10.0.26100.5074)
OS uptime: 2 days 15:46 hours
Hyper-V role detected

CPU: total 16 (initial active 16) (8 cores per cpu, 2 threads per core) family 6 model 154 stepping 3 microcode 0x434, cx8, cmov, fxsr, ht, mmx, 3dnowpref, sse, sse2, sse3, ssse3, sse4.1, sse4.2, popcnt, lzcnt, tsc, tscinvbit, avx, avx2, aes, erms, clmul, bmi1, bmi2, adx, sha, fma, vzeroupper, clflush, clflushopt, clwb, hv, serialize, rdtscp, rdpid, fsrm, gfni, f16c, cet_ibt, cet_ss
Processor Information for the first 16 processors :
  Max Mhz: 2500, Current Mhz: 2500, Mhz Limit: 2500

Memory: 4k page, system-wide physical 16004M (4573M free)
TotalPageFile size 37239M (AvailPageFile size 7683M)
current process WorkingSet (physical memory assigned to process): 17M, peak: 103M
current process commit charge ("private bytes"): 372M, peak: 378M

vm_info: OpenJDK 64-Bit Server VM (24.0.2+12) for windows-amd64 JRE (24.0.2+12) (Zulu24.32+13-CA), built on 2025-07-11T12:45:44Z with MS VC++ 17.1 (VS2022)

END.
