#
# A fatal error has been detected by the Java Runtime Environment:
#
#  EXCEPTION_ACCESS_VIOLATION (0xc0000005) at pc=0x00007ff92b2dad89, pid=25052, tid=8896
#
# JRE version: OpenJDK Runtime Environment Zulu24.32+13-CA (24.0.2+12) (build 24.0.2+12)
# Java VM: OpenJDK 64-Bit Server VM Zulu24.32+13-CA (24.0.2+12, mixed mode, sharing, tiered, compressed oops, compressed class ptrs, g1 gc, windows-amd64)
# Problematic frame:
# C  [awt.dll+0xdad89]
#
# No core dump will be written. Minidumps are not enabled by default on client versions of Windows
#
# If you would like to submit a bug report, please visit:
#   http://www.azul.com/support/
# The crash happened outside the Java Virtual Machine in native code.
# See problematic frame for where to report the bug.
#

---------------  S U M M A R Y ------------

Command Line: -Dfile.encoding=UTF-8 --module-path=C:\Users\Istiak\Documents\NetBeansProjects\Bank Management System\build\classes bank.management.system.SignupOne

Host: 12th Gen Intel(R) Core(TM) i5-12500H, 16 cores, 15G,  Windows 11 , 64 bit Build 26100 (10.0.26100.5074)
Time: Sat Sep 13 06:20:53 2025 Bangladesh Standard Time elapsed time: 24850.262732 seconds (0d 6h 54m 10s)

---------------  T H R E A D  ---------------

Current thread (0x000002203bb2ee20):  JavaThread "AWT-EventQueue-0"        [_thread_in_native, id=8896, stack(0x0000007d57300000,0x0000007d57400000) (1024K)]

Stack: [0x0000007d57300000,0x0000007d57400000],  sp=0x0000007d573ff0b0,  free space=1020k
Native frames: (J=compiled Java code, j=interpreted, Vv=VM code, C=native code)
C  [awt.dll+0xdad89]  (no source info available)
C  [awt.dll+0xda148]  (no source info available)
C  0x000002202adace20  (no source info available)

The last pc belongs to native method entry point (kind = native) (printed below).
Java frames: (J=compiled Java code, j=interpreted, Vv=VM code)
j  sun.awt.Win32GraphicsConfig.getBounds(I)Ljava/awt/Rectangle;+0 java.desktop@24.0.2
j  sun.awt.Win32GraphicsConfig.getBounds()Ljava/awt/Rectangle;+8 java.desktop@24.0.2
j  sun.awt.Win32GraphicsDevice.displayChanged()V+23 java.desktop@24.0.2
j  sun.awt.Win32GraphicsEnvironment.displayChanged()V+271 java.desktop@24.0.2
j  sun.awt.windows.WToolkit.lambda$displayChanged$0()V+15 java.desktop@24.0.2
j  sun.awt.windows.WToolkit$$Lambda+0x000002203d1173b8.run()V+0 java.desktop@24.0.2
J 1858 c1 java.awt.event.InvocationEvent.dispatch()V java.desktop@24.0.2 (69 bytes) @ 0x0000022023c0b21c [0x0000022023c0b000+0x000000000000021c]
J 1363 c1 java.awt.EventQueue.dispatchEventImpl(Ljava/awt/AWTEvent;Ljava/lang/Object;)V java.desktop@24.0.2 (139 bytes) @ 0x0000022023b4eee4 [0x0000022023b4d620+0x00000000000018c4]
J 1362 c1 java.awt.EventQueue.dispatchEvent(Ljava/awt/AWTEvent;)V java.desktop@24.0.2 (48 bytes) @ 0x0000022023b4b3b4 [0x0000022023b4b160+0x0000000000000254]
J 1357 c1 java.awt.EventDispatchThread.pumpOneEventForFilters(I)V java.desktop@24.0.2 (106 bytes) @ 0x0000022023b49754 [0x0000022023b48f40+0x0000000000000814]
j  java.awt.EventDispatchThread.pumpEventsForFilter(ILjava/awt/Conditional;Ljava/awt/EventFilter;)V+35 java.desktop@24.0.2
j  java.awt.EventDispatchThread.pumpEventsForHierarchy(ILjava/awt/Conditional;Ljava/awt/Component;)V+11 java.desktop@24.0.2
j  java.awt.EventDispatchThread.pumpEvents(ILjava/awt/Conditional;)V+4 java.desktop@24.0.2
j  java.awt.EventDispatchThread.pumpEvents(Ljava/awt/Conditional;)V+3 java.desktop@24.0.2
j  java.awt.EventDispatchThread.run()V+9 java.desktop@24.0.2
v  ~StubRoutines::call_stub 0x000002202ada0fcd

siginfo: EXCEPTION_ACCESS_VIOLATION (0xc0000005), reading address 0x0000000000000028


Registers:
RAX=0x0000000000000000, RBX=0x000002203bdaaa20, RCX=0x0000000000000000, RDX=0x0000000000000000
RSP=0x0000007d573ff0b0, RBP=0x0000000000000000, RSI=0x0000000000000000, RDI=0x0000000000000000
R8 =0x0000000000000001, R9 =0x0000007d554a5000, R10=0x000002203baefd20, R11=0x00000220002a8b78
R12=0x0000000000000000, R13=0x000002203b71a2f0, R14=0x000002203b7777a0, R15=0x0000000000000000
RIP=0x00007ff92b2dad89, EFLAGS=0x0000000000010246

XMM[0]=0x0000000000000000 0x0000000000000000
XMM[1]=0x0000000000000000 0x0000007d573ff180
XMM[2]=0x00007ff8de2a7e3c 0x0000007d573fe7c0
XMM[3]=0x0000007d573fb2b0 0x0000007d573fb264
XMM[4]=0x0000007d573fe654 0x0000007d573fe650
XMM[5]=0x000002203bb2ee20 0x000002203bb2ee01
XMM[6]=0x0000000000000000 0x00000000e2830f2d
XMM[7]=0x0000000000000000 0x000000000000000b
XMM[8]=0x0000000000000000 0x9cc768205c52007f
XMM[9]=0x0000000000000000 0xecb1a5c806856c91
XMM[10]=0x0000000000000000 0x0000000019d3c6c9
XMM[11]=0x0000000000000000 0x7214675f7899d3f0
XMM[12]=0x0000000000000000 0x0000000006856c91
XMM[13]=0x0000000000000000 0x0000000000000000
XMM[14]=0x0000000000000000 0x0000000000000000
XMM[15]=0x0000000000000000 0x0000000000000000
  MXCSR=0x00001fa2


Register to memory mapping:

RAX=0x0 is null
RBX=0x000002203bdaaa20 points into unknown readable memory: 0x000002207d8067b0 | b0 67 80 7d 20 02 00 00
RCX=0x0 is null
RDX=0x0 is null
RSP=0x0000007d573ff0b0 is pointing into the stack for thread: 0x000002203bb2ee20
RBP=0x0 is null
RSI=0x0 is null
RDI=0x0 is null
R8 =0x0000000000000001 is an unknown value
R9 =0x0000007d554a5000 points into unknown readable memory: 0x0000000000000000 | 00 00 00 00 00 00 00 00
R10=0x000002203baefd20 points into unknown readable memory: 0x0000001e00000003 | 03 00 00 00 1e 00 00 00
R11={method} {0x00000220002a8b80} '<init>' '(IIII)V' in 'java/awt/Rectangle'
R12=0x0 is null
R13=0x000002203b71a2f0 points into unknown readable memory: 0x00000220002a8b78 | 78 8b 2a 00 20 02 00 00
R14=0x000002203b7777a0 points into unknown readable memory: 0x000000071547c778 | 78 c7 47 15 07 00 00 00
R15=0x0 is null

Top of Stack: (sp=0x0000007d573ff0b0)
0x0000007d573ff0b0:   00007ff92b337838 000002203bdaaa20   8x3+.... ..; ...
0x0000007d573ff0c0:   000002203bb2f1e8 000002203bdaaa20   ...; ... ..; ...
0x0000007d573ff0d0:   000002203bb2f1e8 00007ff92b2da148   ...; ...H.-+....
0x0000007d573ff0e0:   000002203bdaaa20 000002203bdaaa20    ..; ... ..; ...
0x0000007d573ff0f0:   000000000000002c 000002203bb2f1e8   ,..........; ...
0x0000007d573ff100:   000000071542b728 0000022000244438   (.B.....8D$. ...
0x0000007d573ff110:   0000000000000000 0000007d573ff130   ........0.?W}...
0x0000007d573ff120:   0000000000000000 0000000000000000   ................
0x0000007d573ff130:   00006f7c4d4884c3 0000000713e319e0   ..HM|o..........
0x0000007d573ff140:   000002203bb2ee20 0000007d573ff228    ..; ...(.?W}...
0x0000007d573ff150:   00000220002a0d58 0000000000000000   X.*. ...........
0x0000007d573ff160:   000002200074f0f8 000000000000002c   ..t. ...,.......
0x0000007d573ff170:   0000007d573ff200 000002202adace20   ..?W}... ..* ...
0x0000007d573ff180:   0000007d573ff198 00000220002a0d58   ..?W}...X.*. ...
0x0000007d573ff190:   000002202ada8800 0000000000000000   ...* ...........
0x0000007d573ff1a0:   0000000713e319e0 0000000713e324f0   .........$......
0x0000007d573ff1b0:   0000000713e324f0 fffffffffffffff7   .$..............
0x0000007d573ff1c0:   0000000000000000 0000000000000005   ................
0x0000007d573ff1d0:   00000220002a37e0 0000000000000000   .7*. ...........
0x0000007d573ff1e0:   000000071547bef0 00000220002a0d58   ..G.....X.*. ...
0x0000007d573ff1f0:   0000000000000000 0000007d573ff220   ........ .?W}...
0x0000007d573ff200:   0000007d573ff278 000002202ada899a   x.?W}......* ...
0x0000007d573ff210:   0000000000000000 000002202adaa43a   ........:..* ...
0x0000007d573ff220:   0000000000000000 0000000713e324f0   .........$......
0x0000007d573ff230:   fffffffffffffff7 00000220002a0e00   ..........*. ...
0x0000007d573ff240:   0000000000000002 00000220002a37e0   .........7*. ...
0x0000007d573ff250:   0000000000000000 000000071547bef0   ..........G.....
0x0000007d573ff260:   00000220002a0e18 fffffffffffffff5   ..*. ...........
0x0000007d573ff270:   0000007d573ff288 0000007d573ff2d8   ..?W}.....?W}...
0x0000007d573ff280:   000002202ada899a 0000000713e324f0   ...* ....$......
0x0000007d573ff290:   fffffffffffffff7 000002200024428f   .........B$. ...
0x0000007d573ff2a0:   0000000000000003 0000022000245a10   .........Z$. ...

Instructions: (pc=0x00007ff92b2dad89)
  0x00007ff92b2dac89:   cc cc cc cc cc cc cc 48 89 5c 24 08 48 89 6c 24
  0x00007ff92b2dac99:   10 48 89 74 24 18 57 48 83 ec 20 41 8b f8 0f b6
  0x00007ff92b2daca9:   f2 48 8b e9 e8 1e d3 f4 ff 48 8b d8 48 89 44 24
  0x00007ff92b2dacb9:   48 41 b8 01 00 00 00 8b d7 48 8b c8 e8 86 d2 f4
  0x00007ff92b2dacc9:   ff 48 8b c8 44 0f b6 c6 48 8b d5 e8 97 fa ff ff
  0x00007ff92b2dacd9:   48 8b f8 48 8b cb e8 ac d4 f4 ff 90 48 8b c7 48
  0x00007ff92b2dace9:   8b 5c 24 30 48 8b 6c 24 38 48 8b 74 24 40 48 83
  0x00007ff92b2dacf9:   c4 20 5f c3 cc cc cc 48 8b 49 28 e9 07 07 00 00
  0x00007ff92b2dad09:   cc cc cc cc cc cc cc 48 89 5c 24 08 57 48 83 ec
  0x00007ff92b2dad19:   20 8b f9 e8 af d2 f4 ff 48 8b d8 48 89 44 24 38
  0x00007ff92b2dad29:   41 b8 01 00 00 00 8b d7 48 8b c8 e8 17 d2 f4 ff
  0x00007ff92b2dad39:   48 8b 08 8b 39 48 8b cb e8 4a d4 f4 ff 90 8b c7
  0x00007ff92b2dad49:   48 8b 5c 24 30 48 83 c4 20 5f c3 cc cc cc cc cc
  0x00007ff92b2dad59:   cc cc cc cc cc cc cc 48 89 5c 24 08 57 48 83 ec
  0x00007ff92b2dad69:   20 8b f9 e8 5f d2 f4 ff 48 8b d8 48 89 44 24 38
  0x00007ff92b2dad79:   41 b8 01 00 00 00 8b d7 48 8b c8 e8 c7 d1 f4 ff
=>0x00007ff92b2dad89:   48 8b 78 28 48 8b cb e8 fb d3 f4 ff 90 48 8b c7
  0x00007ff92b2dad99:   48 8b 5c 24 30 48 83 c4 20 5f c3 cc cc cc cc cc
  0x00007ff92b2dada9:   cc cc cc cc cc cc cc 48 89 5c 24 08 57 48 83 ec
  0x00007ff92b2dadb9:   20 8b f9 e8 0f d2 f4 ff 48 8b d8 48 89 44 24 38
  0x00007ff92b2dadc9:   41 b8 01 00 00 00 8b d7 48 8b c8 e8 77 d1 f4 ff
  0x00007ff92b2dadd9:   48 8b 78 30 48 8b cb e8 ab d3 f4 ff 90 48 8b c7
  0x00007ff92b2dade9:   48 8b 5c 24 30 48 83 c4 20 5f c3 cc cc cc cc cc
  0x00007ff92b2dadf9:   cc cc cc cc cc cc cc 48 89 5c 24 08 57 48 83 ec
  0x00007ff92b2dae09:   20 8b f9 e8 bf d1 f4 ff 48 8b d8 48 89 44 24 38
  0x00007ff92b2dae19:   41 b8 01 00 00 00 8b d7 48 8b c8 e8 27 d1 f4 ff
  0x00007ff92b2dae29:   48 8b 78 08 48 85 ff 74 07 48 8b bf 08 0c 00 00
  0x00007ff92b2dae39:   48 8b cb e8 4f d3 f4 ff 90 48 8b c7 48 8b 5c 24
  0x00007ff92b2dae49:   30 48 83 c4 20 5f c3 f3 0f 10 41 48 c3 cc cc cc
  0x00007ff92b2dae59:   cc cc cc cc cc cc cc f3 0f 10 41 4c c3 cc cc cc
  0x00007ff92b2dae69:   cc cc cc cc cc cc cc 48 89 5c 24 10 48 89 74 24
  0x00007ff92b2dae79:   18 55 57 41 56 48 8d 6c 24 e0 48 81 ec 20 01 00


Stack slot to memory mapping:

stack at sp + 0 slots: 0x00007ff92b337838 awt.dll
stack at sp + 1 slots: 0x000002203bdaaa20 points into unknown readable memory: 0x000002207d8067b0 | b0 67 80 7d 20 02 00 00
stack at sp + 2 slots: 0x000002203bb2f1e8 points into unknown readable memory: 0x00007ff8deb2c9d0 | d0 c9 b2 de f8 7f 00 00
stack at sp + 3 slots: 0x000002203bdaaa20 points into unknown readable memory: 0x000002207d8067b0 | b0 67 80 7d 20 02 00 00
stack at sp + 4 slots: 0x000002203bb2f1e8 points into unknown readable memory: 0x00007ff8deb2c9d0 | d0 c9 b2 de f8 7f 00 00
stack at sp + 5 slots: 0x00007ff92b2da148 awt.dll
stack at sp + 6 slots: 0x000002203bdaaa20 points into unknown readable memory: 0x000002207d8067b0 | b0 67 80 7d 20 02 00 00
stack at sp + 7 slots: 0x000002203bdaaa20 points into unknown readable memory: 0x000002207d8067b0 | b0 67 80 7d 20 02 00 00

Lock stack of current Java thread (top to bottom):

native method entry point (kind = native)  [0x000002202adaca40, 0x000002202adad478]  2616 bytes
[MachCode]
  0x000002202adaca40: 488b 4b08 | 0fb7 492e | 584c 8d74 | ccf8 6800 | 0000 0068 | 0000 0000 | 5055 488b | ec41 5568 
  0x000002202adaca60: 0000 0000 | 4c8b 6b08 | 4d8d 6d38 | 5348 8b53 | 0848 8b52 | 0848 8b52 | 1848 8b52 | 7048 8b12 
  0x000002202adaca80: 5248 8b53 | 1048 85d2 | 0f84 0700 | 0000 4881 | c208 0100 | 0052 488b | 5308 488b | 5208 488b 
  0x000002202adacaa0: 5210 5249 | 8bc6 482b | c548 c1e8 | 0350 6800 | 0000 0068 | f7ff ffff | 41c6 8771 | 0400 0001 
  0x000002202adacac0: 488b 4310 | 4885 c074 | 208b 88cc | 0000 0083 | c102 8988 | cc00 0000 | 2388 e000 | 0000 0f84 
  0x000002202adacae0: e408 0000 | e9cd 0000 | 0048 8b43 | 1848 85c0 | 0f85 b000 | 0000 e805 | 0000 00e9 | 9900 0000 
  0x000002202adacb00: 488b d348 | 8d44 2408 | 4c89 6dc0 | 498b cfc5 | f877 4989 | afb8 0300 | 0049 8987 | a803 0000 
  0x000002202adacb20: 4883 ec20 | 40f6 c40f | 0f84 1900 | 0000 4883 | ec08 48b8 | e016 25de | f87f 0000 | ffd0 4883 
  0x000002202adacb40: c408 e90c | 0000 0048 | b8e0 1625 | def8 7f00 | 00ff d048 | 83c4 2049 | c787 a803 | 0000 0000 
  0x000002202adacb60: 0000 49c7 | 87b8 0300 | 0000 0000 | 0049 c787 | b003 0000 | 0000 0000 | c5f8 7749 | 837f 0800 
  0x000002202adacb80: 0f84 0500 | 0000 e935 | 43ff ff4c | 8b6d c04c | 8b75 c84e | 8d74 f500 | c348 8b43 | 1848 85c0 
  0x000002202adacba0: 0f84 1000 | 0000 8b08 | 83c1 0289 | 0823 4814 | 0f84 1208 | 0000 493b | a7f0 0400 | 000f 8748 
  0x000002202adacbc0: 0000 0089 | 8424 00f0 | ffff 8984 | 2400 e0ff | ff89 8424 | 00d0 ffff | 8984 2400 | c0ff ff89 
  0x000002202adacbe0: 8424 00b0 | ffff 8984 | 2400 a0ff | ff89 8424 | 0090 ffff | 8984 2400 | 80ff ff49 | 3ba7 e804 
  0x000002202adacc00: 0000 7607 | 4989 a7f0 | 0400 0041 | c687 7104 | 0000 0048 | 8b5d e84c | 8b5b 0845 | 0fb7 5b2e 
  0x000002202adacc20: 41c1 e303 | 492b e348 | 83ec 2048 | 83e4 f04c | 8b5b 604d | 85db 0f85 | ab00 0000 | e805 0000 
  0x000002202adacc40: 00e9 9900 | 0000 488b | d348 8d44 | 2408 4c89 | 6dc0 498b | cfc5 f877 | 4989 afb8 | 0300 0049 
  0x000002202adacc60: 8987 a803 | 0000 4883 | ec20 40f6 | c40f 0f84 | 1900 0000 | 4883 ec08 | 48b8 0041 | 25de f87f 
  0x000002202adacc80: 0000 ffd0 | 4883 c408 | e90c 0000 | 0048 b800 | 4125 def8 | 7f00 00ff | d048 83c4 | 2049 c787 
  0x000002202adacca0: a803 0000 | 0000 0000 | 49c7 87b8 | 0300 0000 | 0000 0049 | c787 b003 | 0000 0000 | 0000 c5f8 
  0x000002202adaccc0: 7749 837f | 0800 0f84 | 0500 0000 | e9ef 41ff | ff4c 8b6d | c04c 8b75 | c84e 8d74 | f500 c348 
  0x000002202adacce0: 8b5d e84c | 8b5b 6041 | ffd3 488b | 5de8 4889 | 4518 448b | 5b28 41f6 | c308 0f84 | 1b00 0000 
  0x000002202adacd00: 4c8b 5b08 | 4d8b 5b08 | 4d8b 5b18 | 4d8b 5b70 | 4d8b 1b4c | 895d 1048 | 8d55 1048 | 8b43 5849 
  0x000002202adacd20: ba70 8c5e | def8 7f00 | 0049 3bc2 | 0f85 ab00 | 0000 e805 | 0000 00e9 | 9900 0000 | 488b d348 
  0x000002202adacd40: 8d44 2408 | 4c89 6dc0 | 498b cfc5 | f877 4989 | afb8 0300 | 0049 8987 | a803 0000 | 4883 ec20 
  0x000002202adacd60: 40f6 c40f | 0f84 1900 | 0000 4883 | ec08 48b8 | 0041 25de | f87f 0000 | ffd0 4883 | c408 e90c 
  0x000002202adacd80: 0000 0048 | b800 4125 | def8 7f00 | 00ff d048 | 83c4 2049 | c787 a803 | 0000 0000 | 0000 49c7 
  0x000002202adacda0: 87b8 0300 | 0000 0000 | 0049 c787 | b003 0000 | 0000 0000 | c5f8 7749 | 837f 0800 | 0f84 0500 
  0x000002202adacdc0: 0000 e9f9 | 40ff ff4c | 8b6d c04c | 8b75 c84e | 8d74 f500 | c348 8b5d | e848 8b43 | 5849 8d8f 
  0x000002202adacde0: c803 0000 | 4c8d 15d5 | 0000 004d | 8997 b003 | 0000 c5f8 | 7749 89af | b803 0000 | 4989 a7a8 
  0x000002202adace00: 0300 0041 | c787 5404 | 0000 0400 | 0000 493b | a748 0500 | 0076 0749 | 89a7 4805 | 0000 ffd0 
  0x000002202adace20: 493b a748 | 0500 0072 | 0b49 c787 | 4805 0000 | 0000 0000 | c5f8 7748 | 83ec 10c5 | fb11 0424 
  0x000002202adace40: 4883 ec10 | 4889 0424 | 48c7 4424 | 0800 0000 | 0041 c787 | 5404 0000 | 0500 0000 | f083 4424 
  0x000002202adace60: c000 493b | 6f28 0f87 | 0e00 0000 | 4183 bf50 | 0400 0000 | 0f84 2000 | 0000 498b | cf4c 8be4 
  0x000002202adace80: 4883 ec20 | 4883 e4f0 | 48b8 f0a5 | 26de f87f | 0000 ffd0 | 498b e44d | 33e4 41c7 | 8754 0400 
  0x000002202adacea0: 0008 0000 | 004d 8b97 | 7005 0000 | 4983 fa00 | 7435 49c7 | 8770 0500 | 0000 0000 | 0041 ffe2 
  0x000002202adacec0: 49ba 00bb | da2a 2002 | 0000 41ff | d248 83ec | 10c5 fb11 | 0424 4883 | ec10 4889 | 0424 48c7 
  0x000002202adacee0: 4424 0800 | 0000 0049 | c787 a803 | 0000 0000 | 0000 49c7 | 87b8 0300 | 0000 0000 | 0049 c787 
  0x000002202adacf00: b003 0000 | 0000 0000 | c5f8 774d | 8b9f 3804 | 0000 41c7 | 8300 0100 | 0000 0000 | 0049 bb3a 
  0x000002202adacf20: a4da 2a20 | 0200 004c | 3b5d 180f | 8555 0100 | 0048 8b04 | 2448 83c4 | 1048 85c0 | 0f84 2f01 
  0x000002202adacf40: 0000 a803 | 0f85 0800 | 0000 488b | 00e9 1f01 | 0000 a801 | 0f85 0900 | 0000 488b | 40fe e90e 
  0x000002202adacf60: 0100 0048 | 8b40 ff41 | 807f 4800 | 0f84 ff00 | 0000 4883 | f800 0f84 | f500 0000 | 4d8b 5f38 
  0x000002202adacf80: 4d85 db0f | 8414 0000 | 0049 83eb | 084d 895f | 384d 035f | 4049 8903 | e9d4 0000 | 0048 83ec 
  0x000002202adacfa0: 7048 8904 | 2448 894c | 2408 4889 | 5424 104c | 8944 2418 | 4c89 4c24 | 204c 8954 | 2428 4c89 
  0x000002202adacfc0: 5c24 30c5 | fb11 4424 | 40c5 fb11 | 4c24 48c5 | fb11 5424 | 50c5 fb11 | 5c24 58c5 | fb11 6424 
  0x000002202adacfe0: 60c5 fb11 | 6c24 6849 | 8bd7 488b | c848 83ec | 2040 f6c4 | 0f0f 8419 | 0000 0048 | 83ec 0848 
  0x000002202adad000: b8e0 1819 | def8 7f00 | 00ff d048 | 83c4 08e9 | 0c00 0000 | 48b8 e018 | 19de f87f | 0000 ffd0 
  0x000002202adad020: 4883 c420 | c5fb 106c | 2468 c5fb | 1064 2460 | c5fb 105c | 2458 c5fb | 1054 2450 | c5fb 104c 
  0x000002202adad040: 2448 c5fb | 1044 2440 | 4c8b 5c24 | 304c 8b54 | 2428 4c8b | 4c24 204c | 8b44 2418 | 488b 5424 
  0x000002202adad060: 1048 8b4c | 2408 488b | 0424 4883 | c470 c5f8 | 7748 8945 | 1048 83ec | 1048 8904 | 2448 c744 
  0x000002202adad080: 2408 0000 | 0000 4183 | bfd0 0400 | 0002 0f85 | bf00 0000 | 4881 ec80 | 0000 0048 | 8944 2478 
  0x000002202adad0a0: 4889 4c24 | 7048 8954 | 2468 4889 | 5c24 6048 | 896c 2450 | 4889 7424 | 4848 897c | 2440 4c89 
  0x000002202adad0c0: 4424 384c | 894c 2430 | 4c89 5424 | 284c 895c | 2420 4c89 | 6424 184c | 896c 2410 | 4c89 7424 
  0x000002202adad0e0: 084c 893c | 244c 8be4 | 4883 ec20 | 4883 e4f0 | 48b8 6074 | 5ede f87f | 0000 ffd0 | 498b e44c 
  0x000002202adad100: 8b3c 244c | 8b74 2408 | 4c8b 6c24 | 104c 8b64 | 2418 4c8b | 5c24 204c | 8b54 2428 | 4c8b 4c24 
  0x000002202adad120: 304c 8b44 | 2438 488b | 7c24 4048 | 8b74 2448 | 488b 6c24 | 5048 8b5c | 2460 488b | 5424 6848 
  0x000002202adad140: 8b4c 2470 | 488b 4424 | 7848 81c4 | 8000 0000 | 4d33 e448 | 8b5d e84c | 8b6b 084d | 8d6d 3849 
  0x000002202adad160: 837f 0800 | 0f84 bb00 | 0000 e805 | 0000 00e9 | 9600 0000 | 488d 4424 | 084c 896d | c049 8bcf 
  0x000002202adad180: c5f8 7749 | 89af b803 | 0000 4989 | 87a8 0300 | 0048 83ec | 2040 f6c4 | 0f0f 8419 | 0000 0048 
  0x000002202adad1a0: 83ec 0848 | b8a0 5f25 | def8 7f00 | 00ff d048 | 83c4 08e9 | 0c00 0000 | 48b8 a05f | 25de f87f 
  0x000002202adad1c0: 0000 ffd0 | 4883 c420 | 49c7 87a8 | 0300 0000 | 0000 0049 | c787 b803 | 0000 0000 | 0000 49c7 
  0x000002202adad1e0: 87b0 0300 | 0000 0000 | 00c5 f877 | 4983 7f08 | 000f 8405 | 0000 00e9 | c43c ffff | 4c8b 6dc0 
  0x000002202adad200: 4c8b 75c8 | 4e8d 74f5 | 00c3 48b9 | e034 8ede | f87f 0000 | 4883 e4f0 | 48b8 1090 | 4bde f87f 
  0x000002202adad220: 0000 ffd0 | f444 8b5b | 2841 f6c3 | 200f 8472 | 0100 0048 | 8d55 a84c | 8b5a 084d | 85db 0f85 
  0x000002202adad240: bb00 0000 | e805 0000 | 00e9 9600 | 0000 488d | 4424 084c | 896d c049 | 8bcf c5f8 | 7749 89af 
  0x000002202adad260: b803 0000 | 4989 87a8 | 0300 0048 | 83ec 2040 | f6c4 0f0f | 8419 0000 | 0048 83ec | 0848 b8d0 
  0x000002202adad280: 5e25 def8 | 7f00 00ff | d048 83c4 | 08e9 0c00 | 0000 48b8 | d05e 25de | f87f 0000 | ffd0 4883 
  0x000002202adad2a0: c420 49c7 | 87a8 0300 | 0000 0000 | 0049 c787 | b803 0000 | 0000 0000 | 49c7 87b0 | 0300 0000 
  0x000002202adad2c0: 0000 00c5 | f877 4983 | 7f08 000f | 8405 0000 | 00e9 ea3b | ffff 4c8b | 6dc0 4c8b | 75c8 4e8d 
  0x000002202adad2e0: 74f5 00c3 | 48b9 e034 | 8ede f87f | 0000 4883 | e4f0 48b8 | 1090 4bde | f87f 0000 | ffd0 f44c 
  0x000002202adad300: 896d c04c | 8b4a 0848 | c742 0800 | 0000 0045 | 8b87 5806 | 0000 4f3b | 4c07 f80f | 8542 0000 
  0x000002202adad320: 0041 83af | 5806 0000 | 084f 3b4c | 07f0 0f84 | 2a00 0000 | 498b 01a8 | 020f 8512 | 0000 004c 
  0x000002202adad340: 8bc0 4983 | c801 f04d | 0fb1 010f | 840d 0000 | 0041 8387 | 5806 0000 | 08e9 0500 | 0000 e93e 
  0x000002202adad360: 0000 004c | 894a 0848 | 8bca 4883 | ec20 40f6 | c40f 0f84 | 1900 0000 | 4883 ec08 | 48b8 f030 
  0x000002202adad380: 25de f87f | 0000 ffd0 | 4883 c408 | e90c 0000 | 0048 b8f0 | 3025 def8 | 7f00 00ff | d048 83c4 
  0x000002202adad3a0: 204c 8b6d | c048 8b04 | 2448 83c4 | 10c5 fb10 | 0424 4883 | c410 4c8b | 5d18 41ff | d34c 8b5d 
  0x000002202adad3c0: f8c9 5f49 | 8be3 ffe7 | ba00 0000 | 00e8 0500 | 0000 e996 | 0000 0048 | 8d44 2408 | 4c89 6dc0 
  0x000002202adad3e0: 498b cfc5 | f877 4989 | afb8 0300 | 0049 8987 | a803 0000 | 4883 ec20 | 40f6 c40f | 0f84 1900 
  0x000002202adad400: 0000 4883 | ec08 48b8 | a025 25de | f87f 0000 | ffd0 4883 | c408 e90c | 0000 0048 | b8a0 2525 
  0x000002202adad420: def8 7f00 | 00ff d048 | 83c4 2049 | c787 a803 | 0000 0000 | 0000 49c7 | 87b8 0300 | 0000 0000 
  0x000002202adad440: 0049 c787 | b003 0000 | 0000 0000 | c5f8 7749 | 837f 0800 | 0f84 0500 | 0000 e961 | 3aff ff4c 
  0x000002202adad460: 8b6d c04c | 8b75 c84e | 8d74 f500 | c348 8b5d | e8e9 40f7 | ffff 6690 
[/MachCode]

Compiled method (c1) 24851626 1858   !   3       java.awt.event.InvocationEvent::dispatch (69 bytes)
 total in heap  [0x0000022023c0ae88,0x0000022023c0b680] = 2040
 relocation     [0x0000022023c0af60,0x0000022023c0afe8] = 136
 main code      [0x0000022023c0b000,0x0000022023c0b610] = 1552
 stub code      [0x0000022023c0b610,0x0000022023c0b678] = 104
 metadata       [0x0000022023c0b678,0x0000022023c0b680] = 8
 immutable data [0x000002203bc4dfd0,0x000002203bc4e178] = 424
 dependencies   [0x000002203bc4dfd0,0x000002203bc4dfd8] = 8
 nul chk table  [0x000002203bc4dfd8,0x000002203bc4dff0] = 24
 handler table  [0x000002203bc4dff0,0x000002203bc4e080] = 144
 scopes pcs     [0x000002203bc4e080,0x000002203bc4e120] = 160
 scopes data    [0x000002203bc4e120,0x000002203bc4e178] = 88

[Constant Pool (empty)]

[MachCode]
[Instructions begin]
  0x0000022023c0b000: 6666 660f | 1f84 0000 | 0000 0066 | 6666 9066 | 6690 448b | 5208 443b 

  0x0000022023c0b018: ;   {runtime_call Shared Runtime ic_miss_blob}
  0x0000022023c0b018: 5008 0f85 | 4037 1e07 
[Verified Entry Point]
  0x0000022023c0b020: 8984 2400 | 80ff ff55 | 4883 ec30 | 4181 7f20 | 0100 0000 

  0x0000022023c0b034: ;   {runtime_call StubRoutines (final stubs)}
  0x0000022023c0b034: 7405 e8c5 | a81c 0748 | 8954 2418 

  0x0000022023c0b040: ;   {metadata(method data for {method} {0x000002200069b258} 'dispatch' '()V' in 'java/awt/event/InvocationEvent')}
  0x0000022023c0b040: 48be e0b7 | 9300 2002 | 0000 8bbe | cc00 0000 | 83c7 0289 | becc 0000 | 0081 e7fe | 0700 0085 
  0x0000022023c0b060: ff0f 84c7 | 0400 000f | be72 1d85 

  0x0000022023c0b06c: ;   {metadata(method data for {method} {0x000002200069b258} 'dispatch' '()V' in 'java/awt/event/InvocationEvent')}
  0x0000022023c0b06c: f648 bee0 | b793 0020 | 0200 00bf | 1001 0000 | 7405 bf20 | 0100 0048 | 8b1c 3e48 | 8d5b 0148 
  0x0000022023c0b08c: 891c 3e0f | 84d1 0000 | 008b 7228 | 48c1 e603 

  0x0000022023c0b09c: ; implicit exception: dispatches to 0x0000022023c0b54f
  0x0000022023c0b09c: 483b 0648 

  0x0000022023c0b0a0: ;   {metadata(method data for {method} {0x000002200069b258} 'dispatch' '()V' in 'java/awt/event/InvocationEvent')}
  0x0000022023c0b0a0: 8bfe 48bb | e0b7 9300 | 2002 0000 | 8b7f 0849 | ba00 0000 | 3c20 0200 | 0049 03fa | 483b bb38 
  0x0000022023c0b0c0: 0100 0075 | 0d48 8383 | 4001 0000 | 01e9 6000 | 0000 483b | bb48 0100 | 0075 0d48 | 8383 5001 
  0x0000022023c0b0e0: 0000 01e9 | 4a00 0000 | 4883 bb38 | 0100 0000 | 7517 4889 | bb38 0100 | 0048 c783 | 4001 0000 
  0x0000022023c0b100: 0100 0000 | e929 0000 | 0048 83bb | 4801 0000 | 0075 1748 | 89bb 4801 | 0000 48c7 | 8350 0100 
  0x0000022023c0b120: 0001 0000 | 00e9 0800 | 0000 4883 | 8330 0100 | 0001 488b | d648 b800 | 8bdb 3b20 

  0x0000022023c0b13c: ;   {virtual_call}
  0x0000022023c0b13c: 0200 00e8 

  0x0000022023c0b140: ; ImmutableOopMap {[24]=Oop }
                      ;*invokeinterface run {reexecute=0 rethrow=0 return_oop=0}
                      ; - java.awt.event.InvocationEvent::dispatch@11 (line 308)
  0x0000022023c0b140: 1c3c 1e07 

  0x0000022023c0b144: ;   {post_call_nop}
  0x0000022023c0b144: 0f1f 8400 | bc02 0000 

  0x0000022023c0b14c: ;   {metadata(method data for {method} {0x000002200069b258} 'dispatch' '()V' in 'java/awt/event/InvocationEvent')}
  0x0000022023c0b14c: 48ba e0b7 | 9300 2002 | 0000 ff82 | 6001 0000 | 488b 5424 | 18e9 1f03 | 0000 8b72 | 2848 c1e6 
  0x0000022023c0b16c: 0348 3b06 

  0x0000022023c0b170: ;   {metadata(method data for {method} {0x000002200069b258} 'dispatch' '()V' in 'java/awt/event/InvocationEvent')}
  0x0000022023c0b170: 488b fe48 | bbe0 b793 | 0020 0200 | 008b 7f08 | 49ba 0000 | 003c 2002 | 0000 4903 | fa48 3bbb 
  0x0000022023c0b190: 1802 0000 | 750d 4883 | 8320 0200 | 0001 e960 | 0000 0048 | 3bbb 2802 | 0000 750d | 4883 8330 
  0x0000022023c0b1b0: 0200 0001 | e94a 0000 | 0048 83bb | 1802 0000 | 0075 1748 | 89bb 1802 | 0000 48c7 | 8320 0200 
  0x0000022023c0b1d0: 0001 0000 | 00e9 2900 | 0000 4883 | bb28 0200 | 0000 7517 | 4889 bb28 | 0200 0048 | c783 3002 
  0x0000022023c0b1f0: 0000 0100 | 0000 e908 | 0000 0048 | 8383 1002 | 0000 0148 | 8bd6 0f1f | 8000 0000 | 0048 b828 
  0x0000022023c0b210: 8bdb 3b20 

  0x0000022023c0b214: ;   {virtual_call}
  0x0000022023c0b214: 0200 00e8 

  0x0000022023c0b218: ; ImmutableOopMap {[24]=Oop }
                      ;*invokeinterface run {reexecute=0 rethrow=0 return_oop=0}
                      ; - java.awt.event.InvocationEvent::dispatch@47 (line 318)
  0x0000022023c0b218: 441a 2b07 

  0x0000022023c0b21c: ;   {post_call_nop}
  0x0000022023c0b21c: 0f1f 8400 | 9403 0001 | 488b 5424 | 18e9 5702 | 0000 498b | 8708 0500 | 004d 33d2 | 4d89 9708 
  0x0000022023c0b23c: 0500 004d | 33d2 4d89 | 9710 0500 | 0048 85c0 

  0x0000022023c0b24c: ;   {metadata(method data for {method} {0x000002200069b258} 'dispatch' '()V' in 'java/awt/event/InvocationEvent')}
  0x0000022023c0b24c: 48be e0b7 | 9300 2002 | 0000 750c | 808e 7101 | 0000 01e9 | af00 0000 | 8b78 0849 | ba00 0000 
  0x0000022023c0b26c: 3c20 0200 | 0049 03fa | 483b be80 | 0100 0075 | 0d48 8386 | 8801 0000 | 01e9 6000 | 0000 483b 
  0x0000022023c0b28c: be90 0100 | 0075 0d48 | 8386 9801 | 0000 01e9 | 4a00 0000 | 4883 be80 | 0100 0000 | 7517 4889 
  0x0000022023c0b2ac: be80 0100 | 0048 c786 | 8801 0000 | 0100 0000 | e929 0000 | 0048 83be | 9001 0000 | 0075 1748 
  0x0000022023c0b2cc: 89be 9001 | 0000 48c7 | 8698 0100 | 0001 0000 | 00e9 0800 | 0000 4883 | 8678 0100 

  0x0000022023c0b2e8: ;   {metadata('java/lang/Exception')}
  0x0000022023c0b2e8: 0001 48bf | e8f4 1b3c | 2002 0000 | 8b70 0849 | ba00 0000 | 3c20 0200 | 0049 03f2 | 483b 7e40 
  0x0000022023c0b308: 0f85 0500 | 0000 e905 | 0000 004d | 33c0 eb06 | 41b8 0100 | 0000 4585 

  0x0000022023c0b320: ;   {metadata(method data for {method} {0x000002200069b258} 'dispatch' '()V' in 'java/awt/event/InvocationEvent')}
  0x0000022023c0b320: c049 b8e0 | b793 0020 | 0200 00ba | a801 0000 | 7405 bab8 | 0100 0049 | 8b34 1048 | 8d76 0149 
  0x0000022023c0b340: 8934 1048 | 8b54 2418 | 0f84 f900 | 0000 4885 

  0x0000022023c0b350: ;   {metadata(method data for {method} {0x000002200069b258} 'dispatch' '()V' in 'java/awt/event/InvocationEvent')}
  0x0000022023c0b350: c048 bfe0 | b793 0020 | 0200 0075 | 0c80 8fc1 | 0100 0001 | e9af 0000 | 008b 5808 | 49ba 0000 
  0x0000022023c0b370: 003c 2002 | 0000 4903 | da48 3b9f | d001 0000 | 750d 4883 | 87d8 0100 | 0001 e960 | 0000 0048 
  0x0000022023c0b390: 3b9f e001 | 0000 750d | 4883 87e8 | 0100 0001 | e94a 0000 | 0048 83bf | d001 0000 | 0075 1748 
  0x0000022023c0b3b0: 899f d001 | 0000 48c7 | 87d8 0100 | 0001 0000 | 00e9 2900 | 0000 4883 | bfe0 0100 | 0000 7517 
  0x0000022023c0b3d0: 4889 9fe0 | 0100 0048 | c787 e801 | 0000 0100 | 0000 e908 | 0000 0048 | 8387 c801 

  0x0000022023c0b3ec: ;   {metadata('java/lang/Exception')}
  0x0000022023c0b3ec: 0000 0148 | bbe8 f41b | 3c20 0200 | 008b 7808 | 49ba 0000 | 003c 2002 | 0000 4903 | fa48 3b5f 
  0x0000022023c0b40c: 400f 8546 | 0100 00e9 | 0000 0000 | 4c8b c041 | 0fbe 7748 | 85f6 0f85 | 3a01 0000 | 4d8b d049 
  0x0000022023c0b42c: c1ea 0344 | 8952 3448 | 8bf2 4933 | f048 c1ee | 1548 83fe | 000f 853a | 0100 0045 | 0fbe 4748 
  0x0000022023c0b44c: 4585 c00f | 8544 0100 | 004c 8bd0 | 49c1 ea03 | 4489 5238 | 4c8b c24c | 33c0 49c1 | e815 4983 
  0x0000022023c0b46c: f800 0f85 | 4501 0000 

  0x0000022023c0b474: ;   {metadata(method data for {method} {0x000002200069b258} 'dispatch' '()V' in 'java/awt/event/InvocationEvent')}
  0x0000022023c0b474: 49b8 e0b7 | 9300 2002 | 0000 41ff | 80f8 0100 | 004c 8bc2 

  0x0000022023c0b488: ;   {metadata(method data for {method} {0x000002200069b258} 'dispatch' '()V' in 'java/awt/event/InvocationEvent')}
  0x0000022023c0b488: 48be e0b7 | 9300 2002 | 0000 4883 | 8640 0200 | 0001 41b8 | 0100 0000 | 0f1f 8000 

  0x0000022023c0b4a4: ;   {optimized virtual_call}
  0x0000022023c0b4a4: 0000 00e8 

  0x0000022023c0b4a8: ; ImmutableOopMap {}
                      ;*invokevirtual finishedDispatching {reexecute=0 rethrow=0 return_oop=0}
                      ; - java.awt.event.InvocationEvent::dispatch@54 (line 321)
  0x0000022023c0b4a8: 3403 0000 

  0x0000022023c0b4ac: ;   {post_call_nop}
  0x0000022023c0b4ac: 0f1f 8400 | 2406 0002 

  0x0000022023c0b4b4: ;   {metadata(method data for {method} {0x000002200069b258} 'dispatch' '()V' in 'java/awt/event/InvocationEvent')}
  0x0000022023c0b4b4: 48b8 e0b7 | 9300 2002 | 0000 ff80 | 7002 0000 | 4883 c430 

  0x0000022023c0b4c8: ;   {poll_return}
  0x0000022023c0b4c8: 5d49 3b67 | 280f 87fe | 0000 00c3 | 488b 5424 | 1849 8b87 | 0805 0000 | 4d33 d24d | 8997 0805 
  0x0000022023c0b4e8: 0000 4d33 | d24d 8997 | 1005 0000 

  0x0000022023c0b4f4: ;   {metadata(method data for {method} {0x000002200069b258} 'dispatch' '()V' in 'java/awt/event/InvocationEvent')}
  0x0000022023c0b4f4: 4c8b c248 | bee0 b793 | 0020 0200 | 0048 8386 | 8802 0000 | 0141 b801 | 0000 0048 | 8944 2420 
  0x0000022023c0b514: ;   {optimized virtual_call}
  0x0000022023c0b514: 6666 90e8 

  0x0000022023c0b518: ; ImmutableOopMap {[32]=Oop }
                      ;*invokevirtual finishedDispatching {reexecute=0 rethrow=0 return_oop=0}
                      ; - java.awt.event.InvocationEvent::dispatch@63 (line 321)
  0x0000022023c0b518: 4435 1e07 

  0x0000022023c0b51c: ;   {post_call_nop}
  0x0000022023c0b51c: 0f1f 8400 | 9406 0003 | 488b 4424 | 20e9 d600 

  0x0000022023c0b52c: ;   {metadata({method} {0x000002200069b258} 'dispatch' '()V' in 'java/awt/event/InvocationEvent')}
  0x0000022023c0b52c: 0000 49ba | 50b2 6900 | 2002 0000 | 4c89 5424 | 0848 c704 | 24ff ffff 

  0x0000022023c0b544: ;   {runtime_call C1 Runtime counter_overflow_blob}
  0x0000022023c0b544: ffe8 1681 

  0x0000022023c0b548: ; ImmutableOopMap {rdx=Oop [24]=Oop }
                      ;*synchronization entry
                      ; - java.awt.event.InvocationEvent::dispatch@-1 (line 306)
  0x0000022023c0b548: 2a07 e918 

  0x0000022023c0b54c: ;   {runtime_call C1 Runtime throw_null_pointer_exception_blob}
  0x0000022023c0b54c: fbff ffe8 

  0x0000022023c0b550: ; ImmutableOopMap {rdx=Oop rsi=Oop [24]=Oop }
                      ;*invokeinterface run {reexecute=0 rethrow=0 return_oop=0}
                      ; - java.awt.event.InvocationEvent::dispatch@11 (line 308)
  0x0000022023c0b550: 0c30 2a07 

  0x0000022023c0b554: ;   {runtime_call C1 Runtime throw_null_pointer_exception_blob}
  0x0000022023c0b554: e807 302a 

  0x0000022023c0b558: ; ImmutableOopMap {rdx=Oop rsi=Oop [24]=Oop }
                      ;*invokeinterface run {reexecute=0 rethrow=0 return_oop=0}
                      ; - java.awt.event.InvocationEvent::dispatch@47 (line 318)
  0x0000022023c0b558: 0748 8904 

  0x0000022023c0b55c: ;   {runtime_call C1 Runtime throw_class_cast_exception_blob}
  0x0000022023c0b55c: 24e8 fe53 

  0x0000022023c0b560: ; ImmutableOopMap {rax=Oop rdx=Oop [24]=Oop }
                      ;*checkcast {reexecute=0 rethrow=0 return_oop=0}
                      ; - java.awt.event.InvocationEvent::dispatch@29 (line 312)
  0x0000022023c0b560: 2a07 8b72 | 3448 c1e6 | 0348 83fe | 000f 84b5 | feff ff48 

  0x0000022023c0b574: ;   {runtime_call g1_pre_barrier_slow}
  0x0000022023c0b574: 8934 24e8 | e486 2a07 | e9a7 feff | ff49 83f8 | 000f 84bc | feff ff48 

  0x0000022023c0b58c: ;   {runtime_call g1_post_barrier_slow}
  0x0000022023c0b58c: 8914 24e8 | cc89 2a07 | e9ae feff | ff44 8b42 | 3849 c1e0 | 0349 83f8 | 000f 84aa | feff ff4c 
  0x0000022023c0b5ac: ;   {runtime_call g1_pre_barrier_slow}
  0x0000022023c0b5ac: 8904 24e8 | ac86 2a07 | e99c feff | ff48 83f8 | 000f 84b1 | feff ff48 

  0x0000022023c0b5c4: ;   {runtime_call g1_post_barrier_slow}
  0x0000022023c0b5c4: 8914 24e8 | 9489 2a07 | e9a3 feff 

  0x0000022023c0b5d0: ;   {internal_word}
  0x0000022023c0b5d0: ff49 bac9 | b4c0 2320 | 0200 004d | 8997 6004 

  0x0000022023c0b5e0: ;   {runtime_call SafepointBlob}
  0x0000022023c0b5e0: 0000 e9f9 | a61e 0749 | 8b87 0805 | 0000 49c7 | 8708 0500 | 0000 0000 | 0049 c787 | 1005 0000 
  0x0000022023c0b600: 0000 0000 | 4883 c430 

  0x0000022023c0b608: ;   {runtime_call C1 Runtime unwind_exception_blob}
  0x0000022023c0b608: 5de9 5220 | 2a07 f4f4 
[Stub Code]
  0x0000022023c0b610: ;   {no_reloc}
  0x0000022023c0b610: 0f1f 4400 

  0x0000022023c0b614: ;   {static_stub}
  0x0000022023c0b614: 0048 bb00 | 0000 0000 

  0x0000022023c0b61c: ;   {runtime_call nmethod}
  0x0000022023c0b61c: 0000 00e9 | fbff ffff 

  0x0000022023c0b624: ;   {static_stub}
  0x0000022023c0b624: 9048 bb00 | 0000 0000 

  0x0000022023c0b62c: ;   {runtime_call nmethod}
  0x0000022023c0b62c: 0000 00e9 | fbff ffff 

  0x0000022023c0b634: ;   {static_stub}
  0x0000022023c0b634: 48bb 0000 | 0000 0000 

  0x0000022023c0b63c: ;   {runtime_call nmethod}
  0x0000022023c0b63c: 0000 e9fb 

  0x0000022023c0b640: ;   {runtime_call C1 Runtime handle_exception_from_callee_blob}
  0x0000022023c0b640: ffff ffe8 | 184d 2a07 

  0x0000022023c0b648: ;   {external_word}
  0x0000022023c0b648: 48b9 e034 | 8ede f87f | 0000 4883 

  0x0000022023c0b654: ;   {runtime_call}
  0x0000022023c0b654: e4f0 48b8 | 1090 4bde | f87f 0000 

  0x0000022023c0b660: ;   {section_word}
  0x0000022023c0b660: ffd0 f449 | ba63 b6c0 | 2320 0200 

  0x0000022023c0b66c: ;   {runtime_call DeoptimizationBlob}
  0x0000022023c0b66c: 0041 52e9 | 0c9c 1e07 | f4f4 f4f4 
[/MachCode]


Compiled method (c1) 24851873 1363       3       java.awt.EventQueue::dispatchEventImpl (139 bytes)
 total in heap  [0x0000022023b4d288,0x0000022023b4f7e0] = 9560
 relocation     [0x0000022023b4d360,0x0000022023b4d610] = 688
 main code      [0x0000022023b4d620,0x0000022023b4f600] = 8160
 stub code      [0x0000022023b4f600,0x0000022023b4f710] = 272
 oops           [0x0000022023b4f710,0x0000022023b4f720] = 16
 metadata       [0x0000022023b4f720,0x0000022023b4f7e0] = 192
 immutable data [0x000002203bd00900,0x000002203bd010c8] = 1992
 dependencies   [0x000002203bd00900,0x000002203bd00938] = 56
 nul chk table  [0x000002203bd00938,0x000002203bd009b0] = 120
 handler table  [0x000002203bd009b0,0x000002203bd00a70] = 192
 scopes pcs     [0x000002203bd00a70,0x000002203bd00e80] = 1040
 scopes data    [0x000002203bd00e80,0x000002203bd010c8] = 584

[Constant Pool (empty)]

[MachCode]
[Instructions begin]
  0x0000022023b4d620: 6666 660f | 1f84 0000 | 0000 0066 | 6666 9066 | 6690 448b | 5208 443b 

  0x0000022023b4d638: ;   {runtime_call Shared Runtime ic_miss_blob}
  0x0000022023b4d638: 5008 0f85 | 2011 2a07 
[Verified Entry Point]
  0x0000022023b4d640: 8984 2400 | 80ff ff55 | 4881 ecd0 | 0000 0090 | 4181 7f20 | 0100 0000 

  0x0000022023b4d658: ;   {runtime_call StubRoutines (final stubs)}
  0x0000022023b4d658: 7405 e8a1 | 8228 074c | 8984 24a8 

  0x0000022023b4d664: ;   {metadata(method data for {method} {0x0000022000186348} 'dispatchEventImpl' '(Ljava/awt/AWTEvent;Ljava/lang/Object;)V' in 'java/awt/EventQueue')}
  0x0000022023b4d664: 0000 0048 | bea0 9b83 | 0020 0200 | 008b becc | 0000 0083 | c702 89be | cc00 0000 | 81e7 fe07 
  0x0000022023b4d684: 0000 85ff | 0f84 ec1a | 0000 41c6 | 4016 014d 

  0x0000022023b4d694: ;   {metadata(method data for {method} {0x0000022000186348} 'dispatchEventImpl' '(Ljava/awt/AWTEvent;Ljava/lang/Object;)V' in 'java/awt/EventQueue')}
  0x0000022023b4d694: 85c0 48bb | a09b 8300 | 2002 0000 | 750c 808b | 0901 0000 | 01e9 cb00 | 0000 418b | 4008 49ba 
  0x0000022023b4d6b4: 0000 003c | 2002 0000 | 4903 c248 | 3b83 1801 | 0000 750d | 4883 8320 | 0100 0001 | e960 0000 
  0x0000022023b4d6d4: 0048 3b83 | 2801 0000 | 750d 4883 | 8330 0100 | 0001 e94a | 0000 0048 | 83bb 1801 | 0000 0075 
  0x0000022023b4d6f4: 1748 8983 | 1801 0000 | 48c7 8320 | 0100 0001 | 0000 00e9 | 2900 0000 | 4883 bb28 | 0100 0000 
  0x0000022023b4d714: 7517 4889 | 8328 0100 | 0048 c783 | 3001 0000 | 0100 0000 | e908 0000 | 0048 8383 | 1001 0000 
  0x0000022023b4d734: ;   {metadata('java/awt/ActiveEvent')}
  0x0000022023b4d734: 0148 b858 | aa69 0020 | 0200 0041 | 8b58 0849 | ba00 0000 | 3c20 0200 | 0049 03da | 483b 4320 
  0x0000022023b4d754: 0f84 2400 | 0000 483b | d80f 841b | 0000 0053 

  0x0000022023b4d764: ;   {runtime_call C1 Runtime slow_subtype_check_blob}
  0x0000022023b4d764: 50e8 d637 | 3607 5b5b | 85db 0f84 | 0500 0000 | e905 0000 | 0048 33f6 | eb05 be01 | 0000 0085 
  0x0000022023b4d784: ;   {metadata(method data for {method} {0x0000022000186348} 'dispatchEventImpl' '(Ljava/awt/AWTEvent;Ljava/lang/Object;)V' in 'java/awt/EventQueue')}
  0x0000022023b4d784: f648 bea0 | 9b83 0020 | 0200 00bf | 5001 0000 | 7505 bf40 | 0100 0048 | 8b1c 3e48 | 8d5b 0148 
  0x0000022023b4d7a4: 891c 3e0f | 8573 1500 | 004d 85c9 

  0x0000022023b4d7b0: ;   {metadata(method data for {method} {0x0000022000186348} 'dispatchEventImpl' '(Ljava/awt/AWTEvent;Ljava/lang/Object;)V' in 'java/awt/EventQueue')}
  0x0000022023b4d7b0: 48bb a09b | 8300 2002 | 0000 750c | 808b 0102 | 0000 01e9 | b100 0000 | 418b 4108 | 49ba 0000 
  0x0000022023b4d7d0: 003c 2002 | 0000 4903 | c248 3b83 | 1002 0000 | 750d 4883 | 8318 0200 | 0001 e960 | 0000 0048 
  0x0000022023b4d7f0: 3b83 2002 | 0000 750d | 4883 8328 | 0200 0001 | e94a 0000 | 0048 83bb | 1002 0000 | 0075 1748 
  0x0000022023b4d810: 8983 1002 | 0000 48c7 | 8318 0200 | 0001 0000 | 00e9 2900 | 0000 4883 | bb20 0200 | 0000 7517 
  0x0000022023b4d830: 4889 8320 | 0200 0048 | c783 2802 | 0000 0100 | 0000 e908 | 0000 0048 | 8383 0802 

  0x0000022023b4d84c: ;   {metadata('java/awt/Component')}
  0x0000022023b4d84c: 0000 0148 | b818 2109 | 0020 0200 | 0041 8b59 | 0849 ba00 | 0000 3c20 | 0200 0049 | 03da 483b 
  0x0000022023b4d86c: 4338 0f85 | 0500 0000 | e905 0000 | 0048 33f6 | eb05 be01 | 0000 0085 

  0x0000022023b4d884: ;   {metadata(method data for {method} {0x0000022000186348} 'dispatchEventImpl' '(Ljava/awt/AWTEvent;Ljava/lang/Object;)V' in 'java/awt/EventQueue')}
  0x0000022023b4d884: f648 bea0 | 9b83 0020 | 0200 00bf | 3802 0000 | 7405 bf48 | 0200 0048 | 8b1c 3e48 | 8d5b 0148 
  0x0000022023b4d8a4: 891c 3e0f | 84e4 0600 | 004d 85c9 

  0x0000022023b4d8b0: ;   {metadata(method data for {method} {0x0000022000186348} 'dispatchEventImpl' '(Ljava/awt/AWTEvent;Ljava/lang/Object;)V' in 'java/awt/EventQueue')}
  0x0000022023b4d8b0: 48bf a09b | 8300 2002 | 0000 750c | 808f 5102 | 0000 01e9 | b100 0000 | 418b 5908 | 49ba 0000 
  0x0000022023b4d8d0: 003c 2002 | 0000 4903 | da48 3b9f | 6002 0000 | 750d 4883 | 8768 0200 | 0001 e960 | 0000 0048 
  0x0000022023b4d8f0: 3b9f 7002 | 0000 750d | 4883 8778 | 0200 0001 | e94a 0000 | 0048 83bf | 6002 0000 | 0075 1748 
  0x0000022023b4d910: 899f 6002 | 0000 48c7 | 8768 0200 | 0001 0000 | 00e9 2900 | 0000 4883 | bf70 0200 | 0000 7517 
  0x0000022023b4d930: 4889 9f70 | 0200 0048 | c787 7802 | 0000 0100 | 0000 e908 | 0000 0048 | 8387 5802 

  0x0000022023b4d94c: ;   {metadata('java/awt/Component')}
  0x0000022023b4d94c: 0000 0148 | bb18 2109 | 0020 0200 | 0041 8b79 | 0849 ba00 | 0000 3c20 | 0200 0049 | 03fa 483b 
  0x0000022023b4d96c: 5f38 0f85 | 2c18 0000 | e900 0000 | 0049 8bd1 

  0x0000022023b4d97c: ; implicit exception: dispatches to 0x0000022023b4f1a9
  0x0000022023b4d97c: 483b 0248 

  0x0000022023b4d980: ;   {metadata(method data for {method} {0x0000022000186348} 'dispatchEventImpl' '(Ljava/awt/AWTEvent;Ljava/lang/Object;)V' in 'java/awt/EventQueue')}
  0x0000022023b4d980: 8bf2 48bf | a09b 8300 | 2002 0000 | 8b76 0849 | ba00 0000 | 3c20 0200 | 0049 03f2 | 483b b790 
  0x0000022023b4d9a0: 0200 0075 | 0d48 8387 | 9802 0000 | 01e9 6000 | 0000 483b | b7a0 0200 | 0075 0d48 | 8387 a802 
  0x0000022023b4d9c0: 0000 01e9 | 4a00 0000 | 4883 bf90 | 0200 0000 | 7517 4889 | b790 0200 | 0048 c787 | 9802 0000 
  0x0000022023b4d9e0: 0100 0000 | e929 0000 | 0048 83bf | a002 0000 | 0075 1748 | 89b7 a002 | 0000 48c7 | 87a8 0200 
  0x0000022023b4da00: 0001 0000 | 00e9 0800 | 0000 4883 | 8788 0200 

  0x0000022023b4da10: ;   {metadata(method data for {method} {0x00000220000855a8} 'dispatchEvent' '(Ljava/awt/AWTEvent;)V' in 'java/awt/Component')}
  0x0000022023b4da10: 0001 48be | d8b4 8300 | 2002 0000 | 8bbe cc00 | 0000 83c7 | 0289 becc | 0000 0081 | e7fe ff1f 
  0x0000022023b4da30: 0085 ff0f | 8475 1700 | 0048 8bf2 

  0x0000022023b4da3c: ;   {metadata(method data for {method} {0x00000220000855a8} 'dispatchEvent' '(Ljava/awt/AWTEvent;)V' in 'java/awt/Component')}
  0x0000022023b4da3c: 48bf d8b4 | 8300 2002 | 0000 8b76 | 0849 ba00 | 0000 3c20 | 0200 0049 | 03f2 483b | b718 0100 
  0x0000022023b4da5c: 0075 0d48 | 8387 2001 | 0000 01e9 | 6000 0000 | 483b b728 | 0100 0075 | 0d48 8387 | 3001 0000 
  0x0000022023b4da7c: 01e9 4a00 | 0000 4883 | bf18 0100 | 0000 7517 | 4889 b718 | 0100 0048 | c787 2001 | 0000 0100 
  0x0000022023b4da9c: 0000 e929 | 0000 0048 | 83bf 2801 | 0000 0075 | 1748 89b7 | 2801 0000 | 48c7 8730 | 0100 0001 
  0x0000022023b4dabc: 0000 00e9 | 0800 0000 | 4883 8710 | 0100 0001 | 498b f04c | 8bc6 6666 | 9048 b8d0 | 51cf 3b20 
  0x0000022023b4dadc: ;   {virtual_call}
  0x0000022023b4dadc: 0200 00e8 

  0x0000022023b4dae0: ; ImmutableOopMap {[168]=Oop }
                      ;*invokevirtual dispatchEventImpl {reexecute=0 rethrow=0 return_oop=0}
                      ; - java.awt.Component::dispatchEvent@2 (line 4790)
                      ; - java.awt.EventQueue::dispatchEventImpl@41 (line 725)
  0x0000022023b4dae0: 2c26 5607 

  0x0000022023b4dae4: ;   {post_call_nop}
  0x0000022023b4dae4: 0f1f 8400 | 5c08 0000 | 4c8b 8424 | a800 0000 

  0x0000022023b4daf4: ;   {metadata(method data for {method} {0x0000022000186348} 'dispatchEventImpl' '(Ljava/awt/AWTEvent;Ljava/lang/Object;)V' in 'java/awt/EventQueue')}
  0x0000022023b4daf4: 48be a09b | 8300 2002 | 0000 458b | 4008 49ba | 0000 003c | 2002 0000 | 4d03 c24c | 3b86 c002 
  0x0000022023b4db14: 0000 750d | 4883 86c8 | 0200 0001 | e960 0000 | 004c 3b86 | d002 0000 | 750d 4883 | 86d8 0200 
  0x0000022023b4db34: 0001 e94a | 0000 0048 | 83be c002 | 0000 0075 | 174c 8986 | c002 0000 | 48c7 86c8 | 0200 0001 
  0x0000022023b4db54: 0000 00e9 | 2900 0000 | 4883 bed0 | 0200 0000 | 7517 4c89 | 86d0 0200 | 0048 c786 | d802 0000 
  0x0000022023b4db74: 0100 0000 | e908 0000 | 0048 8386 | b802 0000 

  0x0000022023b4db84: ;   {metadata(method data for {method} {0x00000220000d76c8} 'dispatched' '()V' in 'java/awt/AWTEvent')}
  0x0000022023b4db84: 0148 be88 | b683 0020 | 0200 008b | becc 0000 | 0083 c702 | 89be cc00 | 0000 81e7 | feff 1f00 
  0x0000022023b4dba4: 85ff 0f84 | 2316 0000 | 4c8b 8424 | a800 0000 

  0x0000022023b4dbb4: ;   {metadata(method data for {method} {0x00000220000d76c8} 'dispatched' '()V' in 'java/awt/AWTEvent')}
  0x0000022023b4dbb4: 4d85 c048 | bb88 b683 | 0020 0200 | 0075 0c80 | 8b09 0100 | 0001 e9b1 | 0000 0041 | 8b40 0849 
  0x0000022023b4dbd4: ba00 0000 | 3c20 0200 | 0049 03c2 | 483b 8318 | 0100 0075 | 0d48 8383 | 2001 0000 | 01e9 6000 
  0x0000022023b4dbf4: 0000 483b | 8328 0100 | 0075 0d48 | 8383 3001 | 0000 01e9 | 4a00 0000 | 4883 bb18 | 0100 0000 
  0x0000022023b4dc14: 7517 4889 | 8318 0100 | 0048 c783 | 2001 0000 | 0100 0000 | e929 0000 | 0048 83bb | 2801 0000 
  0x0000022023b4dc34: 0075 1748 | 8983 2801 | 0000 48c7 | 8330 0100 | 0001 0000 | 00e9 0800 | 0000 4883 | 8310 0100 
  0x0000022023b4dc54: ;   {metadata('java/awt/event/InputEvent')}
  0x0000022023b4dc54: 0001 48b8 | d8b0 1000 | 2002 0000 | 418b 5808 | 49ba 0000 | 003c 2002 | 0000 4903 | da48 3b43 
  0x0000022023b4dc74: 500f 8505 | 0000 00e9 | 0500 0000 | 4833 f6eb | 05be 0100 | 0000 85f6 

  0x0000022023b4dc8c: ;   {metadata(method data for {method} {0x00000220000d76c8} 'dispatched' '()V' in 'java/awt/AWTEvent')}
  0x0000022023b4dc8c: 48be 88b6 | 8300 2002 | 0000 bf40 | 0100 0074 | 05bf 5001 | 0000 488b | 1c3e 488d | 5b01 4889 
  0x0000022023b4dcac: 1c3e 0f84 | a314 0000 

  0x0000022023b4dcb4: ;   {metadata(method data for {method} {0x00000220000d76c8} 'dispatched' '()V' in 'java/awt/AWTEvent')}
  0x0000022023b4dcb4: 48be 88b6 | 8300 2002 | 0000 4883 | 8660 0100 

  0x0000022023b4dcc4: ;   {metadata(method data for {method} {0x00000220000f1880} 'getInputEventAccessor' '()Lsun/awt/AWTAccessor$InputEventAccessor;' in 'sun/awt/AWTAccessor')}
  0x0000022023b4dcc4: 0001 48be | 38b9 8300 | 2002 0000 | 8bbe cc00 | 0000 83c7 | 0289 becc | 0000 0081 | e7fe ff1f 
  0x0000022023b4dce4: 0085 ff0f | 8403 1500 

  0x0000022023b4dcec: ;   {oop(a 'java/lang/Class'{0x0000000715782f60} = 'sun/awt/AWTAccessor')}
  0x0000022023b4dcec: 0048 be60 | 2f78 1507 | 0000 008b | b684 0000 | 0048 c1e6 | 0348 85f6 

  0x0000022023b4dd04: ;   {metadata(method data for {method} {0x00000220000f1880} 'getInputEventAccessor' '()Lsun/awt/AWTAccessor$InputEventAccessor;' in 'sun/awt/AWTAccessor')}
  0x0000022023b4dd04: 48bf 38b9 | 8300 2002 | 0000 bb10 | 0100 0075 | 05bb 2001 | 0000 488b | 041f 488d | 4001 4889 
  0x0000022023b4dd24: 041f 0f85 | bc12 0000 

  0x0000022023b4dd2c: ;   {metadata(method data for {method} {0x00000220000f1880} 'getInputEventAccessor' '()Lsun/awt/AWTAccessor$InputEventAccessor;' in 'sun/awt/AWTAccessor')}
  0x0000022023b4dd2c: 48be 38b9 | 8300 2002 | 0000 4883 | 8630 0100 

  0x0000022023b4dd3c: ;   {metadata(method data for {method} {0x00000220000f4040} 'ensureClassInitialized' '(Ljava/lang/Class;)V' in 'sun/awt/AWTAccessor')}
  0x0000022023b4dd3c: 0001 48be | 205f 6b00 | 2002 0000 | 8bbe cc00 | 0000 83c7 | 0289 becc | 0000 0081 | e7fe ff1f 
  0x0000022023b4dd5c: 0085 ff0f | 84ac 1400 

  0x0000022023b4dd64: ;   {metadata(method data for {method} {0x00000220000f4040} 'ensureClassInitialized' '(Ljava/lang/Class;)V' in 'sun/awt/AWTAccessor')}
  0x0000022023b4dd64: 0048 be20 | 5f6b 0020 | 0200 0048 | 8386 1001 

  0x0000022023b4dd74: ;   {metadata(method data for {method} {0x000002203c44ab28} 'lookup' '()Ljava/lang/invoke/MethodHandles$Lookup;' in 'java/lang/invoke/MethodHandles')}
  0x0000022023b4dd74: 0000 0148 | be20 616b | 0020 0200 | 008b becc | 0000 0083 | c702 89be | cc00 0000 | 81e7 feff 
  0x0000022023b4dd94: 1f00 85ff | 0f84 9414 

  0x0000022023b4dd9c: ;   {metadata(method data for {method} {0x000002203c44ab28} 'lookup' '()Ljava/lang/invoke/MethodHandles$Lookup;' in 'java/lang/invoke/MethodHandles')}
  0x0000022023b4dd9c: 0000 48be | 2061 6b00 | 2002 0000 | 4883 8610 | 0100 0001 | 0f1f 8000 

  0x0000022023b4ddb4: ;   {static_call}
  0x0000022023b4ddb4: 0000 00e8 

  0x0000022023b4ddb8: ; ImmutableOopMap {[168]=Oop }
                      ;*invokestatic getCallerClass {reexecute=0 rethrow=0 return_oop=0}
                      ; - java.lang.invoke.MethodHandles::lookup@0 (line 126)
                      ; - sun.awt.AWTAccessor::ensureClassInitialized@0 (line 1464)
                      ; - sun.awt.AWTAccessor::getInputEventAccessor@10 (line 963)
                      ; - java.awt.AWTEvent::dispatched@7 (line 571)
                      ; - java.awt.EventQueue::dispatchEventImpl@45 (line 726)
  0x0000022023b4ddb8: a412 2a07 

  0x0000022023b4ddbc: ;   {post_call_nop}
  0x0000022023b4ddbc: 0f1f 8400 | 340b 0001 | 4c8b c04d 

  0x0000022023b4ddc8: ;   {metadata(method data for {method} {0x000002203c44ab28} 'lookup' '()Ljava/lang/invoke/MethodHandles$Lookup;' in 'java/lang/invoke/MethodHandles')}
  0x0000022023b4ddc8: 85c0 48ba | 2061 6b00 | 2002 0000 | be30 0100 | 0074 05be | 2001 0000 | 488b 3c32 | 488d 7f01 
  0x0000022023b4dde8: 4889 3c32 | 0f84 1d11 

  0x0000022023b4ddf0: ;   {metadata('java/lang/invoke/MethodHandles$Lookup')}
  0x0000022023b4ddf0: 0000 48ba | b8a5 1e3c | 2002 0000 | 498b 87c8 | 0100 0048 | 8d78 2049 | 3bbf d801 | 0000 0f87 
  0x0000022023b4de10: 3f14 0000 | 4989 bfc8 | 0100 0048 | c700 0100 | 0000 488b | ca49 ba00 | 0000 3c20 | 0200 0049 
  0x0000022023b4de30: 2bca 8948 | 0848 33c9 | 8948 0c48 | 33c9 4889 | 4810 4889 | 4818 4c8b 

  0x0000022023b4de48: ;   {metadata(method data for {method} {0x000002203c44ab28} 'lookup' '()Ljava/lang/invoke/MethodHandles$Lookup;' in 'java/lang/invoke/MethodHandles')}
  0x0000022023b4de48: c848 bf20 | 616b 0020 | 0200 0048 | 8387 5001 

  0x0000022023b4de58: ;   {metadata(method data for {method} {0x000002203c44edd8} '<init>' '(Ljava/lang/Class;)V' in 'java/lang/invoke/MethodHandles$Lookup')}
  0x0000022023b4de58: 0000 0149 | b9e0 646b | 0020 0200 | 0041 8bb9 | cc00 0000 | 83c7 0241 | 89b9 cc00 | 0000 81e7 
  0x0000022023b4de78: feff 1f00 | 85ff 0f84 | dc13 0000 

  0x0000022023b4de84: ;   {metadata(method data for {method} {0x000002203c44edd8} '<init>' '(Ljava/lang/Class;)V' in 'java/lang/invoke/MethodHandles$Lookup')}
  0x0000022023b4de84: 4c8b c848 | bfe0 646b | 0020 0200 | 0048 8387 | 1001 0000 

  0x0000022023b4de98: ;   {oop(nullptr)}
  0x0000022023b4de98: 0149 b900 | 0000 0000 | 0000 00bf | 5f00 0000 | 488b d048 | 8984 24b0 | 0000 000f 

  0x0000022023b4deb4: ;   {optimized virtual_call}
  0x0000022023b4deb4: 1f40 00e8 

  0x0000022023b4deb8: ; ImmutableOopMap {[168]=Oop [176]=Oop }
                      ;*invokespecial <init> {reexecute=0 rethrow=0 return_oop=0}
                      ; - java.lang.invoke.MethodHandles$Lookup::<init>@5 (line 1534)
                      ; - java.lang.invoke.MethodHandles::lookup@23 (line 130)
                      ; - sun.awt.AWTAccessor::ensureClassInitialized@0 (line 1464)
                      ; - sun.awt.AWTAccessor::getInputEventAccessor@10 (line 963)
                      ; - java.awt.AWTEvent::dispatched@7 (line 571)
                      ; - java.awt.EventQueue::dispatchEventImpl@45 (line 726)
  0x0000022023b4deb8: a40b 2a07 

  0x0000022023b4debc: ;   {post_call_nop}
  0x0000022023b4debc: 0f1f 8400 | 340c 0002 | 488b 8424 | b000 0000 

  0x0000022023b4decc: ;   {metadata(method data for {method} {0x00000220000f4040} 'ensureClassInitialized' '(Ljava/lang/Class;)V' in 'sun/awt/AWTAccessor')}
  0x0000022023b4decc: 4c8b c048 | ba20 5f6b | 0020 0200 | 0045 8b40 | 0849 ba00 | 0000 3c20 | 0200 004d | 03c2 4c3b 
  0x0000022023b4deec: 8228 0100 | 0075 0d48 | 8382 3001 | 0000 01e9 | 6000 0000 | 4c3b 8238 | 0100 0075 | 0d48 8382 
  0x0000022023b4df0c: 4001 0000 | 01e9 4a00 | 0000 4883 | ba28 0100 | 0000 7517 | 4c89 8228 | 0100 0048 | c782 3001 
  0x0000022023b4df2c: 0000 0100 | 0000 e929 | 0000 0048 | 83ba 3801 | 0000 0075 | 174c 8982 | 3801 0000 | 48c7 8240 
  0x0000022023b4df4c: 0100 0001 | 0000 00e9 | 0800 0000 | 4883 8220 | 0100 0001 

  0x0000022023b4df60: ;   {oop(a 'java/lang/Class'{0x00000007157c3430} = 'java/awt/event/InputEvent')}
  0x0000022023b4df60: 49b8 3034 | 7c15 0700 | 0000 488b 

  0x0000022023b4df6c: ;   {optimized virtual_call}
  0x0000022023b4df6c: d066 90e8 

  0x0000022023b4df70: ; ImmutableOopMap {[168]=Oop }
                      ;*invokevirtual ensureInitialized {reexecute=0 rethrow=0 return_oop=0}
                      ; - sun.awt.AWTAccessor::ensureClassInitialized@4 (line 1464)
                      ; - sun.awt.AWTAccessor::getInputEventAccessor@10 (line 963)
                      ; - java.awt.AWTEvent::dispatched@7 (line 571)
                      ; - java.awt.EventQueue::dispatchEventImpl@45 (line 726)
  0x0000022023b4df70: ec0a 2a07 

  0x0000022023b4df74: ;   {post_call_nop}
  0x0000022023b4df74: 0f1f 8400 | ec0c 0003 

  0x0000022023b4df7c: ;   {metadata(method data for {method} {0x00000220000f4040} 'ensureClassInitialized' '(Ljava/lang/Class;)V' in 'sun/awt/AWTAccessor')}
  0x0000022023b4df7c: 48ba 205f | 6b00 2002 | 0000 ff82 | 5001 0000 | e943 1000 | 004d 85c9 

  0x0000022023b4df94: ;   {metadata(method data for {method} {0x0000022000186348} 'dispatchEventImpl' '(Ljava/awt/AWTEvent;Ljava/lang/Object;)V' in 'java/awt/EventQueue')}
  0x0000022023b4df94: 48bb a09b | 8300 2002 | 0000 750c | 808b f902 | 0000 01e9 | dc00 0000 | 418b 4108 | 49ba 0000 
  0x0000022023b4dfb4: 003c 2002 | 0000 4903 | c248 3b83 | 0803 0000 | 750d 4883 | 8310 0300 | 0001 e960 | 0000 0048 
  0x0000022023b4dfd4: 3b83 1803 | 0000 750d | 4883 8320 | 0300 0001 | e94a 0000 | 0048 83bb | 0803 0000 | 0075 1748 
  0x0000022023b4dff4: 8983 0803 | 0000 48c7 | 8310 0300 | 0001 0000 | 00e9 2900 | 0000 4883 | bb18 0300 | 0000 7517 
  0x0000022023b4e014: 4889 8318 | 0300 0048 | c783 2003 | 0000 0100 | 0000 e908 | 0000 0048 | 8383 0003 | 0000 010f 
  0x0000022023b4e034: 1f44 0000 

  0x0000022023b4e038: ;   {no_reloc}
  0x0000022023b4e038: e953 1200 | 0000 0000 | 0000 418b | 5908 49ba | 0000 003c | 2002 0000 | 4903 da48 | 3bd8 0f84 
  0x0000022023b4e058: 3100 0000 | 8b78 1448 | 3b04 3b0f | 8424 0000 | 0083 ff20 | 0f85 1600 | 0000 5350 

  0x0000022023b4e074: ;   {runtime_call C1 Runtime slow_subtype_check_blob}
  0x0000022023b4e074: e8c7 2e36 | 075b 5885 | c00f 8405 | 0000 00e9 | 0500 0000 | 4833 f6eb | 05be 0100 | 0000 85f6 
  0x0000022023b4e094: ;   {metadata(method data for {method} {0x0000022000186348} 'dispatchEventImpl' '(Ljava/awt/AWTEvent;Ljava/lang/Object;)V' in 'java/awt/EventQueue')}
  0x0000022023b4e094: 48be a09b | 8300 2002 | 0000 bf40 | 0300 0075 | 05bf 3003 | 0000 488b | 1c3e 488d | 5b01 4889 
  0x0000022023b4e0b4: 1c3e 0f85 | 240b 0000 

  0x0000022023b4e0bc: ;   {metadata(method data for {method} {0x0000022000186348} 'dispatchEventImpl' '(Ljava/awt/AWTEvent;Ljava/lang/Object;)V' in 'java/awt/EventQueue')}
  0x0000022023b4e0bc: 4d85 c948 | bba0 9b83 | 0020 0200 | 0075 0c80 | 8bc1 0300 | 0001 e9d9 | 0000 0041 | 8b41 0849 
  0x0000022023b4e0dc: ba00 0000 | 3c20 0200 | 0049 03c2 | 483b 83d0 | 0300 0075 | 0d48 8383 | d803 0000 | 01e9 6000 
  0x0000022023b4e0fc: 0000 483b | 83e0 0300 | 0075 0d48 | 8383 e803 | 0000 01e9 | 4a00 0000 | 4883 bbd0 | 0300 0000 
  0x0000022023b4e11c: 7517 4889 | 83d0 0300 | 0048 c783 | d803 0000 | 0100 0000 | e929 0000 | 0048 83bb | e003 0000 
  0x0000022023b4e13c: 0075 1748 | 8983 e003 | 0000 48c7 | 83e8 0300 | 0001 0000 | 00e9 0800 | 0000 4883 | 83c8 0300 
  0x0000022023b4e15c: 0001 6690 

  0x0000022023b4e160: ;   {no_reloc}
  0x0000022023b4e160: e944 1100 | 0000 0000 | 0000 418b | 5908 49ba | 0000 003c | 2002 0000 | 4903 da48 | 3bd8 0f84 
  0x0000022023b4e180: 3100 0000 | 8b78 1448 | 3b04 3b0f | 8424 0000 | 0083 ff20 | 0f85 1600 | 0000 5350 

  0x0000022023b4e19c: ;   {runtime_call C1 Runtime slow_subtype_check_blob}
  0x0000022023b4e19c: e89f 2d36 | 075b 5885 | c00f 8405 | 0000 00e9 | 0500 0000 | 4833 f6eb | 05be 0100 | 0000 85f6 
  0x0000022023b4e1bc: ;   {metadata(method data for {method} {0x0000022000186348} 'dispatchEventImpl' '(Ljava/awt/AWTEvent;Ljava/lang/Object;)V' in 'java/awt/EventQueue')}
  0x0000022023b4e1bc: 48be a09b | 8300 2002 | 0000 bf08 | 0400 0075 | 05bf f803 | 0000 488b | 1c3e 488d | 5b01 4889 
  0x0000022023b4e1dc: 1c3e 0f85 | be08 0000 

  0x0000022023b4e1e4: ;   {metadata(method data for {method} {0x0000022000186348} 'dispatchEventImpl' '(Ljava/awt/AWTEvent;Ljava/lang/Object;)V' in 'java/awt/EventQueue')}
  0x0000022023b4e1e4: 4d85 c948 | bba0 9b83 | 0020 0200 | 0075 0c80 | 8b89 0400 | 0001 e9b0 | 0000 0041 | 8b41 0849 
  0x0000022023b4e204: ba00 0000 | 3c20 0200 | 0049 03c2 | 483b 8398 | 0400 0075 | 0d48 8383 | a004 0000 | 01e9 6000 
  0x0000022023b4e224: 0000 483b | 83a8 0400 | 0075 0d48 | 8383 b004 | 0000 01e9 | 4a00 0000 | 4883 bb98 | 0400 0000 
  0x0000022023b4e244: 7517 4889 | 8398 0400 | 0048 c783 | a004 0000 | 0100 0000 | e929 0000 | 0048 83bb | a804 0000 
  0x0000022023b4e264: 0075 1748 | 8983 a804 | 0000 48c7 | 83b0 0400 | 0001 0000 | 00e9 0800 | 0000 4883 | 8390 0400 
  0x0000022023b4e284: ;   {metadata('sun/awt/AWTAutoShutdown')}
  0x0000022023b4e284: 0001 48b8 | b0ae 063d | 2002 0000 | 418b 7908 | 49ba 0000 | 003c 2002 | 0000 4903 | fa48 3bc7 
  0x0000022023b4e2a4: 0f85 0500 | 0000 e905 | 0000 0048 | 33f6 eb05 | be01 0000 

  0x0000022023b4e2b8: ;   {metadata(method data for {method} {0x0000022000186348} 'dispatchEventImpl' '(Ljava/awt/AWTEvent;Ljava/lang/Object;)V' in 'java/awt/EventQueue')}
  0x0000022023b4e2b8: 0085 f648 | bea0 9b83 | 0020 0200 | 00bf c004 | 0000 7405 | bfd0 0400 | 0048 8b1c | 3e48 8d5b 
  0x0000022023b4e2d8: 0148 891c | 3e0f 8448 | 0100 0048 

  0x0000022023b4e2e4: ;   {metadata(method data for {method} {0x0000022000186348} 'dispatchEventImpl' '(Ljava/awt/AWTEvent;Ljava/lang/Object;)V' in 'java/awt/EventQueue')}
  0x0000022023b4e2e4: 8bf2 48bf | a09b 8300 | 2002 0000 | 4883 87e0 | 0400 0001 

  0x0000022023b4e2f8: ;   {metadata(method data for {method} {0x0000022000185980} 'noEvents' '()Z' in 'java/awt/EventQueue')}
  0x0000022023b4e2f8: 48be 40ce | 8300 2002 | 0000 8bbe | cc00 0000 | 83c7 0289 | becc 0000 | 0081 e7fe | ff1f 0085 
  0x0000022023b4e318: ff0f 8494 | 0f00 00be | 0000 0000 | e994 0000 | 000f 1f80 | 0000 0000 | 8b7a 2048 | c1e7 033b 
  0x0000022023b4e338: 770c 0f83 | 9e0f 0000 | 4863 de8b | 7c9f 1048 | c1e7 038b | 7f0c 48c1 | e703 4885 

  0x0000022023b4e354: ;   {metadata(method data for {method} {0x0000022000185980} 'noEvents' '()Z' in 'java/awt/EventQueue')}
  0x0000022023b4e354: ff48 bf40 | ce83 0020 | 0200 00bb | 4001 0000 | 7505 bb30 | 0100 0048 | 8b04 1f48 | 8d40 0148 
  0x0000022023b4e374: 8904 1f0f | 8570 0000 

  0x0000022023b4e37c: ;   {metadata(method data for {method} {0x0000022000185980} 'noEvents' '()Z' in 'java/awt/EventQueue')}
  0x0000022023b4e37c: 00ff c648 | bf40 ce83 | 0020 0200 | 008b 9fd0 | 0000 0083 | c302 899f | d000 0000 | 81e3 fe3f 
  0x0000022023b4e39c: 0000 85db | 0f84 4b0f | 0000 4d8b 

  0x0000022023b4e3a8: ; ImmutableOopMap {rdx=Oop }
                      ;*goto {reexecute=1 rethrow=0 return_oop=0}
                      ; - (reexecute) java.awt.EventQueue::noEvents@24 (line 520)
                      ; - java.awt.EventQueue::dispatchEventImpl@95 (line 732)
                      ;   {poll}
  0x0000022023b4e3a8: 5730 4185 

  0x0000022023b4e3ac: ;   {metadata(method data for {method} {0x0000022000185980} 'noEvents' '()Z' in 'java/awt/EventQueue')}
  0x0000022023b4e3ac: 0248 bf40 | ce83 0020 | 0200 00ff | 8750 0100 | 0083 fe04 

  0x0000022023b4e3c0: ;   {metadata(method data for {method} {0x0000022000185980} 'noEvents' '()Z' in 'java/awt/EventQueue')}
  0x0000022023b4e3c0: 48bf 40ce | 8300 2002 | 0000 bb10 | 0100 007d | 05bb 2001 | 0000 488b | 041f 488d | 4001 4889 
  0x0000022023b4e3e0: 041f 0f8d | 0f00 0000 | e943 ffff | ffbe 0000 | 0000 e905 | 0000 00be | 0100 0000 

  0x0000022023b4e3fc: ;   {metadata(method data for {method} {0x0000022000186348} 'dispatchEventImpl' '(Ljava/awt/AWTEvent;Ljava/lang/Object;)V' in 'java/awt/EventQueue')}
  0x0000022023b4e3fc: 85f6 48be | a09b 8300 | 2002 0000 | bf10 0500 | 0074 05bf | 2005 0000 | 488b 1c3e | 488d 5b01 
  0x0000022023b4e41c: 4889 1c3e | 0f84 410d | 0000 e9ec 

  0x0000022023b4e428: ;   {metadata(method data for {method} {0x0000022000186348} 'dispatchEventImpl' '(Ljava/awt/AWTEvent;Ljava/lang/Object;)V' in 'java/awt/EventQueue')}
  0x0000022023b4e428: 0500 0048 | baa0 9b83 | 0020 0200 | 0048 8382 | 7805 0000 

  0x0000022023b4e43c: ;   {metadata(method data for {method} {0x0000022000184750} 'getEventLog' '()Lsun/util/logging/PlatformLogger;' in 'java/awt/EventQueue')}
  0x0000022023b4e43c: 0148 baa8 | dc83 0020 | 0200 008b | b2cc 0000 | 0083 c602 | 89b2 cc00 | 0000 81e6 | feff 1f00 
  0x0000022023b4e45c: 85f6 0f84 | ae0e 0000 

  0x0000022023b4e464: ;   {oop(a 'java/lang/Class'{0x00000007157ea4d8} = 'java/awt/EventQueue')}
  0x0000022023b4e464: 48ba d8a4 | 7e15 0700 | 0000 8b52 | 7848 c1e2 | 0348 85d2 

  0x0000022023b4e478: ;   {metadata(method data for {method} {0x0000022000184750} 'getEventLog' '()Lsun/util/logging/PlatformLogger;' in 'java/awt/EventQueue')}
  0x0000022023b4e478: 48ba a8dc | 8300 2002 | 0000 be10 | 0100 0075 | 05be 2001 | 0000 488b | 3c32 488d | 7f01 4889 
  0x0000022023b4e498: 3c32 0f85 | 6800 0000 

  0x0000022023b4e4a0: ;   {metadata(method data for {method} {0x0000022000184750} 'getEventLog' '()Lsun/util/logging/PlatformLogger;' in 'java/awt/EventQueue')}
  0x0000022023b4e4a0: 48ba a8dc | 8300 2002 | 0000 4883 | 8230 0100 

  0x0000022023b4e4b0: ;   {oop("java.awt.event.EventQueue"{0x00000007156000b0})}
  0x0000022023b4e4b0: 0001 48ba | b000 6015 | 0700 0000 

  0x0000022023b4e4bc: ;   {static_call}
  0x0000022023b4e4bc: 6666 90e8 

  0x0000022023b4e4c0: ; ImmutableOopMap {[168]=Oop }
                      ;*invokestatic getLogger {reexecute=0 rethrow=0 return_oop=0}
                      ; - java.awt.EventQueue::getEventLog@8 (line 181)
                      ; - java.awt.EventQueue::dispatchEventImpl@111 (line 736)
  0x0000022023b4e4c0: 9c0b 2a07 

  0x0000022023b4e4c4: ;   {post_call_nop}
  0x0000022023b4e4c4: 0f1f 8400 | 3c12 0005 

  0x0000022023b4e4cc: ;   {oop(a 'java/lang/Class'{0x00000007157ea4d8} = 'java/awt/EventQueue')}
  0x0000022023b4e4cc: 49b8 d8a4 | 7e15 0700 | 0000 410f | be57 4885 | d20f 8550 | 0e00 004c | 8bd0 49c1 | ea03 4589 
  0x0000022023b4e4ec: 5078 f083 | 4424 c000 | 498b d048 | 33d0 48c1 | ea15 4883 | fa00 0f85 | 4b0e 0000 

  0x0000022023b4e508: ;   {oop(a 'java/lang/Class'{0x00000007157ea4d8} = 'java/awt/EventQueue')}
  0x0000022023b4e508: 49b8 d8a4 | 7e15 0700 | 0000 458b | 4078 49c1 | e003 493b | 0049 8bd0 

  0x0000022023b4e520: ;   {metadata(method data for {method} {0x0000022000186348} 'dispatchEventImpl' '(Ljava/awt/AWTEvent;Ljava/lang/Object;)V' in 'java/awt/EventQueue')}
  0x0000022023b4e520: 48be a09b | 8300 2002 

  0x0000022023b4e528: ;   {metadata('sun/util/logging/PlatformLogger')}
  0x0000022023b4e528: 0000 49ba | c8de 043d | 2002 0000 | 4c89 9690 | 0500 0048 | 8386 9805 

  0x0000022023b4e540: ;   {metadata(method data for {method} {0x00000220000d8ed8} 'isLoggable' '(Lsun/util/logging/PlatformLogger$Level;)Z' in 'sun/util/logging/PlatformLogger')}
  0x0000022023b4e540: 0000 0148 | baa8 ed3d | 0020 0200 | 008b b2cc | 0000 0083 | c602 89b2 | cc00 0000 | 81e6 feff 
  0x0000022023b4e560: 1f00 85f6 | 0f84 060e 

  0x0000022023b4e568: ;   {metadata(method data for {method} {0x00000220000d8ed8} 'isLoggable' '(Lsun/util/logging/PlatformLogger$Level;)Z' in 'sun/util/logging/PlatformLogger')}
  0x0000022023b4e568: 0000 48ba | a8ed 3d00 | 2002 0000 | ff82 1001 | 0000 418b | 500c 48c1 | e203 483b | 024c 8bc2 
  0x0000022023b4e588: ;   {metadata(method data for {method} {0x00000220000d8ed8} 'isLoggable' '(Lsun/util/logging/PlatformLogger$Level;)Z' in 'sun/util/logging/PlatformLogger')}
  0x0000022023b4e588: 48be a8ed | 3d00 2002 | 0000 458b | 4008 49ba | 0000 003c | 2002 0000 | 4d03 c24c | 3b86 4801 
  0x0000022023b4e5a8: 0000 750d | 4883 8650 | 0100 0001 | e960 0000 | 004c 3b86 | 5801 0000 | 750d 4883 | 8660 0100 
  0x0000022023b4e5c8: 0001 e94a | 0000 0048 | 83be 4801 | 0000 0075 | 174c 8986 | 4801 0000 | 48c7 8650 | 0100 0001 
  0x0000022023b4e5e8: 0000 00e9 | 2900 0000 | 4883 be58 | 0100 0000 | 7517 4c89 | 8658 0100 | 0048 c786 | 6001 0000 
  0x0000022023b4e608: 0100 0000 | e908 0000 | 0048 8386 | 4001 0000 

  0x0000022023b4e618: ;   {oop(a 'sun/util/logging/PlatformLogger$Level'{0x000000071577b678})}
  0x0000022023b4e618: 0149 b878 | b677 1507 | 0000 0066 | 9048 b8f8 | 51cf 3b20 

  0x0000022023b4e62c: ;   {virtual_call}
  0x0000022023b4e62c: 0200 00e8 

  0x0000022023b4e630: ; ImmutableOopMap {[168]=Oop }
                      ;*invokeinterface isLoggable {reexecute=0 rethrow=0 return_oop=0}
                      ; - sun.util.logging.PlatformLogger::isLoggable@17 (line 340)
                      ; - java.awt.EventQueue::dispatchEventImpl@117 (line 736)
  0x0000022023b4e630: 2c07 2a07 

  0x0000022023b4e634: ;   {post_call_nop}
  0x0000022023b4e634: 0f1f 8400 | ac13 0006 | 83e0 0185 

  0x0000022023b4e640: ;   {metadata(method data for {method} {0x0000022000186348} 'dispatchEventImpl' '(Ljava/awt/AWTEvent;Ljava/lang/Object;)V' in 'java/awt/EventQueue')}
  0x0000022023b4e640: c048 baa0 | 9b83 0020 | 0200 00be | b805 0000 | 7405 bec8 | 0500 0048 | 8b3c 3248 | 8d7f 0148 
  0x0000022023b4e660: 893c 320f | 84fe 0a00 

  0x0000022023b4e668: ;   {metadata(method data for {method} {0x0000022000186348} 'dispatchEventImpl' '(Ljava/awt/AWTEvent;Ljava/lang/Object;)V' in 'java/awt/EventQueue')}
  0x0000022023b4e668: 0048 baa0 | 9b83 0020 | 0200 0048 | 8382 d805 

  0x0000022023b4e678: ;   {metadata(method data for {method} {0x0000022000184750} 'getEventLog' '()Lsun/util/logging/PlatformLogger;' in 'java/awt/EventQueue')}
  0x0000022023b4e678: 0000 0148 | baa8 dc83 | 0020 0200 | 008b b2cc | 0000 0083 | c602 89b2 | cc00 0000 | 81e6 feff 
  0x0000022023b4e698: 1f00 85f6 | 0f84 f40c 

  0x0000022023b4e6a0: ;   {oop(a 'java/lang/Class'{0x00000007157ea4d8} = 'java/awt/EventQueue')}
  0x0000022023b4e6a0: 0000 48ba | d8a4 7e15 | 0700 0000 | 8b52 7848 | c1e2 0348 

  0x0000022023b4e6b4: ;   {metadata(method data for {method} {0x0000022000184750} 'getEventLog' '()Lsun/util/logging/PlatformLogger;' in 'java/awt/EventQueue')}
  0x0000022023b4e6b4: 85d2 48ba | a8dc 8300 | 2002 0000 | be10 0100 | 0075 05be | 2001 0000 | 488b 3c32 | 488d 7f01 
  0x0000022023b4e6d4: 4889 3c32 | 0f85 6a00 

  0x0000022023b4e6dc: ;   {metadata(method data for {method} {0x0000022000184750} 'getEventLog' '()Lsun/util/logging/PlatformLogger;' in 'java/awt/EventQueue')}
  0x0000022023b4e6dc: 0000 48ba | a8dc 8300 | 2002 0000 | 4883 8230 | 0100 0001 

  0x0000022023b4e6f0: ;   {oop("java.awt.event.EventQueue"{0x00000007156000b0})}
  0x0000022023b4e6f0: 48ba b000 | 6015 0700 | 0000 0f1f 

  0x0000022023b4e6fc: ;   {static_call}
  0x0000022023b4e6fc: 4400 00e8 

  0x0000022023b4e700: ; ImmutableOopMap {[168]=Oop }
                      ;*invokestatic getLogger {reexecute=0 rethrow=0 return_oop=0}
                      ; - java.awt.EventQueue::getEventLog@8 (line 181)
                      ; - java.awt.EventQueue::dispatchEventImpl@123 (line 737)
  0x0000022023b4e700: 5c09 2a07 

  0x0000022023b4e704: ;   {post_call_nop}
  0x0000022023b4e704: 0f1f 8400 | 7c14 0007 

  0x0000022023b4e70c: ;   {oop(a 'java/lang/Class'{0x00000007157ea4d8} = 'java/awt/EventQueue')}
  0x0000022023b4e70c: 48ba d8a4 | 7e15 0700 | 0000 410f | be77 4885 | f60f 8594 | 0c00 004c | 8bd0 49c1 | ea03 4489 
  0x0000022023b4e72c: 5278 f083 | 4424 c000 | 488b f248 | 33f0 48c1 | ee15 4883 | fe00 0f85 | 8e0c 0000 

  0x0000022023b4e748: ;   {oop(a 'java/lang/Class'{0x00000007157ea4d8} = 'java/awt/EventQueue')}
  0x0000022023b4e748: 48ba d8a4 | 7e15 0700 | 0000 8b72 | 7848 c1e6 | 0348 89b4 | 24b8 0000 | 004c 8b84 | 24a8 0000 
  0x0000022023b4e768: ;   {metadata(method data for {method} {0x0000022000186348} 'dispatchEventImpl' '(Ljava/awt/AWTEvent;Ljava/lang/Object;)V' in 'java/awt/EventQueue')}
  0x0000022023b4e768: 0048 baa0 | 9b83 0020 | 0200 0048 | 8382 e805 

  0x0000022023b4e778: ;   {metadata(method data for {method} {0x000002203c47e890} 'valueOf' '(Ljava/lang/Object;)Ljava/lang/String;' in 'java/lang/String')}
  0x0000022023b4e778: 0000 0148 | ba80 3220 | 0020 0200 | 008b bacc | 0000 0083 | c702 89ba | cc00 0000 | 81e7 feff 
  0x0000022023b4e798: 1f00 85ff | 0f84 4c0c | 0000 4d85 

  0x0000022023b4e7a4: ;   {metadata(method data for {method} {0x000002203c47e890} 'valueOf' '(Ljava/lang/Object;)Ljava/lang/String;' in 'java/lang/String')}
  0x0000022023b4e7a4: c048 ba80 | 3220 0020 | 0200 00bf | 1001 0000 | 7505 bf20 | 0100 0048 | 8b1c 3a48 | 8d5b 0148 
  0x0000022023b4e7c4: 891c 3a0f | 851f 0000 

  0x0000022023b4e7cc: ;   {metadata(method data for {method} {0x000002203c47e890} 'valueOf' '(Ljava/lang/Object;)Ljava/lang/String;' in 'java/lang/String')}
  0x0000022023b4e7cc: 0048 ba80 | 3220 0020 | 0200 00ff | 8230 0100 

  0x0000022023b4e7dc: ;   {oop("null"{0x00000007ffe1c918})}
  0x0000022023b4e7dc: 0048 bf18 | c9e1 ff07 | 0000 00e9 | ab00 0000 

  0x0000022023b4e7ec: ;   {metadata(method data for {method} {0x000002203c47e890} 'valueOf' '(Ljava/lang/Object;)Ljava/lang/String;' in 'java/lang/String')}
  0x0000022023b4e7ec: 498b d048 | bf80 3220 | 0020 0200 | 008b 5208 | 49ba 0000 | 003c 2002 | 0000 4903 | d248 3b97 
  0x0000022023b4e80c: 5001 0000 | 750d 4883 | 8758 0100 | 0001 e960 | 0000 0048 | 3b97 6001 | 0000 750d | 4883 8768 
  0x0000022023b4e82c: 0100 0001 | e94a 0000 | 0048 83bf | 5001 0000 | 0075 1748 | 8997 5001 | 0000 48c7 | 8758 0100 
  0x0000022023b4e84c: 0001 0000 | 00e9 2900 | 0000 4883 | bf60 0100 | 0000 7517 | 4889 9760 | 0100 0048 | c787 6801 
  0x0000022023b4e86c: 0000 0100 | 0000 e908 | 0000 0048 | 8387 4801 | 0000 0149 | 8bd0 0f1f 

  0x0000022023b4e884: ;   {optimized virtual_call}
  0x0000022023b4e884: 4400 00e8 

  0x0000022023b4e888: ; ImmutableOopMap {[184]=Oop }
                      ;*invokevirtual toString {reexecute=0 rethrow=0 return_oop=0}
                      ; - java.lang.String::valueOf@11 (line 4543)
                      ; - java.awt.EventQueue::dispatchEventImpl@127 (line 737)
  0x0000022023b4e888: d401 2a07 

  0x0000022023b4e88c: ;   {post_call_nop}
  0x0000022023b4e88c: 0f1f 8400 | 0416 0008 | 488b f890 

  0x0000022023b4e898: ;   {no_reloc}
  0x0000022023b4e898: e981 0b00 | 0090 9090 | 9090 488b 

  0x0000022023b4e8a4: ;   {static_call}
  0x0000022023b4e8a4: d766 90e8 

  0x0000022023b4e8a8: ; ImmutableOopMap {[184]=Oop }
                      ;*invokedynamic {reexecute=0 rethrow=0 return_oop=0}
                      ; - java.awt.EventQueue::dispatchEventImpl@130 (line 737)
  0x0000022023b4e8a8: b407 2a07 

  0x0000022023b4e8ac: ;   {post_call_nop}
  0x0000022023b4e8ac: 0f1f 8400 | 2416 0009 

  0x0000022023b4e8b4: ;   {metadata(method data for {method} {0x0000022000186348} 'dispatchEventImpl' '(Ljava/awt/AWTEvent;Ljava/lang/Object;)V' in 'java/awt/EventQueue')}
  0x0000022023b4e8b4: 49b8 a09b | 8300 2002 | 0000 4d8d | 8018 0600 | 0048 85c0 | 750b 41f6 | 0001 7505 | f049 8308 
  0x0000022023b4e8d4: 0148 8bb4 | 24b8 0000 | 0048 3b06 

  0x0000022023b4e8e0: ;   {metadata(method data for {method} {0x0000022000186348} 'dispatchEventImpl' '(Ljava/awt/AWTEvent;Ljava/lang/Object;)V' in 'java/awt/EventQueue')}
  0x0000022023b4e8e0: 4c8b c649 | b9a0 9b83 | 0020 0200 

  0x0000022023b4e8ec: ;   {metadata('sun/util/logging/PlatformLogger')}
  0x0000022023b4e8ec: 0049 bac8 | de04 3d20 | 0200 004d | 8991 3006 | 0000 4983 | 8138 0600 

  0x0000022023b4e904: ;   {metadata(method data for {method} {0x00000220000d9b30} 'fine' '(Ljava/lang/String;)V' in 'sun/util/logging/PlatformLogger')}
  0x0000022023b4e904: 0001 49b8 | d015 8400 | 2002 0000 | 458b 88cc | 0000 0041 | 83c1 0245 | 8988 cc00 | 0000 4181 
  0x0000022023b4e924: e1fe ff1f | 0045 85c9 | 0f84 fb0a | 0000 8b56 | 0c48 c1e2 | 0348 3b02 

  0x0000022023b4e93c: ;   {metadata(method data for {method} {0x00000220000d9b30} 'fine' '(Ljava/lang/String;)V' in 'sun/util/logging/PlatformLogger')}
  0x0000022023b4e93c: 4c8b c249 | b9d0 1584 | 0020 0200 | 0045 8b40 | 0849 ba00 | 0000 3c20 | 0200 004d | 03c2 4d3b 
  0x0000022023b4e95c: 8148 0100 | 0075 0d49 | 8381 5001 | 0000 01e9 | 6000 0000 | 4d3b 8158 | 0100 0075 | 0d49 8381 
  0x0000022023b4e97c: 6001 0000 | 01e9 4a00 | 0000 4983 | b948 0100 | 0000 7517 | 4d89 8148 | 0100 0049 | c781 5001 
  0x0000022023b4e99c: 0000 0100 | 0000 e929 | 0000 0049 | 83b9 5801 | 0000 0075 | 174d 8981 | 5801 0000 | 49c7 8160 
  0x0000022023b4e9bc: 0100 0001 | 0000 00e9 | 0800 0000 | 4983 8140 | 0100 0001 

  0x0000022023b4e9d0: ;   {oop(a 'sun/util/logging/PlatformLogger$Level'{0x000000071577b678})}
  0x0000022023b4e9d0: 49b8 78b6 | 7715 0700 | 0000 4c8b 

  0x0000022023b4e9dc: ;   {oop(nullptr)}
  0x0000022023b4e9dc: c848 bf00 | 0000 0000 | 0000 0066 | 0f1f 4400 | 0048 b820 | 52cf 3b20 

  0x0000022023b4e9f4: ;   {virtual_call}
  0x0000022023b4e9f4: 0200 00e8 

  0x0000022023b4e9f8: ; ImmutableOopMap {}
                      ;*invokeinterface log {reexecute=0 rethrow=0 return_oop=0}
                      ; - sun.util.logging.PlatformLogger::fine@12 (line 449)
                      ; - java.awt.EventQueue::dispatchEventImpl@135 (line 737)
  0x0000022023b4e9f8: 6403 2a07 

  0x0000022023b4e9fc: ;   {post_call_nop}
  0x0000022023b4e9fc: 0f1f 8400 | 7417 000a | 4881 c4d0 | 0000 005d 

  0x0000022023b4ea0c: ;   {poll_return}
  0x0000022023b4ea0c: 493b 6728 | 0f87 3d0a | 0000 c344 | 8b42 3449 | c1e0 0349 | 3b00 498b 

  0x0000022023b4ea24: ;   {metadata(method data for {method} {0x0000022000186348} 'dispatchEventImpl' '(Ljava/awt/AWTEvent;Ljava/lang/Object;)V' in 'java/awt/EventQueue')}
  0x0000022023b4ea24: d048 bea0 | 9b83 0020 

  0x0000022023b4ea2c: ;   {metadata('java/awt/EventDispatchThread')}
  0x0000022023b4ea2c: 0200 0049 | bac0 920e | 3d20 0200 | 004c 8996 | 3805 0000 | 4883 8640 | 0500 0001 

  0x0000022023b4ea48: ;   {metadata(method data for {method} {0x00000220006a0378} 'stopDispatching' '()V' in 'java/awt/EventDispatchThread')}
  0x0000022023b4ea48: 48ba e8cf | 8300 2002 | 0000 8bb2 | cc00 0000 | 83c6 0289 | b2cc 0000 | 0081 e6fe | ff1f 0085 
  0x0000022023b4ea68: f60f 84ff | 0900 00ba | 0000 0000 | 4188 5070 | f083 4424 

  0x0000022023b4ea7c: ;   {metadata(method data for {method} {0x0000022000186348} 'dispatchEventImpl' '(Ljava/awt/AWTEvent;Ljava/lang/Object;)V' in 'java/awt/EventQueue')}
  0x0000022023b4ea7c: c000 49b8 | a09b 8300 | 2002 0000 | 41ff 8060 | 0500 0048 | 81c4 d000 

  0x0000022023b4ea94: ;   {poll_return}
  0x0000022023b4ea94: 0000 5d49 | 3b67 280f | 87ee 0900 | 00c3 4c8b | 8424 a800 | 0000 4d85 

  0x0000022023b4eaac: ;   {metadata(method data for {method} {0x0000022000186348} 'dispatchEventImpl' '(Ljava/awt/AWTEvent;Ljava/lang/Object;)V' in 'java/awt/EventQueue')}
  0x0000022023b4eaac: c948 bfa0 | 9b83 0020 | 0200 0075 | 0c80 8f11 | 0400 0001 | e9db 0000 | 0041 8b59 | 0849 ba00 
  0x0000022023b4eacc: 0000 3c20 | 0200 0049 | 03da 483b | 9f20 0400 | 0075 0d48 | 8387 2804 | 0000 01e9 | 6000 0000 
  0x0000022023b4eaec: 483b 9f30 | 0400 0075 | 0d48 8387 | 3804 0000 | 01e9 4a00 | 0000 4883 | bf20 0400 | 0000 7517 
  0x0000022023b4eb0c: 4889 9f20 | 0400 0048 | c787 2804 | 0000 0100 | 0000 e929 | 0000 0048 | 83bf 3004 | 0000 0075 
  0x0000022023b4eb2c: 1748 899f | 3004 0000 | 48c7 8738 | 0400 0001 | 0000 00e9 | 0800 0000 | 4883 8718 | 0400 0001 
  0x0000022023b4eb4c: 0f1f 4000 

  0x0000022023b4eb50: ;   {no_reloc}
  0x0000022023b4eb50: e95f 0900 | 0000 0000 | 0000 418b | 7908 49ba | 0000 003c | 2002 0000 | 4903 fa48 | 3bfb 0f84 
  0x0000022023b4eb70: 2c00 0000 | 8b73 1448 | 3b1c 370f | 841f 0000 | 0083 fe20 | 0f85 3409 | 0000 5753 

  0x0000022023b4eb8c: ;   {runtime_call C1 Runtime slow_subtype_check_blob}
  0x0000022023b4eb8c: e8af 2336 | 075f 5b85 | db0f 8423 | 0900 00e9 | 0000 0000 | 498b d166 | 9048 b848 | 52cf 3b20 
  0x0000022023b4ebac: ;   {virtual_call}
  0x0000022023b4ebac: 0200 00e8 

  0x0000022023b4ebb0: ; ImmutableOopMap {}
                      ;*invokevirtual dispatchEvent {reexecute=0 rethrow=0 return_oop=0}
                      ; - java.awt.EventQueue::dispatchEventImpl@81 (line 730)
  0x0000022023b4ebb0: ac01 2a07 

  0x0000022023b4ebb4: ;   {post_call_nop}
  0x0000022023b4ebb4: 0f1f 8400 | 2c19 000b 

  0x0000022023b4ebbc: ;   {metadata(method data for {method} {0x0000022000186348} 'dispatchEventImpl' '(Ljava/awt/AWTEvent;Ljava/lang/Object;)V' in 'java/awt/EventQueue')}
  0x0000022023b4ebbc: 49b8 a09b | 8300 2002 | 0000 41ff | 8078 0400 | 0048 81c4 | d000 0000 

  0x0000022023b4ebd4: ;   {poll_return}
  0x0000022023b4ebd4: 5d49 3b67 | 280f 87e8 | 0800 00c3 | 4c8b 8424 | a800 0000 

  0x0000022023b4ebe8: ;   {metadata(method data for {method} {0x0000022000186348} 'dispatchEventImpl' '(Ljava/awt/AWTEvent;Ljava/lang/Object;)V' in 'java/awt/EventQueue')}
  0x0000022023b4ebe8: 4d85 c948 | bfa0 9b83 | 0020 0200 | 0075 0c80 | 8f49 0300 | 0001 e9dd | 0000 0041 | 8b59 0849 
  0x0000022023b4ec08: ba00 0000 | 3c20 0200 | 0049 03da | 483b 9f58 | 0300 0075 | 0d48 8387 | 6003 0000 | 01e9 6000 
  0x0000022023b4ec28: 0000 483b | 9f68 0300 | 0075 0d48 | 8387 7003 | 0000 01e9 | 4a00 0000 | 4883 bf58 | 0300 0000 
  0x0000022023b4ec48: 7517 4889 | 9f58 0300 | 0048 c787 | 6003 0000 | 0100 0000 | e929 0000 | 0048 83bf | 6803 0000 
  0x0000022023b4ec68: 0075 1748 | 899f 6803 | 0000 48c7 | 8770 0300 | 0001 0000 | 00e9 0800 | 0000 4883 | 8750 0300 
  0x0000022023b4ec88: 0001 660f | 1f44 0000 

  0x0000022023b4ec90: ;   {no_reloc}
  0x0000022023b4ec90: e957 0800 | 0000 0000 | 0000 418b | 7908 49ba | 0000 003c | 2002 0000 | 4903 fa48 | 3bfb 0f84 
  0x0000022023b4ecb0: 2c00 0000 | 8b73 1448 | 3b1c 370f | 841f 0000 | 0083 fe20 | 0f85 2c08 | 0000 5753 

  0x0000022023b4eccc: ;   {runtime_call C1 Runtime slow_subtype_check_blob}
  0x0000022023b4eccc: e86f 2236 | 075f 5b85 | db0f 841b | 0800 00e9 | 0000 0000 | 498b d166 | 9048 b870 | 52cf 3b20 
  0x0000022023b4ecec: ;   {virtual_call}
  0x0000022023b4ecec: 0200 00e8 

  0x0000022023b4ecf0: ; ImmutableOopMap {}
                      ;*invokevirtual dispatchEvent {reexecute=0 rethrow=0 return_oop=0}
                      ; - java.awt.EventQueue::dispatchEventImpl@63 (line 728)
  0x0000022023b4ecf0: 6c00 2a07 

  0x0000022023b4ecf4: ;   {post_call_nop}
  0x0000022023b4ecf4: 0f1f 8400 | 6c1a 000c 

  0x0000022023b4ecfc: ;   {metadata(method data for {method} {0x0000022000186348} 'dispatchEventImpl' '(Ljava/awt/AWTEvent;Ljava/lang/Object;)V' in 'java/awt/EventQueue')}
  0x0000022023b4ecfc: 49b8 a09b | 8300 2002 | 0000 41ff | 80b0 0300 | 0048 81c4 | d000 0000 

  0x0000022023b4ed14: ;   {poll_return}
  0x0000022023b4ed14: 5d49 3b67 | 280f 87e0 | 0700 00c3 

  0x0000022023b4ed20: ;   {metadata(method data for {method} {0x0000022000186348} 'dispatchEventImpl' '(Ljava/awt/AWTEvent;Ljava/lang/Object;)V' in 'java/awt/EventQueue')}
  0x0000022023b4ed20: 488b f248 | bfa0 9b83 | 0020 0200 | 0048 8387 | 6001 0000 | 0149 8bf0 | 4c8b c60f 

  0x0000022023b4ed3c: ;   {optimized virtual_call}
  0x0000022023b4ed3c: 1f40 00e8 

  0x0000022023b4ed40: ; ImmutableOopMap {[168]=Oop }
                      ;*invokevirtual setCurrentEventAndMostRecentTimeImpl {reexecute=0 rethrow=0 return_oop=0}
                      ; - java.awt.EventQueue::dispatchEventImpl@14 (line 722)
  0x0000022023b4ed40: fc66 0b00 

  0x0000022023b4ed44: ;   {post_call_nop}
  0x0000022023b4ed44: 0f1f 8400 | bc1a 000d | 4c8b 8424 | a800 0000 

  0x0000022023b4ed54: ;   {metadata(method data for {method} {0x0000022000186348} 'dispatchEventImpl' '(Ljava/awt/AWTEvent;Ljava/lang/Object;)V' in 'java/awt/EventQueue')}
  0x0000022023b4ed54: 4d85 c048 | bfa0 9b83 | 0020 0200 | 0075 0c80 | 8f89 0100 | 0001 e9cb | 0000 0041 | 8b58 0849 
  0x0000022023b4ed74: ba00 0000 | 3c20 0200 | 0049 03da | 483b 9f98 | 0100 0075 | 0d48 8387 | a001 0000 | 01e9 6000 
  0x0000022023b4ed94: 0000 483b | 9fa8 0100 | 0075 0d48 | 8387 b001 | 0000 01e9 | 4a00 0000 | 4883 bf98 | 0100 0000 
  0x0000022023b4edb4: 7517 4889 | 9f98 0100 | 0048 c787 | a001 0000 | 0100 0000 | e929 0000 | 0048 83bf | a801 0000 
  0x0000022023b4edd4: 0075 1748 | 899f a801 | 0000 48c7 | 87b0 0100 | 0001 0000 | 00e9 0800 | 0000 4883 | 8790 0100 
  0x0000022023b4edf4: ;   {metadata('java/awt/ActiveEvent')}
  0x0000022023b4edf4: 0001 48bb | 58aa 6900 | 2002 0000 | 418b 7808 | 49ba 0000 | 003c 2002 | 0000 4903 | fa48 3b5f 
  0x0000022023b4ee14: 200f 841f | 0000 0048 | 3bfb 0f84 | 1600 0000 

  0x0000022023b4ee24: ;   {runtime_call C1 Runtime slow_subtype_check_blob}
  0x0000022023b4ee24: 5753 e815 | 2136 075f | 5f85 ff0f | 84e0 0600 | 00e9 0000 | 0000 498b | d048 3b02 

  0x0000022023b4ee40: ;   {metadata(method data for {method} {0x0000022000186348} 'dispatchEventImpl' '(Ljava/awt/AWTEvent;Ljava/lang/Object;)V' in 'java/awt/EventQueue')}
  0x0000022023b4ee40: 488b f248 | bfa0 9b83 | 0020 0200 | 008b 7608 | 49ba 0000 | 003c 2002 | 0000 4903 | f248 3bb7 
  0x0000022023b4ee60: c801 0000 | 750d 4883 | 87d0 0100 | 0001 e960 | 0000 0048 | 3bb7 d801 | 0000 750d | 4883 87e0 
  0x0000022023b4ee80: 0100 0001 | e94a 0000 | 0048 83bf | c801 0000 | 0075 1748 | 89b7 c801 | 0000 48c7 | 87d0 0100 
  0x0000022023b4eea0: 0001 0000 | 00e9 2900 | 0000 4883 | bfd8 0100 | 0000 7517 | 4889 b7d8 | 0100 0048 | c787 e001 
  0x0000022023b4eec0: 0000 0100 | 0000 e908 | 0000 0048 | 8387 c001 | 0000 0166 | 9048 b898 | 52cf 3b20 

  0x0000022023b4eedc: ;   {virtual_call}
  0x0000022023b4eedc: 0200 00e8 

  0x0000022023b4eee0: ; ImmutableOopMap {}
                      ;*invokeinterface dispatch {reexecute=0 rethrow=0 return_oop=0}
                      ; - java.awt.EventQueue::dispatchEventImpl@21 (line 723)
  0x0000022023b4eee0: 7cdd 3607 

  0x0000022023b4eee4: ;   {post_call_nop}
  0x0000022023b4eee4: 0f1f 8400 | 5c1c 000e 

  0x0000022023b4eeec: ;   {metadata(method data for {method} {0x0000022000186348} 'dispatchEventImpl' '(Ljava/awt/AWTEvent;Ljava/lang/Object;)V' in 'java/awt/EventQueue')}
  0x0000022023b4eeec: 48ba a09b | 8300 2002 | 0000 ff82 | f001 0000 | 4881 c4d0 | 0000 005d 

  0x0000022023b4ef04: ;   {poll_return}
  0x0000022023b4ef04: 493b 6728 | 0f87 1506 | 0000 c390 

  0x0000022023b4ef10: ;   {no_reloc}
  0x0000022023b4ef10: e933 0600 | 0000 0000 | 0000 80ba | 4001 0000 | 040f 8530 | 0600 0049 | 8b87 c801 | 0000 488d 
  0x0000022023b4ef30: 7828 493b | bfd8 0100 | 000f 8718 | 0600 0049 | 89bf c801 | 0000 48c7 | 0001 0000 | 0048 8bca 
  0x0000022023b4ef50: 49ba 0000 | 003c 2002 | 0000 492b | ca89 4808 | 4833 c989 | 480c 4833 | c948 8948 | 1048 8948 
  0x0000022023b4ef70: 1848 8948 | 2048 8bd0 

  0x0000022023b4ef78: ;   {metadata(method data for {method} {0x000002203c44ab28} 'lookup' '()Ljava/lang/invoke/MethodHandles$Lookup;' in 'java/lang/invoke/MethodHandles')}
  0x0000022023b4ef78: 48be 2061 | 6b00 2002 | 0000 4883 | 8640 0100 

  0x0000022023b4ef88: ;   {oop("no caller frame"{0x00000007ffe27160})}
  0x0000022023b4ef88: 0001 49b8 | 6071 e2ff | 0700 0000 | 488b d048 | 8984 24c0 

  0x0000022023b4ef9c: ;   {optimized virtual_call}
  0x0000022023b4ef9c: 0000 00e8 

  0x0000022023b4efa0: ; ImmutableOopMap {[168]=Oop [192]=Oop }
                      ;*invokespecial <init> {reexecute=0 rethrow=0 return_oop=0}
                      ; - java.lang.invoke.MethodHandles::lookup@14 (line 128)
                      ; - sun.awt.AWTAccessor::ensureClassInitialized@0 (line 1464)
                      ; - sun.awt.AWTAccessor::getInputEventAccessor@10 (line 963)
                      ; - java.awt.AWTEvent::dispatched@7 (line 571)
                      ; - java.awt.EventQueue::dispatchEventImpl@45 (line 726)
  0x0000022023b4efa0: bcfa 2907 

  0x0000022023b4efa4: ;   {post_call_nop}
  0x0000022023b4efa4: 0f1f 8400 | 1c1d 000f | 488b 8424 | c000 0000 | e93a 0600 | 0049 8b87 | 0805 0000 | 4d33 d24d 
  0x0000022023b4efc4: 8997 0805 | 0000 4d33 | d24d 8997 | 1005 0000 

  0x0000022023b4efd4: ;   {oop(a 'java/lang/Class'{0x0000000715782f60} = 'sun/awt/AWTAccessor')}
  0x0000022023b4efd4: 48be 602f | 7815 0700 | 0000 8bb6 | 8400 0000 | 48c1 e603 | 4c8b 8424 | a800 0000 

  0x0000022023b4eff0: ;   {metadata(method data for {method} {0x00000220000d76c8} 'dispatched' '()V' in 'java/awt/AWTEvent')}
  0x0000022023b4eff0: 4d85 c048 | b888 b683 | 0020 0200 | 0075 0c80 | 8869 0100 | 0001 e9b1 | 0000 0041 | 8b50 0849 
  0x0000022023b4f010: ba00 0000 | 3c20 0200 | 0049 03d2 | 483b 9078 | 0100 0075 | 0d48 8380 | 8001 0000 | 01e9 6000 
  0x0000022023b4f030: 0000 483b | 9088 0100 | 0075 0d48 | 8380 9001 | 0000 01e9 | 4a00 0000 | 4883 b878 | 0100 0000 
  0x0000022023b4f050: 7517 4889 | 9078 0100 | 0048 c780 | 8001 0000 | 0100 0000 | e929 0000 | 0048 83b8 | 8801 0000 
  0x0000022023b4f070: 0075 1748 | 8990 8801 | 0000 48c7 | 8090 0100 | 0001 0000 | 00e9 0800 | 0000 4883 | 8070 0100 
  0x0000022023b4f090: ;   {metadata('java/awt/event/InputEvent')}
  0x0000022023b4f090: 0001 48ba | d8b0 1000 | 2002 0000 | 418b 4008 | 49ba 0000 | 003c 2002 | 0000 4903 | c248 3b50 
  0x0000022023b4f0b0: 500f 85ad | 0400 00e9 | 0000 0000 | 498b f848 | 85f6 0f84 | 2900 0000 

  0x0000022023b4f0c8: ;   {metadata('java/awt/event/InputEvent$1')}
  0x0000022023b4f0c8: 48b9 b023 | 053d 2002 | 0000 8b56 | 0849 ba00 | 0000 3c20 | 0200 0049 | 03d2 483b | 4a38 0f85 
  0x0000022023b4f0e8: 8104 0000 | e900 0000 | 0048 8bde 

  0x0000022023b4f0f4: ; implicit exception: dispatches to 0x0000022023b4f572
                      ;   {metadata(method data for {method} {0x00000220000d76c8} 'dispatched' '()V' in 'java/awt/AWTEvent')}
  0x0000022023b4f0f4: 483b 0648 | bb88 b683 | 0020 0200 

  0x0000022023b4f100: ;   {metadata('java/awt/event/InputEvent$1')}
  0x0000022023b4f100: 0049 bab0 | 2305 3d20 | 0200 004c | 8993 a801 | 0000 4883 | 83b0 0100 

  0x0000022023b4f118: ;   {metadata(method data for {method} {0x000002200010db50} 'setCanAccessSystemClipboard' '(Ljava/awt/event/InputEvent;Z)V' in 'java/awt/event/InputEvent$1')}
  0x0000022023b4f118: 0001 48be | 00cd 8300 | 2002 0000 | 8b9e cc00 | 0000 83c3 | 0289 9ecc | 0000 0081 | e3fe ff1f 
  0x0000022023b4f138: 0085 db0f | 8436 0400 | 00be 0000 | 0000 4885 | ff0f 8449 | 0400 0090 

  0x0000022023b4f150: ; implicit exception: dispatches to 0x0000022023b4f5a5
  0x0000022023b4f150: 4088 b728 

  0x0000022023b4f154: ;   {metadata(method data for {method} {0x0000022000186348} 'dispatchEventImpl' '(Ljava/awt/AWTEvent;Ljava/lang/Object;)V' in 'java/awt/EventQueue')}
  0x0000022023b4f154: 0000 0048 | bea0 9b83 | 0020 0200 | 00ff 86e8 | 0200 0048 | 81c4 d000 

  0x0000022023b4f16c: ;   {poll_return}
  0x0000022023b4f16c: 0000 5d49 | 3b67 280f | 8747 0400 

  0x0000022023b4f178: ;   {metadata({method} {0x0000022000186348} 'dispatchEventImpl' '(Ljava/awt/AWTEvent;Ljava/lang/Object;)V' in 'java/awt/EventQueue')}
  0x0000022023b4f178: 00c3 49ba | 4063 1800 | 2002 0000 | 4c89 5424 | 0848 c704 | 24ff ffff 

  0x0000022023b4f190: ;   {runtime_call C1 Runtime counter_overflow_blob}
  0x0000022023b4f190: ffe8 ca44 

  0x0000022023b4f194: ; ImmutableOopMap {rdx=Oop r8=Oop r9=Oop [168]=Oop }
                      ;*synchronization entry
                      ; - java.awt.EventQueue::dispatchEventImpl@-1 (line 719)
  0x0000022023b4f194: 3607 e9f3 

  0x0000022023b4f198: ;   {runtime_call C1 Runtime throw_null_pointer_exception_blob}
  0x0000022023b4f198: e4ff ffe8 

  0x0000022023b4f19c: ; ImmutableOopMap {rdx=Oop r8=Oop r9=Oop [168]=Oop }
                      ;*putfield isPosted {reexecute=1 rethrow=0 return_oop=0}
                      ; - (reexecute) java.awt.EventQueue::dispatchEventImpl@2 (line 719)
  0x0000022023b4f19c: c0f3 3507 | 4c89 0c24 

  0x0000022023b4f1a4: ;   {runtime_call C1 Runtime throw_class_cast_exception_blob}
  0x0000022023b4f1a4: e8b7 1736 

  0x0000022023b4f1a8: ; ImmutableOopMap {r8=Oop [168]=Oop }
                      ;*checkcast {reexecute=0 rethrow=0 return_oop=0}
                      ; - java.awt.EventQueue::dispatchEventImpl@37 (line 725)
                      ;   {runtime_call C1 Runtime throw_null_pointer_exception_blob}
  0x0000022023b4f1a8: 07e8 b2f3 

  0x0000022023b4f1ac: ; ImmutableOopMap {r8=Oop rdx=Oop [168]=Oop }
                      ;*invokevirtual dispatchEvent {reexecute=0 rethrow=0 return_oop=0}
                      ; - java.awt.EventQueue::dispatchEventImpl@41 (line 725)
                      ;   {metadata({method} {0x00000220000855a8} 'dispatchEvent' '(Ljava/awt/AWTEvent;)V' in 'java/awt/Component')}
  0x0000022023b4f1ac: 3507 49ba | a055 0800 | 2002 0000 | 4c89 5424 | 0848 c704 | 24ff ffff 

  0x0000022023b4f1c4: ;   {runtime_call C1 Runtime counter_overflow_blob}
  0x0000022023b4f1c4: ffe8 9644 

  0x0000022023b4f1c8: ; ImmutableOopMap {r8=Oop rdx=Oop [168]=Oop }
                      ;*synchronization entry
                      ; - java.awt.Component::dispatchEvent@-1 (line 4790)
                      ; - java.awt.EventQueue::dispatchEventImpl@41 (line 725)
  0x0000022023b4f1c8: 3607 e96a 

  0x0000022023b4f1cc: ;   {metadata({method} {0x00000220000d76c8} 'dispatched' '()V' in 'java/awt/AWTEvent')}
  0x0000022023b4f1cc: e8ff ff49 | bac0 760d | 0020 0200 | 004c 8954 | 2408 48c7 | 0424 ffff 

  0x0000022023b4f1e4: ;   {runtime_call C1 Runtime counter_overflow_blob}
  0x0000022023b4f1e4: ffff e875 

  0x0000022023b4f1e8: ; ImmutableOopMap {[168]=Oop }
                      ;*synchronization entry
                      ; - java.awt.AWTEvent::dispatched@-1 (line 570)
                      ; - java.awt.EventQueue::dispatchEventImpl@45 (line 726)
  0x0000022023b4f1e8: 4436 07e9 | bce9 ffff 

  0x0000022023b4f1f0: ;   {metadata({method} {0x00000220000f1880} 'getInputEventAccessor' '()Lsun/awt/AWTAccessor$InputEventAccessor;' in 'sun/awt/AWTAccessor')}
  0x0000022023b4f1f0: 49ba 7818 | 0f00 2002 | 0000 4c89 | 5424 0848 | c704 24ff 

  0x0000022023b4f204: ;   {runtime_call C1 Runtime counter_overflow_blob}
  0x0000022023b4f204: ffff ffe8 

  0x0000022023b4f208: ; ImmutableOopMap {r8=Oop [168]=Oop }
                      ;*synchronization entry
                      ; - sun.awt.AWTAccessor::getInputEventAccessor@-1 (line 961)
                      ; - java.awt.AWTEvent::dispatched@7 (line 571)
                      ; - java.awt.EventQueue::dispatchEventImpl@45 (line 726)
  0x0000022023b4f208: 5444 3607 | e9dc eaff 

  0x0000022023b4f210: ;   {metadata({method} {0x00000220000f4040} 'ensureClassInitialized' '(Ljava/lang/Class;)V' in 'sun/awt/AWTAccessor')}
  0x0000022023b4f210: ff49 ba38 | 400f 0020 | 0200 004c | 8954 2408 | 48c7 0424 | ffff ffff 

  0x0000022023b4f228: ;   {runtime_call C1 Runtime counter_overflow_blob}
  0x0000022023b4f228: e833 4436 

  0x0000022023b4f22c: ; ImmutableOopMap {[168]=Oop }
                      ;*synchronization entry
                      ; - sun.awt.AWTAccessor::ensureClassInitialized@-1 (line 1464)
                      ; - sun.awt.AWTAccessor::getInputEventAccessor@10 (line 963)
                      ; - java.awt.AWTEvent::dispatched@7 (line 571)
                      ; - java.awt.EventQueue::dispatchEventImpl@45 (line 726)
  0x0000022023b4f22c: 07e9 33eb 

  0x0000022023b4f230: ;   {metadata({method} {0x000002203c44ab28} 'lookup' '()Ljava/lang/invoke/MethodHandles$Lookup;' in 'java/lang/invoke/MethodHandles')}
  0x0000022023b4f230: ffff 49ba | 20ab 443c | 2002 0000 | 4c89 5424 | 0848 c704 | 24ff ffff 

  0x0000022023b4f248: ;   {runtime_call C1 Runtime counter_overflow_blob}
  0x0000022023b4f248: ffe8 1244 

  0x0000022023b4f24c: ; ImmutableOopMap {[168]=Oop }
                      ;*synchronization entry
                      ; - java.lang.invoke.MethodHandles::lookup@-1 (line 126)
                      ; - sun.awt.AWTAccessor::ensureClassInitialized@0 (line 1464)
                      ; - sun.awt.AWTAccessor::getInputEventAccessor@10 (line 963)
                      ; - java.awt.AWTEvent::dispatched@7 (line 571)
                      ; - java.awt.EventQueue::dispatchEventImpl@45 (line 726)
  0x0000022023b4f24c: 3607 e94b | ebff ff48 

  0x0000022023b4f254: ;   {runtime_call C1 Runtime fast_new_instance_blob}
  0x0000022023b4f254: 8bd2 e805 

  0x0000022023b4f258: ; ImmutableOopMap {r8=Oop [168]=Oop }
                      ;*new {reexecute=0 rethrow=0 return_oop=0}
                      ; - java.lang.invoke.MethodHandles::lookup@18 (line 130)
                      ; - sun.awt.AWTAccessor::ensureClassInitialized@0 (line 1464)
                      ; - sun.awt.AWTAccessor::getInputEventAccessor@10 (line 963)
                      ; - java.awt.AWTEvent::dispatched@7 (line 571)
                      ; - java.awt.EventQueue::dispatchEventImpl@45 (line 726)
  0x0000022023b4f258: fc35 07e9 | e6eb ffff 

  0x0000022023b4f260: ;   {metadata({method} {0x000002203c44edd8} '<init>' '(Ljava/lang/Class;)V' in 'java/lang/invoke/MethodHandles$Lookup')}
  0x0000022023b4f260: 49ba d0ed | 443c 2002 | 0000 4c89 | 5424 0848 | c704 24ff 

  0x0000022023b4f274: ;   {runtime_call C1 Runtime counter_overflow_blob}
  0x0000022023b4f274: ffff ffe8 

  0x0000022023b4f278: ; ImmutableOopMap {r8=Oop rax=Oop [168]=Oop }
                      ;*synchronization entry
                      ; - java.lang.invoke.MethodHandles$Lookup::<init>@-1 (line 1534)
                      ; - java.lang.invoke.MethodHandles::lookup@23 (line 130)
                      ; - sun.awt.AWTAccessor::ensureClassInitialized@0 (line 1464)
                      ; - sun.awt.AWTAccessor::getInputEventAccessor@10 (line 963)
                      ; - java.awt.AWTEvent::dispatched@7 (line 571)
                      ; - java.awt.EventQueue::dispatchEventImpl@45 (line 726)
  0x0000022023b4f278: e443 3607 | e903 ecff 

  0x0000022023b4f280: ;   {metadata(nullptr)}
  0x0000022023b4f280: ff48 b800 | 0000 0000 | 0000 00b8 | 000f 050a 

  0x0000022023b4f290: ;   {runtime_call C1 Runtime load_klass_patching_blob}
  0x0000022023b4f290: e84b 3336 

  0x0000022023b4f294: ; ImmutableOopMap {rdx=Oop r9=Oop [168]=Oop }
                      ;*instanceof {reexecute=1 rethrow=0 return_oop=0}
                      ; - (reexecute) java.awt.EventQueue::dispatchEventImpl@52 (line 727)
  0x0000022023b4f294: 07e9 9eed 

  0x0000022023b4f298: ;   {metadata(nullptr)}
  0x0000022023b4f298: ffff 48b8 | 0000 0000 | 0000 0000 | b800 0f05 

  0x0000022023b4f2a8: ;   {runtime_call C1 Runtime load_klass_patching_blob}
  0x0000022023b4f2a8: 0ae8 3233 

  0x0000022023b4f2ac: ; ImmutableOopMap {rdx=Oop r9=Oop [168]=Oop }
                      ;*instanceof {reexecute=1 rethrow=0 return_oop=0}
                      ; - (reexecute) java.awt.EventQueue::dispatchEventImpl@70 (line 729)
  0x0000022023b4f2ac: 3607 e9ad 

  0x0000022023b4f2b0: ;   {metadata({method} {0x0000022000185980} 'noEvents' '()Z' in 'java/awt/EventQueue')}
  0x0000022023b4f2b0: eeff ff49 | ba78 5918 | 0020 0200 | 004c 8954 | 2408 48c7 | 0424 ffff 

  0x0000022023b4f2c8: ;   {runtime_call C1 Runtime counter_overflow_blob}
  0x0000022023b4f2c8: ffff e891 

  0x0000022023b4f2cc: ; ImmutableOopMap {rdx=Oop }
                      ;*synchronization entry
                      ; - java.awt.EventQueue::noEvents@-1 (line 520)
                      ; - java.awt.EventQueue::dispatchEventImpl@95 (line 732)
  0x0000022023b4f2cc: 4336 07e9 | 4bf0 ffff 

  0x0000022023b4f2d4: ;   {runtime_call C1 Runtime throw_null_pointer_exception_blob}
  0x0000022023b4f2d4: e887 f235 

  0x0000022023b4f2d8: ; ImmutableOopMap {rdx=Oop rdi=Oop }
                      ;*aaload {reexecute=0 rethrow=0 return_oop=0}
                      ; - java.awt.EventQueue::noEvents@12 (line 521)
                      ; - java.awt.EventQueue::dispatchEventImpl@95 (line 732)
                      ;   {runtime_call C1 Runtime throw_null_pointer_exception_blob}
  0x0000022023b4f2d8: 07e8 82f2 

  0x0000022023b4f2dc: ; ImmutableOopMap {rdx=Oop rdi=Oop }
                      ;*aaload {reexecute=0 rethrow=0 return_oop=0}
                      ; - java.awt.EventQueue::noEvents@12 (line 521)
                      ; - java.awt.EventQueue::dispatchEventImpl@95 (line 732)
  0x0000022023b4f2dc: 3507 4889 | 3424 4889 

  0x0000022023b4f2e4: ;   {runtime_call C1 Runtime throw_range_check_failed_blob}
  0x0000022023b4f2e4: 7c24 08e8 

  0x0000022023b4f2e8: ; ImmutableOopMap {rdx=Oop rdi=Oop }
                      ;*aaload {reexecute=0 rethrow=0 return_oop=0}
                      ; - java.awt.EventQueue::noEvents@12 (line 521)
                      ; - java.awt.EventQueue::dispatchEventImpl@95 (line 732)
  0x0000022023b4f2e8: 74e9 3507 

  0x0000022023b4f2ec: ;   {runtime_call C1 Runtime throw_null_pointer_exception_blob}
  0x0000022023b4f2ec: e86f f235 

  0x0000022023b4f2f0: ; ImmutableOopMap {rdx=Oop }
                      ;*getfield head {reexecute=1 rethrow=0 return_oop=0}
                      ; - (reexecute) java.awt.EventQueue::noEvents@13 (line 521)
                      ; - java.awt.EventQueue::dispatchEventImpl@95 (line 732)
                      ;   {metadata({method} {0x0000022000185980} 'noEvents' '()Z' in 'java/awt/EventQueue')}
  0x0000022023b4f2f0: 0749 ba78 | 5918 0020 | 0200 004c | 8954 2408 | 48c7 0424 | 1800 0000 

  0x0000022023b4f308: ;   {runtime_call C1 Runtime counter_overflow_blob}
  0x0000022023b4f308: e853 4336 

  0x0000022023b4f30c: ; ImmutableOopMap {rdx=Oop }
                      ;*goto {reexecute=1 rethrow=0 return_oop=0}
                      ; - (reexecute) java.awt.EventQueue::noEvents@24 (line 520)
                      ; - java.awt.EventQueue::dispatchEventImpl@95 (line 732)
  0x0000022023b4f30c: 07e9 94f0 

  0x0000022023b4f310: ;   {metadata({method} {0x0000022000184750} 'getEventLog' '()Lsun/util/logging/PlatformLogger;' in 'java/awt/EventQueue')}
  0x0000022023b4f310: ffff 49ba | 4847 1800 | 2002 0000 | 4c89 5424 | 0848 c704 | 24ff ffff 

  0x0000022023b4f328: ;   {runtime_call C1 Runtime counter_overflow_blob}
  0x0000022023b4f328: ffe8 3243 

  0x0000022023b4f32c: ; ImmutableOopMap {[168]=Oop }
                      ;*synchronization entry
                      ; - java.awt.EventQueue::getEventLog@-1 (line 180)
                      ; - java.awt.EventQueue::dispatchEventImpl@111 (line 736)
  0x0000022023b4f32c: 3607 e931 | f1ff ff41 | 8b50 7848 | c1e2 0348 | 83fa 000f | 849e f1ff | ff48 8914 

  0x0000022023b4f348: ;   {runtime_call g1_pre_barrier_slow}
  0x0000022023b4f348: 24e8 1249 | 3607 e990 | f1ff ff48 | 83f8 000f | 84ab f1ff | ff4c 8904 

  0x0000022023b4f360: ;   {runtime_call g1_post_barrier_slow}
  0x0000022023b4f360: 24e8 fa4b | 3607 e99d 

  0x0000022023b4f368: ;   {runtime_call C1 Runtime throw_null_pointer_exception_blob}
  0x0000022023b4f368: f1ff ffe8 

  0x0000022023b4f36c: ; ImmutableOopMap {r8=Oop [168]=Oop }
                      ;*invokevirtual isLoggable {reexecute=0 rethrow=0 return_oop=0}
                      ; - java.awt.EventQueue::dispatchEventImpl@117 (line 736)
  0x0000022023b4f36c: f0f1 3507 

  0x0000022023b4f370: ;   {metadata({method} {0x00000220000d8ed8} 'isLoggable' '(Lsun/util/logging/PlatformLogger$Level;)Z' in 'sun/util/logging/PlatformLogger')}
  0x0000022023b4f370: 49ba d08e | 0d00 2002 | 0000 4c89 | 5424 0848 | c704 24ff 

  0x0000022023b4f384: ;   {runtime_call C1 Runtime counter_overflow_blob}
  0x0000022023b4f384: ffff ffe8 

  0x0000022023b4f388: ; ImmutableOopMap {r8=Oop [168]=Oop }
                      ;*synchronization entry
                      ; - sun.util.logging.PlatformLogger::isLoggable@-1 (line 336)
                      ; - java.awt.EventQueue::dispatchEventImpl@117 (line 736)
  0x0000022023b4f388: d442 3607 | e9d9 f1ff 

  0x0000022023b4f390: ;   {runtime_call C1 Runtime throw_null_pointer_exception_blob}
  0x0000022023b4f390: ffe8 caf1 

  0x0000022023b4f394: ; ImmutableOopMap {rdx=Oop [168]=Oop }
                      ;*invokeinterface isLoggable {reexecute=0 rethrow=0 return_oop=0}
                      ; - sun.util.logging.PlatformLogger::isLoggable@17 (line 340)
                      ; - java.awt.EventQueue::dispatchEventImpl@117 (line 736)
                      ;   {metadata({method} {0x0000022000184750} 'getEventLog' '()Lsun/util/logging/PlatformLogger;' in 'java/awt/EventQueue')}
  0x0000022023b4f394: 3507 49ba | 4847 1800 | 2002 0000 | 4c89 5424 | 0848 c704 | 24ff ffff 

  0x0000022023b4f3ac: ;   {runtime_call C1 Runtime counter_overflow_blob}
  0x0000022023b4f3ac: ffe8 ae42 

  0x0000022023b4f3b0: ; ImmutableOopMap {[168]=Oop }
                      ;*synchronization entry
                      ; - java.awt.EventQueue::getEventLog@-1 (line 180)
                      ; - java.awt.EventQueue::dispatchEventImpl@123 (line 737)
  0x0000022023b4f3b0: 3607 e9eb | f2ff ff8b | 7278 48c1 | e603 4883 | fe00 0f84 | 5bf3 ffff | 4889 3424 

  0x0000022023b4f3cc: ;   {runtime_call g1_pre_barrier_slow}
  0x0000022023b4f3cc: e88f 4836 | 07e9 4df3 | ffff 4883 | f800 0f84 | 68f3 ffff | 4889 1424 

  0x0000022023b4f3e4: ;   {runtime_call g1_post_barrier_slow}
  0x0000022023b4f3e4: e877 4b36 | 07e9 5af3 

  0x0000022023b4f3ec: ;   {metadata({method} {0x000002203c47e890} 'valueOf' '(Ljava/lang/Object;)Ljava/lang/String;' in 'java/lang/String')}
  0x0000022023b4f3ec: ffff 49ba | 88e8 473c | 2002 0000 | 4c89 5424 | 0848 c704 | 24ff ffff 

  0x0000022023b4f404: ;   {runtime_call C1 Runtime counter_overflow_blob}
  0x0000022023b4f404: ffe8 5642 

  0x0000022023b4f408: ; ImmutableOopMap {rsi=Oop r8=Oop [168]=Oop [184]=Oop }
                      ;*synchronization entry
                      ; - java.lang.String::valueOf@-1 (line 4543)
                      ; - java.awt.EventQueue::dispatchEventImpl@127 (line 737)
  0x0000022023b4f408: 3607 e993 | f3ff ff49 | b800 0000 | 0000 0000 | 00b8 000f 

  0x0000022023b4f41c: ;   {runtime_call C1 Runtime load_appendix_patching_blob}
  0x0000022023b4f41c: 050a e8bd 

  0x0000022023b4f420: ; ImmutableOopMap {rdi=Oop [184]=Oop }
                      ;*invokedynamic {reexecute=1 rethrow=0 return_oop=0}
                      ; - (reexecute) java.awt.EventQueue::dispatchEventImpl@130 (line 737)
  0x0000022023b4f420: 3a36 07e9 | 70f4 ffff 

  0x0000022023b4f428: ;   {runtime_call C1 Runtime throw_null_pointer_exception_blob}
  0x0000022023b4f428: e833 f135 

  0x0000022023b4f42c: ; ImmutableOopMap {rax=Oop rsi=Oop [184]=Oop }
                      ;*invokevirtual fine {reexecute=0 rethrow=0 return_oop=0}
                      ; - java.awt.EventQueue::dispatchEventImpl@135 (line 737)
                      ;   {metadata({method} {0x00000220000d9b30} 'fine' '(Ljava/lang/String;)V' in 'sun/util/logging/PlatformLogger')}
  0x0000022023b4f42c: 0749 ba28 | 9b0d 0020 | 0200 004c | 8954 2408 | 48c7 0424 | ffff ffff 

  0x0000022023b4f444: ;   {runtime_call C1 Runtime counter_overflow_blob}
  0x0000022023b4f444: e817 4236 

  0x0000022023b4f448: ; ImmutableOopMap {rax=Oop rsi=Oop [184]=Oop }
                      ;*synchronization entry
                      ; - sun.util.logging.PlatformLogger::fine@-1 (line 449)
                      ; - java.awt.EventQueue::dispatchEventImpl@135 (line 737)
  0x0000022023b4f448: 07e9 e4f4 

  0x0000022023b4f44c: ;   {runtime_call C1 Runtime throw_null_pointer_exception_blob}
  0x0000022023b4f44c: ffff e80d 

  0x0000022023b4f450: ; ImmutableOopMap {rax=Oop rdx=Oop }
                      ;*invokeinterface log {reexecute=0 rethrow=0 return_oop=0}
                      ; - sun.util.logging.PlatformLogger::fine@12 (line 449)
                      ; - java.awt.EventQueue::dispatchEventImpl@135 (line 737)
                      ;   {internal_word}
  0x0000022023b4f450: f135 0749 | ba0c eab4 | 2320 0200 | 004d 8997 | 6004 0000 

  0x0000022023b4f464: ;   {runtime_call SafepointBlob}
  0x0000022023b4f464: e977 682a 

  0x0000022023b4f468: ;   {runtime_call C1 Runtime throw_null_pointer_exception_blob}
  0x0000022023b4f468: 07e8 f2f0 

  0x0000022023b4f46c: ; ImmutableOopMap {r8=Oop }
                      ;*invokevirtual stopDispatching {reexecute=0 rethrow=0 return_oop=0}
                      ; - java.awt.EventQueue::dispatchEventImpl@105 (line 733)
                      ;   {metadata({method} {0x00000220006a0378} 'stopDispatching' '()V' in 'java/awt/EventDispatchThread')}
  0x0000022023b4f46c: 3507 49ba | 7003 6a00 | 2002 0000 | 4c89 5424 | 0848 c704 | 24ff ffff 

  0x0000022023b4f484: ;   {runtime_call C1 Runtime counter_overflow_blob}
  0x0000022023b4f484: ffe8 d641 

  0x0000022023b4f488: ; ImmutableOopMap {r8=Oop }
                      ;*synchronization entry
                      ; - java.awt.EventDispatchThread::stopDispatching@-1 (line 85)
                      ; - java.awt.EventQueue::dispatchEventImpl@105 (line 733)
  0x0000022023b4f488: 3607 e9e0 

  0x0000022023b4f48c: ;   {internal_word}
  0x0000022023b4f48c: f5ff ff49 | ba97 eab4 | 2320 0200 | 004d 8997 | 6004 0000 

  0x0000022023b4f4a0: ;   {runtime_call SafepointBlob}
  0x0000022023b4f4a0: e93b 682a 

  0x0000022023b4f4a4: ;   {metadata(nullptr)}
  0x0000022023b4f4a4: 0748 bb00 | 0000 0000 | 0000 00b8 | 000f 050a 

  0x0000022023b4f4b4: ;   {runtime_call C1 Runtime load_klass_patching_blob}
  0x0000022023b4f4b4: e827 3136 

  0x0000022023b4f4b8: ; ImmutableOopMap {r9=Oop r8=Oop [168]=Oop }
                      ;*checkcast {reexecute=1 rethrow=0 return_oop=0}
                      ; - (reexecute) java.awt.EventQueue::dispatchEventImpl@77 (line 730)
  0x0000022023b4f4b8: 07e9 92f6 | ffff 4c89 

  0x0000022023b4f4c0: ;   {runtime_call C1 Runtime throw_class_cast_exception_blob}
  0x0000022023b4f4c0: 0c24 e899 

  0x0000022023b4f4c4: ; ImmutableOopMap {r9=Oop r8=Oop [168]=Oop }
                      ;*checkcast {reexecute=0 rethrow=0 return_oop=0}
                      ; - java.awt.EventQueue::dispatchEventImpl@77 (line 730)
                      ;   {internal_word}
  0x0000022023b4f4c4: 1436 0749 | bad5 ebb4 | 2320 0200 | 004d 8997 | 6004 0000 

  0x0000022023b4f4d8: ;   {runtime_call SafepointBlob}
  0x0000022023b4f4d8: e903 682a 

  0x0000022023b4f4dc: ;   {metadata(nullptr)}
  0x0000022023b4f4dc: 0748 bb00 | 0000 0000 | 0000 00b8 | 000f 050a 

  0x0000022023b4f4ec: ;   {runtime_call C1 Runtime load_klass_patching_blob}
  0x0000022023b4f4ec: e8ef 3036 

  0x0000022023b4f4f0: ; ImmutableOopMap {r9=Oop r8=Oop [168]=Oop }
                      ;*checkcast {reexecute=1 rethrow=0 return_oop=0}
                      ; - (reexecute) java.awt.EventQueue::dispatchEventImpl@59 (line 728)
  0x0000022023b4f4f0: 07e9 9af7 | ffff 4c89 

  0x0000022023b4f4f8: ;   {runtime_call C1 Runtime throw_class_cast_exception_blob}
  0x0000022023b4f4f8: 0c24 e861 

  0x0000022023b4f4fc: ; ImmutableOopMap {r9=Oop r8=Oop [168]=Oop }
                      ;*checkcast {reexecute=0 rethrow=0 return_oop=0}
                      ; - java.awt.EventQueue::dispatchEventImpl@59 (line 728)
                      ;   {internal_word}
  0x0000022023b4f4fc: 1436 0749 | ba15 edb4 | 2320 0200 | 004d 8997 | 6004 0000 

  0x0000022023b4f510: ;   {runtime_call SafepointBlob}
  0x0000022023b4f510: e9cb 672a | 074c 8904 

  0x0000022023b4f518: ;   {runtime_call C1 Runtime throw_class_cast_exception_blob}
  0x0000022023b4f518: 24e8 4214 

  0x0000022023b4f51c: ; ImmutableOopMap {}
                      ;*checkcast {reexecute=0 rethrow=0 return_oop=0}
                      ; - java.awt.EventQueue::dispatchEventImpl@18 (line 723)
                      ;   {runtime_call C1 Runtime throw_null_pointer_exception_blob}
  0x0000022023b4f51c: 3607 e83d 

  0x0000022023b4f520: ; ImmutableOopMap {rdx=Oop }
                      ;*invokeinterface dispatch {reexecute=0 rethrow=0 return_oop=0}
                      ; - java.awt.EventQueue::dispatchEventImpl@21 (line 723)
                      ;   {internal_word}
  0x0000022023b4f520: f035 0749 | ba04 efb4 | 2320 0200 | 004d 8997 | 6004 0000 

  0x0000022023b4f534: ;   {runtime_call SafepointBlob}
  0x0000022023b4f534: e9a7 672a 

  0x0000022023b4f538: ;   {metadata(nullptr)}
  0x0000022023b4f538: 0748 ba00 | 0000 0000 | 0000 00b8 | 000f 050a 

  0x0000022023b4f548: ;   {runtime_call C1 Runtime load_klass_patching_blob}
  0x0000022023b4f548: e893 3036 

  0x0000022023b4f54c: ; ImmutableOopMap {[168]=Oop }
                      ;*new {reexecute=1 rethrow=0 return_oop=0}
                      ; - (reexecute) java.lang.invoke.MethodHandles::lookup@8 (line 128)
                      ; - sun.awt.AWTAccessor::ensureClassInitialized@0 (line 1464)
                      ; - sun.awt.AWTAccessor::getInputEventAccessor@10 (line 963)
                      ; - java.awt.AWTEvent::dispatched@7 (line 571)
                      ; - java.awt.EventQueue::dispatchEventImpl@45 (line 726)
  0x0000022023b4f54c: 07e9 bef9 

  0x0000022023b4f550: ;   {runtime_call C1 Runtime throw_null_pointer_exception_blob}
  0x0000022023b4f550: ffff e809 

  0x0000022023b4f554: ; ImmutableOopMap {[168]=Oop }
                      ;*new {reexecute=0 rethrow=0 return_oop=0}
                      ; - java.lang.invoke.MethodHandles::lookup@8 (line 128)
                      ; - sun.awt.AWTAccessor::ensureClassInitialized@0 (line 1464)
                      ; - sun.awt.AWTAccessor::getInputEventAccessor@10 (line 963)
                      ; - java.awt.AWTEvent::dispatched@7 (line 571)
                      ; - java.awt.EventQueue::dispatchEventImpl@45 (line 726)
  0x0000022023b4f554: f035 0748 

  0x0000022023b4f558: ;   {runtime_call C1 Runtime fast_new_instance_init_check_blob}
  0x0000022023b4f558: 8bd2 e801 

  0x0000022023b4f55c: ; ImmutableOopMap {[168]=Oop }
                      ;*new {reexecute=0 rethrow=0 return_oop=0}
                      ; - java.lang.invoke.MethodHandles::lookup@8 (line 128)
                      ; - sun.awt.AWTAccessor::ensureClassInitialized@0 (line 1464)
                      ; - sun.awt.AWTAccessor::getInputEventAccessor@10 (line 963)
                      ; - java.awt.AWTEvent::dispatched@7 (line 571)
                      ; - java.awt.EventQueue::dispatchEventImpl@45 (line 726)
  0x0000022023b4f55c: fc35 07e9 | 11fa ffff | 4c89 0424 

  0x0000022023b4f568: ;   {runtime_call C1 Runtime throw_class_cast_exception_blob}
  0x0000022023b4f568: e8f3 1336 

  0x0000022023b4f56c: ; ImmutableOopMap {rsi=Oop }
                      ;*checkcast {reexecute=0 rethrow=0 return_oop=0}
                      ; - java.awt.AWTEvent::dispatched@11 (line 571)
                      ; - java.awt.EventQueue::dispatchEventImpl@45 (line 726)
                      ;   {runtime_call C1 Runtime throw_incompatible_class_change_error_blob}
  0x0000022023b4f56c: 07e8 ee16 

  0x0000022023b4f570: ; ImmutableOopMap {rsi=Oop rdi=Oop }
                      ;*invokeinterface setCanAccessSystemClipboard {reexecute=0 rethrow=0 return_oop=0}
                      ; - java.awt.AWTEvent::dispatched@15 (line 572)
                      ; - java.awt.EventQueue::dispatchEventImpl@45 (line 726)
                      ;   {runtime_call C1 Runtime throw_null_pointer_exception_blob}
  0x0000022023b4f570: 3607 e8e9 

  0x0000022023b4f574: ; ImmutableOopMap {rsi=Oop rdi=Oop }
                      ;*invokeinterface setCanAccessSystemClipboard {reexecute=0 rethrow=0 return_oop=0}
                      ; - java.awt.AWTEvent::dispatched@15 (line 572)
                      ; - java.awt.EventQueue::dispatchEventImpl@45 (line 726)
                      ;   {metadata({method} {0x000002200010db50} 'setCanAccessSystemClipboard' '(Ljava/awt/event/InputEvent;Z)V' in 'java/awt/event/InputEvent$1')}
  0x0000022023b4f574: ef35 0749 | ba48 db10 | 0020 0200 | 004c 8954 | 2408 48c7 | 0424 ffff 

  0x0000022023b4f58c: ;   {runtime_call C1 Runtime counter_overflow_blob}
  0x0000022023b4f58c: ffff e8cd 

  0x0000022023b4f590: ; ImmutableOopMap {rdi=Oop }
                      ;*synchronization entry
                      ; - java.awt.event.InputEvent$1::setCanAccessSystemClipboard@-1 (line 338)
                      ; - java.awt.AWTEvent::dispatched@15 (line 572)
                      ; - java.awt.EventQueue::dispatchEventImpl@45 (line 726)
  0x0000022023b4f590: 4036 07e9 | a9fb ffff | 48c7 0424 | f7ff ffff 

  0x0000022023b4f5a0: ;   {runtime_call C1 Runtime deoptimize_blob}
  0x0000022023b4f5a0: e8bb 2836 

  0x0000022023b4f5a4: ; ImmutableOopMap {rdi=Oop }
                      ;*putfield canAccessSystemClipboard {reexecute=1 rethrow=0 return_oop=0}
                      ; - (reexecute) java.awt.event.InputEvent$1::setCanAccessSystemClipboard@2 (line 338)
                      ; - java.awt.AWTEvent::dispatched@15 (line 572)
                      ; - java.awt.EventQueue::dispatchEventImpl@45 (line 726)
                      ;   {runtime_call C1 Runtime throw_null_pointer_exception_blob}
  0x0000022023b4f5a4: 07e8 b6ef 

  0x0000022023b4f5a8: ; ImmutableOopMap {rdi=Oop }
                      ;*putfield canAccessSystemClipboard {reexecute=1 rethrow=0 return_oop=0}
                      ; - (reexecute) java.awt.event.InputEvent$1::setCanAccessSystemClipboard@2 (line 338)
                      ; - java.awt.AWTEvent::dispatched@15 (line 572)
                      ; - java.awt.EventQueue::dispatchEventImpl@45 (line 726)
  0x0000022023b4f5a8: 3507 4088 | b728 0000 | 00b8 000c 

  0x0000022023b4f5b4: ;   {runtime_call C1 Runtime access_field_patching_blob}
  0x0000022023b4f5b4: 0507 e8a5 

  0x0000022023b4f5b8: ; ImmutableOopMap {rdi=Oop }
                      ;*putfield canAccessSystemClipboard {reexecute=1 rethrow=0 return_oop=0}
                      ; - (reexecute) java.awt.event.InputEvent$1::setCanAccessSystemClipboard@2 (line 338)
                      ; - java.awt.AWTEvent::dispatched@15 (line 572)
                      ; - java.awt.EventQueue::dispatchEventImpl@45 (line 726)
  0x0000022023b4f5b8: 2b36 07e9 | 90fb ffff 

  0x0000022023b4f5c0: ;   {internal_word}
  0x0000022023b4f5c0: 49ba 6ff1 | b423 2002 | 0000 4d89 | 9760 0400 

  0x0000022023b4f5d0: ;   {runtime_call SafepointBlob}
  0x0000022023b4f5d0: 00e9 0a67 | 2a07 498b | 8708 0500 | 0049 c787 | 0805 0000 | 0000 0000 | 49c7 8710 | 0500 0000 
  0x0000022023b4f5f0: 0000 0048 | 81c4 d000 

  0x0000022023b4f5f8: ;   {runtime_call C1 Runtime unwind_exception_blob}
  0x0000022023b4f5f8: 0000 5de9 | 60e0 3507 
[Stub Code]
  0x0000022023b4f600: ;   {no_reloc}
  0x0000022023b4f600: 0f1f 4400 

  0x0000022023b4f604: ;   {static_stub}
  0x0000022023b4f604: 0048 bb00 | 0000 0000 

  0x0000022023b4f60c: ;   {runtime_call nmethod}
  0x0000022023b4f60c: 0000 00e9 | fbff ffff 

  0x0000022023b4f614: ;   {static_stub}
  0x0000022023b4f614: 9048 bb00 | 0000 0000 

  0x0000022023b4f61c: ;   {runtime_call nmethod}
  0x0000022023b4f61c: 0000 00e9 | fbff ffff 

  0x0000022023b4f624: ;   {static_stub}
  0x0000022023b4f624: 9048 bb00 | 0000 0000 

  0x0000022023b4f62c: ;   {runtime_call nmethod}
  0x0000022023b4f62c: 0000 00e9 | fbff ffff 

  0x0000022023b4f634: ;   {static_stub}
  0x0000022023b4f634: 9048 bb00 | 0000 0000 

  0x0000022023b4f63c: ;   {runtime_call nmethod}
  0x0000022023b4f63c: 0000 00e9 | fbff ffff 

  0x0000022023b4f644: ;   {static_stub}
  0x0000022023b4f644: 9048 bb00 | 0000 0000 

  0x0000022023b4f64c: ;   {runtime_call nmethod}
  0x0000022023b4f64c: 0000 00e9 | fbff ffff 

  0x0000022023b4f654: ;   {static_stub}
  0x0000022023b4f654: 9048 bb00 | 0000 0000 

  0x0000022023b4f65c: ;   {runtime_call nmethod}
  0x0000022023b4f65c: 0000 00e9 | fbff ffff 

  0x0000022023b4f664: ;   {static_stub}
  0x0000022023b4f664: 9048 bb00 | 0000 0000 

  0x0000022023b4f66c: ;   {runtime_call nmethod}
  0x0000022023b4f66c: 0000 00e9 | fbff ffff 

  0x0000022023b4f674: ;   {static_stub}
  0x0000022023b4f674: 9048 bb00 | 0000 0000 

  0x0000022023b4f67c: ;   {runtime_call nmethod}
  0x0000022023b4f67c: 0000 00e9 | fbff ffff 

  0x0000022023b4f684: ;   {static_stub}
  0x0000022023b4f684: 9048 bb00 | 0000 0000 

  0x0000022023b4f68c: ;   {runtime_call nmethod}
  0x0000022023b4f68c: 0000 00e9 | fbff ffff 

  0x0000022023b4f694: ;   {static_stub}
  0x0000022023b4f694: 48bb 0000 | 0000 0000 

  0x0000022023b4f69c: ;   {runtime_call nmethod}
  0x0000022023b4f69c: 0000 e9fb 

  0x0000022023b4f6a0: ;   {static_stub}
  0x0000022023b4f6a0: ffff ff48 | bb00 0000 | 0000 0000 

  0x0000022023b4f6ac: ;   {runtime_call nmethod}
  0x0000022023b4f6ac: 00e9 fbff 

  0x0000022023b4f6b0: ;   {static_stub}
  0x0000022023b4f6b0: ffff 48bb | 0000 0000 | 0000 0000 

  0x0000022023b4f6bc: ;   {runtime_call nmethod}
  0x0000022023b4f6bc: e9fb ffff 

  0x0000022023b4f6c0: ;   {static_stub}
  0x0000022023b4f6c0: ff48 bb00 | 0000 0000 

  0x0000022023b4f6c8: ;   {runtime_call nmethod}
  0x0000022023b4f6c8: 0000 00e9 | fbff ffff 

  0x0000022023b4f6d0: ;   {static_stub}
  0x0000022023b4f6d0: 48bb e879 | 1800 2002 

  0x0000022023b4f6d8: ;   {runtime_call I2C/C2I adapters}
  0x0000022023b4f6d8: 0000 e957 

  0x0000022023b4f6dc: ;   {runtime_call C1 Runtime handle_exception_from_callee_blob}
  0x0000022023b4f6dc: 542a 07e8 | 7c0c 3607 

  0x0000022023b4f6e4: ;   {external_word}
  0x0000022023b4f6e4: 48b9 e034 | 8ede f87f | 0000 4883 

  0x0000022023b4f6f0: ;   {runtime_call}
  0x0000022023b4f6f0: e4f0 48b8 | 1090 4bde | f87f 0000 

  0x0000022023b4f6fc: ;   {section_word}
  0x0000022023b4f6fc: ffd0 f449 | baff f6b4 | 2320 0200 

  0x0000022023b4f708: ;   {runtime_call DeoptimizationBlob}
  0x0000022023b4f708: 0041 52e9 | 705b 2a07 
[/MachCode]


---------------  P R O C E S S  ---------------

Threads class SMR info:
_java_thread_list=0x000002203bd81d60, length=16, elements={
0x000002203a709f20, 0x000002203a70a860, 0x000002203a70eb30, 0x000002203a70fe00,
0x000002203a712270, 0x000002203a713670, 0x000002203a714e40, 0x000002203a718ad0,
0x000002203b1e1d90, 0x000002203b2fb4f0, 0x000002203b96d090, 0x000002203b71fee0,
0x000002203b720620, 0x000002203bb2ee20, 0x0000022018a3e520, 0x000002207d8078a0
}

Java Threads: ( => current thread )
  0x000002203a709f20 JavaThread "Reference Handler"          daemon [_thread_blocked, id=30288, stack(0x0000007d56100000,0x0000007d56200000) (1024K)]
  0x000002203a70a860 JavaThread "Finalizer"                  daemon [_thread_blocked, id=18708, stack(0x0000007d56200000,0x0000007d56300000) (1024K)]
  0x000002203a70eb30 JavaThread "Signal Dispatcher"          daemon [_thread_blocked, id=36980, stack(0x0000007d56300000,0x0000007d56400000) (1024K)]
  0x000002203a70fe00 JavaThread "Attach Listener"            daemon [_thread_blocked, id=37356, stack(0x0000007d56400000,0x0000007d56500000) (1024K)]
  0x000002203a712270 JavaThread "Service Thread"             daemon [_thread_blocked, id=32308, stack(0x0000007d56500000,0x0000007d56600000) (1024K)]
  0x000002203a713670 JavaThread "Monitor Deflation Thread"   daemon [_thread_blocked, id=17080, stack(0x0000007d56600000,0x0000007d56700000) (1024K)]
  0x000002203a714e40 JavaThread "C2 CompilerThread0"         daemon [_thread_blocked, id=31916, stack(0x0000007d56700000,0x0000007d56800000) (1024K)]
  0x000002203a718ad0 JavaThread "C1 CompilerThread0"         daemon [_thread_blocked, id=37156, stack(0x0000007d56800000,0x0000007d56900000) (1024K)]
  0x000002203b1e1d90 JavaThread "Common-Cleaner"             daemon [_thread_blocked, id=10812, stack(0x0000007d56a00000,0x0000007d56b00000) (1024K)]
  0x000002203b2fb4f0 JavaThread "Notification Thread"        daemon [_thread_blocked, id=20992, stack(0x0000007d56c00000,0x0000007d56d00000) (1024K)]
  0x000002203b96d090 JavaThread "Java2D Disposer"            daemon [_thread_blocked, id=25268, stack(0x0000007d56e00000,0x0000007d56f00000) (1024K)]
  0x000002203b71fee0 JavaThread "AWT-Shutdown"                      [_thread_blocked, id=32512, stack(0x0000007d56f00000,0x0000007d57000000) (1024K)]
  0x000002203b720620 JavaThread "AWT-Windows"                daemon [_thread_in_native, id=34896, stack(0x0000007d57000000,0x0000007d57100000) (1024K)]
=>0x000002203bb2ee20 JavaThread "AWT-EventQueue-0"                  [_thread_in_native, id=8896, stack(0x0000007d57300000,0x0000007d57400000) (1024K)]
  0x0000022018a3e520 JavaThread "DestroyJavaVM"                     [_thread_blocked, id=20468, stack(0x0000007d55900000,0x0000007d55a00000) (1024K)]
  0x000002207d8078a0 JavaThread "TimerQueue"                 daemon [_thread_blocked, id=6796, stack(0x0000007d57800000,0x0000007d57900000) (1024K)]
Total: 16

Other Threads:
  0x000002203a6f9260 VMThread "VM Thread"                           [id=19548, stack(0x0000007d56000000,0x0000007d56100000) (1024K)]
  0x000002203a5b8520 WatcherThread "VM Periodic Task Thread"        [id=31604, stack(0x0000007d55f00000,0x0000007d56000000) (1024K)]
  0x000002201aeb0da0 WorkerThread "GC Thread#0"                     [id=37552, stack(0x0000007d55a00000,0x0000007d55b00000) (1024K)]
  0x000002201aec5680 ConcurrentGCThread "G1 Main Marker"            [id=29860, stack(0x0000007d55b00000,0x0000007d55c00000) (1024K)]
  0x000002201aec7080 WorkerThread "G1 Conc#0"                       [id=7204, stack(0x0000007d55c00000,0x0000007d55d00000) (1024K)]
  0x000002201af0ea80 ConcurrentGCThread "G1 Refine#0"               [id=17588, stack(0x0000007d55d00000,0x0000007d55e00000) (1024K)]
  0x000002203a5a5530 ConcurrentGCThread "G1 Service"                [id=35708, stack(0x0000007d55e00000,0x0000007d55f00000) (1024K)]
Total: 7

Threads with active compile tasks:
Total: 0

VM state: not at safepoint (normal execution)

VM Mutex/Monitor currently owned by a thread: None

Heap address: 0x0000000705e00000, size: 4002 MB, Compressed Oops mode: Zero based, Oop shift amount: 3

CDS archive(s) mapped at: [0x000002203c000000-0x000002203cd40000-0x000002203cd40000), size 13893632, SharedBaseAddress: 0x000002203c000000, ArchiveRelocationMode: 1.
Compressed class space mapped at: 0x000002203d000000-0x000002207d000000, reserved size: 1073741824
UseCompressedClassPointers 1, UseCompactObjectHeaders 0
Narrow klass pointer bits 32, Max shift 3
Narrow klass base: 0x000002203c000000, Narrow klass shift: 0
Encoding Range: [0x000002203c000000 - 0x000002213c000000), (4294967296 bytes)
Klass Range:    [0x000002203c000000 - 0x000002207d000000), (1090519040 bytes)
Klass ID Range:  [8 - 1090519033) (1090519025)

GC Precious Log:
 CardTable entry size: 512
 Card Set container configuration: InlinePtr #cards 4 size 8 Array Of Cards #cards 16 size 48 Howl #buckets 8 coarsen threshold 3686 Howl Bitmap #cards 512 size 80 coarsen threshold 460 Card regions per heap region 1 cards per card region 4096
 CPUs: 16 total, 16 available
 Memory: 16004M
 Large Page Support: Disabled
 NUMA Support: Disabled
 Compressed Oops: Enabled (Zero based)
 Heap Region Size: 2M
 Heap Min Capacity: 8M
 Heap Initial Capacity: 252M
 Heap Max Capacity: 4002M
 Pre-touch: Disabled
 Parallel Workers: 13
 Concurrent Workers: 3
 Concurrent Refinement Workers: 13
 Periodic GC: Disabled

Heap:
 garbage-first heap   total reserved 4098048K, committed 260096K, used 31856K [0x0000000705e00000, 0x0000000800000000)
  region size 2048K, 14 young (28672K), 0 survivors (0K)
 Metaspace       used 11161K, committed 11392K, reserved 1114112K
  class space    used 1083K, committed 1152K, reserved 1048576K

Heap Regions: E=young(eden), S=young(survivor), O=old, HS=humongous(starts), HC=humongous(continues), CS=collection set, F=free, TAMS=top-at-mark-start, PB=parsable bottom
|   0|0x0000000705e00000, 0x0000000706000000, 0x0000000706000000|100%|HS|  |TAMS 0x0000000705e00000| PB 0x0000000705e00000| Complete |  0
|   1|0x0000000706000000, 0x0000000706200000, 0x0000000706200000|100%|HC|  |TAMS 0x0000000706000000| PB 0x0000000706000000| Complete |  0
|   2|0x0000000706200000, 0x0000000706200000, 0x0000000706400000|  0%| F|  |TAMS 0x0000000706200000| PB 0x0000000706200000| Untracked |  0
|   3|0x0000000706400000, 0x0000000706400000, 0x0000000706600000|  0%| F|  |TAMS 0x0000000706400000| PB 0x0000000706400000| Untracked |  0
|   4|0x0000000706600000, 0x0000000706600000, 0x0000000706800000|  0%| F|  |TAMS 0x0000000706600000| PB 0x0000000706600000| Untracked |  0
|   5|0x0000000706800000, 0x0000000706800000, 0x0000000706a00000|  0%| F|  |TAMS 0x0000000706800000| PB 0x0000000706800000| Untracked |  0
|   6|0x0000000706a00000, 0x0000000706a00000, 0x0000000706c00000|  0%| F|  |TAMS 0x0000000706a00000| PB 0x0000000706a00000| Untracked |  0
|   7|0x0000000706c00000, 0x0000000706c00000, 0x0000000706e00000|  0%| F|  |TAMS 0x0000000706c00000| PB 0x0000000706c00000| Untracked |  0
|   8|0x0000000706e00000, 0x0000000706e00000, 0x0000000707000000|  0%| F|  |TAMS 0x0000000706e00000| PB 0x0000000706e00000| Untracked |  0
|   9|0x0000000707000000, 0x0000000707000000, 0x0000000707200000|  0%| F|  |TAMS 0x0000000707000000| PB 0x0000000707000000| Untracked |  0
|  10|0x0000000707200000, 0x0000000707200000, 0x0000000707400000|  0%| F|  |TAMS 0x0000000707200000| PB 0x0000000707200000| Untracked |  0
|  11|0x0000000707400000, 0x0000000707400000, 0x0000000707600000|  0%| F|  |TAMS 0x0000000707400000| PB 0x0000000707400000| Untracked |  0
|  12|0x0000000707600000, 0x0000000707600000, 0x0000000707800000|  0%| F|  |TAMS 0x0000000707600000| PB 0x0000000707600000| Untracked |  0
|  13|0x0000000707800000, 0x0000000707800000, 0x0000000707a00000|  0%| F|  |TAMS 0x0000000707800000| PB 0x0000000707800000| Untracked |  0
|  14|0x0000000707a00000, 0x0000000707a00000, 0x0000000707c00000|  0%| F|  |TAMS 0x0000000707a00000| PB 0x0000000707a00000| Untracked |  0
|  15|0x0000000707c00000, 0x0000000707c00000, 0x0000000707e00000|  0%| F|  |TAMS 0x0000000707c00000| PB 0x0000000707c00000| Untracked |  0
|  16|0x0000000707e00000, 0x0000000707e00000, 0x0000000708000000|  0%| F|  |TAMS 0x0000000707e00000| PB 0x0000000707e00000| Untracked |  0
|  17|0x0000000708000000, 0x0000000708000000, 0x0000000708200000|  0%| F|  |TAMS 0x0000000708000000| PB 0x0000000708000000| Untracked |  0
|  18|0x0000000708200000, 0x0000000708200000, 0x0000000708400000|  0%| F|  |TAMS 0x0000000708200000| PB 0x0000000708200000| Untracked |  0
|  19|0x0000000708400000, 0x0000000708400000, 0x0000000708600000|  0%| F|  |TAMS 0x0000000708400000| PB 0x0000000708400000| Untracked |  0
|  20|0x0000000708600000, 0x0000000708600000, 0x0000000708800000|  0%| F|  |TAMS 0x0000000708600000| PB 0x0000000708600000| Untracked |  0
|  21|0x0000000708800000, 0x0000000708800000, 0x0000000708a00000|  0%| F|  |TAMS 0x0000000708800000| PB 0x0000000708800000| Untracked |  0
|  22|0x0000000708a00000, 0x0000000708a00000, 0x0000000708c00000|  0%| F|  |TAMS 0x0000000708a00000| PB 0x0000000708a00000| Untracked |  0
|  23|0x0000000708c00000, 0x0000000708c00000, 0x0000000708e00000|  0%| F|  |TAMS 0x0000000708c00000| PB 0x0000000708c00000| Untracked |  0
|  24|0x0000000708e00000, 0x0000000708e00000, 0x0000000709000000|  0%| F|  |TAMS 0x0000000708e00000| PB 0x0000000708e00000| Untracked |  0
|  25|0x0000000709000000, 0x0000000709000000, 0x0000000709200000|  0%| F|  |TAMS 0x0000000709000000| PB 0x0000000709000000| Untracked |  0
|  26|0x0000000709200000, 0x0000000709200000, 0x0000000709400000|  0%| F|  |TAMS 0x0000000709200000| PB 0x0000000709200000| Untracked |  0
|  27|0x0000000709400000, 0x0000000709400000, 0x0000000709600000|  0%| F|  |TAMS 0x0000000709400000| PB 0x0000000709400000| Untracked |  0
|  28|0x0000000709600000, 0x0000000709600000, 0x0000000709800000|  0%| F|  |TAMS 0x0000000709600000| PB 0x0000000709600000| Untracked |  0
|  29|0x0000000709800000, 0x0000000709800000, 0x0000000709a00000|  0%| F|  |TAMS 0x0000000709800000| PB 0x0000000709800000| Untracked |  0
|  30|0x0000000709a00000, 0x0000000709a00000, 0x0000000709c00000|  0%| F|  |TAMS 0x0000000709a00000| PB 0x0000000709a00000| Untracked |  0
|  31|0x0000000709c00000, 0x0000000709c00000, 0x0000000709e00000|  0%| F|  |TAMS 0x0000000709c00000| PB 0x0000000709c00000| Untracked |  0
|  32|0x0000000709e00000, 0x0000000709e00000, 0x000000070a000000|  0%| F|  |TAMS 0x0000000709e00000| PB 0x0000000709e00000| Untracked |  0
|  33|0x000000070a000000, 0x000000070a000000, 0x000000070a200000|  0%| F|  |TAMS 0x000000070a000000| PB 0x000000070a000000| Untracked |  0
|  34|0x000000070a200000, 0x000000070a200000, 0x000000070a400000|  0%| F|  |TAMS 0x000000070a200000| PB 0x000000070a200000| Untracked |  0
|  35|0x000000070a400000, 0x000000070a400000, 0x000000070a600000|  0%| F|  |TAMS 0x000000070a400000| PB 0x000000070a400000| Untracked |  0
|  36|0x000000070a600000, 0x000000070a600000, 0x000000070a800000|  0%| F|  |TAMS 0x000000070a600000| PB 0x000000070a600000| Untracked |  0
|  37|0x000000070a800000, 0x000000070a800000, 0x000000070aa00000|  0%| F|  |TAMS 0x000000070a800000| PB 0x000000070a800000| Untracked |  0
|  38|0x000000070aa00000, 0x000000070aa00000, 0x000000070ac00000|  0%| F|  |TAMS 0x000000070aa00000| PB 0x000000070aa00000| Untracked |  0
|  39|0x000000070ac00000, 0x000000070ac00000, 0x000000070ae00000|  0%| F|  |TAMS 0x000000070ac00000| PB 0x000000070ac00000| Untracked |  0
|  40|0x000000070ae00000, 0x000000070ae00000, 0x000000070b000000|  0%| F|  |TAMS 0x000000070ae00000| PB 0x000000070ae00000| Untracked |  0
|  41|0x000000070b000000, 0x000000070b000000, 0x000000070b200000|  0%| F|  |TAMS 0x000000070b000000| PB 0x000000070b000000| Untracked |  0
|  42|0x000000070b200000, 0x000000070b200000, 0x000000070b400000|  0%| F|  |TAMS 0x000000070b200000| PB 0x000000070b200000| Untracked |  0
|  43|0x000000070b400000, 0x000000070b400000, 0x000000070b600000|  0%| F|  |TAMS 0x000000070b400000| PB 0x000000070b400000| Untracked |  0
|  44|0x000000070b600000, 0x000000070b600000, 0x000000070b800000|  0%| F|  |TAMS 0x000000070b600000| PB 0x000000070b600000| Untracked |  0
|  45|0x000000070b800000, 0x000000070b800000, 0x000000070ba00000|  0%| F|  |TAMS 0x000000070b800000| PB 0x000000070b800000| Untracked |  0
|  46|0x000000070ba00000, 0x000000070ba00000, 0x000000070bc00000|  0%| F|  |TAMS 0x000000070ba00000| PB 0x000000070ba00000| Untracked |  0
|  47|0x000000070bc00000, 0x000000070bc00000, 0x000000070be00000|  0%| F|  |TAMS 0x000000070bc00000| PB 0x000000070bc00000| Untracked |  0
|  48|0x000000070be00000, 0x000000070be00000, 0x000000070c000000|  0%| F|  |TAMS 0x000000070be00000| PB 0x000000070be00000| Untracked |  0
|  49|0x000000070c000000, 0x000000070c000000, 0x000000070c200000|  0%| F|  |TAMS 0x000000070c000000| PB 0x000000070c000000| Untracked |  0
|  50|0x000000070c200000, 0x000000070c200000, 0x000000070c400000|  0%| F|  |TAMS 0x000000070c200000| PB 0x000000070c200000| Untracked |  0
|  51|0x000000070c400000, 0x000000070c400000, 0x000000070c600000|  0%| F|  |TAMS 0x000000070c400000| PB 0x000000070c400000| Untracked |  0
|  52|0x000000070c600000, 0x000000070c600000, 0x000000070c800000|  0%| F|  |TAMS 0x000000070c600000| PB 0x000000070c600000| Untracked |  0
|  53|0x000000070c800000, 0x000000070c800000, 0x000000070ca00000|  0%| F|  |TAMS 0x000000070c800000| PB 0x000000070c800000| Untracked |  0
|  54|0x000000070ca00000, 0x000000070ca00000, 0x000000070cc00000|  0%| F|  |TAMS 0x000000070ca00000| PB 0x000000070ca00000| Untracked |  0
|  55|0x000000070cc00000, 0x000000070cc00000, 0x000000070ce00000|  0%| F|  |TAMS 0x000000070cc00000| PB 0x000000070cc00000| Untracked |  0
|  56|0x000000070ce00000, 0x000000070ce00000, 0x000000070d000000|  0%| F|  |TAMS 0x000000070ce00000| PB 0x000000070ce00000| Untracked |  0
|  57|0x000000070d000000, 0x000000070d000000, 0x000000070d200000|  0%| F|  |TAMS 0x000000070d000000| PB 0x000000070d000000| Untracked |  0
|  58|0x000000070d200000, 0x000000070d200000, 0x000000070d400000|  0%| F|  |TAMS 0x000000070d200000| PB 0x000000070d200000| Untracked |  0
|  59|0x000000070d400000, 0x000000070d400000, 0x000000070d600000|  0%| F|  |TAMS 0x000000070d400000| PB 0x000000070d400000| Untracked |  0
|  60|0x000000070d600000, 0x000000070d600000, 0x000000070d800000|  0%| F|  |TAMS 0x000000070d600000| PB 0x000000070d600000| Untracked |  0
|  61|0x000000070d800000, 0x000000070d800000, 0x000000070da00000|  0%| F|  |TAMS 0x000000070d800000| PB 0x000000070d800000| Untracked |  0
|  62|0x000000070da00000, 0x000000070da00000, 0x000000070dc00000|  0%| F|  |TAMS 0x000000070da00000| PB 0x000000070da00000| Untracked |  0
|  63|0x000000070dc00000, 0x000000070dc00000, 0x000000070de00000|  0%| F|  |TAMS 0x000000070dc00000| PB 0x000000070dc00000| Untracked |  0
|  64|0x000000070de00000, 0x000000070de00000, 0x000000070e000000|  0%| F|  |TAMS 0x000000070de00000| PB 0x000000070de00000| Untracked |  0
|  65|0x000000070e000000, 0x000000070e000000, 0x000000070e200000|  0%| F|  |TAMS 0x000000070e000000| PB 0x000000070e000000| Untracked |  0
|  66|0x000000070e200000, 0x000000070e200000, 0x000000070e400000|  0%| F|  |TAMS 0x000000070e200000| PB 0x000000070e200000| Untracked |  0
|  67|0x000000070e400000, 0x000000070e400000, 0x000000070e600000|  0%| F|  |TAMS 0x000000070e400000| PB 0x000000070e400000| Untracked |  0
|  68|0x000000070e600000, 0x000000070e600000, 0x000000070e800000|  0%| F|  |TAMS 0x000000070e600000| PB 0x000000070e600000| Untracked |  0
|  69|0x000000070e800000, 0x000000070e800000, 0x000000070ea00000|  0%| F|  |TAMS 0x000000070e800000| PB 0x000000070e800000| Untracked |  0
|  70|0x000000070ea00000, 0x000000070ea00000, 0x000000070ec00000|  0%| F|  |TAMS 0x000000070ea00000| PB 0x000000070ea00000| Untracked |  0
|  71|0x000000070ec00000, 0x000000070ec00000, 0x000000070ee00000|  0%| F|  |TAMS 0x000000070ec00000| PB 0x000000070ec00000| Untracked |  0
|  72|0x000000070ee00000, 0x000000070ee00000, 0x000000070f000000|  0%| F|  |TAMS 0x000000070ee00000| PB 0x000000070ee00000| Untracked |  0
|  73|0x000000070f000000, 0x000000070f000000, 0x000000070f200000|  0%| F|  |TAMS 0x000000070f000000| PB 0x000000070f000000| Untracked |  0
|  74|0x000000070f200000, 0x000000070f200000, 0x000000070f400000|  0%| F|  |TAMS 0x000000070f200000| PB 0x000000070f200000| Untracked |  0
|  75|0x000000070f400000, 0x000000070f400000, 0x000000070f600000|  0%| F|  |TAMS 0x000000070f400000| PB 0x000000070f400000| Untracked |  0
|  76|0x000000070f600000, 0x000000070f600000, 0x000000070f800000|  0%| F|  |TAMS 0x000000070f600000| PB 0x000000070f600000| Untracked |  0
|  77|0x000000070f800000, 0x000000070f800000, 0x000000070fa00000|  0%| F|  |TAMS 0x000000070f800000| PB 0x000000070f800000| Untracked |  0
|  78|0x000000070fa00000, 0x000000070fa00000, 0x000000070fc00000|  0%| F|  |TAMS 0x000000070fa00000| PB 0x000000070fa00000| Untracked |  0
|  79|0x000000070fc00000, 0x000000070fc00000, 0x000000070fe00000|  0%| F|  |TAMS 0x000000070fc00000| PB 0x000000070fc00000| Untracked |  0
|  80|0x000000070fe00000, 0x000000070fe00000, 0x0000000710000000|  0%| F|  |TAMS 0x000000070fe00000| PB 0x000000070fe00000| Untracked |  0
|  81|0x0000000710000000, 0x0000000710000000, 0x0000000710200000|  0%| F|  |TAMS 0x0000000710000000| PB 0x0000000710000000| Untracked |  0
|  82|0x0000000710200000, 0x0000000710200000, 0x0000000710400000|  0%| F|  |TAMS 0x0000000710200000| PB 0x0000000710200000| Untracked |  0
|  83|0x0000000710400000, 0x0000000710400000, 0x0000000710600000|  0%| F|  |TAMS 0x0000000710400000| PB 0x0000000710400000| Untracked |  0
|  84|0x0000000710600000, 0x0000000710600000, 0x0000000710800000|  0%| F|  |TAMS 0x0000000710600000| PB 0x0000000710600000| Untracked |  0
|  85|0x0000000710800000, 0x0000000710800000, 0x0000000710a00000|  0%| F|  |TAMS 0x0000000710800000| PB 0x0000000710800000| Untracked |  0
|  86|0x0000000710a00000, 0x0000000710a00000, 0x0000000710c00000|  0%| F|  |TAMS 0x0000000710a00000| PB 0x0000000710a00000| Untracked |  0
|  87|0x0000000710c00000, 0x0000000710c00000, 0x0000000710e00000|  0%| F|  |TAMS 0x0000000710c00000| PB 0x0000000710c00000| Untracked |  0
|  88|0x0000000710e00000, 0x0000000710e00000, 0x0000000711000000|  0%| F|  |TAMS 0x0000000710e00000| PB 0x0000000710e00000| Untracked |  0
|  89|0x0000000711000000, 0x0000000711000000, 0x0000000711200000|  0%| F|  |TAMS 0x0000000711000000| PB 0x0000000711000000| Untracked |  0
|  90|0x0000000711200000, 0x0000000711200000, 0x0000000711400000|  0%| F|  |TAMS 0x0000000711200000| PB 0x0000000711200000| Untracked |  0
|  91|0x0000000711400000, 0x0000000711400000, 0x0000000711600000|  0%| F|  |TAMS 0x0000000711400000| PB 0x0000000711400000| Untracked |  0
|  92|0x0000000711600000, 0x0000000711600000, 0x0000000711800000|  0%| F|  |TAMS 0x0000000711600000| PB 0x0000000711600000| Untracked |  0
|  93|0x0000000711800000, 0x0000000711800000, 0x0000000711a00000|  0%| F|  |TAMS 0x0000000711800000| PB 0x0000000711800000| Untracked |  0
|  94|0x0000000711a00000, 0x0000000711a00000, 0x0000000711c00000|  0%| F|  |TAMS 0x0000000711a00000| PB 0x0000000711a00000| Untracked |  0
|  95|0x0000000711c00000, 0x0000000711c00000, 0x0000000711e00000|  0%| F|  |TAMS 0x0000000711c00000| PB 0x0000000711c00000| Untracked |  0
|  96|0x0000000711e00000, 0x0000000711e00000, 0x0000000712000000|  0%| F|  |TAMS 0x0000000711e00000| PB 0x0000000711e00000| Untracked |  0
|  97|0x0000000712000000, 0x0000000712000000, 0x0000000712200000|  0%| F|  |TAMS 0x0000000712000000| PB 0x0000000712000000| Untracked |  0
|  98|0x0000000712200000, 0x0000000712200000, 0x0000000712400000|  0%| F|  |TAMS 0x0000000712200000| PB 0x0000000712200000| Untracked |  0
|  99|0x0000000712400000, 0x0000000712400000, 0x0000000712600000|  0%| F|  |TAMS 0x0000000712400000| PB 0x0000000712400000| Untracked |  0
| 100|0x0000000712600000, 0x0000000712600000, 0x0000000712800000|  0%| F|  |TAMS 0x0000000712600000| PB 0x0000000712600000| Untracked |  0
| 101|0x0000000712800000, 0x0000000712800000, 0x0000000712a00000|  0%| F|  |TAMS 0x0000000712800000| PB 0x0000000712800000| Untracked |  0
| 102|0x0000000712a00000, 0x0000000712a00000, 0x0000000712c00000|  0%| F|  |TAMS 0x0000000712a00000| PB 0x0000000712a00000| Untracked |  0
| 103|0x0000000712c00000, 0x0000000712c00000, 0x0000000712e00000|  0%| F|  |TAMS 0x0000000712c00000| PB 0x0000000712c00000| Untracked |  0
| 104|0x0000000712e00000, 0x0000000712e00000, 0x0000000713000000|  0%| F|  |TAMS 0x0000000712e00000| PB 0x0000000712e00000| Untracked |  0
| 105|0x0000000713000000, 0x0000000713000000, 0x0000000713200000|  0%| F|  |TAMS 0x0000000713000000| PB 0x0000000713000000| Untracked |  0
| 106|0x0000000713200000, 0x0000000713200000, 0x0000000713400000|  0%| F|  |TAMS 0x0000000713200000| PB 0x0000000713200000| Untracked |  0
| 107|0x0000000713400000, 0x0000000713400000, 0x0000000713600000|  0%| F|  |TAMS 0x0000000713400000| PB 0x0000000713400000| Untracked |  0
| 108|0x0000000713600000, 0x0000000713600000, 0x0000000713800000|  0%| F|  |TAMS 0x0000000713600000| PB 0x0000000713600000| Untracked |  0
| 109|0x0000000713800000, 0x0000000713800000, 0x0000000713a00000|  0%| F|  |TAMS 0x0000000713800000| PB 0x0000000713800000| Untracked |  0
| 110|0x0000000713a00000, 0x0000000713a00000, 0x0000000713c00000|  0%| F|  |TAMS 0x0000000713a00000| PB 0x0000000713a00000| Untracked |  0
| 111|0x0000000713c00000, 0x0000000713c00000, 0x0000000713e00000|  0%| F|  |TAMS 0x0000000713c00000| PB 0x0000000713c00000| Untracked |  0
| 112|0x0000000713e00000, 0x0000000713fef700, 0x0000000714000000| 96%| E|  |TAMS 0x0000000713e00000| PB 0x0000000713e00000| Complete |  0
| 113|0x0000000714000000, 0x0000000714200000, 0x0000000714200000|100%| E|CS|TAMS 0x0000000714000000| PB 0x0000000714000000| Complete |  0
| 114|0x0000000714200000, 0x0000000714400000, 0x0000000714400000|100%| E|CS|TAMS 0x0000000714200000| PB 0x0000000714200000| Complete |  0
| 115|0x0000000714400000, 0x0000000714600000, 0x0000000714600000|100%| E|CS|TAMS 0x0000000714400000| PB 0x0000000714400000| Complete |  0
| 116|0x0000000714600000, 0x0000000714800000, 0x0000000714800000|100%| E|CS|TAMS 0x0000000714600000| PB 0x0000000714600000| Complete |  0
| 117|0x0000000714800000, 0x0000000714a00000, 0x0000000714a00000|100%| E|CS|TAMS 0x0000000714800000| PB 0x0000000714800000| Complete |  0
| 118|0x0000000714a00000, 0x0000000714c00000, 0x0000000714c00000|100%| E|CS|TAMS 0x0000000714a00000| PB 0x0000000714a00000| Complete |  0
| 119|0x0000000714c00000, 0x0000000714e00000, 0x0000000714e00000|100%| E|CS|TAMS 0x0000000714c00000| PB 0x0000000714c00000| Complete |  0
| 120|0x0000000714e00000, 0x0000000715000000, 0x0000000715000000|100%| E|CS|TAMS 0x0000000714e00000| PB 0x0000000714e00000| Complete |  0
| 121|0x0000000715000000, 0x0000000715200000, 0x0000000715200000|100%| E|CS|TAMS 0x0000000715000000| PB 0x0000000715000000| Complete |  0
| 122|0x0000000715200000, 0x0000000715400000, 0x0000000715400000|100%| E|CS|TAMS 0x0000000715200000| PB 0x0000000715200000| Complete |  0
| 123|0x0000000715400000, 0x0000000715600000, 0x0000000715600000|100%| E|CS|TAMS 0x0000000715400000| PB 0x0000000715400000| Complete |  0
| 124|0x0000000715600000, 0x0000000715800000, 0x0000000715800000|100%| E|CS|TAMS 0x0000000715600000| PB 0x0000000715600000| Complete |  0
| 125|0x0000000715800000, 0x0000000715a00000, 0x0000000715a00000|100%| E|CS|TAMS 0x0000000715800000| PB 0x0000000715800000| Complete |  0
|2000|0x00000007ffe00000, 0x00000007fff1c318, 0x0000000800000000| 55%| O|  |TAMS 0x00000007ffe00000| PB 0x00000007ffe00000| Untracked |  0

Card table byte_map: [0x00000220339b0000,0x0000022034190000] _byte_map_base: 0x0000022030181000

Marking Bits: (CMBitMap*) 0x000002201aeb14b0
 Bits: [0x0000022034190000, 0x0000022038018000)

Polling page: 0x000002201a620000

Metaspace:

Usage:
  Non-class:      9.84 MB used.
      Class:      1.06 MB used.
       Both:     10.90 MB used.

Virtual space:
  Non-class space:       64.00 MB reserved,      10.00 MB ( 16%) committed,  1 nodes.
      Class space:        1.00 GB reserved,       1.12 MB ( <1%) committed,  1 nodes.
             Both:        1.06 GB reserved,      11.12 MB (  1%) committed. 

Chunk freelists:
   Non-Class:  6.05 MB
       Class:  14.75 MB
        Both:  20.81 MB

MaxMetaspaceSize: unlimited
CompressedClassSpaceSize: 1.00 GB
Initial GC threshold: 21.00 MB
Current GC threshold: 21.00 MB
CDS: on
 - commit_granule_bytes: 65536.
 - commit_granule_words: 8192.
 - virtual_space_node_default_size: 8388608.
 - enlarge_chunks_in_place: 1.
UseCompressedClassPointers 1, UseCompactObjectHeaders 0
Narrow klass pointer bits 32, Max shift 3
Narrow klass base: 0x000002203c000000, Narrow klass shift: 0
Encoding Range: [0x000002203c000000 - 0x000002213c000000), (4294967296 bytes)
Klass Range:    [0x000002203c000000 - 0x000002207d000000), (1090519040 bytes)
Klass ID Range:  [8 - 1090519033) (1090519025)


Internal statistics:

num_allocs_failed_limit: 0.
num_arena_births: 112.
num_arena_deaths: 0.
num_vsnodes_births: 2.
num_vsnodes_deaths: 0.
num_space_committed: 178.
num_space_uncommitted: 0.
num_chunks_returned_to_freelist: 0.
num_chunks_taken_from_freelist: 158.
num_chunk_merges: 0.
num_chunk_splits: 97.
num_chunks_enlarged: 55.
num_inconsistent_stats: 0.

CodeHeap 'non-profiled nmethods': size=119232Kb used=488Kb max_used=488Kb free=118744Kb
 bounds [0x000002202b4e0000, 0x000002202b750000, 0x0000022032950000]
CodeHeap 'profiled nmethods': size=119104Kb used=2840Kb max_used=2840Kb free=116263Kb
 bounds [0x0000022023950000, 0x0000022023c20000, 0x000002202ada0000]
CodeHeap 'non-nmethods': size=7424Kb used=1521Kb max_used=3276Kb free=5903Kb
 bounds [0x000002202ada0000, 0x000002202b0e0000, 0x000002202b4e0000]
CodeCache: size=245760Kb, used=4849Kb, max_used=6604Kb, free=240910Kb
 total_blobs=2590, nmethods=1895, adapters=600, full_count=0
Compilation: enabled, stopped_count=0, restarted_count=0

Compilation events (20 events):
Event: 19735.638 Thread 0x000002203a718ad0 1887       3       java.lang.ref.ReferenceQueue::remove0 (67 bytes)
Event: 19735.642 Thread 0x000002203a718ad0 nmethod 1887 0x0000022023c13088 code [0x0000022023c13200, 0x0000022023c13660]
Event: 19735.642 Thread 0x000002203a718ad0 1885       3       jdk.internal.misc.InnocuousThread::eraseThreadLocals (23 bytes)
Event: 19735.645 Thread 0x000002203a718ad0 nmethod 1885 0x0000022023c13688 code [0x0000022023c137a0, 0x0000022023c13990]
Event: 19735.645 Thread 0x000002203a718ad0 1886   !   3       java.lang.ref.ReferenceQueue::remove (49 bytes)
Event: 19735.649 Thread 0x000002203a718ad0 nmethod 1886 0x0000022023c13a08 code [0x0000022023c13ba0, 0x0000022023c14550]
Event: 24845.248 Thread 0x000002203a714e40 1888       4       java.lang.Thread::isVirtual (5 bytes)
Event: 24845.274 Thread 0x000002203a714e40 nmethod 1888 0x000002202b559508 code [0x000002202b559600, 0x000002202b5596a0]
Event: 24846.847 Thread 0x000002203a718ad0 1889       3       java.util.concurrent.locks.AbstractQueuedSynchronizer$Node::setPrevRelaxed (12 bytes)
Event: 24846.849 Thread 0x000002203a718ad0 nmethod 1889 0x0000022023c14588 code [0x0000022023c146a0, 0x0000022023c14808]
Event: 24846.849 Thread 0x000002203a718ad0 1890       3       java.util.concurrent.locks.AbstractQueuedSynchronizer::casTail (13 bytes)
Event: 24846.849 Thread 0x000002203a718ad0 nmethod 1890 0x0000022023c14888 code [0x0000022023c149a0, 0x0000022023c14b18]
Event: 24847.226 Thread 0x000002203a714e40 1892       4       java.util.HashMap$HashIterator::hasNext (13 bytes)
Event: 24847.226 Thread 0x000002203a718ad0 1891   !   3       java.awt.Toolkit::setDesktopProperty (81 bytes)
Event: 24847.227 Thread 0x000002203a714e40 nmethod 1892 0x000002202b559808 code [0x000002202b559900, 0x000002202b559980]
Event: 24847.229 Thread 0x000002203a718ad0 nmethod 1891 0x0000022023c14b88 code [0x0000022023c14d20, 0x0000022023c15630]
Event: 24850.140 Thread 0x000002203a718ad0 1893   !   3       sun.awt.AWTAutoShutdown::notifyThreadBusy (88 bytes)
Event: 24850.149 Thread 0x000002203a718ad0 nmethod 1893 0x0000022023c15688 code [0x0000022023c15800, 0x0000022023c15f38]
Event: 24850.177 Thread 0x000002203a718ad0 1894       3       java.util.WeakHashMap::getTable (9 bytes)
Event: 24850.178 Thread 0x000002203a718ad0 nmethod 1894 0x0000022023c15f88 code [0x0000022023c160a0, 0x0000022023c161f0]

GC Heap History (0 events):
No events

Dll operation events (10 events):
Event: 0.007 Loaded shared library C:\Program Files\Apache NetBeans\jdk\bin\java.dll
Event: 0.031 Loaded shared library C:\Program Files\Apache NetBeans\jdk\bin\jsvml.dll
Event: 0.053 Loaded shared library C:\Program Files\Apache NetBeans\jdk\bin\net.dll
Event: 0.054 Loaded shared library C:\Program Files\Apache NetBeans\jdk\bin\nio.dll
Event: 0.077 Loaded shared library C:\Program Files\Apache NetBeans\jdk\bin\zip.dll
Event: 0.080 Loaded shared library C:\Program Files\Apache NetBeans\jdk\bin\jimage.dll
Event: 0.088 Loaded shared library C:\Program Files\Apache NetBeans\jdk\bin\awt.dll
Event: 0.232 Loaded shared library C:\Program Files\Apache NetBeans\jdk\bin\verify.dll
Event: 0.293 Loaded shared library C:\Program Files\Apache NetBeans\jdk\bin\freetype.dll
Event: 0.294 Loaded shared library C:\Program Files\Apache NetBeans\jdk\bin\fontmanager.dll

Deoptimization events (20 events):
Event: 0.729 Thread 0x000002203bb2ee20 Uncommon trap: trap_request=0xffffff4d fr.pc=0x000002202b54933c relative=0x00000000000003dc
Event: 0.729 Thread 0x000002203bb2ee20 Uncommon trap: reason=unstable_if action=reinterpret pc=0x000002202b54933c method=java.lang.Character.isSurrogate(C)Z @ 3 c2
Event: 0.729 Thread 0x000002203bb2ee20 DEOPT PACKING pc=0x000002202b54933c sp=0x0000007d573fd500
Event: 0.729 Thread 0x000002203bb2ee20 DEOPT UNPACKING pc=0x000002202aeb8582 sp=0x0000007d573fd418 mode 2
Event: 0.752 Thread 0x000002203bb2ee20 Uncommon trap: trap_request=0xffffff4d fr.pc=0x000002202b53e04c relative=0x000000000000040c
Event: 0.752 Thread 0x000002203bb2ee20 Uncommon trap: reason=unstable_if action=reinterpret pc=0x000002202b53e04c method=java.lang.CharacterDataLatin1.isUpperCase(I)Z @ 7 c2
Event: 0.752 Thread 0x000002203bb2ee20 DEOPT PACKING pc=0x000002202b53e04c sp=0x0000007d573fda10
Event: 0.752 Thread 0x000002203bb2ee20 DEOPT UNPACKING pc=0x000002202aeb8582 sp=0x0000007d573fd918 mode 2
Event: 0.753 Thread 0x000002203bb2ee20 Uncommon trap: trap_request=0xffffff5c fr.pc=0x000002202b54428c relative=0x000000000000008c
Event: 0.753 Thread 0x000002203bb2ee20 Uncommon trap: reason=speculate_null_check action=make_not_entrant pc=0x000002202b54428c method=jdk.internal.misc.Unsafe.getIntUnaligned(Ljava/lang/Object;JZ)I @ 5 c2
Event: 0.753 Thread 0x000002203bb2ee20 DEOPT PACKING pc=0x000002202b54428c sp=0x0000007d573fd680
Event: 0.753 Thread 0x000002203bb2ee20 DEOPT UNPACKING pc=0x000002202aeb8582 sp=0x0000007d573fd4e0 mode 2
Event: 0.753 Thread 0x000002203bb2ee20 Uncommon trap: trap_request=0xffffff5c fr.pc=0x000002202b541b60 relative=0x0000000000000060
Event: 0.753 Thread 0x000002203bb2ee20 Uncommon trap: reason=speculate_null_check action=make_not_entrant pc=0x000002202b541b60 method=jdk.internal.misc.Unsafe.getIntUnaligned(Ljava/lang/Object;JZ)I @ 5 c2
Event: 0.753 Thread 0x000002203bb2ee20 DEOPT PACKING pc=0x000002202b541b60 sp=0x0000007d573fd580
Event: 0.753 Thread 0x000002203bb2ee20 DEOPT UNPACKING pc=0x000002202aeb8582 sp=0x0000007d573fd4d8 mode 2
Event: 0.766 Thread 0x000002203bb2ee20 Uncommon trap: trap_request=0xffffff4d fr.pc=0x000002202b547d48 relative=0x0000000000000128
Event: 0.766 Thread 0x000002203bb2ee20 Uncommon trap: reason=unstable_if action=reinterpret pc=0x000002202b547d48 method=java.lang.ThreadLocal$ThreadLocalMap.getEntry(Ljava/lang/ThreadLocal;)Ljava/lang/ThreadLocal$ThreadLocalMap$Entry; @ 21 c2
Event: 0.766 Thread 0x000002203bb2ee20 DEOPT PACKING pc=0x000002202b547d48 sp=0x0000007d573fdd10
Event: 0.766 Thread 0x000002203bb2ee20 DEOPT UNPACKING pc=0x000002202aeb8582 sp=0x0000007d573fdc30 mode 2

Classes loaded (20 events):
Event: 1.883 Loading class java/awt/event/MouseEvent$1
Event: 1.883 Loading class sun/awt/AWTAccessor$MouseEventAccessor
Event: 1.883 Loading class sun/awt/AWTAccessor$MouseEventAccessor done
Event: 1.883 Loading class java/awt/event/MouseEvent$1 done
Event: 1.884 Loading class java/awt/Cursor$CursorDisposer
Event: 1.884 Loading class java/awt/Cursor$CursorDisposer done
Event: 1.885 Loading class java/awt/Container$MouseEventTargetFilter
Event: 1.885 Loading class java/awt/Container$EventTargetFilter
Event: 1.885 Loading class java/awt/Container$EventTargetFilter done
Event: 1.885 Loading class java/awt/Container$MouseEventTargetFilter done
Event: 1.885 Loading class java/awt/event/MouseWheelEvent
Event: 1.885 Loading class java/awt/event/MouseWheelEvent done
Event: 4.945 Loading class sun/awt/SunToolkit$1
Event: 4.945 Loading class sun/awt/SunToolkit$1 done
Event: 594.924 Loading class java/util/WeakHashMap$KeyIterator
Event: 594.924 Loading class java/util/WeakHashMap$HashIterator
Event: 594.924 Loading class java/util/WeakHashMap$HashIterator done
Event: 594.925 Loading class java/util/WeakHashMap$KeyIterator done
Event: 594.926 Loading class javax/swing/RepaintManager$DisplayChangedRunnable
Event: 594.926 Loading class javax/swing/RepaintManager$DisplayChangedRunnable done

Classes unloaded (0 events):
No events

Classes redefined (0 events):
No events

Internal exceptions (20 events):
Event: 0.150 Thread 0x0000022018a3e520 Exception <a 'java/lang/NoSuchMethodError'{0x0000000715470520}: 'java.lang.Object java.lang.invoke.DirectMethodHandle$Holder.invokeStaticInit(java.lang.Object, long)'> (0x0000000715470520) 
thrown [s\src\hotspot\share\interpreter\linkResolver.cpp, line 805]
Event: 0.166 Thread 0x0000022018a3e520 Exception <a 'java/lang/NoSuchMethodError'{0x00000007154a08b0}: 'void java.lang.invoke.DirectMethodHandle$Holder.invokeSpecial(java.lang.Object, java.lang.Object, java.lang.Object)'> (0x00000007154a08b0) 
thrown [s\src\hotspot\share\interpreter\linkResolver.cpp, line 805]
Event: 0.175 Thread 0x0000022018a3e520 Exception <a 'java/lang/NoSuchMethodError'{0x000000071521d648}: 'java.lang.Object java.lang.invoke.DirectMethodHandle$Holder.newInvokeSpecial(java.lang.Object, java.lang.Object, java.lang.Object, java.lang.Object, java.lang.Object)'> (0x000000071521d648) 
thrown [s\src\hotspot\share\interpreter\linkResolver.cpp, line 805]
Event: 0.180 Thread 0x0000022018a3e520 Exception <a 'java/lang/NoSuchMethodError'{0x0000000715285790}: 'java.lang.Object java.lang.invoke.DirectMethodHandle$Holder.invokeStatic(java.lang.Object, int, java.lang.Object)'> (0x0000000715285790) 
thrown [s\src\hotspot\share\interpreter\linkResolver.cpp, line 805]
Event: 0.204 Thread 0x0000022018a3e520 Exception <a 'java/lang/ClassNotFoundException'{0x00000007150b2e88}: com/sun/swing/internal/plaf/metal/resources/spi/metalProvider> (0x00000007150b2e88) 
thrown [s\src\hotspot\share\classfile\systemDictionary.cpp, line 327]
Event: 0.205 Thread 0x0000022018a3e520 Exception <a 'java/lang/ClassNotFoundException'{0x00000007150b6898}: com/sun/swing/internal/plaf/basic/resources/spi/basicProvider> (0x00000007150b6898) 
thrown [s\src\hotspot\share\classfile\systemDictionary.cpp, line 327]
Event: 0.214 Thread 0x0000022018a3e520 Exception <a 'java/lang/NoSuchMethodError'{0x00000007150e4350}: 'int java.lang.invoke.Invokers$Holder.invokeExact_MT(java.lang.Object, java.lang.Object)'> (0x00000007150e4350) 
thrown [s\src\hotspot\share\interpreter\linkResolver.cpp, line 805]
Event: 0.301 Thread 0x0000022018a3e520 Exception <a 'java/lang/NoSuchMethodError'{0x0000000714fada80}: 'long java.lang.invoke.DirectMethodHandle$Holder.invokeStaticInit(java.lang.Object, long, long, long, long)'> (0x0000000714fada80) 
thrown [s\src\hotspot\share\interpreter\linkResolver.cpp, line 805]
Event: 0.301 Thread 0x0000022018a3e520 Exception <a 'java/lang/NoSuchMethodError'{0x0000000714fb6488}: 'java.lang.Object java.lang.invoke.DirectMethodHandle$Holder.invokeInterface(java.lang.Object, java.lang.Object, long, long)'> (0x0000000714fb6488) 
thrown [s\src\hotspot\share\interpreter\linkResolver.cpp, line 805]
Event: 0.302 Thread 0x0000022018a3e520 Exception <a 'java/lang/NoSuchMethodError'{0x0000000714fcec48}: 'void java.lang.invoke.DirectMethodHandle$Holder.invokeStaticInit(java.lang.Object, java.lang.Object, long, java.lang.Object)'> (0x0000000714fcec48) 
thrown [s\src\hotspot\share\interpreter\linkResolver.cpp, line 805]
Event: 0.303 Thread 0x0000022018a3e520 Exception <a 'java/lang/NoSuchMethodError'{0x0000000714fd7830}: 'long java.lang.invoke.DirectMethodHandle$Holder.invokeStatic(java.lang.Object, long, long)'> (0x0000000714fd7830) 
thrown [s\src\hotspot\share\interpreter\linkResolver.cpp, line 805]
Event: 0.305 Thread 0x0000022018a3e520 Exception <a 'java/lang/NoSuchMethodError'{0x0000000714c06f90}: 'java.lang.Object java.lang.invoke.DirectMethodHandle$Holder.newInvokeSpecial(java.lang.Object, int, java.lang.Object)'> (0x0000000714c06f90) 
thrown [s\src\hotspot\share\interpreter\linkResolver.cpp, line 805]
Event: 0.330 Thread 0x0000022018a3e520 Exception <a 'java/lang/NoSuchMethodError'{0x0000000714c7a6a8}: 'void java.lang.invoke.DelegatingMethodHandle$Holder.reinvoke_L(java.lang.Object, java.lang.Object, java.lang.Object, java.lang.Object, long, long, float)'> (0x0000000714c7a6a8) 
thrown [s\src\hotspot\share\interpreter\linkResolver.cpp, line 805]
Event: 0.333 Thread 0x0000022018a3e520 Exception <a 'java/lang/NoSuchMethodError'{0x0000000714c9acf8}: 'java.lang.Object java.lang.invoke.DirectMethodHandle$Holder.invokeStatic(java.lang.Object, java.lang.Object, java.lang.Object, java.lang.Object, java.lang.Object, long)'> (0x0000000714c9acf8) 
thrown [s\src\hotspot\share\interpreter\linkResolver.cpp, line 805]
Event: 0.337 Thread 0x0000022018a3e520 Exception <a 'java/lang/NoSuchMethodError'{0x0000000714cde458}: 'float java.lang.invoke.DelegatingMethodHandle$Holder.reinvoke_L(java.lang.Object, java.lang.Object, java.lang.Object, java.lang.Object, long, long)'> (0x0000000714cde458) 
thrown [s\src\hotspot\share\interpreter\linkResolver.cpp, line 805]
Event: 0.450 Thread 0x000002203b720620 Exception <a 'java/lang/NoSuchMethodError'{0x0000000715505c60}: 'void java.lang.invoke.DirectMethodHandle$Holder.invokeVirtual(java.lang.Object, java.lang.Object)'> (0x0000000715505c60) 
thrown [s\src\hotspot\share\interpreter\linkResolver.cpp, line 805]
Event: 0.462 Thread 0x0000022018a3e520 Exception <a 'java/lang/NoSuchMethodError'{0x0000000714b6ed28}: 'void java.lang.invoke.DirectMethodHandle$Holder.invokeStaticInit(java.lang.Object)'> (0x0000000714b6ed28) 
thrown [s\src\hotspot\share\interpreter\linkResolver.cpp, line 805]
Event: 0.566 Thread 0x000002203bb2ee20 Exception <a 'java/io/FileNotFoundException'{0x000000071494bfc8}> (0x000000071494bfc8) 
thrown [s\src\hotspot\share\prims\jni.cpp, line 518]
Event: 0.570 Thread 0x000002203bb2ee20 Exception <a 'java/io/FileNotFoundException'{0x0000000714965b10}> (0x0000000714965b10) 
thrown [s\src\hotspot\share\prims\jni.cpp, line 518]
Event: 0.766 Thread 0x000002203bb2ee20 Implicit null exception at 0x000002202b547c75 to 0x000002202b547d28

VM Operations (20 events):
Event: 0.529 Executing VM operation: HandshakeAllThreads (Deoptimize)
Event: 0.529 Executing VM operation: HandshakeAllThreads (Deoptimize) done
Event: 0.532 Executing VM operation: HandshakeAllThreads (Deoptimize)
Event: 0.532 Executing VM operation: HandshakeAllThreads (Deoptimize) done
Event: 60.164 Executing VM operation: HandshakeAllThreads (HandshakeForDeflation)
Event: 60.164 Executing VM operation: HandshakeAllThreads (HandshakeForDeflation) done
Event: 60.164 Executing VM operation: RendezvousGCThreads
Event: 60.164 Executing VM operation: RendezvousGCThreads done
Event: 601.387 Executing VM operation: HandshakeAllThreads (HandshakeForDeflation)
Event: 601.387 Executing VM operation: HandshakeAllThreads (HandshakeForDeflation) done
Event: 601.387 Executing VM operation: RendezvousGCThreads
Event: 601.387 Executing VM operation: RendezvousGCThreads done
Event: 4563.563 Executing VM operation: HandshakeAllThreads (HandshakeForDeflation)
Event: 4563.563 Executing VM operation: HandshakeAllThreads (HandshakeForDeflation) done
Event: 4563.565 Executing VM operation: RendezvousGCThreads
Event: 4563.565 Executing VM operation: RendezvousGCThreads done
Event: 10645.330 Executing VM operation: HandshakeAllThreads (HandshakeForDeflation)
Event: 10645.330 Executing VM operation: HandshakeAllThreads (HandshakeForDeflation) done
Event: 10645.331 Executing VM operation: RendezvousGCThreads
Event: 10645.331 Executing VM operation: RendezvousGCThreads done

Memory protections (0 events):
No events

Nmethod flushes (0 events):
No events

Events (20 events):
Event: 0.051 Thread 0x0000022018a3e520 Thread added: 0x000002203b1e1d90
Event: 0.063 Thread 0x000002203a6e81c0 Thread added: 0x000002203b204f80
Event: 0.065 Thread 0x0000022018a3e520 Thread added: 0x000002203b2fb4f0
Event: 0.068 Thread 0x000002203a718ad0 Thread added: 0x000002203b2fe460
Event: 0.132 Thread 0x0000022018a3e520 Thread added: 0x000002203b96d090
Event: 0.133 Thread 0x0000022018a3e520 Thread added: 0x000002203b71fee0
Event: 0.133 Thread 0x0000022018a3e520 Thread added: 0x000002203b720620
Event: 0.255 Thread 0x000002203a6e81c0 Thread added: 0x000002203bb19450
Event: 0.283 Thread 0x000002203b2fe460 Thread added: 0x000002203bae6c90
Event: 0.341 Thread 0x0000022018a3e520 Thread added: 0x000002203bb2ee20
Event: 0.429 Thread 0x0000022018a3e520 Thread added: 0x000002203bcf3a40
Event: 0.539 Thread 0x0000022018a3e520 Thread exited: 0x0000022018a3e520
Event: 0.539 Thread 0x0000022018a3e520 Thread added: 0x0000022018a3e520
Event: 0.798 Thread 0x000002203bb2ee20 Thread added: 0x000002207d8078a0
Event: 1.299 Thread 0x000002203bae6c90 Thread exited: 0x000002203bae6c90
Event: 1.300 Thread 0x000002203b204f80 Thread exited: 0x000002203b204f80
Event: 1.801 Thread 0x000002203bb19450 Thread exited: 0x000002203bb19450
Event: 1.897 Thread 0x000002203b2fe460 Thread exited: 0x000002203b2fe460
Event: 1.897 Thread 0x000002203a6e81c0 Thread exited: 0x000002203a6e81c0
Event: 5.435 Thread 0x000002203bcf3a40 Thread exited: 0x000002203bcf3a40


Dynamic libraries:
0x00007ff635500000 - 0x00007ff63550e000 	C:\Program Files\Apache NetBeans\jdk\bin\java.exe
0x00007ff9d5f00000 - 0x00007ff9d6169000 	C:\WINDOWS\SYSTEM32\ntdll.dll
0x00007ff9d5090000 - 0x00007ff9d5159000 	C:\WINDOWS\System32\KERNEL32.DLL
0x00007ff9d3370000 - 0x00007ff9d3763000 	C:\WINDOWS\System32\KERNELBASE.dll
0x00007ff9d3ad0000 - 0x00007ff9d3c1b000 	C:\WINDOWS\System32\ucrtbase.dll
0x00007ff9aca80000 - 0x00007ff9aca9e000 	C:\Program Files\Apache NetBeans\jdk\bin\VCRUNTIME140.dll
0x00007ff9a0910000 - 0x00007ff9a0926000 	C:\Program Files\Apache NetBeans\jdk\bin\jli.dll
0x00007ff9d4690000 - 0x00007ff9d4854000 	C:\WINDOWS\System32\USER32.dll
0x00007ff9d32b0000 - 0x00007ff9d32d7000 	C:\WINDOWS\System32\win32u.dll
0x00007ff9b99e0000 - 0x00007ff9b9c73000 	C:\WINDOWS\WinSxS\amd64_microsoft.windows.common-controls_6595b64144ccf1df_6.0.26100.5074_none_3e0d6f78e32fd63f\COMCTL32.dll
0x00007ff9d55f0000 - 0x00007ff9d561b000 	C:\WINDOWS\System32\GDI32.dll
0x00007ff9d3770000 - 0x00007ff9d389d000 	C:\WINDOWS\System32\gdi32full.dll
0x00007ff9d5e10000 - 0x00007ff9d5eb9000 	C:\WINDOWS\System32\msvcrt.dll
0x00007ff9d3c20000 - 0x00007ff9d3cc3000 	C:\WINDOWS\System32\msvcp_win.dll
0x00007ff9d4600000 - 0x00007ff9d462f000 	C:\WINDOWS\System32\IMM32.DLL
0x00007ff9ac280000 - 0x00007ff9ac28c000 	C:\Program Files\Apache NetBeans\jdk\bin\vcruntime140_1.dll
0x00007ff995080000 - 0x00007ff99510d000 	C:\Program Files\Apache NetBeans\jdk\bin\msvcp140.dll
0x00007ff8dde30000 - 0x00007ff8decac000 	C:\Program Files\Apache NetBeans\jdk\bin\server\jvm.dll
0x00007ff9d4860000 - 0x00007ff9d4914000 	C:\WINDOWS\System32\ADVAPI32.dll
0x00007ff9d5b00000 - 0x00007ff9d5ba6000 	C:\WINDOWS\System32\sechost.dll
0x00007ff9d5840000 - 0x00007ff9d5958000 	C:\WINDOWS\System32\RPCRT4.dll
0x00007ff9d5620000 - 0x00007ff9d5694000 	C:\WINDOWS\System32\WS2_32.dll
0x00007ff9d1ca0000 - 0x00007ff9d1cfe000 	C:\WINDOWS\SYSTEM32\POWRPROF.dll
0x00007ff9cba50000 - 0x00007ff9cba5b000 	C:\WINDOWS\SYSTEM32\VERSION.dll
0x00007ff9c8120000 - 0x00007ff9c8155000 	C:\WINDOWS\SYSTEM32\WINMM.dll
0x00007ff9d1c80000 - 0x00007ff9d1c94000 	C:\WINDOWS\SYSTEM32\UMPDC.dll
0x00007ff9d1f90000 - 0x00007ff9d1fab000 	C:\WINDOWS\SYSTEM32\kernel.appcore.dll
0x00007ff9ac270000 - 0x00007ff9ac27a000 	C:\Program Files\Apache NetBeans\jdk\bin\jimage.dll
0x00007ff9d08c0000 - 0x00007ff9d0b02000 	C:\WINDOWS\SYSTEM32\DBGHELP.DLL
0x00007ff9d4920000 - 0x00007ff9d4c9b000 	C:\WINDOWS\System32\combase.dll
0x00007ff9d4f10000 - 0x00007ff9d4fe7000 	C:\WINDOWS\System32\OLEAUT32.dll
0x00007ff9a1490000 - 0x00007ff9a14cd000 	C:\WINDOWS\SYSTEM32\dbgcore.DLL
0x00007ff9d3090000 - 0x00007ff9d3129000 	C:\WINDOWS\System32\bcryptPrimitives.dll
0x00007ff9a1d60000 - 0x00007ff9a1d7e000 	C:\Program Files\Apache NetBeans\jdk\bin\java.dll
0x00007ff9d56a0000 - 0x00007ff9d5838000 	C:\WINDOWS\System32\ole32.dll
0x00007ff9d3e30000 - 0x00007ff9d457d000 	C:\WINDOWS\System32\SHELL32.dll
0x00007ff9d38a0000 - 0x00007ff9d3a0c000 	C:\WINDOWS\System32\wintypes.dll
0x00007ff9d0cd0000 - 0x00007ff9d1529000 	C:\WINDOWS\SYSTEM32\windows.storage.dll
0x00007ff9d5960000 - 0x00007ff9d5a50000 	C:\WINDOWS\System32\SHCORE.dll
0x00007ff9d5bb0000 - 0x00007ff9d5c12000 	C:\WINDOWS\System32\shlwapi.dll
0x00007ff9d2fb0000 - 0x00007ff9d2fd9000 	C:\WINDOWS\SYSTEM32\profapi.dll
0x00007ff9433d0000 - 0x00007ff9434a7000 	C:\Program Files\Apache NetBeans\jdk\bin\jsvml.dll
0x00007ff9a1d50000 - 0x00007ff9a1d60000 	C:\Program Files\Apache NetBeans\jdk\bin\net.dll
0x00007ff9d2510000 - 0x00007ff9d257b000 	C:\WINDOWS\system32\mswsock.dll
0x00007ff99d250000 - 0x00007ff99d266000 	C:\Program Files\Apache NetBeans\jdk\bin\nio.dll
0x00007ff99e060000 - 0x00007ff99e077000 	C:\Program Files\Apache NetBeans\jdk\bin\zip.dll
0x00007ff92b200000 - 0x00007ff92b37e000 	C:\Program Files\Apache NetBeans\jdk\bin\awt.dll
0x00007ff9cf950000 - 0x00007ff9cf9ee000 	C:\WINDOWS\SYSTEM32\apphelp.dll
0x00007ff9cfb20000 - 0x00007ff9cfb4b000 	C:\WINDOWS\system32\DWMAPI.DLL
0x00007ff9cfa70000 - 0x00007ff9cfb18000 	C:\WINDOWS\system32\uxtheme.dll
0x00007ff92add0000 - 0x00007ff92aedc000 	C:\WINDOWS\system32\opengl32.dll
0x00007ff92ad80000 - 0x00007ff92adad000 	C:\WINDOWS\SYSTEM32\GLU32.dll
0x00007ff9d0130000 - 0x00007ff9d0174000 	C:\WINDOWS\SYSTEM32\dxcore.dll
0x00007ff9d3cd0000 - 0x00007ff9d3e28000 	C:\WINDOWS\System32\MSCTF.dll
0x00007ff9a0bd0000 - 0x00007ff9a0be0000 	C:\Program Files\Apache NetBeans\jdk\bin\verify.dll
0x00007ff988140000 - 0x00007ff9881c7000 	C:\Program Files\Apache NetBeans\jdk\bin\freetype.dll
0x00007ff938a40000 - 0x00007ff938b29000 	C:\Program Files\Apache NetBeans\jdk\bin\fontmanager.dll
0x00007ff9d5c20000 - 0x00007ff9d5cd1000 	C:\WINDOWS\System32\clbcatq.dll
0x00007ff9cde30000 - 0x00007ff9ce05f000 	C:\WINDOWS\SYSTEM32\WindowsCodecs.dll
0x00007ff99eca0000 - 0x00007ff99ecfa000 	C:\WINDOWS\system32\dataexchange.dll
0x00007ff9c30f0000 - 0x00007ff9c3329000 	C:\WINDOWS\system32\twinapi.appcore.dll
0x00007ff9ca660000 - 0x00007ff9ca7a9000 	C:\WINDOWS\SYSTEM32\textinputframework.dll
0x00007ff9cf690000 - 0x00007ff9cf7b5000 	C:\WINDOWS\SYSTEM32\CoreMessaging.dll
0x00007ff9cb4d0000 - 0x00007ff9cb7b3000 	C:\WINDOWS\SYSTEM32\CoreUIComponents.dll
0x00007ff9d27d0000 - 0x00007ff9d27dc000 	C:\WINDOWS\SYSTEM32\CRYPTBASE.DLL

JVMTI agents: none

dbghelp: loaded successfully - version: 4.0.5 - missing functions: none
symbol engine: initialized successfully - sym options: 0x614 - pdb path: .;C:\Program Files\Apache NetBeans\jdk\bin;C:\WINDOWS\SYSTEM32;C:\WINDOWS\WinSxS\amd64_microsoft.windows.common-controls_6595b64144ccf1df_6.0.26100.5074_none_3e0d6f78e32fd63f;C:\Program Files\Apache NetBeans\jdk\bin\server

VM Arguments:
jvm_args: -Dfile.encoding=UTF-8 --module-path=C:\Users\Istiak\Documents\NetBeansProjects\Bank Management System\build\classes 
java_command: bank.management.system.SignupOne
java_class_path (initial): C:\Users\Istiak\Downloads\jcalendar-1.4\lib\jcalendar-1.4.jar;C:\Users\Istiak\Documents\NetBeansProjects\Bank Management System\build\classes
Launcher Type: SUN_STANDARD

[Global flags]
     intx CICompilerCount                          = 12                                        {product} {ergonomic}
     uint ConcGCThreads                            = 3                                         {product} {ergonomic}
     uint G1ConcRefinementThreads                  = 13                                        {product} {ergonomic}
   size_t G1HeapRegionSize                         = 2097152                                   {product} {ergonomic}
   size_t InitialHeapSize                          = 264241152                                 {product} {ergonomic}
   size_t MarkStackSize                            = 4194304                                   {product} {ergonomic}
   size_t MarkStackSizeMax                         = 536870912                                 {product} {ergonomic}
   size_t MaxHeapSize                              = 4196401152                                {product} {ergonomic}
   size_t MaxNewSize                               = 2516582400                                {product} {ergonomic}
   size_t MinHeapDeltaBytes                        = 2097152                                   {product} {ergonomic}
   size_t MinHeapSize                              = 8388608                                   {product} {ergonomic}
    uintx NonNMethodCodeHeapSize                   = 7602176                                {pd product} {ergonomic}
    uintx NonProfiledCodeHeapSize                  = 122093568                              {pd product} {ergonomic}
     bool PerfDisableSharedMem                     = true                                      {product} {ergonomic}
    uintx ProfiledCodeHeapSize                     = 121962496                              {pd product} {ergonomic}
    uintx ReservedCodeCacheSize                    = 251658240                              {pd product} {ergonomic}
     bool SegmentedCodeCache                       = true                                      {product} {ergonomic}
   size_t SoftMaxHeapSize                          = 4196401152                             {manageable} {ergonomic}
     bool UseCompressedOops                        = true                           {product lp64_product} {ergonomic}
     bool UseG1GC                                  = true                                      {product} {ergonomic}
     bool UseLargePagesIndividualAllocation        = false                                  {pd product} {ergonomic}

Logging:
Log output configuration:
 #0: stdout all=warning uptime,level,tags foldmultilines=false
 #1: stderr all=off uptime,level,tags foldmultilines=false

Environment Variables:
JAVA_HOME=C:\Program Files\Eclipse Adoptium\jdk-17.0.15.6-hotspot\
PATH=C:\Program Files\Eclipse Adoptium\jdk-17.0.15.6-hotspot\bin;C:\Program Files (x86)\Common Files\Oracle\Java\java8path;C:\Program Files (x86)\Common Files\Oracle\Java\javapath;C:\Program Files (x86)\Common Files\Intel\Shared Libraries\redist\intel64\compiler;C:\Windows\system32;C:\Windows;C:\Windows\System32\Wbem;C:\Windows\System32\WindowsPowerShell\v1.0\;C:\Windows\System32\OpenSSH\;C:\Program Files (x86)\NVIDIA Corporation\PhysX\Common;C:\Program Files\steghide;C:\WINDOWS\system32;C:\WINDOWS;C:\WINDOWS\System32\Wbem;C:\WINDOWS\System32\WindowsPowerShell\v1.0\;C:\WINDOWS\System32\OpenSSH\;C:\Program Files\NVIDIA Corporation\NVIDIA app\NvDLISR;C:\Program Files\Git\cmd;C:\Program Files\dotnet\;C:\Users\Istiak\AppData\Local\Programs\Python\Python39\Scripts\;C:\Users\Istiak\AppData\Local\Programs\Python\Python39\;C:\Users\Istiak\AppData\Local\Microsoft\WindowsApps;C:\Users\Istiak\AppData\Local\Programs\Microsoft VS Code\bin;C:\msys64\ucrt64\bin;C:\Users\Istiak\AppData\Local\Programs\Microsoft VS Code\bin;C:\Users\Istiak\AppData\Local\GitHubDesktop\bin
USERNAME=Istiak
OS=Windows_NT
PROCESSOR_IDENTIFIER=Intel64 Family 6 Model 154 Stepping 3, GenuineIntel
TMP=C:\Users\Istiak\AppData\Local\Temp
TEMP=C:\Users\Istiak\AppData\Local\Temp




Periodic native trim disabled

---------------  S Y S T E M  ---------------

OS:
 Windows 11 , 64 bit Build 26100 (10.0.26100.5074)
OS uptime: 2 days 15:46 hours
Hyper-V role detected

CPU: total 16 (initial active 16) (8 cores per cpu, 2 threads per core) family 6 model 154 stepping 3 microcode 0x434, cx8, cmov, fxsr, ht, mmx, 3dnowpref, sse, sse2, sse3, ssse3, sse4.1, sse4.2, popcnt, lzcnt, tsc, tscinvbit, avx, avx2, aes, erms, clmul, bmi1, bmi2, adx, sha, fma, vzeroupper, clflush, clflushopt, clwb, hv, serialize, rdtscp, rdpid, fsrm, gfni, f16c, cet_ibt, cet_ss
Processor Information for the first 16 processors :
  Max Mhz: 2500, Current Mhz: 2500, Mhz Limit: 2500

Memory: 4k page, system-wide physical 16004M (4588M free)
TotalPageFile size 37239M (AvailPageFile size 8389M)
current process WorkingSet (physical memory assigned to process): 17M, peak: 103M
current process commit charge ("private bytes"): 373M, peak: 378M

vm_info: OpenJDK 64-Bit Server VM (24.0.2+12) for windows-amd64 JRE (24.0.2+12) (Zulu24.32+13-CA), built on 2025-07-11T12:45:44Z with MS VC++ 17.1 (VS2022)

END.
