#
# A fatal error has been detected by the Java Runtime Environment:
#
#  EXCEPTION_ACCESS_VIOLATION (0xc0000005) at pc=0x00007ff92b2dad89, pid=35308, tid=41320
#
# JRE version: OpenJDK Runtime Environment Zulu24.32+13-CA (24.0.2+12) (build 24.0.2+12)
# Java VM: OpenJDK 64-Bit Server VM Zulu24.32+13-CA (24.0.2+12, mixed mode, sharing, tiered, compressed oops, compressed class ptrs, g1 gc, windows-amd64)
# Problematic frame:
# C  [awt.dll+0xdad89]
#
# No core dump will be written. Minidumps are not enabled by default on client versions of Windows
#
# If you would like to submit a bug report, please visit:
#   http://www.azul.com/support/
# The crash happened outside the Java Virtual Machine in native code.
# See problematic frame for where to report the bug.
#

---------------  S U M M A R Y ------------

Command Line: -Dfile.encoding=UTF-8 --module-path=C:\Users\Istiak\Documents\NetBeansProjects\Bank Management System\build\classes bank.management.system.SignupOne

Host: 12th Gen Intel(R) Core(TM) i5-12500H, 16 cores, 15G,  Windows 11 , 64 bit Build 26100 (10.0.26100.5074)
Time: Sat Sep 13 06:20:48 2025 Bangladesh Standard Time elapsed time: 4665.187835 seconds (0d 1h 17m 45s)

---------------  T H R E A D  ---------------

Current thread (0x00000171dea7fe10):  JavaThread "AWT-EventQueue-0"        [_thread_in_native, id=41320, stack(0x00000017a6e00000,0x00000017a6f00000) (1024K)]

Stack: [0x00000017a6e00000,0x00000017a6f00000],  sp=0x00000017a6efed50,  free space=1019k
Native frames: (J=compiled Java code, j=interpreted, Vv=VM code, C=native code)
C  [awt.dll+0xdad89]  (no source info available)
C  [awt.dll+0xda148]  (no source info available)
C  0x00000171cd5fce20  (no source info available)

The last pc belongs to native method entry point (kind = native) (printed below).
Java frames: (J=compiled Java code, j=interpreted, Vv=VM code)
j  sun.awt.Win32GraphicsConfig.getBounds(I)Ljava/awt/Rectangle;+0 java.desktop@24.0.2
j  sun.awt.Win32GraphicsConfig.getBounds()Ljava/awt/Rectangle;+8 java.desktop@24.0.2
j  sun.awt.Win32GraphicsDevice.displayChanged()V+23 java.desktop@24.0.2
j  sun.awt.Win32GraphicsEnvironment.displayChanged()V+271 java.desktop@24.0.2
j  sun.awt.windows.WToolkit.lambda$displayChanged$0()V+15 java.desktop@24.0.2
j  sun.awt.windows.WToolkit$$Lambda+0x00000171e012e738.run()V+0 java.desktop@24.0.2
J 1953 c1 java.awt.event.InvocationEvent.dispatch()V java.desktop@24.0.2 (69 bytes) @ 0x00000171c648d09c [0x00000171c648ce80+0x000000000000021c]
J 1918 c1 java.awt.EventQueue.dispatchEventImpl(Ljava/awt/AWTEvent;Ljava/lang/Object;)V java.desktop@24.0.2 (139 bytes) @ 0x00000171c647bb9c [0x00000171c647a2a0+0x00000000000018fc]
J 1945 c1 java.awt.EventQueue.dispatchEvent(Ljava/awt/AWTEvent;)V java.desktop@24.0.2 (48 bytes) @ 0x00000171c64880b4 [0x00000171c6487e60+0x0000000000000254]
J 1369 c1 java.awt.EventDispatchThread.pumpOneEventForFilters(I)V java.desktop@24.0.2 (106 bytes) @ 0x00000171c639dad4 [0x00000171c639d2c0+0x0000000000000814]
j  java.awt.EventDispatchThread.pumpEventsForFilter(ILjava/awt/Conditional;Ljava/awt/EventFilter;)V+35 java.desktop@24.0.2
j  java.awt.EventDispatchThread.pumpEventsForHierarchy(ILjava/awt/Conditional;Ljava/awt/Component;)V+11 java.desktop@24.0.2
j  java.awt.EventDispatchThread.pumpEvents(ILjava/awt/Conditional;)V+4 java.desktop@24.0.2
j  java.awt.EventDispatchThread.pumpEvents(Ljava/awt/Conditional;)V+3 java.desktop@24.0.2
j  java.awt.EventDispatchThread.run()V+9 java.desktop@24.0.2
v  ~StubRoutines::call_stub 0x00000171cd5f0fcd

siginfo: EXCEPTION_ACCESS_VIOLATION (0xc0000005), reading address 0x0000000000000028


Registers:
RAX=0x0000000000000000, RBX=0x00000171de7c9b40, RCX=0x0000000000000000, RDX=0x0000000000000000
RSP=0x00000017a6efed50, RBP=0x0000000000000000, RSI=0x0000000000000000, RDI=0x0000000000000000
R8 =0x0000000000000001, R9 =0x00000017a4ea8000, R10=0x00000171deaa8e60, R11=0x00000172202acf58
R12=0x0000000000000000, R13=0x00000171de913240, R14=0x00000171de93acc0, R15=0x0000000000000000
RIP=0x00007ff92b2dad89, EFLAGS=0x0000000000010246

XMM[0]=0x0000000000000000 0x0000000000000000
XMM[1]=0x0000000000000000 0x00000017a6efee20
XMM[2]=0x00000171cd703758 0x00000017a6efea40
XMM[3]=0x00000017a6efeed0 0x0000000000000000
XMM[4]=0x00000171c64cd408 0x00000171c64cd686
XMM[5]=0x00000171dea7fe10 0x0000000000000501
XMM[6]=0x0000000000000000 0x8fc30fe66c9d5dfb
XMM[7]=0x0000000000000000 0xb76c25743618890c
XMM[8]=0x0000000000000000 0x97058b370aa274b1
XMM[9]=0x0000000000000000 0x9e932d087ee8b7e0
XMM[10]=0x0000000000000000 0x00000000e0558ad8
XMM[11]=0x0000000000000000 0x69f3b40de8dc6bed
XMM[12]=0x0000000000000000 0x000000007ee8b7e0
XMM[13]=0x0000000000000000 0x4070000000000000
XMM[14]=0x0000000000000000 0x0000000000000000
XMM[15]=0x0000000000000000 0x0000000000000000
  MXCSR=0x00001fa2


Register to memory mapping:

RAX=0x0 is null
RBX=0x00000171de7c9b40 points into unknown readable memory: 0x00000171de798060 | 60 80 79 de 71 01 00 00
RCX=0x0 is null
RDX=0x0 is null
RSP=0x00000017a6efed50 is pointing into the stack for thread: 0x00000171dea7fe10
RBP=0x0 is null
RSI=0x0 is null
RDI=0x0 is null
R8 =0x0000000000000001 is an unknown value
R9 =0x00000017a4ea8000 points into unknown readable memory: 0x0000000000000000 | 00 00 00 00 00 00 00 00
R10=0x00000171deaa8e60 points into unknown readable memory: 0x0000001e00000003 | 03 00 00 00 1e 00 00 00
R11={method} {0x00000172202acf60} '<init>' '(IIII)V' in 'java/awt/Rectangle'
R12=0x0 is null
R13=0x00000171de913240 points into unknown readable memory: 0x00000172202acf58 | 58 cf 2a 20 72 01 00 00
R14=0x00000171de93acc0 points into unknown readable memory: 0x000000071549d920 | 20 d9 49 15 07 00 00 00
R15=0x0 is null

Top of Stack: (sp=0x00000017a6efed50)
0x00000017a6efed50:   00007ff92b337838 00000171de7c9b40   8x3+....@.|.q...
0x00000017a6efed60:   00000171dea801d8 00000171de7c9b40   ....q...@.|.q...
0x00000017a6efed70:   00000171dea801d8 00007ff92b2da148   ....q...H.-+....
0x00000017a6efed80:   00000171de7c9b40 00000171de7c9b40   @.|.q...@.|.q...
0x00000017a6efed90:   0000000000000036 00000171dea801d8   6...........q...
0x00000017a6efeda0:   000000071544c8d0 0000017220248c18   ..D.......$ r...
0x00000017a6efedb0:   0000000000000000 00000017a6efedd0   ................
0x00000017a6efedc0:   0000000000000000 0000000000000000   ................
0x00000017a6efedd0:   0000dc64dae46876 000000071549bda8   vh..d.....I.....
0x00000017a6efede0:   00000171dea7fe10 00000017a6efeec8   ....q...........
0x00000017a6efedf0:   00000172202a5470 0000000000000000   pT* r...........
0x00000017a6efee00:   0000000000000120 0000000000000036    .......6.......
0x00000017a6efee10:   00000017a6efeea0 00000171cd5fce20   ........ ._.q...
0x00000017a6efee20:   00000017a6efee38 00000172202a5470   8.......pT* r...
0x00000017a6efee30:   00000171cd5f8800 0000000000000000   .._.q...........
0x00000017a6efee40:   000000071549bda8 000000071388c968   ..I.....h.......
0x00000017a6efee50:   000000071388c968 fffffffffffffff7   h...............
0x00000017a6efee60:   0000000000000000 0000000000000005   ................
0x00000017a6efee70:   00000172202a7ef8 0000000000000000   .~* r...........
0x00000017a6efee80:   000000071549d098 00000172202a5470   ..I.....pT* r...
0x00000017a6efee90:   0000000000000000 00000017a6efeec0   ................
0x00000017a6efeea0:   00000017a6efef18 00000171cd5f899a   .........._.q...
0x00000017a6efeeb0:   0000000000000000 00000171cd5fa43a   ........:._.q...
0x00000017a6efeec0:   0000000000000000 000000071388c968   ........h.......
0x00000017a6efeed0:   fffffffffffffff7 00000172202a5518   .........U* r...
0x00000017a6efeee0:   0000000000000002 00000172202a7ef8   .........~* r...
0x00000017a6efeef0:   0000000000000000 000000071549d098   ..........I.....
0x00000017a6efef00:   00000172202a5530 fffffffffffffff5   0U* r...........
0x00000017a6efef10:   00000017a6efef28 00000017a6efef78   (.......x.......
0x00000017a6efef20:   00000171cd5f899a 000000071388c968   .._.q...h.......
0x00000017a6efef30:   fffffffffffffff7 0000017220248a6f   ........o.$ r...
0x00000017a6efef40:   0000000000000003 000001722024a1f0   ..........$ r...

Instructions: (pc=0x00007ff92b2dad89)
  0x00007ff92b2dac89:   cc cc cc cc cc cc cc 48 89 5c 24 08 48 89 6c 24
  0x00007ff92b2dac99:   10 48 89 74 24 18 57 48 83 ec 20 41 8b f8 0f b6
  0x00007ff92b2daca9:   f2 48 8b e9 e8 1e d3 f4 ff 48 8b d8 48 89 44 24
  0x00007ff92b2dacb9:   48 41 b8 01 00 00 00 8b d7 48 8b c8 e8 86 d2 f4
  0x00007ff92b2dacc9:   ff 48 8b c8 44 0f b6 c6 48 8b d5 e8 97 fa ff ff
  0x00007ff92b2dacd9:   48 8b f8 48 8b cb e8 ac d4 f4 ff 90 48 8b c7 48
  0x00007ff92b2dace9:   8b 5c 24 30 48 8b 6c 24 38 48 8b 74 24 40 48 83
  0x00007ff92b2dacf9:   c4 20 5f c3 cc cc cc 48 8b 49 28 e9 07 07 00 00
  0x00007ff92b2dad09:   cc cc cc cc cc cc cc 48 89 5c 24 08 57 48 83 ec
  0x00007ff92b2dad19:   20 8b f9 e8 af d2 f4 ff 48 8b d8 48 89 44 24 38
  0x00007ff92b2dad29:   41 b8 01 00 00 00 8b d7 48 8b c8 e8 17 d2 f4 ff
  0x00007ff92b2dad39:   48 8b 08 8b 39 48 8b cb e8 4a d4 f4 ff 90 8b c7
  0x00007ff92b2dad49:   48 8b 5c 24 30 48 83 c4 20 5f c3 cc cc cc cc cc
  0x00007ff92b2dad59:   cc cc cc cc cc cc cc 48 89 5c 24 08 57 48 83 ec
  0x00007ff92b2dad69:   20 8b f9 e8 5f d2 f4 ff 48 8b d8 48 89 44 24 38
  0x00007ff92b2dad79:   41 b8 01 00 00 00 8b d7 48 8b c8 e8 c7 d1 f4 ff
=>0x00007ff92b2dad89:   48 8b 78 28 48 8b cb e8 fb d3 f4 ff 90 48 8b c7
  0x00007ff92b2dad99:   48 8b 5c 24 30 48 83 c4 20 5f c3 cc cc cc cc cc
  0x00007ff92b2dada9:   cc cc cc cc cc cc cc 48 89 5c 24 08 57 48 83 ec
  0x00007ff92b2dadb9:   20 8b f9 e8 0f d2 f4 ff 48 8b d8 48 89 44 24 38
  0x00007ff92b2dadc9:   41 b8 01 00 00 00 8b d7 48 8b c8 e8 77 d1 f4 ff
  0x00007ff92b2dadd9:   48 8b 78 30 48 8b cb e8 ab d3 f4 ff 90 48 8b c7
  0x00007ff92b2dade9:   48 8b 5c 24 30 48 83 c4 20 5f c3 cc cc cc cc cc
  0x00007ff92b2dadf9:   cc cc cc cc cc cc cc 48 89 5c 24 08 57 48 83 ec
  0x00007ff92b2dae09:   20 8b f9 e8 bf d1 f4 ff 48 8b d8 48 89 44 24 38
  0x00007ff92b2dae19:   41 b8 01 00 00 00 8b d7 48 8b c8 e8 27 d1 f4 ff
  0x00007ff92b2dae29:   48 8b 78 08 48 85 ff 74 07 48 8b bf 08 0c 00 00
  0x00007ff92b2dae39:   48 8b cb e8 4f d3 f4 ff 90 48 8b c7 48 8b 5c 24
  0x00007ff92b2dae49:   30 48 83 c4 20 5f c3 f3 0f 10 41 48 c3 cc cc cc
  0x00007ff92b2dae59:   cc cc cc cc cc cc cc f3 0f 10 41 4c c3 cc cc cc
  0x00007ff92b2dae69:   cc cc cc cc cc cc cc 48 89 5c 24 10 48 89 74 24
  0x00007ff92b2dae79:   18 55 57 41 56 48 8d 6c 24 e0 48 81 ec 20 01 00


Stack slot to memory mapping:

stack at sp + 0 slots: 0x00007ff92b337838 awt.dll
stack at sp + 1 slots: 0x00000171de7c9b40 points into unknown readable memory: 0x00000171de798060 | 60 80 79 de 71 01 00 00
stack at sp + 2 slots: 0x00000171dea801d8 points into unknown readable memory: 0x00007ff8deb2c9d0 | d0 c9 b2 de f8 7f 00 00
stack at sp + 3 slots: 0x00000171de7c9b40 points into unknown readable memory: 0x00000171de798060 | 60 80 79 de 71 01 00 00
stack at sp + 4 slots: 0x00000171dea801d8 points into unknown readable memory: 0x00007ff8deb2c9d0 | d0 c9 b2 de f8 7f 00 00
stack at sp + 5 slots: 0x00007ff92b2da148 awt.dll
stack at sp + 6 slots: 0x00000171de7c9b40 points into unknown readable memory: 0x00000171de798060 | 60 80 79 de 71 01 00 00
stack at sp + 7 slots: 0x00000171de7c9b40 points into unknown readable memory: 0x00000171de798060 | 60 80 79 de 71 01 00 00

Lock stack of current Java thread (top to bottom):

native method entry point (kind = native)  [0x00000171cd5fca40, 0x00000171cd5fd478]  2616 bytes
[MachCode]
  0x00000171cd5fca40: 488b 4b08 | 0fb7 492e | 584c 8d74 | ccf8 6800 | 0000 0068 | 0000 0000 | 5055 488b | ec41 5568 
  0x00000171cd5fca60: 0000 0000 | 4c8b 6b08 | 4d8d 6d38 | 5348 8b53 | 0848 8b52 | 0848 8b52 | 1848 8b52 | 7048 8b12 
  0x00000171cd5fca80: 5248 8b53 | 1048 85d2 | 0f84 0700 | 0000 4881 | c208 0100 | 0052 488b | 5308 488b | 5208 488b 
  0x00000171cd5fcaa0: 5210 5249 | 8bc6 482b | c548 c1e8 | 0350 6800 | 0000 0068 | f7ff ffff | 41c6 8771 | 0400 0001 
  0x00000171cd5fcac0: 488b 4310 | 4885 c074 | 208b 88cc | 0000 0083 | c102 8988 | cc00 0000 | 2388 e000 | 0000 0f84 
  0x00000171cd5fcae0: e408 0000 | e9cd 0000 | 0048 8b43 | 1848 85c0 | 0f85 b000 | 0000 e805 | 0000 00e9 | 9900 0000 
  0x00000171cd5fcb00: 488b d348 | 8d44 2408 | 4c89 6dc0 | 498b cfc5 | f877 4989 | afb8 0300 | 0049 8987 | a803 0000 
  0x00000171cd5fcb20: 4883 ec20 | 40f6 c40f | 0f84 1900 | 0000 4883 | ec08 48b8 | e016 25de | f87f 0000 | ffd0 4883 
  0x00000171cd5fcb40: c408 e90c | 0000 0048 | b8e0 1625 | def8 7f00 | 00ff d048 | 83c4 2049 | c787 a803 | 0000 0000 
  0x00000171cd5fcb60: 0000 49c7 | 87b8 0300 | 0000 0000 | 0049 c787 | b003 0000 | 0000 0000 | c5f8 7749 | 837f 0800 
  0x00000171cd5fcb80: 0f84 0500 | 0000 e935 | 43ff ff4c | 8b6d c04c | 8b75 c84e | 8d74 f500 | c348 8b43 | 1848 85c0 
  0x00000171cd5fcba0: 0f84 1000 | 0000 8b08 | 83c1 0289 | 0823 4814 | 0f84 1208 | 0000 493b | a7f0 0400 | 000f 8748 
  0x00000171cd5fcbc0: 0000 0089 | 8424 00f0 | ffff 8984 | 2400 e0ff | ff89 8424 | 00d0 ffff | 8984 2400 | c0ff ff89 
  0x00000171cd5fcbe0: 8424 00b0 | ffff 8984 | 2400 a0ff | ff89 8424 | 0090 ffff | 8984 2400 | 80ff ff49 | 3ba7 e804 
  0x00000171cd5fcc00: 0000 7607 | 4989 a7f0 | 0400 0041 | c687 7104 | 0000 0048 | 8b5d e84c | 8b5b 0845 | 0fb7 5b2e 
  0x00000171cd5fcc20: 41c1 e303 | 492b e348 | 83ec 2048 | 83e4 f04c | 8b5b 604d | 85db 0f85 | ab00 0000 | e805 0000 
  0x00000171cd5fcc40: 00e9 9900 | 0000 488b | d348 8d44 | 2408 4c89 | 6dc0 498b | cfc5 f877 | 4989 afb8 | 0300 0049 
  0x00000171cd5fcc60: 8987 a803 | 0000 4883 | ec20 40f6 | c40f 0f84 | 1900 0000 | 4883 ec08 | 48b8 0041 | 25de f87f 
  0x00000171cd5fcc80: 0000 ffd0 | 4883 c408 | e90c 0000 | 0048 b800 | 4125 def8 | 7f00 00ff | d048 83c4 | 2049 c787 
  0x00000171cd5fcca0: a803 0000 | 0000 0000 | 49c7 87b8 | 0300 0000 | 0000 0049 | c787 b003 | 0000 0000 | 0000 c5f8 
  0x00000171cd5fccc0: 7749 837f | 0800 0f84 | 0500 0000 | e9ef 41ff | ff4c 8b6d | c04c 8b75 | c84e 8d74 | f500 c348 
  0x00000171cd5fcce0: 8b5d e84c | 8b5b 6041 | ffd3 488b | 5de8 4889 | 4518 448b | 5b28 41f6 | c308 0f84 | 1b00 0000 
  0x00000171cd5fcd00: 4c8b 5b08 | 4d8b 5b08 | 4d8b 5b18 | 4d8b 5b70 | 4d8b 1b4c | 895d 1048 | 8d55 1048 | 8b43 5849 
  0x00000171cd5fcd20: ba70 8c5e | def8 7f00 | 0049 3bc2 | 0f85 ab00 | 0000 e805 | 0000 00e9 | 9900 0000 | 488b d348 
  0x00000171cd5fcd40: 8d44 2408 | 4c89 6dc0 | 498b cfc5 | f877 4989 | afb8 0300 | 0049 8987 | a803 0000 | 4883 ec20 
  0x00000171cd5fcd60: 40f6 c40f | 0f84 1900 | 0000 4883 | ec08 48b8 | 0041 25de | f87f 0000 | ffd0 4883 | c408 e90c 
  0x00000171cd5fcd80: 0000 0048 | b800 4125 | def8 7f00 | 00ff d048 | 83c4 2049 | c787 a803 | 0000 0000 | 0000 49c7 
  0x00000171cd5fcda0: 87b8 0300 | 0000 0000 | 0049 c787 | b003 0000 | 0000 0000 | c5f8 7749 | 837f 0800 | 0f84 0500 
  0x00000171cd5fcdc0: 0000 e9f9 | 40ff ff4c | 8b6d c04c | 8b75 c84e | 8d74 f500 | c348 8b5d | e848 8b43 | 5849 8d8f 
  0x00000171cd5fcde0: c803 0000 | 4c8d 15d5 | 0000 004d | 8997 b003 | 0000 c5f8 | 7749 89af | b803 0000 | 4989 a7a8 
  0x00000171cd5fce00: 0300 0041 | c787 5404 | 0000 0400 | 0000 493b | a748 0500 | 0076 0749 | 89a7 4805 | 0000 ffd0 
  0x00000171cd5fce20: 493b a748 | 0500 0072 | 0b49 c787 | 4805 0000 | 0000 0000 | c5f8 7748 | 83ec 10c5 | fb11 0424 
  0x00000171cd5fce40: 4883 ec10 | 4889 0424 | 48c7 4424 | 0800 0000 | 0041 c787 | 5404 0000 | 0500 0000 | f083 4424 
  0x00000171cd5fce60: c000 493b | 6f28 0f87 | 0e00 0000 | 4183 bf50 | 0400 0000 | 0f84 2000 | 0000 498b | cf4c 8be4 
  0x00000171cd5fce80: 4883 ec20 | 4883 e4f0 | 48b8 f0a5 | 26de f87f | 0000 ffd0 | 498b e44d | 33e4 41c7 | 8754 0400 
  0x00000171cd5fcea0: 0008 0000 | 004d 8b97 | 7005 0000 | 4983 fa00 | 7435 49c7 | 8770 0500 | 0000 0000 | 0041 ffe2 
  0x00000171cd5fcec0: 49ba 00bb | 5fcd 7101 | 0000 41ff | d248 83ec | 10c5 fb11 | 0424 4883 | ec10 4889 | 0424 48c7 
  0x00000171cd5fcee0: 4424 0800 | 0000 0049 | c787 a803 | 0000 0000 | 0000 49c7 | 87b8 0300 | 0000 0000 | 0049 c787 
  0x00000171cd5fcf00: b003 0000 | 0000 0000 | c5f8 774d | 8b9f 3804 | 0000 41c7 | 8300 0100 | 0000 0000 | 0049 bb3a 
  0x00000171cd5fcf20: a45f cd71 | 0100 004c | 3b5d 180f | 8555 0100 | 0048 8b04 | 2448 83c4 | 1048 85c0 | 0f84 2f01 
  0x00000171cd5fcf40: 0000 a803 | 0f85 0800 | 0000 488b | 00e9 1f01 | 0000 a801 | 0f85 0900 | 0000 488b | 40fe e90e 
  0x00000171cd5fcf60: 0100 0048 | 8b40 ff41 | 807f 4800 | 0f84 ff00 | 0000 4883 | f800 0f84 | f500 0000 | 4d8b 5f38 
  0x00000171cd5fcf80: 4d85 db0f | 8414 0000 | 0049 83eb | 084d 895f | 384d 035f | 4049 8903 | e9d4 0000 | 0048 83ec 
  0x00000171cd5fcfa0: 7048 8904 | 2448 894c | 2408 4889 | 5424 104c | 8944 2418 | 4c89 4c24 | 204c 8954 | 2428 4c89 
  0x00000171cd5fcfc0: 5c24 30c5 | fb11 4424 | 40c5 fb11 | 4c24 48c5 | fb11 5424 | 50c5 fb11 | 5c24 58c5 | fb11 6424 
  0x00000171cd5fcfe0: 60c5 fb11 | 6c24 6849 | 8bd7 488b | c848 83ec | 2040 f6c4 | 0f0f 8419 | 0000 0048 | 83ec 0848 
  0x00000171cd5fd000: b8e0 1819 | def8 7f00 | 00ff d048 | 83c4 08e9 | 0c00 0000 | 48b8 e018 | 19de f87f | 0000 ffd0 
  0x00000171cd5fd020: 4883 c420 | c5fb 106c | 2468 c5fb | 1064 2460 | c5fb 105c | 2458 c5fb | 1054 2450 | c5fb 104c 
  0x00000171cd5fd040: 2448 c5fb | 1044 2440 | 4c8b 5c24 | 304c 8b54 | 2428 4c8b | 4c24 204c | 8b44 2418 | 488b 5424 
  0x00000171cd5fd060: 1048 8b4c | 2408 488b | 0424 4883 | c470 c5f8 | 7748 8945 | 1048 83ec | 1048 8904 | 2448 c744 
  0x00000171cd5fd080: 2408 0000 | 0000 4183 | bfd0 0400 | 0002 0f85 | bf00 0000 | 4881 ec80 | 0000 0048 | 8944 2478 
  0x00000171cd5fd0a0: 4889 4c24 | 7048 8954 | 2468 4889 | 5c24 6048 | 896c 2450 | 4889 7424 | 4848 897c | 2440 4c89 
  0x00000171cd5fd0c0: 4424 384c | 894c 2430 | 4c89 5424 | 284c 895c | 2420 4c89 | 6424 184c | 896c 2410 | 4c89 7424 
  0x00000171cd5fd0e0: 084c 893c | 244c 8be4 | 4883 ec20 | 4883 e4f0 | 48b8 6074 | 5ede f87f | 0000 ffd0 | 498b e44c 
  0x00000171cd5fd100: 8b3c 244c | 8b74 2408 | 4c8b 6c24 | 104c 8b64 | 2418 4c8b | 5c24 204c | 8b54 2428 | 4c8b 4c24 
  0x00000171cd5fd120: 304c 8b44 | 2438 488b | 7c24 4048 | 8b74 2448 | 488b 6c24 | 5048 8b5c | 2460 488b | 5424 6848 
  0x00000171cd5fd140: 8b4c 2470 | 488b 4424 | 7848 81c4 | 8000 0000 | 4d33 e448 | 8b5d e84c | 8b6b 084d | 8d6d 3849 
  0x00000171cd5fd160: 837f 0800 | 0f84 bb00 | 0000 e805 | 0000 00e9 | 9600 0000 | 488d 4424 | 084c 896d | c049 8bcf 
  0x00000171cd5fd180: c5f8 7749 | 89af b803 | 0000 4989 | 87a8 0300 | 0048 83ec | 2040 f6c4 | 0f0f 8419 | 0000 0048 
  0x00000171cd5fd1a0: 83ec 0848 | b8a0 5f25 | def8 7f00 | 00ff d048 | 83c4 08e9 | 0c00 0000 | 48b8 a05f | 25de f87f 
  0x00000171cd5fd1c0: 0000 ffd0 | 4883 c420 | 49c7 87a8 | 0300 0000 | 0000 0049 | c787 b803 | 0000 0000 | 0000 49c7 
  0x00000171cd5fd1e0: 87b0 0300 | 0000 0000 | 00c5 f877 | 4983 7f08 | 000f 8405 | 0000 00e9 | c43c ffff | 4c8b 6dc0 
  0x00000171cd5fd200: 4c8b 75c8 | 4e8d 74f5 | 00c3 48b9 | e034 8ede | f87f 0000 | 4883 e4f0 | 48b8 1090 | 4bde f87f 
  0x00000171cd5fd220: 0000 ffd0 | f444 8b5b | 2841 f6c3 | 200f 8472 | 0100 0048 | 8d55 a84c | 8b5a 084d | 85db 0f85 
  0x00000171cd5fd240: bb00 0000 | e805 0000 | 00e9 9600 | 0000 488d | 4424 084c | 896d c049 | 8bcf c5f8 | 7749 89af 
  0x00000171cd5fd260: b803 0000 | 4989 87a8 | 0300 0048 | 83ec 2040 | f6c4 0f0f | 8419 0000 | 0048 83ec | 0848 b8d0 
  0x00000171cd5fd280: 5e25 def8 | 7f00 00ff | d048 83c4 | 08e9 0c00 | 0000 48b8 | d05e 25de | f87f 0000 | ffd0 4883 
  0x00000171cd5fd2a0: c420 49c7 | 87a8 0300 | 0000 0000 | 0049 c787 | b803 0000 | 0000 0000 | 49c7 87b0 | 0300 0000 
  0x00000171cd5fd2c0: 0000 00c5 | f877 4983 | 7f08 000f | 8405 0000 | 00e9 ea3b | ffff 4c8b | 6dc0 4c8b | 75c8 4e8d 
  0x00000171cd5fd2e0: 74f5 00c3 | 48b9 e034 | 8ede f87f | 0000 4883 | e4f0 48b8 | 1090 4bde | f87f 0000 | ffd0 f44c 
  0x00000171cd5fd300: 896d c04c | 8b4a 0848 | c742 0800 | 0000 0045 | 8b87 5806 | 0000 4f3b | 4c07 f80f | 8542 0000 
  0x00000171cd5fd320: 0041 83af | 5806 0000 | 084f 3b4c | 07f0 0f84 | 2a00 0000 | 498b 01a8 | 020f 8512 | 0000 004c 
  0x00000171cd5fd340: 8bc0 4983 | c801 f04d | 0fb1 010f | 840d 0000 | 0041 8387 | 5806 0000 | 08e9 0500 | 0000 e93e 
  0x00000171cd5fd360: 0000 004c | 894a 0848 | 8bca 4883 | ec20 40f6 | c40f 0f84 | 1900 0000 | 4883 ec08 | 48b8 f030 
  0x00000171cd5fd380: 25de f87f | 0000 ffd0 | 4883 c408 | e90c 0000 | 0048 b8f0 | 3025 def8 | 7f00 00ff | d048 83c4 
  0x00000171cd5fd3a0: 204c 8b6d | c048 8b04 | 2448 83c4 | 10c5 fb10 | 0424 4883 | c410 4c8b | 5d18 41ff | d34c 8b5d 
  0x00000171cd5fd3c0: f8c9 5f49 | 8be3 ffe7 | ba00 0000 | 00e8 0500 | 0000 e996 | 0000 0048 | 8d44 2408 | 4c89 6dc0 
  0x00000171cd5fd3e0: 498b cfc5 | f877 4989 | afb8 0300 | 0049 8987 | a803 0000 | 4883 ec20 | 40f6 c40f | 0f84 1900 
  0x00000171cd5fd400: 0000 4883 | ec08 48b8 | a025 25de | f87f 0000 | ffd0 4883 | c408 e90c | 0000 0048 | b8a0 2525 
  0x00000171cd5fd420: def8 7f00 | 00ff d048 | 83c4 2049 | c787 a803 | 0000 0000 | 0000 49c7 | 87b8 0300 | 0000 0000 
  0x00000171cd5fd440: 0049 c787 | b003 0000 | 0000 0000 | c5f8 7749 | 837f 0800 | 0f84 0500 | 0000 e961 | 3aff ff4c 
  0x00000171cd5fd460: 8b6d c04c | 8b75 c84e | 8d74 f500 | c348 8b5d | e8e9 40f7 | ffff 6690 
[/MachCode]

Compiled method (c1) 4665351 1953   !   3       java.awt.event.InvocationEvent::dispatch (69 bytes)
 total in heap  [0x00000171c648cd08,0x00000171c648d500] = 2040
 relocation     [0x00000171c648cde0,0x00000171c648ce68] = 136
 main code      [0x00000171c648ce80,0x00000171c648d490] = 1552
 stub code      [0x00000171c648d490,0x00000171c648d4f8] = 104
 metadata       [0x00000171c648d4f8,0x00000171c648d500] = 8
 immutable data [0x00000171debbfca0,0x00000171debbfe48] = 424
 dependencies   [0x00000171debbfca0,0x00000171debbfca8] = 8
 nul chk table  [0x00000171debbfca8,0x00000171debbfcc0] = 24
 handler table  [0x00000171debbfcc0,0x00000171debbfd50] = 144
 scopes pcs     [0x00000171debbfd50,0x00000171debbfdf0] = 160
 scopes data    [0x00000171debbfdf0,0x00000171debbfe48] = 88

[Constant Pool (empty)]

[MachCode]
[Instructions begin]
  0x00000171c648ce80: 6666 660f | 1f84 0000 | 0000 0066 | 6666 9066 | 6690 448b | 5208 443b 

  0x00000171c648ce98: ;   {runtime_call Shared Runtime ic_miss_blob}
  0x00000171c648ce98: 5008 0f85 | c018 1b07 
[Verified Entry Point]
  0x00000171c648cea0: 8984 2400 | 80ff ff55 | 4883 ec30 | 4181 7f20 | 0100 0000 

  0x00000171c648ceb4: ;   {runtime_call StubRoutines (final stubs)}
  0x00000171c648ceb4: 7405 e845 | 8a19 0748 | 8954 2418 

  0x00000171c648cec0: ;   {metadata(method data for {method} {0x000001722069e638} 'dispatch' '()V' in 'java/awt/event/InvocationEvent')}
  0x00000171c648cec0: 48be 780a | a020 7201 | 0000 8bbe | cc00 0000 | 83c7 0289 | becc 0000 | 0081 e7fe | 0700 0085 
  0x00000171c648cee0: ff0f 84c7 | 0400 000f | be72 1d85 

  0x00000171c648ceec: ;   {metadata(method data for {method} {0x000001722069e638} 'dispatch' '()V' in 'java/awt/event/InvocationEvent')}
  0x00000171c648ceec: f648 be78 | 0aa0 2072 | 0100 00bf | 1001 0000 | 7405 bf20 | 0100 0048 | 8b1c 3e48 | 8d5b 0148 
  0x00000171c648cf0c: 891c 3e0f | 84d1 0000 | 008b 7228 | 48c1 e603 

  0x00000171c648cf1c: ; implicit exception: dispatches to 0x00000171c648d3cf
  0x00000171c648cf1c: 483b 0648 

  0x00000171c648cf20: ;   {metadata(method data for {method} {0x000001722069e638} 'dispatch' '()V' in 'java/awt/event/InvocationEvent')}
  0x00000171c648cf20: 8bfe 48bb | 780a a020 | 7201 0000 | 8b7f 0849 | ba00 0000 | df71 0100 | 0049 03fa | 483b bb38 
  0x00000171c648cf40: 0100 0075 | 0d48 8383 | 4001 0000 | 01e9 6000 | 0000 483b | bb48 0100 | 0075 0d48 | 8383 5001 
  0x00000171c648cf60: 0000 01e9 | 4a00 0000 | 4883 bb38 | 0100 0000 | 7517 4889 | bb38 0100 | 0048 c783 | 4001 0000 
  0x00000171c648cf80: 0100 0000 | e929 0000 | 0048 83bb | 4801 0000 | 0075 1748 | 89bb 4801 | 0000 48c7 | 8350 0100 
  0x00000171c648cfa0: 0001 0000 | 00e9 0800 | 0000 4883 | 8330 0100 | 0001 488b | d648 b8a0 | 2ec5 de71 

  0x00000171c648cfbc: ;   {virtual_call}
  0x00000171c648cfbc: 0100 00e8 

  0x00000171c648cfc0: ; ImmutableOopMap {[24]=Oop }
                      ;*invokeinterface run {reexecute=0 rethrow=0 return_oop=0}
                      ; - java.awt.event.InvocationEvent::dispatch@11 (line 308)
  0x00000171c648cfc0: 9c1d 1b07 

  0x00000171c648cfc4: ;   {post_call_nop}
  0x00000171c648cfc4: 0f1f 8400 | bc02 0000 

  0x00000171c648cfcc: ;   {metadata(method data for {method} {0x000001722069e638} 'dispatch' '()V' in 'java/awt/event/InvocationEvent')}
  0x00000171c648cfcc: 48ba 780a | a020 7201 | 0000 ff82 | 6001 0000 | 488b 5424 | 18e9 1f03 | 0000 8b72 | 2848 c1e6 
  0x00000171c648cfec: 0348 3b06 

  0x00000171c648cff0: ;   {metadata(method data for {method} {0x000001722069e638} 'dispatch' '()V' in 'java/awt/event/InvocationEvent')}
  0x00000171c648cff0: 488b fe48 | bb78 0aa0 | 2072 0100 | 008b 7f08 | 49ba 0000 | 00df 7101 | 0000 4903 | fa48 3bbb 
  0x00000171c648d010: 1802 0000 | 750d 4883 | 8320 0200 | 0001 e960 | 0000 0048 | 3bbb 2802 | 0000 750d | 4883 8330 
  0x00000171c648d030: 0200 0001 | e94a 0000 | 0048 83bb | 1802 0000 | 0075 1748 | 89bb 1802 | 0000 48c7 | 8320 0200 
  0x00000171c648d050: 0001 0000 | 00e9 2900 | 0000 4883 | bb28 0200 | 0000 7517 | 4889 bb28 | 0200 0048 | c783 3002 
  0x00000171c648d070: 0000 0100 | 0000 e908 | 0000 0048 | 8383 1002 | 0000 0148 | 8bd6 0f1f | 8000 0000 | 0048 b8c8 
  0x00000171c648d090: 2ec5 de71 

  0x00000171c648d094: ;   {virtual_call}
  0x00000171c648d094: 0100 00e8 

  0x00000171c648d098: ; ImmutableOopMap {[24]=Oop }
                      ;*invokeinterface run {reexecute=0 rethrow=0 return_oop=0}
                      ; - java.awt.event.InvocationEvent::dispatch@47 (line 318)
  0x00000171c648d098: 04dc 2707 

  0x00000171c648d09c: ;   {post_call_nop}
  0x00000171c648d09c: 0f1f 8400 | 9403 0001 | 488b 5424 | 18e9 5702 | 0000 498b | 8708 0500 | 004d 33d2 | 4d89 9708 
  0x00000171c648d0bc: 0500 004d | 33d2 4d89 | 9710 0500 | 0048 85c0 

  0x00000171c648d0cc: ;   {metadata(method data for {method} {0x000001722069e638} 'dispatch' '()V' in 'java/awt/event/InvocationEvent')}
  0x00000171c648d0cc: 48be 780a | a020 7201 | 0000 750c | 808e 7101 | 0000 01e9 | af00 0000 | 8b78 0849 | ba00 0000 
  0x00000171c648d0ec: df71 0100 | 0049 03fa | 483b be80 | 0100 0075 | 0d48 8386 | 8801 0000 | 01e9 6000 | 0000 483b 
  0x00000171c648d10c: be90 0100 | 0075 0d48 | 8386 9801 | 0000 01e9 | 4a00 0000 | 4883 be80 | 0100 0000 | 7517 4889 
  0x00000171c648d12c: be80 0100 | 0048 c786 | 8801 0000 | 0100 0000 | e929 0000 | 0048 83be | 9001 0000 | 0075 1748 
  0x00000171c648d14c: 89be 9001 | 0000 48c7 | 8698 0100 | 0001 0000 | 00e9 0800 | 0000 4883 | 8678 0100 

  0x00000171c648d168: ;   {metadata('java/lang/Exception')}
  0x00000171c648d168: 0001 48bf | e8f4 1bdf | 7101 0000 | 8b70 0849 | ba00 0000 | df71 0100 | 0049 03f2 | 483b 7e40 
  0x00000171c648d188: 0f85 0500 | 0000 e905 | 0000 004d | 33c0 eb06 | 41b8 0100 | 0000 4585 

  0x00000171c648d1a0: ;   {metadata(method data for {method} {0x000001722069e638} 'dispatch' '()V' in 'java/awt/event/InvocationEvent')}
  0x00000171c648d1a0: c049 b878 | 0aa0 2072 | 0100 00ba | a801 0000 | 7405 bab8 | 0100 0049 | 8b34 1048 | 8d76 0149 
  0x00000171c648d1c0: 8934 1048 | 8b54 2418 | 0f84 f900 | 0000 4885 

  0x00000171c648d1d0: ;   {metadata(method data for {method} {0x000001722069e638} 'dispatch' '()V' in 'java/awt/event/InvocationEvent')}
  0x00000171c648d1d0: c048 bf78 | 0aa0 2072 | 0100 0075 | 0c80 8fc1 | 0100 0001 | e9af 0000 | 008b 5808 | 49ba 0000 
  0x00000171c648d1f0: 00df 7101 | 0000 4903 | da48 3b9f | d001 0000 | 750d 4883 | 87d8 0100 | 0001 e960 | 0000 0048 
  0x00000171c648d210: 3b9f e001 | 0000 750d | 4883 87e8 | 0100 0001 | e94a 0000 | 0048 83bf | d001 0000 | 0075 1748 
  0x00000171c648d230: 899f d001 | 0000 48c7 | 87d8 0100 | 0001 0000 | 00e9 2900 | 0000 4883 | bfe0 0100 | 0000 7517 
  0x00000171c648d250: 4889 9fe0 | 0100 0048 | c787 e801 | 0000 0100 | 0000 e908 | 0000 0048 | 8387 c801 

  0x00000171c648d26c: ;   {metadata('java/lang/Exception')}
  0x00000171c648d26c: 0000 0148 | bbe8 f41b | df71 0100 | 008b 7808 | 49ba 0000 | 00df 7101 | 0000 4903 | fa48 3b5f 
  0x00000171c648d28c: 400f 8546 | 0100 00e9 | 0000 0000 | 4c8b c041 | 0fbe 7748 | 85f6 0f85 | 3a01 0000 | 4d8b d049 
  0x00000171c648d2ac: c1ea 0344 | 8952 3448 | 8bf2 4933 | f048 c1ee | 1548 83fe | 000f 853a | 0100 0045 | 0fbe 4748 
  0x00000171c648d2cc: 4585 c00f | 8544 0100 | 004c 8bd0 | 49c1 ea03 | 4489 5238 | 4c8b c24c | 33c0 49c1 | e815 4983 
  0x00000171c648d2ec: f800 0f85 | 4501 0000 

  0x00000171c648d2f4: ;   {metadata(method data for {method} {0x000001722069e638} 'dispatch' '()V' in 'java/awt/event/InvocationEvent')}
  0x00000171c648d2f4: 49b8 780a | a020 7201 | 0000 41ff | 80f8 0100 | 004c 8bc2 

  0x00000171c648d308: ;   {metadata(method data for {method} {0x000001722069e638} 'dispatch' '()V' in 'java/awt/event/InvocationEvent')}
  0x00000171c648d308: 48be 780a | a020 7201 | 0000 4883 | 8640 0200 | 0001 41b8 | 0100 0000 | 0f1f 8000 

  0x00000171c648d324: ;   {optimized virtual_call}
  0x00000171c648d324: 0000 00e8 

  0x00000171c648d328: ; ImmutableOopMap {}
                      ;*invokevirtual finishedDispatching {reexecute=0 rethrow=0 return_oop=0}
                      ; - java.awt.event.InvocationEvent::dispatch@54 (line 321)
  0x00000171c648d328: 3457 0200 

  0x00000171c648d32c: ;   {post_call_nop}
  0x00000171c648d32c: 0f1f 8400 | 2406 0002 

  0x00000171c648d334: ;   {metadata(method data for {method} {0x000001722069e638} 'dispatch' '()V' in 'java/awt/event/InvocationEvent')}
  0x00000171c648d334: 48b8 780a | a020 7201 | 0000 ff80 | 7002 0000 | 4883 c430 

  0x00000171c648d348: ;   {poll_return}
  0x00000171c648d348: 5d49 3b67 | 280f 87fe | 0000 00c3 | 488b 5424 | 1849 8b87 | 0805 0000 | 4d33 d24d | 8997 0805 
  0x00000171c648d368: 0000 4d33 | d24d 8997 | 1005 0000 

  0x00000171c648d374: ;   {metadata(method data for {method} {0x000001722069e638} 'dispatch' '()V' in 'java/awt/event/InvocationEvent')}
  0x00000171c648d374: 4c8b c248 | be78 0aa0 | 2072 0100 | 0048 8386 | 8802 0000 | 0141 b801 | 0000 0048 | 8944 2420 
  0x00000171c648d394: ;   {optimized virtual_call}
  0x00000171c648d394: 6666 90e8 

  0x00000171c648d398: ; ImmutableOopMap {[32]=Oop }
                      ;*invokevirtual finishedDispatching {reexecute=0 rethrow=0 return_oop=0}
                      ; - java.awt.event.InvocationEvent::dispatch@63 (line 321)
  0x00000171c648d398: c416 1b07 

  0x00000171c648d39c: ;   {post_call_nop}
  0x00000171c648d39c: 0f1f 8400 | 9406 0003 | 488b 4424 | 20e9 d600 

  0x00000171c648d3ac: ;   {metadata({method} {0x000001722069e638} 'dispatch' '()V' in 'java/awt/event/InvocationEvent')}
  0x00000171c648d3ac: 0000 49ba | 30e6 6920 | 7201 0000 | 4c89 5424 | 0848 c704 | 24ff ffff 

  0x00000171c648d3c4: ;   {runtime_call C1 Runtime counter_overflow_blob}
  0x00000171c648d3c4: ffe8 9662 

  0x00000171c648d3c8: ; ImmutableOopMap {rdx=Oop [24]=Oop }
                      ;*synchronization entry
                      ; - java.awt.event.InvocationEvent::dispatch@-1 (line 306)
  0x00000171c648d3c8: 2707 e918 

  0x00000171c648d3cc: ;   {runtime_call C1 Runtime throw_null_pointer_exception_blob}
  0x00000171c648d3cc: fbff ffe8 

  0x00000171c648d3d0: ; ImmutableOopMap {rdx=Oop rsi=Oop [24]=Oop }
                      ;*invokeinterface run {reexecute=0 rethrow=0 return_oop=0}
                      ; - java.awt.event.InvocationEvent::dispatch@11 (line 308)
  0x00000171c648d3d0: 8c0d 2707 

  0x00000171c648d3d4: ;   {runtime_call C1 Runtime throw_null_pointer_exception_blob}
  0x00000171c648d3d4: e887 0d27 

  0x00000171c648d3d8: ; ImmutableOopMap {rdx=Oop rsi=Oop [24]=Oop }
                      ;*invokeinterface run {reexecute=0 rethrow=0 return_oop=0}
                      ; - java.awt.event.InvocationEvent::dispatch@47 (line 318)
  0x00000171c648d3d8: 0748 8904 

  0x00000171c648d3dc: ;   {runtime_call C1 Runtime throw_class_cast_exception_blob}
  0x00000171c648d3dc: 24e8 7e35 

  0x00000171c648d3e0: ; ImmutableOopMap {rax=Oop rdx=Oop [24]=Oop }
                      ;*checkcast {reexecute=0 rethrow=0 return_oop=0}
                      ; - java.awt.event.InvocationEvent::dispatch@29 (line 312)
  0x00000171c648d3e0: 2707 8b72 | 3448 c1e6 | 0348 83fe | 000f 84b5 | feff ff48 

  0x00000171c648d3f4: ;   {runtime_call g1_pre_barrier_slow}
  0x00000171c648d3f4: 8934 24e8 | 6468 2707 | e9a7 feff | ff49 83f8 | 000f 84bc | feff ff48 

  0x00000171c648d40c: ;   {runtime_call g1_post_barrier_slow}
  0x00000171c648d40c: 8914 24e8 | 4c6b 2707 | e9ae feff | ff44 8b42 | 3849 c1e0 | 0349 83f8 | 000f 84aa | feff ff4c 
  0x00000171c648d42c: ;   {runtime_call g1_pre_barrier_slow}
  0x00000171c648d42c: 8904 24e8 | 2c68 2707 | e99c feff | ff48 83f8 | 000f 84b1 | feff ff48 

  0x00000171c648d444: ;   {runtime_call g1_post_barrier_slow}
  0x00000171c648d444: 8914 24e8 | 146b 2707 | e9a3 feff 

  0x00000171c648d450: ;   {internal_word}
  0x00000171c648d450: ff49 ba49 | d348 c671 | 0100 004d | 8997 6004 

  0x00000171c648d460: ;   {runtime_call SafepointBlob}
  0x00000171c648d460: 0000 e979 | 881b 0749 | 8b87 0805 | 0000 49c7 | 8708 0500 | 0000 0000 | 0049 c787 | 1005 0000 
  0x00000171c648d480: 0000 0000 | 4883 c430 

  0x00000171c648d488: ;   {runtime_call C1 Runtime unwind_exception_blob}
  0x00000171c648d488: 5de9 52f9 | 2607 f4f4 
[Stub Code]
  0x00000171c648d490: ;   {no_reloc}
  0x00000171c648d490: 0f1f 4400 

  0x00000171c648d494: ;   {static_stub}
  0x00000171c648d494: 0048 bb00 | 0000 0000 

  0x00000171c648d49c: ;   {runtime_call nmethod}
  0x00000171c648d49c: 0000 00e9 | fbff ffff 

  0x00000171c648d4a4: ;   {static_stub}
  0x00000171c648d4a4: 9048 bb00 | 0000 0000 

  0x00000171c648d4ac: ;   {runtime_call nmethod}
  0x00000171c648d4ac: 0000 00e9 | fbff ffff 

  0x00000171c648d4b4: ;   {static_stub}
  0x00000171c648d4b4: 48bb 30ea | 6920 7201 

  0x00000171c648d4bc: ;   {runtime_call I2C/C2I adapters}
  0x00000171c648d4bc: 0000 e9f3 

  0x00000171c648d4c0: ;   {runtime_call C1 Runtime handle_exception_from_callee_blob}
  0x00000171c648d4c0: 721b 07e8 | 982e 2707 

  0x00000171c648d4c8: ;   {external_word}
  0x00000171c648d4c8: 48b9 e034 | 8ede f87f | 0000 4883 

  0x00000171c648d4d4: ;   {runtime_call}
  0x00000171c648d4d4: e4f0 48b8 | 1090 4bde | f87f 0000 

  0x00000171c648d4e0: ;   {section_word}
  0x00000171c648d4e0: ffd0 f449 | bae3 d448 | c671 0100 

  0x00000171c648d4ec: ;   {runtime_call DeoptimizationBlob}
  0x00000171c648d4ec: 0041 52e9 | 8c7d 1b07 | f4f4 f4f4 
[/MachCode]


Compiled method (c1) 4665372 1918       3       java.awt.EventQueue::dispatchEventImpl (139 bytes)
 total in heap  [0x00000171c6479f08,0x00000171c647c440] = 9528
 relocation     [0x00000171c6479fe0,0x00000171c647a288] = 680
 main code      [0x00000171c647a2a0,0x00000171c647c258] = 8120
 stub code      [0x00000171c647c258,0x00000171c647c368] = 272
 oops           [0x00000171c647c368,0x00000171c647c378] = 16
 metadata       [0x00000171c647c378,0x00000171c647c440] = 200
 immutable data [0x00000171debe4b30,0x00000171debe52b8] = 1928
 dependencies   [0x00000171debe4b30,0x00000171debe4b68] = 56
 nul chk table  [0x00000171debe4b68,0x00000171debe4be8] = 128
 handler table  [0x00000171debe4be8,0x00000171debe4ca8] = 192
 scopes pcs     [0x00000171debe4ca8,0x00000171debe5088] = 992
 scopes data    [0x00000171debe5088,0x00000171debe52b8] = 560

[Constant Pool (empty)]

[MachCode]
[Instructions begin]
  0x00000171c647a2a0: 6666 660f | 1f84 0000 | 0000 0066 | 6666 9066 | 6690 448b | 5208 443b 

  0x00000171c647a2b8: ;   {runtime_call Shared Runtime ic_miss_blob}
  0x00000171c647a2b8: 5008 0f85 | a044 1c07 
[Verified Entry Point]
  0x00000171c647a2c0: 8984 2400 | 80ff ff55 | 4881 ecd0 | 0000 0090 | 4181 7f20 | 0100 0000 

  0x00000171c647a2d8: ;   {runtime_call StubRoutines (final stubs)}
  0x00000171c647a2d8: 7405 e821 | b61a 074c | 8984 24a8 

  0x00000171c647a2e4: ;   {metadata(method data for {method} {0x000001722018b318} 'dispatchEventImpl' '(Ljava/awt/AWTEvent;Ljava/lang/Object;)V' in 'java/awt/EventQueue')}
  0x00000171c647a2e4: 0000 0048 | be48 4690 | 2072 0100 | 008b becc | 0000 0083 | c702 89be | cc00 0000 | 81e7 fe07 
  0x00000171c647a304: 0000 85ff | 0f84 121b | 0000 41c6 | 4016 014d 

  0x00000171c647a314: ;   {metadata(method data for {method} {0x000001722018b318} 'dispatchEventImpl' '(Ljava/awt/AWTEvent;Ljava/lang/Object;)V' in 'java/awt/EventQueue')}
  0x00000171c647a314: 85c0 48bb | 4846 9020 | 7201 0000 | 750c 808b | 0901 0000 | 01e9 cb00 | 0000 418b | 4008 49ba 
  0x00000171c647a334: 0000 00df | 7101 0000 | 4903 c248 | 3b83 1801 | 0000 750d | 4883 8320 | 0100 0001 | e960 0000 
  0x00000171c647a354: 0048 3b83 | 2801 0000 | 750d 4883 | 8330 0100 | 0001 e94a | 0000 0048 | 83bb 1801 | 0000 0075 
  0x00000171c647a374: 1748 8983 | 1801 0000 | 48c7 8320 | 0100 0001 | 0000 00e9 | 2900 0000 | 4883 bb28 | 0100 0000 
  0x00000171c647a394: 7517 4889 | 8328 0100 | 0048 c783 | 3001 0000 | 0100 0000 | e908 0000 | 0048 8383 | 1001 0000 
  0x00000171c647a3b4: ;   {metadata('java/awt/ActiveEvent')}
  0x00000171c647a3b4: 0148 b838 | de69 2072 | 0100 0041 | 8b58 0849 | ba00 0000 | df71 0100 | 0049 03da | 483b 4320 
  0x00000171c647a3d4: 0f84 2400 | 0000 483b | d80f 841b | 0000 0053 

  0x00000171c647a3e4: ;   {runtime_call C1 Runtime slow_subtype_check_blob}
  0x00000171c647a3e4: 50e8 566b | 2807 5b5b | 85db 0f84 | 0500 0000 | e905 0000 | 0048 33f6 | eb05 be01 | 0000 0085 
  0x00000171c647a404: ;   {metadata(method data for {method} {0x000001722018b318} 'dispatchEventImpl' '(Ljava/awt/AWTEvent;Ljava/lang/Object;)V' in 'java/awt/EventQueue')}
  0x00000171c647a404: f648 be48 | 4690 2072 | 0100 00bf | 5001 0000 | 7505 bf40 | 0100 0048 | 8b1c 3e48 | 8d5b 0148 
  0x00000171c647a424: 891c 3e0f | 85ab 1500 | 004d 85c9 

  0x00000171c647a430: ;   {metadata(method data for {method} {0x000001722018b318} 'dispatchEventImpl' '(Ljava/awt/AWTEvent;Ljava/lang/Object;)V' in 'java/awt/EventQueue')}
  0x00000171c647a430: 48bb 4846 | 9020 7201 | 0000 750c | 808b 0102 | 0000 01e9 | b100 0000 | 418b 4108 | 49ba 0000 
  0x00000171c647a450: 00df 7101 | 0000 4903 | c248 3b83 | 1002 0000 | 750d 4883 | 8318 0200 | 0001 e960 | 0000 0048 
  0x00000171c647a470: 3b83 2002 | 0000 750d | 4883 8328 | 0200 0001 | e94a 0000 | 0048 83bb | 1002 0000 | 0075 1748 
  0x00000171c647a490: 8983 1002 | 0000 48c7 | 8318 0200 | 0001 0000 | 00e9 2900 | 0000 4883 | bb20 0200 | 0000 7517 
  0x00000171c647a4b0: 4889 8320 | 0200 0048 | c783 2802 | 0000 0100 | 0000 e908 | 0000 0048 | 8383 0802 

  0x00000171c647a4cc: ;   {metadata('java/awt/Component')}
  0x00000171c647a4cc: 0000 0148 | b8e0 4909 | 2072 0100 | 0041 8b59 | 0849 ba00 | 0000 df71 | 0100 0049 | 03da 483b 
  0x00000171c647a4ec: 4338 0f85 | 0500 0000 | e905 0000 | 0048 33f6 | eb05 be01 | 0000 0085 

  0x00000171c647a504: ;   {metadata(method data for {method} {0x000001722018b318} 'dispatchEventImpl' '(Ljava/awt/AWTEvent;Ljava/lang/Object;)V' in 'java/awt/EventQueue')}
  0x00000171c647a504: f648 be48 | 4690 2072 | 0100 00bf | 3802 0000 | 7405 bf48 | 0200 0048 | 8b1c 3e48 | 8d5b 0148 
  0x00000171c647a524: 891c 3e0f | 84e4 0600 | 004d 85c9 

  0x00000171c647a530: ;   {metadata(method data for {method} {0x000001722018b318} 'dispatchEventImpl' '(Ljava/awt/AWTEvent;Ljava/lang/Object;)V' in 'java/awt/EventQueue')}
  0x00000171c647a530: 48bf 4846 | 9020 7201 | 0000 750c | 808f 5102 | 0000 01e9 | b100 0000 | 418b 5908 | 49ba 0000 
  0x00000171c647a550: 00df 7101 | 0000 4903 | da48 3b9f | 6002 0000 | 750d 4883 | 8768 0200 | 0001 e960 | 0000 0048 
  0x00000171c647a570: 3b9f 7002 | 0000 750d | 4883 8778 | 0200 0001 | e94a 0000 | 0048 83bf | 6002 0000 | 0075 1748 
  0x00000171c647a590: 899f 6002 | 0000 48c7 | 8768 0200 | 0001 0000 | 00e9 2900 | 0000 4883 | bf70 0200 | 0000 7517 
  0x00000171c647a5b0: 4889 9f70 | 0200 0048 | c787 7802 | 0000 0100 | 0000 e908 | 0000 0048 | 8387 5802 

  0x00000171c647a5cc: ;   {metadata('java/awt/Component')}
  0x00000171c647a5cc: 0000 0148 | bbe0 4909 | 2072 0100 | 0041 8b79 | 0849 ba00 | 0000 df71 | 0100 0049 | 03fa 483b 
  0x00000171c647a5ec: 5f38 0f85 | 5218 0000 | e900 0000 | 0049 8bd1 

  0x00000171c647a5fc: ; implicit exception: dispatches to 0x00000171c647be4f
  0x00000171c647a5fc: 483b 0248 

  0x00000171c647a600: ;   {metadata(method data for {method} {0x000001722018b318} 'dispatchEventImpl' '(Ljava/awt/AWTEvent;Ljava/lang/Object;)V' in 'java/awt/EventQueue')}
  0x00000171c647a600: 8bf2 48bf | 4846 9020 | 7201 0000 | 8b76 0849 | ba00 0000 | df71 0100 | 0049 03f2 | 483b b790 
  0x00000171c647a620: 0200 0075 | 0d48 8387 | 9802 0000 | 01e9 6000 | 0000 483b | b7a0 0200 | 0075 0d48 | 8387 a802 
  0x00000171c647a640: 0000 01e9 | 4a00 0000 | 4883 bf90 | 0200 0000 | 7517 4889 | b790 0200 | 0048 c787 | 9802 0000 
  0x00000171c647a660: 0100 0000 | e929 0000 | 0048 83bf | a002 0000 | 0075 1748 | 89b7 a002 | 0000 48c7 | 87a8 0200 
  0x00000171c647a680: 0001 0000 | 00e9 0800 | 0000 4883 | 8788 0200 

  0x00000171c647a690: ;   {metadata(method data for {method} {0x0000017220087e70} 'dispatchEvent' '(Ljava/awt/AWTEvent;)V' in 'java/awt/Component')}
  0x00000171c647a690: 0001 48be | f04c 9020 | 7201 0000 | 8bbe cc00 | 0000 83c7 | 0289 becc | 0000 0081 | e7fe ff1f 
  0x00000171c647a6b0: 0085 ff0f | 849b 1700 | 0048 8bf2 

  0x00000171c647a6bc: ;   {metadata(method data for {method} {0x0000017220087e70} 'dispatchEvent' '(Ljava/awt/AWTEvent;)V' in 'java/awt/Component')}
  0x00000171c647a6bc: 48bf f04c | 9020 7201 | 0000 8b76 | 0849 ba00 | 0000 df71 | 0100 0049 | 03f2 483b | b718 0100 
  0x00000171c647a6dc: 0075 0d48 | 8387 2001 | 0000 01e9 | 6000 0000 | 483b b728 | 0100 0075 | 0d48 8387 | 3001 0000 
  0x00000171c647a6fc: 01e9 4a00 | 0000 4883 | bf18 0100 | 0000 7517 | 4889 b718 | 0100 0048 | c787 2001 | 0000 0100 
  0x00000171c647a71c: 0000 e929 | 0000 0048 | 83bf 2801 | 0000 0075 | 1748 89b7 | 2801 0000 | 48c7 8730 | 0100 0001 
  0x00000171c647a73c: 0000 00e9 | 0800 0000 | 4883 8710 | 0100 0001 | 498b f04c | 8bc6 6666 | 9048 b860 | c2bc de71 
  0x00000171c647a75c: ;   {virtual_call}
  0x00000171c647a75c: 0100 00e8 

  0x00000171c647a760: ; ImmutableOopMap {[168]=Oop }
                      ;*invokevirtual dispatchEventImpl {reexecute=0 rethrow=0 return_oop=0}
                      ; - java.awt.Component::dispatchEvent@2 (line 4790)
                      ; - java.awt.EventQueue::dispatchEventImpl@41 (line 725)
  0x00000171c647a760: 8c3c 4807 

  0x00000171c647a764: ;   {post_call_nop}
  0x00000171c647a764: 0f1f 8400 | 5c08 0000 | 4c8b 8424 | a800 0000 

  0x00000171c647a774: ;   {metadata(method data for {method} {0x000001722018b318} 'dispatchEventImpl' '(Ljava/awt/AWTEvent;Ljava/lang/Object;)V' in 'java/awt/EventQueue')}
  0x00000171c647a774: 48be 4846 | 9020 7201 | 0000 458b | 4008 49ba | 0000 00df | 7101 0000 | 4d03 c24c | 3b86 c002 
  0x00000171c647a794: 0000 750d | 4883 86c8 | 0200 0001 | e960 0000 | 004c 3b86 | d002 0000 | 750d 4883 | 86d8 0200 
  0x00000171c647a7b4: 0001 e94a | 0000 0048 | 83be c002 | 0000 0075 | 174c 8986 | c002 0000 | 48c7 86c8 | 0200 0001 
  0x00000171c647a7d4: 0000 00e9 | 2900 0000 | 4883 bed0 | 0200 0000 | 7517 4c89 | 86d0 0200 | 0048 c786 | d802 0000 
  0x00000171c647a7f4: 0100 0000 | e908 0000 | 0048 8386 | b802 0000 

  0x00000171c647a804: ;   {metadata(method data for {method} {0x00000172200dacc8} 'dispatched' '()V' in 'java/awt/AWTEvent')}
  0x00000171c647a804: 0148 be78 | 4e90 2072 | 0100 008b | becc 0000 | 0083 c702 | 89be cc00 | 0000 81e7 | feff 1f00 
  0x00000171c647a824: 85ff 0f84 | 4916 0000 | 4c8b 8424 | a800 0000 

  0x00000171c647a834: ;   {metadata(method data for {method} {0x00000172200dacc8} 'dispatched' '()V' in 'java/awt/AWTEvent')}
  0x00000171c647a834: 4d85 c048 | bb78 4e90 | 2072 0100 | 0075 0c80 | 8b09 0100 | 0001 e9b1 | 0000 0041 | 8b40 0849 
  0x00000171c647a854: ba00 0000 | df71 0100 | 0049 03c2 | 483b 8318 | 0100 0075 | 0d48 8383 | 2001 0000 | 01e9 6000 
  0x00000171c647a874: 0000 483b | 8328 0100 | 0075 0d48 | 8383 3001 | 0000 01e9 | 4a00 0000 | 4883 bb18 | 0100 0000 
  0x00000171c647a894: 7517 4889 | 8318 0100 | 0048 c783 | 2001 0000 | 0100 0000 | e929 0000 | 0048 83bb | 2801 0000 
  0x00000171c647a8b4: 0075 1748 | 8983 2801 | 0000 48c7 | 8330 0100 | 0001 0000 | 00e9 0800 | 0000 4883 | 8310 0100 
  0x00000171c647a8d4: ;   {metadata('java/awt/event/InputEvent')}
  0x00000171c647a8d4: 0001 48b8 | 6804 1120 | 7201 0000 | 418b 5808 | 49ba 0000 | 00df 7101 | 0000 4903 | da48 3b43 
  0x00000171c647a8f4: 500f 8505 | 0000 00e9 | 0500 0000 | 4833 f6eb | 05be 0100 | 0000 85f6 

  0x00000171c647a90c: ;   {metadata(method data for {method} {0x00000172200dacc8} 'dispatched' '()V' in 'java/awt/AWTEvent')}
  0x00000171c647a90c: 48be 784e | 9020 7201 | 0000 bf40 | 0100 0074 | 05bf 5001 | 0000 488b | 1c3e 488d | 5b01 4889 
  0x00000171c647a92c: 1c3e 0f84 | c914 0000 

  0x00000171c647a934: ;   {metadata(method data for {method} {0x00000172200dacc8} 'dispatched' '()V' in 'java/awt/AWTEvent')}
  0x00000171c647a934: 48be 784e | 9020 7201 | 0000 4883 | 8660 0100 

  0x00000171c647a944: ;   {metadata(method data for {method} {0x00000172200f4ca8} 'getInputEventAccessor' '()Lsun/awt/AWTAccessor$InputEventAccessor;' in 'sun/awt/AWTAccessor')}
  0x00000171c647a944: 0001 48be | 8850 9020 | 7201 0000 | 8bbe cc00 | 0000 83c7 | 0289 becc | 0000 0081 | e7fe ff1f 
  0x00000171c647a964: 0085 ff0f | 8429 1500 

  0x00000171c647a96c: ;   {oop(a 'java/lang/Class'{0x00000007157a39f8} = 'sun/awt/AWTAccessor')}
  0x00000171c647a96c: 0048 bef8 | 397a 1507 | 0000 008b | b684 0000 | 0048 c1e6 | 0348 85f6 

  0x00000171c647a984: ;   {metadata(method data for {method} {0x00000172200f4ca8} 'getInputEventAccessor' '()Lsun/awt/AWTAccessor$InputEventAccessor;' in 'sun/awt/AWTAccessor')}
  0x00000171c647a984: 48bf 8850 | 9020 7201 | 0000 bb10 | 0100 0075 | 05bb 2001 | 0000 488b | 041f 488d | 4001 4889 
  0x00000171c647a9a4: 041f 0f85 | f412 0000 

  0x00000171c647a9ac: ;   {metadata(method data for {method} {0x00000172200f4ca8} 'getInputEventAccessor' '()Lsun/awt/AWTAccessor$InputEventAccessor;' in 'sun/awt/AWTAccessor')}
  0x00000171c647a9ac: 48be 8850 | 9020 7201 | 0000 4883 | 8630 0100 

  0x00000171c647a9bc: ;   {metadata(method data for {method} {0x00000172200f7468} 'ensureClassInitialized' '(Ljava/lang/Class;)V' in 'sun/awt/AWTAccessor')}
  0x00000171c647a9bc: 0001 48be | 3090 6b20 | 7201 0000 | 8bbe cc00 | 0000 83c7 | 0289 becc | 0000 0081 | e7fe ff1f 
  0x00000171c647a9dc: 0085 ff0f | 84d2 1400 

  0x00000171c647a9e4: ;   {metadata(method data for {method} {0x00000172200f7468} 'ensureClassInitialized' '(Ljava/lang/Class;)V' in 'sun/awt/AWTAccessor')}
  0x00000171c647a9e4: 0048 be30 | 906b 2072 | 0100 0048 | 8386 1001 

  0x00000171c647a9f4: ;   {metadata(method data for {method} {0x00000171df44ab28} 'lookup' '()Ljava/lang/invoke/MethodHandles$Lookup;' in 'java/lang/invoke/MethodHandles')}
  0x00000171c647a9f4: 0000 0148 | be30 926b | 2072 0100 | 008b becc | 0000 0083 | c702 89be | cc00 0000 | 81e7 feff 
  0x00000171c647aa14: 1f00 85ff | 0f84 ba14 

  0x00000171c647aa1c: ;   {metadata(method data for {method} {0x00000171df44ab28} 'lookup' '()Ljava/lang/invoke/MethodHandles$Lookup;' in 'java/lang/invoke/MethodHandles')}
  0x00000171c647aa1c: 0000 48be | 3092 6b20 | 7201 0000 | 4883 8610 | 0100 0001 | 0f1f 8000 

  0x00000171c647aa34: ;   {static_call}
  0x00000171c647aa34: 0000 00e8 

  0x00000171c647aa38: ; ImmutableOopMap {[168]=Oop }
                      ;*invokestatic getCallerClass {reexecute=0 rethrow=0 return_oop=0}
                      ; - java.lang.invoke.MethodHandles::lookup@0 (line 126)
                      ; - sun.awt.AWTAccessor::ensureClassInitialized@0 (line 1464)
                      ; - sun.awt.AWTAccessor::getInputEventAccessor@10 (line 963)
                      ; - java.awt.AWTEvent::dispatched@7 (line 571)
                      ; - java.awt.EventQueue::dispatchEventImpl@45 (line 726)
  0x00000171c647aa38: 2446 1c07 

  0x00000171c647aa3c: ;   {post_call_nop}
  0x00000171c647aa3c: 0f1f 8400 | 340b 0001 | 4c8b c04d 

  0x00000171c647aa48: ;   {metadata(method data for {method} {0x00000171df44ab28} 'lookup' '()Ljava/lang/invoke/MethodHandles$Lookup;' in 'java/lang/invoke/MethodHandles')}
  0x00000171c647aa48: 85c0 48ba | 3092 6b20 | 7201 0000 | be30 0100 | 0074 05be | 2001 0000 | 488b 3c32 | 488d 7f01 
  0x00000171c647aa68: 4889 3c32 | 0f84 5511 

  0x00000171c647aa70: ;   {metadata('java/lang/invoke/MethodHandles$Lookup')}
  0x00000171c647aa70: 0000 48ba | b8a5 1edf | 7101 0000 | 498b 87c8 | 0100 0048 | 8d78 2049 | 3bbf d801 | 0000 0f87 
  0x00000171c647aa90: 6514 0000 | 4989 bfc8 | 0100 0048 | c700 0100 | 0000 488b | ca49 ba00 | 0000 df71 | 0100 0049 
  0x00000171c647aab0: 2bca 8948 | 0848 33c9 | 8948 0c48 | 33c9 4889 | 4810 4889 | 4818 4c8b 

  0x00000171c647aac8: ;   {metadata(method data for {method} {0x00000171df44ab28} 'lookup' '()Ljava/lang/invoke/MethodHandles$Lookup;' in 'java/lang/invoke/MethodHandles')}
  0x00000171c647aac8: c848 bf30 | 926b 2072 | 0100 0048 | 8387 5001 

  0x00000171c647aad8: ;   {metadata(method data for {method} {0x00000171df44edd8} '<init>' '(Ljava/lang/Class;)V' in 'java/lang/invoke/MethodHandles$Lookup')}
  0x00000171c647aad8: 0000 0149 | b9c8 936b | 2072 0100 | 0041 8bb9 | cc00 0000 | 83c7 0241 | 89b9 cc00 | 0000 81e7 
  0x00000171c647aaf8: feff 1f00 | 85ff 0f84 | 0214 0000 

  0x00000171c647ab04: ;   {metadata(method data for {method} {0x00000171df44edd8} '<init>' '(Ljava/lang/Class;)V' in 'java/lang/invoke/MethodHandles$Lookup')}
  0x00000171c647ab04: 4c8b c848 | bfc8 936b | 2072 0100 | 0048 8387 | 1001 0000 

  0x00000171c647ab18: ;   {oop(nullptr)}
  0x00000171c647ab18: 0149 b900 | 0000 0000 | 0000 00bf | 5f00 0000 | 488b d048 | 8984 24b0 | 0000 000f 

  0x00000171c647ab34: ;   {optimized virtual_call}
  0x00000171c647ab34: 1f40 00e8 

  0x00000171c647ab38: ; ImmutableOopMap {[168]=Oop [176]=Oop }
                      ;*invokespecial <init> {reexecute=0 rethrow=0 return_oop=0}
                      ; - java.lang.invoke.MethodHandles$Lookup::<init>@5 (line 1534)
                      ; - java.lang.invoke.MethodHandles::lookup@23 (line 130)
                      ; - sun.awt.AWTAccessor::ensureClassInitialized@0 (line 1464)
                      ; - sun.awt.AWTAccessor::getInputEventAccessor@10 (line 963)
                      ; - java.awt.AWTEvent::dispatched@7 (line 571)
                      ; - java.awt.EventQueue::dispatchEventImpl@45 (line 726)
  0x00000171c647ab38: 243f 1c07 

  0x00000171c647ab3c: ;   {post_call_nop}
  0x00000171c647ab3c: 0f1f 8400 | 340c 0002 | 488b 8424 | b000 0000 

  0x00000171c647ab4c: ;   {metadata(method data for {method} {0x00000172200f7468} 'ensureClassInitialized' '(Ljava/lang/Class;)V' in 'sun/awt/AWTAccessor')}
  0x00000171c647ab4c: 4c8b c048 | ba30 906b | 2072 0100 | 0045 8b40 | 0849 ba00 | 0000 df71 | 0100 004d | 03c2 4c3b 
  0x00000171c647ab6c: 8228 0100 | 0075 0d48 | 8382 3001 | 0000 01e9 | 6000 0000 | 4c3b 8238 | 0100 0075 | 0d48 8382 
  0x00000171c647ab8c: 4001 0000 | 01e9 4a00 | 0000 4883 | ba28 0100 | 0000 7517 | 4c89 8228 | 0100 0048 | c782 3001 
  0x00000171c647abac: 0000 0100 | 0000 e929 | 0000 0048 | 83ba 3801 | 0000 0075 | 174c 8982 | 3801 0000 | 48c7 8240 
  0x00000171c647abcc: 0100 0001 | 0000 00e9 | 0800 0000 | 4883 8220 | 0100 0001 

  0x00000171c647abe0: ;   {oop(a 'java/lang/Class'{0x00000007157e3ec8} = 'java/awt/event/InputEvent')}
  0x00000171c647abe0: 49b8 c83e | 7e15 0700 | 0000 488b 

  0x00000171c647abec: ;   {optimized virtual_call}
  0x00000171c647abec: d066 90e8 

  0x00000171c647abf0: ; ImmutableOopMap {[168]=Oop }
                      ;*invokevirtual ensureInitialized {reexecute=0 rethrow=0 return_oop=0}
                      ; - sun.awt.AWTAccessor::ensureClassInitialized@4 (line 1464)
                      ; - sun.awt.AWTAccessor::getInputEventAccessor@10 (line 963)
                      ; - java.awt.AWTEvent::dispatched@7 (line 571)
                      ; - java.awt.EventQueue::dispatchEventImpl@45 (line 726)
  0x00000171c647abf0: 6c3e 1c07 

  0x00000171c647abf4: ;   {post_call_nop}
  0x00000171c647abf4: 0f1f 8400 | ec0c 0003 

  0x00000171c647abfc: ;   {metadata(method data for {method} {0x00000172200f7468} 'ensureClassInitialized' '(Ljava/lang/Class;)V' in 'sun/awt/AWTAccessor')}
  0x00000171c647abfc: 48ba 3090 | 6b20 7201 | 0000 ff82 | 5001 0000 | e97b 1000 | 004d 85c9 

  0x00000171c647ac14: ;   {metadata(method data for {method} {0x000001722018b318} 'dispatchEventImpl' '(Ljava/awt/AWTEvent;Ljava/lang/Object;)V' in 'java/awt/EventQueue')}
  0x00000171c647ac14: 48bb 4846 | 9020 7201 | 0000 750c | 808b f902 | 0000 01e9 | b000 0000 | 418b 4108 | 49ba 0000 
  0x00000171c647ac34: 00df 7101 | 0000 4903 | c248 3b83 | 0803 0000 | 750d 4883 | 8310 0300 | 0001 e960 | 0000 0048 
  0x00000171c647ac54: 3b83 1803 | 0000 750d | 4883 8320 | 0300 0001 | e94a 0000 | 0048 83bb | 0803 0000 | 0075 1748 
  0x00000171c647ac74: 8983 0803 | 0000 48c7 | 8310 0300 | 0001 0000 | 00e9 2900 | 0000 4883 | bb18 0300 | 0000 7517 
  0x00000171c647ac94: 4889 8318 | 0300 0048 | c783 2003 | 0000 0100 | 0000 e908 | 0000 0048 | 8383 0003 

  0x00000171c647acb0: ;   {metadata('java/awt/MenuComponent')}
  0x00000171c647acb0: 0000 0148 | b848 9796 | 2072 0100 | 0041 8b79 | 0849 ba00 | 0000 df71 | 0100 0049 | 03fa 483b 
  0x00000171c647acd0: c70f 8505 | 0000 00e9 | 0500 0000 | 4833 f6eb | 05be 0100 | 0000 85f6 

  0x00000171c647ace8: ;   {metadata(method data for {method} {0x000001722018b318} 'dispatchEventImpl' '(Ljava/awt/AWTEvent;Ljava/lang/Object;)V' in 'java/awt/EventQueue')}
  0x00000171c647ace8: 48be 4846 | 9020 7201 | 0000 bf40 | 0300 0075 | 05bf 3003 | 0000 488b | 1c3e 488d | 5b01 4889 
  0x00000171c647ad08: 1c3e 0f85 | 280b 0000 

  0x00000171c647ad10: ;   {metadata(method data for {method} {0x000001722018b318} 'dispatchEventImpl' '(Ljava/awt/AWTEvent;Ljava/lang/Object;)V' in 'java/awt/EventQueue')}
  0x00000171c647ad10: 4d85 c948 | bb48 4690 | 2072 0100 | 0075 0c80 | 8bc1 0300 | 0001 e9dd | 0000 0041 | 8b41 0849 
  0x00000171c647ad30: ba00 0000 | df71 0100 | 0049 03c2 | 483b 83d0 | 0300 0075 | 0d48 8383 | d803 0000 | 01e9 6000 
  0x00000171c647ad50: 0000 483b | 83e0 0300 | 0075 0d48 | 8383 e803 | 0000 01e9 | 4a00 0000 | 4883 bbd0 | 0300 0000 
  0x00000171c647ad70: 7517 4889 | 83d0 0300 | 0048 c783 | d803 0000 | 0100 0000 | e929 0000 | 0048 83bb | e003 0000 
  0x00000171c647ad90: 0075 1748 | 8983 e003 | 0000 48c7 | 83e8 0300 | 0001 0000 | 00e9 0800 | 0000 4883 | 83c8 0300 
  0x00000171c647adb0: 0001 660f | 1f44 0000 

  0x00000171c647adb8: ;   {no_reloc}
  0x00000171c647adb8: e979 1100 | 0000 0000 | 0000 418b | 5908 49ba | 0000 00df | 7101 0000 | 4903 da48 | 3bd8 0f84 
  0x00000171c647add8: 3100 0000 | 8b78 1448 | 3b04 3b0f | 8424 0000 | 0083 ff20 | 0f85 1600 | 0000 5350 

  0x00000171c647adf4: ;   {runtime_call C1 Runtime slow_subtype_check_blob}
  0x00000171c647adf4: e847 6128 | 075b 5885 | c00f 8405 | 0000 00e9 | 0500 0000 | 4833 f6eb | 05be 0100 | 0000 85f6 
  0x00000171c647ae14: ;   {metadata(method data for {method} {0x000001722018b318} 'dispatchEventImpl' '(Ljava/awt/AWTEvent;Ljava/lang/Object;)V' in 'java/awt/EventQueue')}
  0x00000171c647ae14: 48be 4846 | 9020 7201 | 0000 bf08 | 0400 0075 | 05bf f803 | 0000 488b | 1c3e 488d | 5b01 4889 
  0x00000171c647ae34: 1c3e 0f85 | be08 0000 

  0x00000171c647ae3c: ;   {metadata(method data for {method} {0x000001722018b318} 'dispatchEventImpl' '(Ljava/awt/AWTEvent;Ljava/lang/Object;)V' in 'java/awt/EventQueue')}
  0x00000171c647ae3c: 4d85 c948 | bb48 4690 | 2072 0100 | 0075 0c80 | 8b89 0400 | 0001 e9b0 | 0000 0041 | 8b41 0849 
  0x00000171c647ae5c: ba00 0000 | df71 0100 | 0049 03c2 | 483b 8398 | 0400 0075 | 0d48 8383 | a004 0000 | 01e9 6000 
  0x00000171c647ae7c: 0000 483b | 83a8 0400 | 0075 0d48 | 8383 b004 | 0000 01e9 | 4a00 0000 | 4883 bb98 | 0400 0000 
  0x00000171c647ae9c: 7517 4889 | 8398 0400 | 0048 c783 | a004 0000 | 0100 0000 | e929 0000 | 0048 83bb | a804 0000 
  0x00000171c647aebc: 0075 1748 | 8983 a804 | 0000 48c7 | 83b0 0400 | 0001 0000 | 00e9 0800 | 0000 4883 | 8390 0400 
  0x00000171c647aedc: ;   {metadata('sun/awt/AWTAutoShutdown')}
  0x00000171c647aedc: 0001 48b8 | 18c2 06e0 | 7101 0000 | 418b 7908 | 49ba 0000 | 00df 7101 | 0000 4903 | fa48 3bc7 
  0x00000171c647aefc: 0f85 0500 | 0000 e905 | 0000 0048 | 33f6 eb05 | be01 0000 

  0x00000171c647af10: ;   {metadata(method data for {method} {0x000001722018b318} 'dispatchEventImpl' '(Ljava/awt/AWTEvent;Ljava/lang/Object;)V' in 'java/awt/EventQueue')}
  0x00000171c647af10: 0085 f648 | be48 4690 | 2072 0100 | 00bf c004 | 0000 7405 | bfd0 0400 | 0048 8b1c | 3e48 8d5b 
  0x00000171c647af30: 0148 891c | 3e0f 8448 | 0100 0048 

  0x00000171c647af3c: ;   {metadata(method data for {method} {0x000001722018b318} 'dispatchEventImpl' '(Ljava/awt/AWTEvent;Ljava/lang/Object;)V' in 'java/awt/EventQueue')}
  0x00000171c647af3c: 8bf2 48bf | 4846 9020 | 7201 0000 | 4883 87e0 | 0400 0001 

  0x00000171c647af50: ;   {metadata(method data for {method} {0x000001722018a950} 'noEvents' '()Z' in 'java/awt/EventQueue')}
  0x00000171c647af50: 48be 4873 | 8320 7201 | 0000 8bbe | cc00 0000 | 83c7 0289 | becc 0000 | 0081 e7fe | ff1f 0085 
  0x00000171c647af70: ff0f 84c9 | 0f00 00be | 0000 0000 | e994 0000 | 000f 1f80 | 0000 0000 | 8b7a 2048 | c1e7 033b 
  0x00000171c647af90: 770c 0f83 | d30f 0000 | 4863 de8b | 7c9f 1048 | c1e7 038b | 7f0c 48c1 | e703 4885 

  0x00000171c647afac: ;   {metadata(method data for {method} {0x000001722018a950} 'noEvents' '()Z' in 'java/awt/EventQueue')}
  0x00000171c647afac: ff48 bf48 | 7383 2072 | 0100 00bb | 4001 0000 | 7505 bb30 | 0100 0048 | 8b04 1f48 | 8d40 0148 
  0x00000171c647afcc: 8904 1f0f | 8570 0000 

  0x00000171c647afd4: ;   {metadata(method data for {method} {0x000001722018a950} 'noEvents' '()Z' in 'java/awt/EventQueue')}
  0x00000171c647afd4: 00ff c648 | bf48 7383 | 2072 0100 | 008b 9fd0 | 0000 0083 | c302 899f | d000 0000 | 81e3 fe3f 
  0x00000171c647aff4: 0000 85db | 0f84 800f | 0000 4d8b 

  0x00000171c647b000: ; ImmutableOopMap {rdx=Oop }
                      ;*goto {reexecute=1 rethrow=0 return_oop=0}
                      ; - (reexecute) java.awt.EventQueue::noEvents@24 (line 520)
                      ; - java.awt.EventQueue::dispatchEventImpl@95 (line 732)
                      ;   {poll}
  0x00000171c647b000: 5730 4185 

  0x00000171c647b004: ;   {metadata(method data for {method} {0x000001722018a950} 'noEvents' '()Z' in 'java/awt/EventQueue')}
  0x00000171c647b004: 0248 bf48 | 7383 2072 | 0100 00ff | 8750 0100 | 0083 fe04 

  0x00000171c647b018: ;   {metadata(method data for {method} {0x000001722018a950} 'noEvents' '()Z' in 'java/awt/EventQueue')}
  0x00000171c647b018: 48bf 4873 | 8320 7201 | 0000 bb10 | 0100 007d | 05bb 2001 | 0000 488b | 041f 488d | 4001 4889 
  0x00000171c647b038: 041f 0f8d | 0f00 0000 | e943 ffff | ffbe 0000 | 0000 e905 | 0000 00be | 0100 0000 

  0x00000171c647b054: ;   {metadata(method data for {method} {0x000001722018b318} 'dispatchEventImpl' '(Ljava/awt/AWTEvent;Ljava/lang/Object;)V' in 'java/awt/EventQueue')}
  0x00000171c647b054: 85f6 48be | 4846 9020 | 7201 0000 | bf10 0500 | 0074 05bf | 2005 0000 | 488b 1c3e | 488d 5b01 
  0x00000171c647b074: 4889 1c3e | 0f84 8f0d | 0000 e9ec 

  0x00000171c647b080: ;   {metadata(method data for {method} {0x000001722018b318} 'dispatchEventImpl' '(Ljava/awt/AWTEvent;Ljava/lang/Object;)V' in 'java/awt/EventQueue')}
  0x00000171c647b080: 0500 0048 | ba48 4690 | 2072 0100 | 0048 8382 | 7805 0000 

  0x00000171c647b094: ;   {metadata(method data for {method} {0x0000017220189720} 'getEventLog' '()Lsun/util/logging/PlatformLogger;' in 'java/awt/EventQueue')}
  0x00000171c647b094: 0148 ba78 | 5490 2072 | 0100 008b | b2cc 0000 | 0083 c602 | 89b2 cc00 | 0000 81e6 | feff 1f00 
  0x00000171c647b0b4: 85f6 0f84 | e30e 0000 

  0x00000171c647b0bc: ;   {oop(a 'java/lang/Class'{0x000000071540bb18} = 'java/awt/EventQueue')}
  0x00000171c647b0bc: 48ba 18bb | 4015 0700 | 0000 8b52 | 7848 c1e2 | 0348 85d2 

  0x00000171c647b0d0: ;   {metadata(method data for {method} {0x0000017220189720} 'getEventLog' '()Lsun/util/logging/PlatformLogger;' in 'java/awt/EventQueue')}
  0x00000171c647b0d0: 48ba 7854 | 9020 7201 | 0000 be10 | 0100 0075 | 05be 2001 | 0000 488b | 3c32 488d | 7f01 4889 
  0x00000171c647b0f0: 3c32 0f85 | 6800 0000 

  0x00000171c647b0f8: ;   {metadata(method data for {method} {0x0000017220189720} 'getEventLog' '()Lsun/util/logging/PlatformLogger;' in 'java/awt/EventQueue')}
  0x00000171c647b0f8: 48ba 7854 | 9020 7201 | 0000 4883 | 8230 0100 

  0x00000171c647b108: ;   {oop("java.awt.event.EventQueue"{0x0000000715600218})}
  0x00000171c647b108: 0001 48ba | 1802 6015 | 0700 0000 

  0x00000171c647b114: ;   {static_call}
  0x00000171c647b114: 6666 90e8 

  0x00000171c647b118: ; ImmutableOopMap {[168]=Oop }
                      ;*invokestatic getLogger {reexecute=0 rethrow=0 return_oop=0}
                      ; - java.awt.EventQueue::getEventLog@8 (line 181)
                      ; - java.awt.EventQueue::dispatchEventImpl@111 (line 736)
  0x00000171c647b118: 443f 1c07 

  0x00000171c647b11c: ;   {post_call_nop}
  0x00000171c647b11c: 0f1f 8400 | 1412 0005 

  0x00000171c647b124: ;   {oop(a 'java/lang/Class'{0x000000071540bb18} = 'java/awt/EventQueue')}
  0x00000171c647b124: 49b8 18bb | 4015 0700 | 0000 410f | be57 4885 | d20f 8585 | 0e00 004c | 8bd0 49c1 | ea03 4589 
  0x00000171c647b144: 5078 f083 | 4424 c000 | 498b d048 | 33d0 48c1 | ea15 4883 | fa00 0f85 | 800e 0000 

  0x00000171c647b160: ;   {oop(a 'java/lang/Class'{0x000000071540bb18} = 'java/awt/EventQueue')}
  0x00000171c647b160: 49b8 18bb | 4015 0700 | 0000 458b | 4078 49c1 | e003 493b | 0049 8bd0 

  0x00000171c647b178: ;   {metadata(method data for {method} {0x000001722018b318} 'dispatchEventImpl' '(Ljava/awt/AWTEvent;Ljava/lang/Object;)V' in 'java/awt/EventQueue')}
  0x00000171c647b178: 48be 4846 | 9020 7201 

  0x00000171c647b180: ;   {metadata('sun/util/logging/PlatformLogger')}
  0x00000171c647b180: 0000 49ba | 30f2 04e0 | 7101 0000 | 4c89 9690 | 0500 0048 | 8386 9805 

  0x00000171c647b198: ;   {metadata(method data for {method} {0x00000172200dc4d8} 'isLoggable' '(Lsun/util/logging/PlatformLogger$Level;)Z' in 'sun/util/logging/PlatformLogger')}
  0x00000171c647b198: 0000 0148 | ba10 493e | 2072 0100 | 008b b2cc | 0000 0083 | c602 89b2 | cc00 0000 | 81e6 feff 
  0x00000171c647b1b8: 1f00 85f6 | 0f84 3b0e 

  0x00000171c647b1c0: ;   {metadata(method data for {method} {0x00000172200dc4d8} 'isLoggable' '(Lsun/util/logging/PlatformLogger$Level;)Z' in 'sun/util/logging/PlatformLogger')}
  0x00000171c647b1c0: 0000 48ba | 1049 3e20 | 7201 0000 | ff82 1001 | 0000 418b | 500c 48c1 | e203 483b | 024c 8bc2 
  0x00000171c647b1e0: ;   {metadata(method data for {method} {0x00000172200dc4d8} 'isLoggable' '(Lsun/util/logging/PlatformLogger$Level;)Z' in 'sun/util/logging/PlatformLogger')}
  0x00000171c647b1e0: 48be 1049 | 3e20 7201 | 0000 458b | 4008 49ba | 0000 00df | 7101 0000 | 4d03 c24c | 3b86 4801 
  0x00000171c647b200: 0000 750d | 4883 8650 | 0100 0001 | e960 0000 | 004c 3b86 | 5801 0000 | 750d 4883 | 8660 0100 
  0x00000171c647b220: 0001 e94a | 0000 0048 | 83be 4801 | 0000 0075 | 174c 8986 | 4801 0000 | 48c7 8650 | 0100 0001 
  0x00000171c647b240: 0000 00e9 | 2900 0000 | 4883 be58 | 0100 0000 | 7517 4c89 | 8658 0100 | 0048 c786 | 6001 0000 
  0x00000171c647b260: 0100 0000 | e908 0000 | 0048 8386 | 4001 0000 

  0x00000171c647b270: ;   {oop(a 'sun/util/logging/PlatformLogger$Level'{0x000000071579c110})}
  0x00000171c647b270: 0149 b810 | c179 1507 | 0000 0066 | 9048 b888 | c2bc de71 

  0x00000171c647b284: ;   {virtual_call}
  0x00000171c647b284: 0100 00e8 

  0x00000171c647b288: ; ImmutableOopMap {[168]=Oop }
                      ;*invokeinterface isLoggable {reexecute=0 rethrow=0 return_oop=0}
                      ; - sun.util.logging.PlatformLogger::isLoggable@17 (line 340)
                      ; - java.awt.EventQueue::dispatchEventImpl@117 (line 736)
  0x00000171c647b288: d43a 1c07 

  0x00000171c647b28c: ;   {post_call_nop}
  0x00000171c647b28c: 0f1f 8400 | 8413 0006 | 83e0 0185 

  0x00000171c647b298: ;   {metadata(method data for {method} {0x000001722018b318} 'dispatchEventImpl' '(Ljava/awt/AWTEvent;Ljava/lang/Object;)V' in 'java/awt/EventQueue')}
  0x00000171c647b298: c048 ba48 | 4690 2072 | 0100 00be | b805 0000 | 7405 bec8 | 0500 0048 | 8b3c 3248 | 8d7f 0148 
  0x00000171c647b2b8: 893c 320f | 844c 0b00 

  0x00000171c647b2c0: ;   {metadata(method data for {method} {0x000001722018b318} 'dispatchEventImpl' '(Ljava/awt/AWTEvent;Ljava/lang/Object;)V' in 'java/awt/EventQueue')}
  0x00000171c647b2c0: 0048 ba48 | 4690 2072 | 0100 0048 | 8382 d805 

  0x00000171c647b2d0: ;   {metadata(method data for {method} {0x0000017220189720} 'getEventLog' '()Lsun/util/logging/PlatformLogger;' in 'java/awt/EventQueue')}
  0x00000171c647b2d0: 0000 0148 | ba78 5490 | 2072 0100 | 008b b2cc | 0000 0083 | c602 89b2 | cc00 0000 | 81e6 feff 
  0x00000171c647b2f0: 1f00 85f6 | 0f84 290d 

  0x00000171c647b2f8: ;   {oop(a 'java/lang/Class'{0x000000071540bb18} = 'java/awt/EventQueue')}
  0x00000171c647b2f8: 0000 48ba | 18bb 4015 | 0700 0000 | 8b52 7848 | c1e2 0348 

  0x00000171c647b30c: ;   {metadata(method data for {method} {0x0000017220189720} 'getEventLog' '()Lsun/util/logging/PlatformLogger;' in 'java/awt/EventQueue')}
  0x00000171c647b30c: 85d2 48ba | 7854 9020 | 7201 0000 | be10 0100 | 0075 05be | 2001 0000 | 488b 3c32 | 488d 7f01 
  0x00000171c647b32c: 4889 3c32 | 0f85 6a00 

  0x00000171c647b334: ;   {metadata(method data for {method} {0x0000017220189720} 'getEventLog' '()Lsun/util/logging/PlatformLogger;' in 'java/awt/EventQueue')}
  0x00000171c647b334: 0000 48ba | 7854 9020 | 7201 0000 | 4883 8230 | 0100 0001 

  0x00000171c647b348: ;   {oop("java.awt.event.EventQueue"{0x0000000715600218})}
  0x00000171c647b348: 48ba 1802 | 6015 0700 | 0000 0f1f 

  0x00000171c647b354: ;   {static_call}
  0x00000171c647b354: 4400 00e8 

  0x00000171c647b358: ; ImmutableOopMap {[168]=Oop }
                      ;*invokestatic getLogger {reexecute=0 rethrow=0 return_oop=0}
                      ; - java.awt.EventQueue::getEventLog@8 (line 181)
                      ; - java.awt.EventQueue::dispatchEventImpl@123 (line 737)
  0x00000171c647b358: 043d 1c07 

  0x00000171c647b35c: ;   {post_call_nop}
  0x00000171c647b35c: 0f1f 8400 | 5414 0007 

  0x00000171c647b364: ;   {oop(a 'java/lang/Class'{0x000000071540bb18} = 'java/awt/EventQueue')}
  0x00000171c647b364: 48ba 18bb | 4015 0700 | 0000 410f | be77 4885 | f60f 85c9 | 0c00 004c | 8bd0 49c1 | ea03 4489 
  0x00000171c647b384: 5278 f083 | 4424 c000 | 488b f248 | 33f0 48c1 | ee15 4883 | fe00 0f85 | c30c 0000 

  0x00000171c647b3a0: ;   {oop(a 'java/lang/Class'{0x000000071540bb18} = 'java/awt/EventQueue')}
  0x00000171c647b3a0: 48ba 18bb | 4015 0700 | 0000 8b72 | 7848 c1e6 | 0348 89b4 | 24b8 0000 | 004c 8b84 | 24a8 0000 
  0x00000171c647b3c0: ;   {metadata(method data for {method} {0x000001722018b318} 'dispatchEventImpl' '(Ljava/awt/AWTEvent;Ljava/lang/Object;)V' in 'java/awt/EventQueue')}
  0x00000171c647b3c0: 0048 ba48 | 4690 2072 | 0100 0048 | 8382 e805 

  0x00000171c647b3d0: ;   {metadata(method data for {method} {0x00000171df47e890} 'valueOf' '(Ljava/lang/Object;)Ljava/lang/String;' in 'java/lang/String')}
  0x00000171c647b3d0: 0000 0148 | baf8 7220 | 2072 0100 | 008b bacc | 0000 0083 | c702 89ba | cc00 0000 | 81e7 feff 
  0x00000171c647b3f0: 1f00 85ff | 0f84 810c | 0000 4d85 

  0x00000171c647b3fc: ;   {metadata(method data for {method} {0x00000171df47e890} 'valueOf' '(Ljava/lang/Object;)Ljava/lang/String;' in 'java/lang/String')}
  0x00000171c647b3fc: c048 baf8 | 7220 2072 | 0100 00bf | 1001 0000 | 7505 bf20 | 0100 0048 | 8b1c 3a48 | 8d5b 0148 
  0x00000171c647b41c: 891c 3a0f | 851f 0000 

  0x00000171c647b424: ;   {metadata(method data for {method} {0x00000171df47e890} 'valueOf' '(Ljava/lang/Object;)Ljava/lang/String;' in 'java/lang/String')}
  0x00000171c647b424: 0048 baf8 | 7220 2072 | 0100 00ff | 8230 0100 

  0x00000171c647b434: ;   {oop("null"{0x00000007ffe1c918})}
  0x00000171c647b434: 0048 bf18 | c9e1 ff07 | 0000 00e9 | ab00 0000 

  0x00000171c647b444: ;   {metadata(method data for {method} {0x00000171df47e890} 'valueOf' '(Ljava/lang/Object;)Ljava/lang/String;' in 'java/lang/String')}
  0x00000171c647b444: 498b d048 | bff8 7220 | 2072 0100 | 008b 5208 | 49ba 0000 | 00df 7101 | 0000 4903 | d248 3b97 
  0x00000171c647b464: 5001 0000 | 750d 4883 | 8758 0100 | 0001 e960 | 0000 0048 | 3b97 6001 | 0000 750d | 4883 8768 
  0x00000171c647b484: 0100 0001 | e94a 0000 | 0048 83bf | 5001 0000 | 0075 1748 | 8997 5001 | 0000 48c7 | 8758 0100 
  0x00000171c647b4a4: 0001 0000 | 00e9 2900 | 0000 4883 | bf60 0100 | 0000 7517 | 4889 9760 | 0100 0048 | c787 6801 
  0x00000171c647b4c4: 0000 0100 | 0000 e908 | 0000 0048 | 8387 4801 | 0000 0149 | 8bd0 0f1f 

  0x00000171c647b4dc: ;   {optimized virtual_call}
  0x00000171c647b4dc: 4400 00e8 

  0x00000171c647b4e0: ; ImmutableOopMap {[184]=Oop }
                      ;*invokevirtual toString {reexecute=0 rethrow=0 return_oop=0}
                      ; - java.lang.String::valueOf@11 (line 4543)
                      ; - java.awt.EventQueue::dispatchEventImpl@127 (line 737)
  0x00000171c647b4e0: 7c35 1c07 

  0x00000171c647b4e4: ;   {post_call_nop}
  0x00000171c647b4e4: 0f1f 8400 | dc15 0008 | 488b f890 

  0x00000171c647b4f0: ;   {no_reloc}
  0x00000171c647b4f0: e9b6 0b00 | 0090 9090 | 9090 488b 

  0x00000171c647b4fc: ;   {static_call}
  0x00000171c647b4fc: d766 90e8 

  0x00000171c647b500: ; ImmutableOopMap {[184]=Oop }
                      ;*invokedynamic {reexecute=0 rethrow=0 return_oop=0}
                      ; - java.awt.EventQueue::dispatchEventImpl@130 (line 737)
  0x00000171c647b500: 5c3b 1c07 

  0x00000171c647b504: ;   {post_call_nop}
  0x00000171c647b504: 0f1f 8400 | fc15 0009 

  0x00000171c647b50c: ;   {metadata(method data for {method} {0x000001722018b318} 'dispatchEventImpl' '(Ljava/awt/AWTEvent;Ljava/lang/Object;)V' in 'java/awt/EventQueue')}
  0x00000171c647b50c: 49b8 4846 | 9020 7201 | 0000 4d8d | 8018 0600 | 0048 85c0 | 750b 41f6 | 0001 7505 | f049 8308 
  0x00000171c647b52c: 0148 8bb4 | 24b8 0000 | 0048 3b06 

  0x00000171c647b538: ;   {metadata(method data for {method} {0x000001722018b318} 'dispatchEventImpl' '(Ljava/awt/AWTEvent;Ljava/lang/Object;)V' in 'java/awt/EventQueue')}
  0x00000171c647b538: 4c8b c649 | b948 4690 | 2072 0100 

  0x00000171c647b544: ;   {metadata('sun/util/logging/PlatformLogger')}
  0x00000171c647b544: 0049 ba30 | f204 e071 | 0100 004d | 8991 3006 | 0000 4983 | 8138 0600 

  0x00000171c647b55c: ;   {metadata(method data for {method} {0x00000172200dd130} 'fine' '(Ljava/lang/String;)V' in 'sun/util/logging/PlatformLogger')}
  0x00000171c647b55c: 0001 49b8 | 58d4 8420 | 7201 0000 | 458b 88cc | 0000 0041 | 83c1 0245 | 8988 cc00 | 0000 4181 
  0x00000171c647b57c: e1fe ff1f | 0045 85c9 | 0f84 300b | 0000 8b56 | 0c48 c1e2 | 0348 3b02 

  0x00000171c647b594: ;   {metadata(method data for {method} {0x00000172200dd130} 'fine' '(Ljava/lang/String;)V' in 'sun/util/logging/PlatformLogger')}
  0x00000171c647b594: 4c8b c249 | b958 d484 | 2072 0100 | 0045 8b40 | 0849 ba00 | 0000 df71 | 0100 004d | 03c2 4d3b 
  0x00000171c647b5b4: 8148 0100 | 0075 0d49 | 8381 5001 | 0000 01e9 | 6000 0000 | 4d3b 8158 | 0100 0075 | 0d49 8381 
  0x00000171c647b5d4: 6001 0000 | 01e9 4a00 | 0000 4983 | b948 0100 | 0000 7517 | 4d89 8148 | 0100 0049 | c781 5001 
  0x00000171c647b5f4: 0000 0100 | 0000 e929 | 0000 0049 | 83b9 5801 | 0000 0075 | 174d 8981 | 5801 0000 | 49c7 8160 
  0x00000171c647b614: 0100 0001 | 0000 00e9 | 0800 0000 | 4983 8140 | 0100 0001 

  0x00000171c647b628: ;   {oop(a 'sun/util/logging/PlatformLogger$Level'{0x000000071579c110})}
  0x00000171c647b628: 49b8 10c1 | 7915 0700 | 0000 4c8b 

  0x00000171c647b634: ;   {oop(nullptr)}
  0x00000171c647b634: c848 bf00 | 0000 0000 | 0000 0066 | 0f1f 4400 | 0048 b8b0 | c2bc de71 

  0x00000171c647b64c: ;   {virtual_call}
  0x00000171c647b64c: 0100 00e8 

  0x00000171c647b650: ; ImmutableOopMap {}
                      ;*invokeinterface log {reexecute=0 rethrow=0 return_oop=0}
                      ; - sun.util.logging.PlatformLogger::fine@12 (line 449)
                      ; - java.awt.EventQueue::dispatchEventImpl@135 (line 737)
  0x00000171c647b650: 0c37 1c07 

  0x00000171c647b654: ;   {post_call_nop}
  0x00000171c647b654: 0f1f 8400 | 4c17 000a | 4881 c4d0 | 0000 005d 

  0x00000171c647b664: ;   {poll_return}
  0x00000171c647b664: 493b 6728 | 0f87 720a | 0000 c344 | 8b42 3449 | c1e0 0349 | 3b00 498b 

  0x00000171c647b67c: ;   {metadata(method data for {method} {0x000001722018b318} 'dispatchEventImpl' '(Ljava/awt/AWTEvent;Ljava/lang/Object;)V' in 'java/awt/EventQueue')}
  0x00000171c647b67c: d048 be48 | 4690 2072 

  0x00000171c647b684: ;   {metadata('java/awt/EventDispatchThread')}
  0x00000171c647b684: 0100 0049 | bac0 920e | e071 0100 | 004c 8996 | 3805 0000 | 4883 8640 | 0500 0001 

  0x00000171c647b6a0: ;   {metadata(method data for {method} {0x00000172206a3758} 'stopDispatching' '()V' in 'java/awt/EventDispatchThread')}
  0x00000171c647b6a0: 48ba 4053 | 9020 7201 | 0000 8bb2 | cc00 0000 | 83c6 0289 | b2cc 0000 | 0081 e6fe | ff1f 0085 
  0x00000171c647b6c0: f60f 8434 | 0a00 00ba | 0000 0000 | 4188 5070 | f083 4424 

  0x00000171c647b6d4: ;   {metadata(method data for {method} {0x000001722018b318} 'dispatchEventImpl' '(Ljava/awt/AWTEvent;Ljava/lang/Object;)V' in 'java/awt/EventQueue')}
  0x00000171c647b6d4: c000 49b8 | 4846 9020 | 7201 0000 | 41ff 8060 | 0500 0048 | 81c4 d000 

  0x00000171c647b6ec: ;   {poll_return}
  0x00000171c647b6ec: 0000 5d49 | 3b67 280f | 8723 0a00 | 00c3 4c8b | 8424 a800 | 0000 4d85 

  0x00000171c647b704: ;   {metadata(method data for {method} {0x000001722018b318} 'dispatchEventImpl' '(Ljava/awt/AWTEvent;Ljava/lang/Object;)V' in 'java/awt/EventQueue')}
  0x00000171c647b704: c948 bf48 | 4690 2072 | 0100 0075 | 0c80 8f11 | 0400 0001 | e9db 0000 | 0041 8b59 | 0849 ba00 
  0x00000171c647b724: 0000 df71 | 0100 0049 | 03da 483b | 9f20 0400 | 0075 0d48 | 8387 2804 | 0000 01e9 | 6000 0000 
  0x00000171c647b744: 483b 9f30 | 0400 0075 | 0d48 8387 | 3804 0000 | 01e9 4a00 | 0000 4883 | bf20 0400 | 0000 7517 
  0x00000171c647b764: 4889 9f20 | 0400 0048 | c787 2804 | 0000 0100 | 0000 e929 | 0000 0048 | 83bf 3004 | 0000 0075 
  0x00000171c647b784: 1748 899f | 3004 0000 | 48c7 8738 | 0400 0001 | 0000 00e9 | 0800 0000 | 4883 8718 | 0400 0001 
  0x00000171c647b7a4: 0f1f 4000 

  0x00000171c647b7a8: ;   {no_reloc}
  0x00000171c647b7a8: e994 0900 | 0000 0000 | 0000 418b | 7908 49ba | 0000 00df | 7101 0000 | 4903 fa48 | 3bfb 0f84 
  0x00000171c647b7c8: 2c00 0000 | 8b73 1448 | 3b1c 370f | 841f 0000 | 0083 fe20 | 0f85 6909 | 0000 5753 

  0x00000171c647b7e4: ;   {runtime_call C1 Runtime slow_subtype_check_blob}
  0x00000171c647b7e4: e857 5728 | 075f 5b85 | db0f 8458 | 0900 00e9 | 0000 0000 | 498b d166 | 9048 b8d8 | c2bc de71 
  0x00000171c647b804: ;   {virtual_call}
  0x00000171c647b804: 0100 00e8 

  0x00000171c647b808: ; ImmutableOopMap {}
                      ;*invokevirtual dispatchEvent {reexecute=0 rethrow=0 return_oop=0}
                      ; - java.awt.EventQueue::dispatchEventImpl@81 (line 730)
  0x00000171c647b808: 5435 1c07 

  0x00000171c647b80c: ;   {post_call_nop}
  0x00000171c647b80c: 0f1f 8400 | 0419 000b 

  0x00000171c647b814: ;   {metadata(method data for {method} {0x000001722018b318} 'dispatchEventImpl' '(Ljava/awt/AWTEvent;Ljava/lang/Object;)V' in 'java/awt/EventQueue')}
  0x00000171c647b814: 49b8 4846 | 9020 7201 | 0000 41ff | 8078 0400 | 0048 81c4 | d000 0000 

  0x00000171c647b82c: ;   {poll_return}
  0x00000171c647b82c: 5d49 3b67 | 280f 871d | 0900 00c3 | 4c8b 8424 | a800 0000 

  0x00000171c647b840: ;   {metadata(method data for {method} {0x000001722018b318} 'dispatchEventImpl' '(Ljava/awt/AWTEvent;Ljava/lang/Object;)V' in 'java/awt/EventQueue')}
  0x00000171c647b840: 4d85 c948 | bf48 4690 | 2072 0100 | 0075 0c80 | 8f49 0300 | 0001 e9b0 | 0000 0041 | 8b59 0849 
  0x00000171c647b860: ba00 0000 | df71 0100 | 0049 03da | 483b 9f58 | 0300 0075 | 0d48 8387 | 6003 0000 | 01e9 6000 
  0x00000171c647b880: 0000 483b | 9f68 0300 | 0075 0d48 | 8387 7003 | 0000 01e9 | 4a00 0000 | 4883 bf58 | 0300 0000 
  0x00000171c647b8a0: 7517 4889 | 9f58 0300 | 0048 c787 | 6003 0000 | 0100 0000 | e929 0000 | 0048 83bf | 6803 0000 
  0x00000171c647b8c0: 0075 1748 | 899f 6803 | 0000 48c7 | 8770 0300 | 0001 0000 | 00e9 0800 | 0000 4883 | 8750 0300 
  0x00000171c647b8e0: ;   {metadata('java/awt/MenuComponent')}
  0x00000171c647b8e0: 0001 48bb | 4897 9620 | 7201 0000 | 418b 7108 | 49ba 0000 | 00df 7101 | 0000 4903 | f248 3bde 
  0x00000171c647b900: 0f85 6408 | 0000 e900 | 0000 0049 | 8bd1 483b | 0248 8bf2 

  0x00000171c647b914: ;   {metadata(method data for {method} {0x000001722018b318} 'dispatchEventImpl' '(Ljava/awt/AWTEvent;Ljava/lang/Object;)V' in 'java/awt/EventQueue')}
  0x00000171c647b914: 48bf 4846 | 9020 7201 | 0000 8b76 | 0849 ba00 | 0000 df71 | 0100 0049 | 03f2 483b | b788 0300 
  0x00000171c647b934: 0075 0d48 | 8387 9003 | 0000 01e9 | 6000 0000 | 483b b798 | 0300 0075 | 0d48 8387 | a003 0000 
  0x00000171c647b954: 01e9 4a00 | 0000 4883 | bf88 0300 | 0000 7517 | 4889 b788 | 0300 0048 | c787 9003 | 0000 0100 
  0x00000171c647b974: 0000 e929 | 0000 0048 | 83bf 9803 | 0000 0075 | 1748 89b7 | 9803 0000 | 48c7 87a0 | 0300 0001 
  0x00000171c647b994: 0000 00e9 | 0800 0000 | 4883 8780 | 0300 0001 

  0x00000171c647b9a4: ;   {optimized virtual_call}
  0x00000171c647b9a4: 6666 90e8 

  0x00000171c647b9a8: ; ImmutableOopMap {}
                      ;*invokevirtual dispatchEvent {reexecute=0 rethrow=0 return_oop=0}
                      ; - java.awt.EventQueue::dispatchEventImpl@63 (line 728)
  0x00000171c647b9a8: b430 1c07 

  0x00000171c647b9ac: ;   {post_call_nop}
  0x00000171c647b9ac: 0f1f 8400 | a41a 000c 

  0x00000171c647b9b4: ;   {metadata(method data for {method} {0x000001722018b318} 'dispatchEventImpl' '(Ljava/awt/AWTEvent;Ljava/lang/Object;)V' in 'java/awt/EventQueue')}
  0x00000171c647b9b4: 49b8 4846 | 9020 7201 | 0000 41ff | 80b0 0300 | 0048 81c4 | d000 0000 

  0x00000171c647b9cc: ;   {poll_return}
  0x00000171c647b9cc: 5d49 3b67 | 280f 87a1 | 0700 00c3 

  0x00000171c647b9d8: ;   {metadata(method data for {method} {0x000001722018b318} 'dispatchEventImpl' '(Ljava/awt/AWTEvent;Ljava/lang/Object;)V' in 'java/awt/EventQueue')}
  0x00000171c647b9d8: 488b f248 | bf48 4690 | 2072 0100 | 0048 8387 | 6001 0000 | 0149 8bf0 | 4c8b c60f 

  0x00000171c647b9f4: ;   {optimized virtual_call}
  0x00000171c647b9f4: 1f40 00e8 

  0x00000171c647b9f8: ; ImmutableOopMap {[168]=Oop }
                      ;*invokevirtual setCurrentEventAndMostRecentTimeImpl {reexecute=0 rethrow=0 return_oop=0}
                      ; - java.awt.EventQueue::dispatchEventImpl@14 (line 722)
  0x00000171c647b9f8: 44cf ffff 

  0x00000171c647b9fc: ;   {post_call_nop}
  0x00000171c647b9fc: 0f1f 8400 | f41a 000d | 4c8b 8424 | a800 0000 

  0x00000171c647ba0c: ;   {metadata(method data for {method} {0x000001722018b318} 'dispatchEventImpl' '(Ljava/awt/AWTEvent;Ljava/lang/Object;)V' in 'java/awt/EventQueue')}
  0x00000171c647ba0c: 4d85 c048 | bf48 4690 | 2072 0100 | 0075 0c80 | 8f89 0100 | 0001 e9cb | 0000 0041 | 8b58 0849 
  0x00000171c647ba2c: ba00 0000 | df71 0100 | 0049 03da | 483b 9f98 | 0100 0075 | 0d48 8387 | a001 0000 | 01e9 6000 
  0x00000171c647ba4c: 0000 483b | 9fa8 0100 | 0075 0d48 | 8387 b001 | 0000 01e9 | 4a00 0000 | 4883 bf98 | 0100 0000 
  0x00000171c647ba6c: 7517 4889 | 9f98 0100 | 0048 c787 | a001 0000 | 0100 0000 | e929 0000 | 0048 83bf | a801 0000 
  0x00000171c647ba8c: 0075 1748 | 899f a801 | 0000 48c7 | 87b0 0100 | 0001 0000 | 00e9 0800 | 0000 4883 | 8790 0100 
  0x00000171c647baac: ;   {metadata('java/awt/ActiveEvent')}
  0x00000171c647baac: 0001 48bb | 38de 6920 | 7201 0000 | 418b 7808 | 49ba 0000 | 00df 7101 | 0000 4903 | fa48 3b5f 
  0x00000171c647bacc: 200f 841f | 0000 0048 | 3bfb 0f84 | 1600 0000 

  0x00000171c647badc: ;   {runtime_call C1 Runtime slow_subtype_check_blob}
  0x00000171c647badc: 5753 e85d | 5428 075f | 5f85 ff0f | 84a1 0600 | 00e9 0000 | 0000 498b | d048 3b02 

  0x00000171c647baf8: ;   {metadata(method data for {method} {0x000001722018b318} 'dispatchEventImpl' '(Ljava/awt/AWTEvent;Ljava/lang/Object;)V' in 'java/awt/EventQueue')}
  0x00000171c647baf8: 488b f248 | bf48 4690 | 2072 0100 | 008b 7608 | 49ba 0000 | 00df 7101 | 0000 4903 | f248 3bb7 
  0x00000171c647bb18: c801 0000 | 750d 4883 | 87d0 0100 | 0001 e960 | 0000 0048 | 3bb7 d801 | 0000 750d | 4883 87e0 
  0x00000171c647bb38: 0100 0001 | e94a 0000 | 0048 83bf | c801 0000 | 0075 1748 | 89b7 c801 | 0000 48c7 | 87d0 0100 
  0x00000171c647bb58: 0001 0000 | 00e9 2900 | 0000 4883 | bfd8 0100 | 0000 7517 | 4889 b7d8 | 0100 0048 | c787 e001 
  0x00000171c647bb78: 0000 0100 | 0000 e908 | 0000 0048 | 8387 c001 | 0000 0166 | 9048 b800 | c3bc de71 

  0x00000171c647bb94: ;   {virtual_call}
  0x00000171c647bb94: 0100 00e8 

  0x00000171c647bb98: ; ImmutableOopMap {}
                      ;*invokeinterface dispatch {reexecute=0 rethrow=0 return_oop=0}
                      ; - java.awt.EventQueue::dispatchEventImpl@21 (line 723)
  0x00000171c647bb98: 04f1 2807 

  0x00000171c647bb9c: ;   {post_call_nop}
  0x00000171c647bb9c: 0f1f 8400 | 941c 000e 

  0x00000171c647bba4: ;   {metadata(method data for {method} {0x000001722018b318} 'dispatchEventImpl' '(Ljava/awt/AWTEvent;Ljava/lang/Object;)V' in 'java/awt/EventQueue')}
  0x00000171c647bba4: 48ba 4846 | 9020 7201 | 0000 ff82 | f001 0000 | 4881 c4d0 | 0000 005d 

  0x00000171c647bbbc: ;   {poll_return}
  0x00000171c647bbbc: 493b 6728 | 0f87 d605 | 0000 c390 

  0x00000171c647bbc8: ;   {no_reloc}
  0x00000171c647bbc8: e9f4 0500 | 0000 0000 | 0000 80ba | 4001 0000 | 040f 85f1 | 0500 0049 | 8b87 c801 | 0000 488d 
  0x00000171c647bbe8: 7828 493b | bfd8 0100 | 000f 87d9 | 0500 0049 | 89bf c801 | 0000 48c7 | 0001 0000 | 0048 8bca 
  0x00000171c647bc08: 49ba 0000 | 00df 7101 | 0000 492b | ca89 4808 | 4833 c989 | 480c 4833 | c948 8948 | 1048 8948 
  0x00000171c647bc28: 1848 8948 | 2048 8bd0 

  0x00000171c647bc30: ;   {metadata(method data for {method} {0x00000171df44ab28} 'lookup' '()Ljava/lang/invoke/MethodHandles$Lookup;' in 'java/lang/invoke/MethodHandles')}
  0x00000171c647bc30: 48be 3092 | 6b20 7201 | 0000 4883 | 8640 0100 

  0x00000171c647bc40: ;   {oop("no caller frame"{0x00000007ffe27160})}
  0x00000171c647bc40: 0001 49b8 | 6071 e2ff | 0700 0000 | 488b d048 | 8984 24c0 

  0x00000171c647bc54: ;   {optimized virtual_call}
  0x00000171c647bc54: 0000 00e8 

  0x00000171c647bc58: ; ImmutableOopMap {[168]=Oop [192]=Oop }
                      ;*invokespecial <init> {reexecute=0 rethrow=0 return_oop=0}
                      ; - java.lang.invoke.MethodHandles::lookup@14 (line 128)
                      ; - sun.awt.AWTAccessor::ensureClassInitialized@0 (line 1464)
                      ; - sun.awt.AWTAccessor::getInputEventAccessor@10 (line 963)
                      ; - java.awt.AWTEvent::dispatched@7 (line 571)
                      ; - java.awt.EventQueue::dispatchEventImpl@45 (line 726)
  0x00000171c647bc58: 042e 1c07 

  0x00000171c647bc5c: ;   {post_call_nop}
  0x00000171c647bc5c: 0f1f 8400 | 541d 000f | 488b 8424 | c000 0000 | e9d8 0500 | 0049 8b87 | 0805 0000 | 4d33 d24d 
  0x00000171c647bc7c: 8997 0805 | 0000 4d33 | d24d 8997 | 1005 0000 

  0x00000171c647bc8c: ;   {oop(a 'java/lang/Class'{0x00000007157a39f8} = 'sun/awt/AWTAccessor')}
  0x00000171c647bc8c: 48be f839 | 7a15 0700 | 0000 8bb6 | 8400 0000 | 48c1 e603 | 4c8b 8424 | a800 0000 

  0x00000171c647bca8: ;   {metadata(method data for {method} {0x00000172200dacc8} 'dispatched' '()V' in 'java/awt/AWTEvent')}
  0x00000171c647bca8: 4d85 c048 | b878 4e90 | 2072 0100 | 0075 0c80 | 8869 0100 | 0001 e9b1 | 0000 0041 | 8b50 0849 
  0x00000171c647bcc8: ba00 0000 | df71 0100 | 0049 03d2 | 483b 9078 | 0100 0075 | 0d48 8380 | 8001 0000 | 01e9 6000 
  0x00000171c647bce8: 0000 483b | 9088 0100 | 0075 0d48 | 8380 9001 | 0000 01e9 | 4a00 0000 | 4883 b878 | 0100 0000 
  0x00000171c647bd08: 7517 4889 | 9078 0100 | 0048 c780 | 8001 0000 | 0100 0000 | e929 0000 | 0048 83b8 | 8801 0000 
  0x00000171c647bd28: 0075 1748 | 8990 8801 | 0000 48c7 | 8090 0100 | 0001 0000 | 00e9 0800 | 0000 4883 | 8070 0100 
  0x00000171c647bd48: ;   {metadata('java/awt/event/InputEvent')}
  0x00000171c647bd48: 0001 48ba | 6804 1120 | 7201 0000 | 418b 4008 | 49ba 0000 | 00df 7101 | 0000 4903 | c248 3b50 
  0x00000171c647bd68: 500f 856e | 0400 00e9 | 0000 0000 | 498b f848 | 85f6 0f84 | 2900 0000 

  0x00000171c647bd80: ;   {metadata('java/awt/event/InputEvent$1')}
  0x00000171c647bd80: 48b9 1837 | 05e0 7101 | 0000 8b56 | 0849 ba00 | 0000 df71 | 0100 0049 | 03d2 483b | 4a38 0f85 
  0x00000171c647bda0: 4204 0000 | e900 0000 | 0048 8bde 

  0x00000171c647bdac: ; implicit exception: dispatches to 0x00000171c647c1eb
                      ;   {metadata(method data for {method} {0x00000172200dacc8} 'dispatched' '()V' in 'java/awt/AWTEvent')}
  0x00000171c647bdac: 483b 0648 | bb78 4e90 | 2072 0100 

  0x00000171c647bdb8: ;   {metadata('java/awt/event/InputEvent$1')}
  0x00000171c647bdb8: 0049 ba18 | 3705 e071 | 0100 004c | 8993 a801 | 0000 4883 | 83b0 0100 

  0x00000171c647bdd0: ;   {metadata(method data for {method} {0x0000017220112ee0} 'setCanAccessSystemClipboard' '(Ljava/awt/event/InputEvent;Z)V' in 'java/awt/event/InputEvent$1')}
  0x00000171c647bdd0: 0001 48be | 0052 9020 | 7201 0000 | 8b9e cc00 | 0000 83c3 | 0289 9ecc | 0000 0081 | e3fe ff1f 
  0x00000171c647bdf0: 0085 db0f | 84f7 0300 | 00c6 4728 

  0x00000171c647bdfc: ;   {metadata(method data for {method} {0x000001722018b318} 'dispatchEventImpl' '(Ljava/awt/AWTEvent;Ljava/lang/Object;)V' in 'java/awt/EventQueue')}
  0x00000171c647bdfc: 0048 be48 | 4690 2072 | 0100 00ff | 86e8 0200 | 0048 81c4 | d000 0000 

  0x00000171c647be14: ;   {poll_return}
  0x00000171c647be14: 5d49 3b67 | 280f 87f7 | 0300 00c3 

  0x00000171c647be20: ;   {metadata({method} {0x000001722018b318} 'dispatchEventImpl' '(Ljava/awt/AWTEvent;Ljava/lang/Object;)V' in 'java/awt/EventQueue')}
  0x00000171c647be20: 49ba 10b3 | 1820 7201 | 0000 4c89 | 5424 0848 | c704 24ff 

  0x00000171c647be34: ;   {runtime_call C1 Runtime counter_overflow_blob}
  0x00000171c647be34: ffff ffe8 

  0x00000171c647be38: ; ImmutableOopMap {rdx=Oop r8=Oop r9=Oop [168]=Oop }
                      ;*synchronization entry
                      ; - java.awt.EventQueue::dispatchEventImpl@-1 (line 719)
  0x00000171c647be38: 2478 2807 | e9cd e4ff 

  0x00000171c647be40: ;   {runtime_call C1 Runtime throw_null_pointer_exception_blob}
  0x00000171c647be40: ffe8 1a23 

  0x00000171c647be44: ; ImmutableOopMap {rdx=Oop r8=Oop r9=Oop [168]=Oop }
                      ;*putfield isPosted {reexecute=1 rethrow=0 return_oop=0}
                      ; - (reexecute) java.awt.EventQueue::dispatchEventImpl@2 (line 719)
  0x00000171c647be44: 2807 4c89 

  0x00000171c647be48: ;   {runtime_call C1 Runtime throw_class_cast_exception_blob}
  0x00000171c647be48: 0c24 e811 

  0x00000171c647be4c: ; ImmutableOopMap {r8=Oop [168]=Oop }
                      ;*checkcast {reexecute=0 rethrow=0 return_oop=0}
                      ; - java.awt.EventQueue::dispatchEventImpl@37 (line 725)
                      ;   {runtime_call C1 Runtime throw_null_pointer_exception_blob}
  0x00000171c647be4c: 4b28 07e8 

  0x00000171c647be50: ; ImmutableOopMap {r8=Oop rdx=Oop [168]=Oop }
                      ;*invokevirtual dispatchEvent {reexecute=0 rethrow=0 return_oop=0}
                      ; - java.awt.EventQueue::dispatchEventImpl@41 (line 725)
  0x00000171c647be50: 0c23 2807 

  0x00000171c647be54: ;   {metadata({method} {0x0000017220087e70} 'dispatchEvent' '(Ljava/awt/AWTEvent;)V' in 'java/awt/Component')}
  0x00000171c647be54: 49ba 687e | 0820 7201 | 0000 4c89 | 5424 0848 | c704 24ff 

  0x00000171c647be68: ;   {runtime_call C1 Runtime counter_overflow_blob}
  0x00000171c647be68: ffff ffe8 

  0x00000171c647be6c: ; ImmutableOopMap {r8=Oop rdx=Oop [168]=Oop }
                      ;*synchronization entry
                      ; - java.awt.Component::dispatchEvent@-1 (line 4790)
                      ; - java.awt.EventQueue::dispatchEventImpl@41 (line 725)
  0x00000171c647be6c: f077 2807 | e944 e8ff 

  0x00000171c647be74: ;   {metadata({method} {0x00000172200dacc8} 'dispatched' '()V' in 'java/awt/AWTEvent')}
  0x00000171c647be74: ff49 bac0 | ac0d 2072 | 0100 004c | 8954 2408 | 48c7 0424 | ffff ffff 

  0x00000171c647be8c: ;   {runtime_call C1 Runtime counter_overflow_blob}
  0x00000171c647be8c: e8cf 7728 

  0x00000171c647be90: ; ImmutableOopMap {[168]=Oop }
                      ;*synchronization entry
                      ; - java.awt.AWTEvent::dispatched@-1 (line 570)
                      ; - java.awt.EventQueue::dispatchEventImpl@45 (line 726)
  0x00000171c647be90: 07e9 96e9 

  0x00000171c647be94: ;   {metadata({method} {0x00000172200f4ca8} 'getInputEventAccessor' '()Lsun/awt/AWTAccessor$InputEventAccessor;' in 'sun/awt/AWTAccessor')}
  0x00000171c647be94: ffff 49ba | a04c 0f20 | 7201 0000 | 4c89 5424 | 0848 c704 | 24ff ffff 

  0x00000171c647beac: ;   {runtime_call C1 Runtime counter_overflow_blob}
  0x00000171c647beac: ffe8 ae77 

  0x00000171c647beb0: ; ImmutableOopMap {r8=Oop [168]=Oop }
                      ;*synchronization entry
                      ; - sun.awt.AWTAccessor::getInputEventAccessor@-1 (line 961)
                      ; - java.awt.AWTEvent::dispatched@7 (line 571)
                      ; - java.awt.EventQueue::dispatchEventImpl@45 (line 726)
  0x00000171c647beb0: 2807 e9b6 

  0x00000171c647beb4: ;   {metadata({method} {0x00000172200f7468} 'ensureClassInitialized' '(Ljava/lang/Class;)V' in 'sun/awt/AWTAccessor')}
  0x00000171c647beb4: eaff ff49 | ba60 740f | 2072 0100 | 004c 8954 | 2408 48c7 | 0424 ffff 

  0x00000171c647becc: ;   {runtime_call C1 Runtime counter_overflow_blob}
  0x00000171c647becc: ffff e88d 

  0x00000171c647bed0: ; ImmutableOopMap {[168]=Oop }
                      ;*synchronization entry
                      ; - sun.awt.AWTAccessor::ensureClassInitialized@-1 (line 1464)
                      ; - sun.awt.AWTAccessor::getInputEventAccessor@10 (line 963)
                      ; - java.awt.AWTEvent::dispatched@7 (line 571)
                      ; - java.awt.EventQueue::dispatchEventImpl@45 (line 726)
  0x00000171c647bed0: 7728 07e9 | 0deb ffff 

  0x00000171c647bed8: ;   {metadata({method} {0x00000171df44ab28} 'lookup' '()Ljava/lang/invoke/MethodHandles$Lookup;' in 'java/lang/invoke/MethodHandles')}
  0x00000171c647bed8: 49ba 20ab | 44df 7101 | 0000 4c89 | 5424 0848 | c704 24ff 

  0x00000171c647beec: ;   {runtime_call C1 Runtime counter_overflow_blob}
  0x00000171c647beec: ffff ffe8 

  0x00000171c647bef0: ; ImmutableOopMap {[168]=Oop }
                      ;*synchronization entry
                      ; - java.lang.invoke.MethodHandles::lookup@-1 (line 126)
                      ; - sun.awt.AWTAccessor::ensureClassInitialized@0 (line 1464)
                      ; - sun.awt.AWTAccessor::getInputEventAccessor@10 (line 963)
                      ; - java.awt.AWTEvent::dispatched@7 (line 571)
                      ; - java.awt.EventQueue::dispatchEventImpl@45 (line 726)
  0x00000171c647bef0: 6c77 2807 | e925 ebff | ff48 8bd2 

  0x00000171c647befc: ;   {runtime_call C1 Runtime fast_new_instance_blob}
  0x00000171c647befc: e85f 2f28 

  0x00000171c647bf00: ; ImmutableOopMap {r8=Oop [168]=Oop }
                      ;*new {reexecute=0 rethrow=0 return_oop=0}
                      ; - java.lang.invoke.MethodHandles::lookup@18 (line 130)
                      ; - sun.awt.AWTAccessor::ensureClassInitialized@0 (line 1464)
                      ; - sun.awt.AWTAccessor::getInputEventAccessor@10 (line 963)
                      ; - java.awt.AWTEvent::dispatched@7 (line 571)
                      ; - java.awt.EventQueue::dispatchEventImpl@45 (line 726)
  0x00000171c647bf00: 07e9 c0eb 

  0x00000171c647bf04: ;   {metadata({method} {0x00000171df44edd8} '<init>' '(Ljava/lang/Class;)V' in 'java/lang/invoke/MethodHandles$Lookup')}
  0x00000171c647bf04: ffff 49ba | d0ed 44df | 7101 0000 | 4c89 5424 | 0848 c704 | 24ff ffff 

  0x00000171c647bf1c: ;   {runtime_call C1 Runtime counter_overflow_blob}
  0x00000171c647bf1c: ffe8 3e77 

  0x00000171c647bf20: ; ImmutableOopMap {r8=Oop rax=Oop [168]=Oop }
                      ;*synchronization entry
                      ; - java.lang.invoke.MethodHandles$Lookup::<init>@-1 (line 1534)
                      ; - java.lang.invoke.MethodHandles::lookup@23 (line 130)
                      ; - sun.awt.AWTAccessor::ensureClassInitialized@0 (line 1464)
                      ; - sun.awt.AWTAccessor::getInputEventAccessor@10 (line 963)
                      ; - java.awt.AWTEvent::dispatched@7 (line 571)
                      ; - java.awt.EventQueue::dispatchEventImpl@45 (line 726)
  0x00000171c647bf20: 2807 e9dd 

  0x00000171c647bf24: ;   {metadata(nullptr)}
  0x00000171c647bf24: ebff ff48 | b800 0000 | 0000 0000 | 00b8 000f 

  0x00000171c647bf34: ;   {runtime_call C1 Runtime load_klass_patching_blob}
  0x00000171c647bf34: 050a e8a5 

  0x00000171c647bf38: ; ImmutableOopMap {rdx=Oop r9=Oop [168]=Oop }
                      ;*instanceof {reexecute=1 rethrow=0 return_oop=0}
                      ; - (reexecute) java.awt.EventQueue::dispatchEventImpl@70 (line 729)
  0x00000171c647bf38: 6628 07e9 | 78ee ffff 

  0x00000171c647bf40: ;   {metadata({method} {0x000001722018a950} 'noEvents' '()Z' in 'java/awt/EventQueue')}
  0x00000171c647bf40: 49ba 48a9 | 1820 7201 | 0000 4c89 | 5424 0848 | c704 24ff 

  0x00000171c647bf54: ;   {runtime_call C1 Runtime counter_overflow_blob}
  0x00000171c647bf54: ffff ffe8 

  0x00000171c647bf58: ; ImmutableOopMap {rdx=Oop }
                      ;*synchronization entry
                      ; - java.awt.EventQueue::noEvents@-1 (line 520)
                      ; - java.awt.EventQueue::dispatchEventImpl@95 (line 732)
  0x00000171c647bf58: 0477 2807 | e916 f0ff 

  0x00000171c647bf60: ;   {runtime_call C1 Runtime throw_null_pointer_exception_blob}
  0x00000171c647bf60: ffe8 fa21 

  0x00000171c647bf64: ; ImmutableOopMap {rdx=Oop rdi=Oop }
                      ;*aaload {reexecute=0 rethrow=0 return_oop=0}
                      ; - java.awt.EventQueue::noEvents@12 (line 521)
                      ; - java.awt.EventQueue::dispatchEventImpl@95 (line 732)
                      ;   {runtime_call C1 Runtime throw_null_pointer_exception_blob}
  0x00000171c647bf64: 2807 e8f5 

  0x00000171c647bf68: ; ImmutableOopMap {rdx=Oop rdi=Oop }
                      ;*aaload {reexecute=0 rethrow=0 return_oop=0}
                      ; - java.awt.EventQueue::noEvents@12 (line 521)
                      ; - java.awt.EventQueue::dispatchEventImpl@95 (line 732)
  0x00000171c647bf68: 2128 0748 | 8934 2448 | 897c 2408 

  0x00000171c647bf74: ;   {runtime_call C1 Runtime throw_range_check_failed_blob}
  0x00000171c647bf74: e867 1428 

  0x00000171c647bf78: ; ImmutableOopMap {rdx=Oop rdi=Oop }
                      ;*aaload {reexecute=0 rethrow=0 return_oop=0}
                      ; - java.awt.EventQueue::noEvents@12 (line 521)
                      ; - java.awt.EventQueue::dispatchEventImpl@95 (line 732)
                      ;   {runtime_call C1 Runtime throw_null_pointer_exception_blob}
  0x00000171c647bf78: 07e8 e221 

  0x00000171c647bf7c: ; ImmutableOopMap {rdx=Oop }
                      ;*getfield head {reexecute=1 rethrow=0 return_oop=0}
                      ; - (reexecute) java.awt.EventQueue::noEvents@13 (line 521)
                      ; - java.awt.EventQueue::dispatchEventImpl@95 (line 732)
                      ;   {metadata({method} {0x000001722018a950} 'noEvents' '()Z' in 'java/awt/EventQueue')}
  0x00000171c647bf7c: 2807 49ba | 48a9 1820 | 7201 0000 | 4c89 5424 | 0848 c704 | 2418 0000 

  0x00000171c647bf94: ;   {runtime_call C1 Runtime counter_overflow_blob}
  0x00000171c647bf94: 00e8 c676 

  0x00000171c647bf98: ; ImmutableOopMap {rdx=Oop }
                      ;*goto {reexecute=1 rethrow=0 return_oop=0}
                      ; - (reexecute) java.awt.EventQueue::noEvents@24 (line 520)
                      ; - java.awt.EventQueue::dispatchEventImpl@95 (line 732)
  0x00000171c647bf98: 2807 e95f 

  0x00000171c647bf9c: ;   {metadata({method} {0x0000017220189720} 'getEventLog' '()Lsun/util/logging/PlatformLogger;' in 'java/awt/EventQueue')}
  0x00000171c647bf9c: f0ff ff49 | ba18 9718 | 2072 0100 | 004c 8954 | 2408 48c7 | 0424 ffff 

  0x00000171c647bfb4: ;   {runtime_call C1 Runtime counter_overflow_blob}
  0x00000171c647bfb4: ffff e8a5 

  0x00000171c647bfb8: ; ImmutableOopMap {[168]=Oop }
                      ;*synchronization entry
                      ; - java.awt.EventQueue::getEventLog@-1 (line 180)
                      ; - java.awt.EventQueue::dispatchEventImpl@111 (line 736)
  0x00000171c647bfb8: 7628 07e9 | fcf0 ffff | 418b 5078 | 48c1 e203 | 4883 fa00 | 0f84 69f1 | ffff 4889 

  0x00000171c647bfd4: ;   {runtime_call g1_pre_barrier_slow}
  0x00000171c647bfd4: 1424 e885 | 7c28 07e9 | 5bf1 ffff | 4883 f800 | 0f84 76f1 | ffff 4c89 

  0x00000171c647bfec: ;   {runtime_call g1_post_barrier_slow}
  0x00000171c647bfec: 0424 e86d | 7f28 07e9 | 68f1 ffff 

  0x00000171c647bff8: ;   {runtime_call C1 Runtime throw_null_pointer_exception_blob}
  0x00000171c647bff8: e863 2128 

  0x00000171c647bffc: ; ImmutableOopMap {r8=Oop [168]=Oop }
                      ;*invokevirtual isLoggable {reexecute=0 rethrow=0 return_oop=0}
                      ; - java.awt.EventQueue::dispatchEventImpl@117 (line 736)
                      ;   {metadata({method} {0x00000172200dc4d8} 'isLoggable' '(Lsun/util/logging/PlatformLogger$Level;)Z' in 'sun/util/logging/PlatformLogger')}
  0x00000171c647bffc: 0749 bad0 | c40d 2072 | 0100 004c | 8954 2408 | 48c7 0424 | ffff ffff 

  0x00000171c647c014: ;   {runtime_call C1 Runtime counter_overflow_blob}
  0x00000171c647c014: e847 7628 

  0x00000171c647c018: ; ImmutableOopMap {r8=Oop [168]=Oop }
                      ;*synchronization entry
                      ; - sun.util.logging.PlatformLogger::isLoggable@-1 (line 336)
                      ; - java.awt.EventQueue::dispatchEventImpl@117 (line 736)
  0x00000171c647c018: 07e9 a4f1 

  0x00000171c647c01c: ;   {runtime_call C1 Runtime throw_null_pointer_exception_blob}
  0x00000171c647c01c: ffff e83d 

  0x00000171c647c020: ; ImmutableOopMap {rdx=Oop [168]=Oop }
                      ;*invokeinterface isLoggable {reexecute=0 rethrow=0 return_oop=0}
                      ; - sun.util.logging.PlatformLogger::isLoggable@17 (line 340)
                      ; - java.awt.EventQueue::dispatchEventImpl@117 (line 736)
                      ;   {metadata({method} {0x0000017220189720} 'getEventLog' '()Lsun/util/logging/PlatformLogger;' in 'java/awt/EventQueue')}
  0x00000171c647c020: 2128 0749 | ba18 9718 | 2072 0100 | 004c 8954 | 2408 48c7 | 0424 ffff 

  0x00000171c647c038: ;   {runtime_call C1 Runtime counter_overflow_blob}
  0x00000171c647c038: ffff e821 

  0x00000171c647c03c: ; ImmutableOopMap {[168]=Oop }
                      ;*synchronization entry
                      ; - java.awt.EventQueue::getEventLog@-1 (line 180)
                      ; - java.awt.EventQueue::dispatchEventImpl@123 (line 737)
  0x00000171c647c03c: 7628 07e9 | b6f2 ffff | 8b72 7848 | c1e6 0348 | 83fe 000f | 8426 f3ff | ff48 8934 

  0x00000171c647c058: ;   {runtime_call g1_pre_barrier_slow}
  0x00000171c647c058: 24e8 027c | 2807 e918 | f3ff ff48 | 83f8 000f | 8433 f3ff | ff48 8914 

  0x00000171c647c070: ;   {runtime_call g1_post_barrier_slow}
  0x00000171c647c070: 24e8 ea7e | 2807 e925 

  0x00000171c647c078: ;   {metadata({method} {0x00000171df47e890} 'valueOf' '(Ljava/lang/Object;)Ljava/lang/String;' in 'java/lang/String')}
  0x00000171c647c078: f3ff ff49 | ba88 e847 | df71 0100 | 004c 8954 | 2408 48c7 | 0424 ffff 

  0x00000171c647c090: ;   {runtime_call C1 Runtime counter_overflow_blob}
  0x00000171c647c090: ffff e8c9 

  0x00000171c647c094: ; ImmutableOopMap {rsi=Oop r8=Oop [168]=Oop [184]=Oop }
                      ;*synchronization entry
                      ; - java.lang.String::valueOf@-1 (line 4543)
                      ; - java.awt.EventQueue::dispatchEventImpl@127 (line 737)
  0x00000171c647c094: 7528 07e9 | 5ef3 ffff | 49b8 0000 | 0000 0000 | 0000 b800 

  0x00000171c647c0a8: ;   {runtime_call C1 Runtime load_appendix_patching_blob}
  0x00000171c647c0a8: 0f05 0ae8 

  0x00000171c647c0ac: ; ImmutableOopMap {rdi=Oop [184]=Oop }
                      ;*invokedynamic {reexecute=1 rethrow=0 return_oop=0}
                      ; - (reexecute) java.awt.EventQueue::dispatchEventImpl@130 (line 737)
  0x00000171c647c0ac: 306e 2807 | e93b f4ff 

  0x00000171c647c0b4: ;   {runtime_call C1 Runtime throw_null_pointer_exception_blob}
  0x00000171c647c0b4: ffe8 a620 

  0x00000171c647c0b8: ; ImmutableOopMap {rax=Oop rsi=Oop [184]=Oop }
                      ;*invokevirtual fine {reexecute=0 rethrow=0 return_oop=0}
                      ; - java.awt.EventQueue::dispatchEventImpl@135 (line 737)
                      ;   {metadata({method} {0x00000172200dd130} 'fine' '(Ljava/lang/String;)V' in 'sun/util/logging/PlatformLogger')}
  0x00000171c647c0b8: 2807 49ba | 28d1 0d20 | 7201 0000 | 4c89 5424 | 0848 c704 | 24ff ffff 

  0x00000171c647c0d0: ;   {runtime_call C1 Runtime counter_overflow_blob}
  0x00000171c647c0d0: ffe8 8a75 

  0x00000171c647c0d4: ; ImmutableOopMap {rax=Oop rsi=Oop [184]=Oop }
                      ;*synchronization entry
                      ; - sun.util.logging.PlatformLogger::fine@-1 (line 449)
                      ; - java.awt.EventQueue::dispatchEventImpl@135 (line 737)
  0x00000171c647c0d4: 2807 e9af 

  0x00000171c647c0d8: ;   {runtime_call C1 Runtime throw_null_pointer_exception_blob}
  0x00000171c647c0d8: f4ff ffe8 

  0x00000171c647c0dc: ; ImmutableOopMap {rax=Oop rdx=Oop }
                      ;*invokeinterface log {reexecute=0 rethrow=0 return_oop=0}
                      ; - sun.util.logging.PlatformLogger::fine@12 (line 449)
                      ; - java.awt.EventQueue::dispatchEventImpl@135 (line 737)
  0x00000171c647c0dc: 8020 2807 

  0x00000171c647c0e0: ;   {internal_word}
  0x00000171c647c0e0: 49ba 64b6 | 47c6 7101 | 0000 4d89 | 9760 0400 

  0x00000171c647c0f0: ;   {runtime_call SafepointBlob}
  0x00000171c647c0f0: 00e9 ea9b 

  0x00000171c647c0f4: ;   {runtime_call C1 Runtime throw_null_pointer_exception_blob}
  0x00000171c647c0f4: 1c07 e865 

  0x00000171c647c0f8: ; ImmutableOopMap {r8=Oop }
                      ;*invokevirtual stopDispatching {reexecute=0 rethrow=0 return_oop=0}
                      ; - java.awt.EventQueue::dispatchEventImpl@105 (line 733)
                      ;   {metadata({method} {0x00000172206a3758} 'stopDispatching' '()V' in 'java/awt/EventDispatchThread')}
  0x00000171c647c0f8: 2028 0749 | ba50 376a | 2072 0100 | 004c 8954 | 2408 48c7 | 0424 ffff 

  0x00000171c647c110: ;   {runtime_call C1 Runtime counter_overflow_blob}
  0x00000171c647c110: ffff e849 

  0x00000171c647c114: ; ImmutableOopMap {r8=Oop }
                      ;*synchronization entry
                      ; - java.awt.EventDispatchThread::stopDispatching@-1 (line 85)
                      ; - java.awt.EventQueue::dispatchEventImpl@105 (line 733)
  0x00000171c647c114: 7528 07e9 | abf5 ffff 

  0x00000171c647c11c: ;   {internal_word}
  0x00000171c647c11c: 49ba efb6 | 47c6 7101 | 0000 4d89 | 9760 0400 

  0x00000171c647c12c: ;   {runtime_call SafepointBlob}
  0x00000171c647c12c: 00e9 ae9b 

  0x00000171c647c130: ;   {metadata(nullptr)}
  0x00000171c647c130: 1c07 48bb | 0000 0000 | 0000 0000 | b800 0f05 

  0x00000171c647c140: ;   {runtime_call C1 Runtime load_klass_patching_blob}
  0x00000171c647c140: 0ae8 9a64 

  0x00000171c647c144: ; ImmutableOopMap {r9=Oop r8=Oop [168]=Oop }
                      ;*checkcast {reexecute=1 rethrow=0 return_oop=0}
                      ; - (reexecute) java.awt.EventQueue::dispatchEventImpl@77 (line 730)
  0x00000171c647c144: 2807 e95d | f6ff ff4c 

  0x00000171c647c14c: ;   {runtime_call C1 Runtime throw_class_cast_exception_blob}
  0x00000171c647c14c: 890c 24e8 

  0x00000171c647c150: ; ImmutableOopMap {r9=Oop r8=Oop [168]=Oop }
                      ;*checkcast {reexecute=0 rethrow=0 return_oop=0}
                      ; - java.awt.EventQueue::dispatchEventImpl@77 (line 730)
  0x00000171c647c150: 0c48 2807 

  0x00000171c647c154: ;   {internal_word}
  0x00000171c647c154: 49ba 2db8 | 47c6 7101 | 0000 4d89 | 9760 0400 

  0x00000171c647c164: ;   {runtime_call SafepointBlob}
  0x00000171c647c164: 00e9 769b | 1c07 4c89 

  0x00000171c647c16c: ;   {runtime_call C1 Runtime throw_class_cast_exception_blob}
  0x00000171c647c16c: 0c24 e8ed 

  0x00000171c647c170: ; ImmutableOopMap {r8=Oop [168]=Oop }
                      ;*checkcast {reexecute=0 rethrow=0 return_oop=0}
                      ; - java.awt.EventQueue::dispatchEventImpl@59 (line 728)
                      ;   {runtime_call C1 Runtime throw_null_pointer_exception_blob}
  0x00000171c647c170: 4728 07e8 

  0x00000171c647c174: ; ImmutableOopMap {r8=Oop rdx=Oop [168]=Oop }
                      ;*invokevirtual dispatchEvent {reexecute=0 rethrow=0 return_oop=0}
                      ; - java.awt.EventQueue::dispatchEventImpl@63 (line 728)
  0x00000171c647c174: e81f 2807 

  0x00000171c647c178: ;   {internal_word}
  0x00000171c647c178: 49ba cdb9 | 47c6 7101 | 0000 4d89 | 9760 0400 

  0x00000171c647c188: ;   {runtime_call SafepointBlob}
  0x00000171c647c188: 00e9 529b | 1c07 4c89 

  0x00000171c647c190: ;   {runtime_call C1 Runtime throw_class_cast_exception_blob}
  0x00000171c647c190: 0424 e8c9 

  0x00000171c647c194: ; ImmutableOopMap {}
                      ;*checkcast {reexecute=0 rethrow=0 return_oop=0}
                      ; - java.awt.EventQueue::dispatchEventImpl@18 (line 723)
                      ;   {runtime_call C1 Runtime throw_null_pointer_exception_blob}
  0x00000171c647c194: 4728 07e8 

  0x00000171c647c198: ; ImmutableOopMap {rdx=Oop }
                      ;*invokeinterface dispatch {reexecute=0 rethrow=0 return_oop=0}
                      ; - java.awt.EventQueue::dispatchEventImpl@21 (line 723)
  0x00000171c647c198: c41f 2807 

  0x00000171c647c19c: ;   {internal_word}
  0x00000171c647c19c: 49ba bcbb | 47c6 7101 | 0000 4d89 | 9760 0400 

  0x00000171c647c1ac: ;   {runtime_call SafepointBlob}
  0x00000171c647c1ac: 00e9 2e9b 

  0x00000171c647c1b0: ;   {metadata(nullptr)}
  0x00000171c647c1b0: 1c07 48ba | 0000 0000 | 0000 0000 | b800 0f05 

  0x00000171c647c1c0: ;   {runtime_call C1 Runtime load_klass_patching_blob}
  0x00000171c647c1c0: 0ae8 1a64 

  0x00000171c647c1c4: ; ImmutableOopMap {[168]=Oop }
                      ;*new {reexecute=1 rethrow=0 return_oop=0}
                      ; - (reexecute) java.lang.invoke.MethodHandles::lookup@8 (line 128)
                      ; - sun.awt.AWTAccessor::ensureClassInitialized@0 (line 1464)
                      ; - sun.awt.AWTAccessor::getInputEventAccessor@10 (line 963)
                      ; - java.awt.AWTEvent::dispatched@7 (line 571)
                      ; - java.awt.EventQueue::dispatchEventImpl@45 (line 726)
  0x00000171c647c1c4: 2807 e9fd 

  0x00000171c647c1c8: ;   {runtime_call C1 Runtime throw_null_pointer_exception_blob}
  0x00000171c647c1c8: f9ff ffe8 

  0x00000171c647c1cc: ; ImmutableOopMap {[168]=Oop }
                      ;*new {reexecute=0 rethrow=0 return_oop=0}
                      ; - java.lang.invoke.MethodHandles::lookup@8 (line 128)
                      ; - sun.awt.AWTAccessor::ensureClassInitialized@0 (line 1464)
                      ; - sun.awt.AWTAccessor::getInputEventAccessor@10 (line 963)
                      ; - java.awt.AWTEvent::dispatched@7 (line 571)
                      ; - java.awt.EventQueue::dispatchEventImpl@45 (line 726)
  0x00000171c647c1cc: 901f 2807 

  0x00000171c647c1d0: ;   {runtime_call C1 Runtime fast_new_instance_init_check_blob}
  0x00000171c647c1d0: 488b d2e8 

  0x00000171c647c1d4: ; ImmutableOopMap {[168]=Oop }
                      ;*new {reexecute=0 rethrow=0 return_oop=0}
                      ; - java.lang.invoke.MethodHandles::lookup@8 (line 128)
                      ; - sun.awt.AWTAccessor::ensureClassInitialized@0 (line 1464)
                      ; - sun.awt.AWTAccessor::getInputEventAccessor@10 (line 963)
                      ; - java.awt.AWTEvent::dispatched@7 (line 571)
                      ; - java.awt.EventQueue::dispatchEventImpl@45 (line 726)
  0x00000171c647c1d4: 882f 2807 | e950 faff | ff4c 8904 

  0x00000171c647c1e0: ;   {runtime_call C1 Runtime throw_class_cast_exception_blob}
  0x00000171c647c1e0: 24e8 7a47 

  0x00000171c647c1e4: ; ImmutableOopMap {rsi=Oop }
                      ;*checkcast {reexecute=0 rethrow=0 return_oop=0}
                      ; - java.awt.AWTEvent::dispatched@11 (line 571)
                      ; - java.awt.EventQueue::dispatchEventImpl@45 (line 726)
                      ;   {runtime_call C1 Runtime throw_incompatible_class_change_error_blob}
  0x00000171c647c1e4: 2807 e875 

  0x00000171c647c1e8: ; ImmutableOopMap {rsi=Oop rdi=Oop }
                      ;*invokeinterface setCanAccessSystemClipboard {reexecute=0 rethrow=0 return_oop=0}
                      ; - java.awt.AWTEvent::dispatched@15 (line 572)
                      ; - java.awt.EventQueue::dispatchEventImpl@45 (line 726)
                      ;   {runtime_call C1 Runtime throw_null_pointer_exception_blob}
  0x00000171c647c1e8: 4a28 07e8 

  0x00000171c647c1ec: ; ImmutableOopMap {rsi=Oop rdi=Oop }
                      ;*invokeinterface setCanAccessSystemClipboard {reexecute=0 rethrow=0 return_oop=0}
                      ; - java.awt.AWTEvent::dispatched@15 (line 572)
                      ; - java.awt.EventQueue::dispatchEventImpl@45 (line 726)
  0x00000171c647c1ec: 701f 2807 

  0x00000171c647c1f0: ;   {metadata({method} {0x0000017220112ee0} 'setCanAccessSystemClipboard' '(Ljava/awt/event/InputEvent;Z)V' in 'java/awt/event/InputEvent$1')}
  0x00000171c647c1f0: 49ba d82e | 1120 7201 | 0000 4c89 | 5424 0848 | c704 24ff 

  0x00000171c647c204: ;   {runtime_call C1 Runtime counter_overflow_blob}
  0x00000171c647c204: ffff ffe8 

  0x00000171c647c208: ; ImmutableOopMap {rdi=Oop }
                      ;*synchronization entry
                      ; - java.awt.event.InputEvent$1::setCanAccessSystemClipboard@-1 (line 338)
                      ; - java.awt.AWTEvent::dispatched@15 (line 572)
                      ; - java.awt.EventQueue::dispatchEventImpl@45 (line 726)
  0x00000171c647c208: 5474 2807 | e9e8 fbff 

  0x00000171c647c210: ;   {runtime_call C1 Runtime throw_null_pointer_exception_blob}
  0x00000171c647c210: ffe8 4a1f 

  0x00000171c647c214: ; ImmutableOopMap {}
                      ;*putfield canAccessSystemClipboard {reexecute=1 rethrow=0 return_oop=0}
                      ; - (reexecute) java.awt.event.InputEvent$1::setCanAccessSystemClipboard@2 (line 338)
                      ; - java.awt.AWTEvent::dispatched@15 (line 572)
                      ; - java.awt.EventQueue::dispatchEventImpl@45 (line 726)
                      ;   {internal_word}
  0x00000171c647c214: 2807 49ba | 15be 47c6 | 7101 0000 | 4d89 9760 

  0x00000171c647c224: ;   {runtime_call SafepointBlob}
  0x00000171c647c224: 0400 00e9 | b49a 1c07 | 498b 8708 | 0500 0049 | c787 0805 | 0000 0000 | 0000 49c7 | 8710 0500 
  0x00000171c647c244: 0000 0000 | 0048 81c4 | d000 0000 

  0x00000171c647c250: ;   {runtime_call C1 Runtime unwind_exception_blob}
  0x00000171c647c250: 5de9 8a0b | 2807 f4f4 
[Stub Code]
  0x00000171c647c258: ;   {no_reloc}
  0x00000171c647c258: 0f1f 4400 

  0x00000171c647c25c: ;   {static_stub}
  0x00000171c647c25c: 0048 bb00 | 0000 0000 

  0x00000171c647c264: ;   {runtime_call nmethod}
  0x00000171c647c264: 0000 00e9 | fbff ffff 

  0x00000171c647c26c: ;   {static_stub}
  0x00000171c647c26c: 9048 bb00 | 0000 0000 

  0x00000171c647c274: ;   {runtime_call nmethod}
  0x00000171c647c274: 0000 00e9 | fbff ffff 

  0x00000171c647c27c: ;   {static_stub}
  0x00000171c647c27c: 9048 bb00 | 0000 0000 

  0x00000171c647c284: ;   {runtime_call nmethod}
  0x00000171c647c284: 0000 00e9 | fbff ffff 

  0x00000171c647c28c: ;   {static_stub}
  0x00000171c647c28c: 9048 bb00 | 0000 0000 

  0x00000171c647c294: ;   {runtime_call nmethod}
  0x00000171c647c294: 0000 00e9 | fbff ffff 

  0x00000171c647c29c: ;   {static_stub}
  0x00000171c647c29c: 9048 bb00 | 0000 0000 

  0x00000171c647c2a4: ;   {runtime_call nmethod}
  0x00000171c647c2a4: 0000 00e9 | fbff ffff 

  0x00000171c647c2ac: ;   {static_stub}
  0x00000171c647c2ac: 9048 bb00 | 0000 0000 

  0x00000171c647c2b4: ;   {runtime_call nmethod}
  0x00000171c647c2b4: 0000 00e9 | fbff ffff 

  0x00000171c647c2bc: ;   {static_stub}
  0x00000171c647c2bc: 9048 bb00 | 0000 0000 

  0x00000171c647c2c4: ;   {runtime_call nmethod}
  0x00000171c647c2c4: 0000 00e9 | fbff ffff 

  0x00000171c647c2cc: ;   {static_stub}
  0x00000171c647c2cc: 9048 bb00 | 0000 0000 

  0x00000171c647c2d4: ;   {runtime_call nmethod}
  0x00000171c647c2d4: 0000 00e9 | fbff ffff 

  0x00000171c647c2dc: ;   {static_stub}
  0x00000171c647c2dc: 9048 bb00 | 0000 0000 

  0x00000171c647c2e4: ;   {runtime_call nmethod}
  0x00000171c647c2e4: 0000 00e9 | fbff ffff 

  0x00000171c647c2ec: ;   {static_stub}
  0x00000171c647c2ec: 48bb 0000 | 0000 0000 

  0x00000171c647c2f4: ;   {runtime_call nmethod}
  0x00000171c647c2f4: 0000 e9fb 

  0x00000171c647c2f8: ;   {static_stub}
  0x00000171c647c2f8: ffff ff48 | bb00 0000 | 0000 0000 

  0x00000171c647c304: ;   {runtime_call nmethod}
  0x00000171c647c304: 00e9 fbff 

  0x00000171c647c308: ;   {static_stub}
  0x00000171c647c308: ffff 48bb | 0000 0000 | 0000 0000 

  0x00000171c647c314: ;   {runtime_call nmethod}
  0x00000171c647c314: e9fb ffff 

  0x00000171c647c318: ;   {static_stub}
  0x00000171c647c318: ff48 bb00 | 0000 0000 

  0x00000171c647c320: ;   {runtime_call nmethod}
  0x00000171c647c320: 0000 00e9 | fbff ffff 

  0x00000171c647c328: ;   {static_stub}
  0x00000171c647c328: 48bb 0000 | 0000 0000 

  0x00000171c647c330: ;   {runtime_call nmethod}
  0x00000171c647c330: 0000 e9fb 

  0x00000171c647c334: ;   {runtime_call C1 Runtime handle_exception_from_callee_blob}
  0x00000171c647c334: ffff ffe8 | 2440 2807 

  0x00000171c647c33c: ;   {external_word}
  0x00000171c647c33c: 48b9 e034 | 8ede f87f | 0000 4883 

  0x00000171c647c348: ;   {runtime_call}
  0x00000171c647c348: e4f0 48b8 | 1090 4bde | f87f 0000 

  0x00000171c647c354: ;   {section_word}
  0x00000171c647c354: ffd0 f449 | ba57 c347 | c671 0100 

  0x00000171c647c360: ;   {runtime_call DeoptimizationBlob}
  0x00000171c647c360: 0041 52e9 | 188f 1c07 
[/MachCode]


---------------  P R O C E S S  ---------------

Threads class SMR info:
_java_thread_list=0x00000171deb66300, length=16, elements={
0x00000171dd489360, 0x00000171dd489ca0, 0x00000171dd48d590, 0x00000171dd48e450,
0x00000171dd491320, 0x00000171dd491e50, 0x00000171dd48fb20, 0x00000171dd492ec0,
0x00000171de158cc0, 0x00000171de2b52b0, 0x00000171de6c4a70, 0x00000171de6c71c0,
0x00000171de6c7900, 0x00000171dea7fe10, 0x00000171bbabe990, 0x00000171debb2b90
}

Java Threads: ( => current thread )
  0x00000171dd489360 JavaThread "Reference Handler"          daemon [_thread_blocked, id=41932, stack(0x00000017a5c00000,0x00000017a5d00000) (1024K)]
  0x00000171dd489ca0 JavaThread "Finalizer"                  daemon [_thread_blocked, id=40644, stack(0x00000017a5d00000,0x00000017a5e00000) (1024K)]
  0x00000171dd48d590 JavaThread "Signal Dispatcher"          daemon [_thread_blocked, id=35292, stack(0x00000017a5e00000,0x00000017a5f00000) (1024K)]
  0x00000171dd48e450 JavaThread "Attach Listener"            daemon [_thread_blocked, id=41420, stack(0x00000017a5f00000,0x00000017a6000000) (1024K)]
  0x00000171dd491320 JavaThread "Service Thread"             daemon [_thread_blocked, id=8276, stack(0x00000017a6000000,0x00000017a6100000) (1024K)]
  0x00000171dd491e50 JavaThread "Monitor Deflation Thread"   daemon [_thread_blocked, id=41388, stack(0x00000017a6100000,0x00000017a6200000) (1024K)]
  0x00000171dd48fb20 JavaThread "C2 CompilerThread0"         daemon [_thread_blocked, id=11312, stack(0x00000017a6200000,0x00000017a6300000) (1024K)]
  0x00000171dd492ec0 JavaThread "C1 CompilerThread0"         daemon [_thread_blocked, id=41544, stack(0x00000017a6300000,0x00000017a6400000) (1024K)]
  0x00000171de158cc0 JavaThread "Common-Cleaner"             daemon [_thread_blocked, id=18704, stack(0x00000017a6500000,0x00000017a6600000) (1024K)]
  0x00000171de2b52b0 JavaThread "Notification Thread"        daemon [_thread_blocked, id=7660, stack(0x00000017a6900000,0x00000017a6a00000) (1024K)]
  0x00000171de6c4a70 JavaThread "Java2D Disposer"            daemon [_thread_blocked, id=40468, stack(0x00000017a6a00000,0x00000017a6b00000) (1024K)]
  0x00000171de6c71c0 JavaThread "AWT-Shutdown"                      [_thread_blocked, id=38780, stack(0x00000017a6b00000,0x00000017a6c00000) (1024K)]
  0x00000171de6c7900 JavaThread "AWT-Windows"                daemon [_thread_in_native, id=16556, stack(0x00000017a6c00000,0x00000017a6d00000) (1024K)]
=>0x00000171dea7fe10 JavaThread "AWT-EventQueue-0"                  [_thread_in_native, id=41320, stack(0x00000017a6e00000,0x00000017a6f00000) (1024K)]
  0x00000171bbabe990 JavaThread "DestroyJavaVM"                     [_thread_blocked, id=17184, stack(0x00000017a5400000,0x00000017a5500000) (1024K)]
  0x00000171debb2b90 JavaThread "TimerQueue"                 daemon [_thread_blocked, id=26876, stack(0x00000017a7300000,0x00000017a7400000) (1024K)]
Total: 16

Other Threads:
  0x00000171dd47a2d0 VMThread "VM Thread"                           [id=26604, stack(0x00000017a5b00000,0x00000017a5c00000) (1024K)]
  0x00000171dd334390 WatcherThread "VM Periodic Task Thread"        [id=38348, stack(0x00000017a5a00000,0x00000017a5b00000) (1024K)]
  0x00000171bc0f0260 WorkerThread "GC Thread#0"                     [id=40004, stack(0x00000017a5500000,0x00000017a5600000) (1024K)]
  0x00000171bc105a30 ConcurrentGCThread "G1 Main Marker"            [id=36936, stack(0x00000017a5600000,0x00000017a5700000) (1024K)]
  0x00000171bc106540 WorkerThread "G1 Conc#0"                       [id=15348, stack(0x00000017a5700000,0x00000017a5800000) (1024K)]
  0x00000171bc14e6a0 ConcurrentGCThread "G1 Refine#0"               [id=6224, stack(0x00000017a5800000,0x00000017a5900000) (1024K)]
  0x00000171dd31f070 ConcurrentGCThread "G1 Service"                [id=11448, stack(0x00000017a5900000,0x00000017a5a00000) (1024K)]
Total: 7

Threads with active compile tasks:
Total: 0

VM state: not at safepoint (normal execution)

VM Mutex/Monitor currently owned by a thread: None

Heap address: 0x0000000705e00000, size: 4002 MB, Compressed Oops mode: Zero based, Oop shift amount: 3

CDS archive(s) mapped at: [0x00000171df000000-0x00000171dfd40000-0x00000171dfd40000), size 13893632, SharedBaseAddress: 0x00000171df000000, ArchiveRelocationMode: 1.
Compressed class space mapped at: 0x00000171e0000000-0x0000017220000000, reserved size: 1073741824
UseCompressedClassPointers 1, UseCompactObjectHeaders 0
Narrow klass pointer bits 32, Max shift 3
Narrow klass base: 0x00000171df000000, Narrow klass shift: 0
Encoding Range: [0x00000171df000000 - 0x00000172df000000), (4294967296 bytes)
Klass Range:    [0x00000171df000000 - 0x0000017220000000), (1090519040 bytes)
Klass ID Range:  [8 - 1090519033) (1090519025)

GC Precious Log:
 CardTable entry size: 512
 Card Set container configuration: InlinePtr #cards 4 size 8 Array Of Cards #cards 16 size 48 Howl #buckets 8 coarsen threshold 3686 Howl Bitmap #cards 512 size 80 coarsen threshold 460 Card regions per heap region 1 cards per card region 4096
 CPUs: 16 total, 16 available
 Memory: 16004M
 Large Page Support: Disabled
 NUMA Support: Disabled
 Compressed Oops: Enabled (Zero based)
 Heap Region Size: 2M
 Heap Min Capacity: 8M
 Heap Initial Capacity: 252M
 Heap Max Capacity: 4002M
 Pre-touch: Disabled
 Parallel Workers: 13
 Concurrent Workers: 3
 Concurrent Refinement Workers: 13
 Periodic GC: Disabled

Heap:
 garbage-first heap   total reserved 4098048K, committed 260096K, used 38000K [0x0000000705e00000, 0x0000000800000000)
  region size 2048K, 17 young (34816K), 0 survivors (0K)
 Metaspace       used 12459K, committed 12672K, reserved 1114112K
  class space    used 1180K, committed 1280K, reserved 1048576K

Heap Regions: E=young(eden), S=young(survivor), O=old, HS=humongous(starts), HC=humongous(continues), CS=collection set, F=free, TAMS=top-at-mark-start, PB=parsable bottom
|   0|0x0000000705e00000, 0x0000000706000000, 0x0000000706000000|100%|HS|  |TAMS 0x0000000705e00000| PB 0x0000000705e00000| Complete |  0
|   1|0x0000000706000000, 0x0000000706200000, 0x0000000706200000|100%|HC|  |TAMS 0x0000000706000000| PB 0x0000000706000000| Complete |  0
|   2|0x0000000706200000, 0x0000000706200000, 0x0000000706400000|  0%| F|  |TAMS 0x0000000706200000| PB 0x0000000706200000| Untracked |  0
|   3|0x0000000706400000, 0x0000000706400000, 0x0000000706600000|  0%| F|  |TAMS 0x0000000706400000| PB 0x0000000706400000| Untracked |  0
|   4|0x0000000706600000, 0x0000000706600000, 0x0000000706800000|  0%| F|  |TAMS 0x0000000706600000| PB 0x0000000706600000| Untracked |  0
|   5|0x0000000706800000, 0x0000000706800000, 0x0000000706a00000|  0%| F|  |TAMS 0x0000000706800000| PB 0x0000000706800000| Untracked |  0
|   6|0x0000000706a00000, 0x0000000706a00000, 0x0000000706c00000|  0%| F|  |TAMS 0x0000000706a00000| PB 0x0000000706a00000| Untracked |  0
|   7|0x0000000706c00000, 0x0000000706c00000, 0x0000000706e00000|  0%| F|  |TAMS 0x0000000706c00000| PB 0x0000000706c00000| Untracked |  0
|   8|0x0000000706e00000, 0x0000000706e00000, 0x0000000707000000|  0%| F|  |TAMS 0x0000000706e00000| PB 0x0000000706e00000| Untracked |  0
|   9|0x0000000707000000, 0x0000000707000000, 0x0000000707200000|  0%| F|  |TAMS 0x0000000707000000| PB 0x0000000707000000| Untracked |  0
|  10|0x0000000707200000, 0x0000000707200000, 0x0000000707400000|  0%| F|  |TAMS 0x0000000707200000| PB 0x0000000707200000| Untracked |  0
|  11|0x0000000707400000, 0x0000000707400000, 0x0000000707600000|  0%| F|  |TAMS 0x0000000707400000| PB 0x0000000707400000| Untracked |  0
|  12|0x0000000707600000, 0x0000000707600000, 0x0000000707800000|  0%| F|  |TAMS 0x0000000707600000| PB 0x0000000707600000| Untracked |  0
|  13|0x0000000707800000, 0x0000000707800000, 0x0000000707a00000|  0%| F|  |TAMS 0x0000000707800000| PB 0x0000000707800000| Untracked |  0
|  14|0x0000000707a00000, 0x0000000707a00000, 0x0000000707c00000|  0%| F|  |TAMS 0x0000000707a00000| PB 0x0000000707a00000| Untracked |  0
|  15|0x0000000707c00000, 0x0000000707c00000, 0x0000000707e00000|  0%| F|  |TAMS 0x0000000707c00000| PB 0x0000000707c00000| Untracked |  0
|  16|0x0000000707e00000, 0x0000000707e00000, 0x0000000708000000|  0%| F|  |TAMS 0x0000000707e00000| PB 0x0000000707e00000| Untracked |  0
|  17|0x0000000708000000, 0x0000000708000000, 0x0000000708200000|  0%| F|  |TAMS 0x0000000708000000| PB 0x0000000708000000| Untracked |  0
|  18|0x0000000708200000, 0x0000000708200000, 0x0000000708400000|  0%| F|  |TAMS 0x0000000708200000| PB 0x0000000708200000| Untracked |  0
|  19|0x0000000708400000, 0x0000000708400000, 0x0000000708600000|  0%| F|  |TAMS 0x0000000708400000| PB 0x0000000708400000| Untracked |  0
|  20|0x0000000708600000, 0x0000000708600000, 0x0000000708800000|  0%| F|  |TAMS 0x0000000708600000| PB 0x0000000708600000| Untracked |  0
|  21|0x0000000708800000, 0x0000000708800000, 0x0000000708a00000|  0%| F|  |TAMS 0x0000000708800000| PB 0x0000000708800000| Untracked |  0
|  22|0x0000000708a00000, 0x0000000708a00000, 0x0000000708c00000|  0%| F|  |TAMS 0x0000000708a00000| PB 0x0000000708a00000| Untracked |  0
|  23|0x0000000708c00000, 0x0000000708c00000, 0x0000000708e00000|  0%| F|  |TAMS 0x0000000708c00000| PB 0x0000000708c00000| Untracked |  0
|  24|0x0000000708e00000, 0x0000000708e00000, 0x0000000709000000|  0%| F|  |TAMS 0x0000000708e00000| PB 0x0000000708e00000| Untracked |  0
|  25|0x0000000709000000, 0x0000000709000000, 0x0000000709200000|  0%| F|  |TAMS 0x0000000709000000| PB 0x0000000709000000| Untracked |  0
|  26|0x0000000709200000, 0x0000000709200000, 0x0000000709400000|  0%| F|  |TAMS 0x0000000709200000| PB 0x0000000709200000| Untracked |  0
|  27|0x0000000709400000, 0x0000000709400000, 0x0000000709600000|  0%| F|  |TAMS 0x0000000709400000| PB 0x0000000709400000| Untracked |  0
|  28|0x0000000709600000, 0x0000000709600000, 0x0000000709800000|  0%| F|  |TAMS 0x0000000709600000| PB 0x0000000709600000| Untracked |  0
|  29|0x0000000709800000, 0x0000000709800000, 0x0000000709a00000|  0%| F|  |TAMS 0x0000000709800000| PB 0x0000000709800000| Untracked |  0
|  30|0x0000000709a00000, 0x0000000709a00000, 0x0000000709c00000|  0%| F|  |TAMS 0x0000000709a00000| PB 0x0000000709a00000| Untracked |  0
|  31|0x0000000709c00000, 0x0000000709c00000, 0x0000000709e00000|  0%| F|  |TAMS 0x0000000709c00000| PB 0x0000000709c00000| Untracked |  0
|  32|0x0000000709e00000, 0x0000000709e00000, 0x000000070a000000|  0%| F|  |TAMS 0x0000000709e00000| PB 0x0000000709e00000| Untracked |  0
|  33|0x000000070a000000, 0x000000070a000000, 0x000000070a200000|  0%| F|  |TAMS 0x000000070a000000| PB 0x000000070a000000| Untracked |  0
|  34|0x000000070a200000, 0x000000070a200000, 0x000000070a400000|  0%| F|  |TAMS 0x000000070a200000| PB 0x000000070a200000| Untracked |  0
|  35|0x000000070a400000, 0x000000070a400000, 0x000000070a600000|  0%| F|  |TAMS 0x000000070a400000| PB 0x000000070a400000| Untracked |  0
|  36|0x000000070a600000, 0x000000070a600000, 0x000000070a800000|  0%| F|  |TAMS 0x000000070a600000| PB 0x000000070a600000| Untracked |  0
|  37|0x000000070a800000, 0x000000070a800000, 0x000000070aa00000|  0%| F|  |TAMS 0x000000070a800000| PB 0x000000070a800000| Untracked |  0
|  38|0x000000070aa00000, 0x000000070aa00000, 0x000000070ac00000|  0%| F|  |TAMS 0x000000070aa00000| PB 0x000000070aa00000| Untracked |  0
|  39|0x000000070ac00000, 0x000000070ac00000, 0x000000070ae00000|  0%| F|  |TAMS 0x000000070ac00000| PB 0x000000070ac00000| Untracked |  0
|  40|0x000000070ae00000, 0x000000070ae00000, 0x000000070b000000|  0%| F|  |TAMS 0x000000070ae00000| PB 0x000000070ae00000| Untracked |  0
|  41|0x000000070b000000, 0x000000070b000000, 0x000000070b200000|  0%| F|  |TAMS 0x000000070b000000| PB 0x000000070b000000| Untracked |  0
|  42|0x000000070b200000, 0x000000070b200000, 0x000000070b400000|  0%| F|  |TAMS 0x000000070b200000| PB 0x000000070b200000| Untracked |  0
|  43|0x000000070b400000, 0x000000070b400000, 0x000000070b600000|  0%| F|  |TAMS 0x000000070b400000| PB 0x000000070b400000| Untracked |  0
|  44|0x000000070b600000, 0x000000070b600000, 0x000000070b800000|  0%| F|  |TAMS 0x000000070b600000| PB 0x000000070b600000| Untracked |  0
|  45|0x000000070b800000, 0x000000070b800000, 0x000000070ba00000|  0%| F|  |TAMS 0x000000070b800000| PB 0x000000070b800000| Untracked |  0
|  46|0x000000070ba00000, 0x000000070ba00000, 0x000000070bc00000|  0%| F|  |TAMS 0x000000070ba00000| PB 0x000000070ba00000| Untracked |  0
|  47|0x000000070bc00000, 0x000000070bc00000, 0x000000070be00000|  0%| F|  |TAMS 0x000000070bc00000| PB 0x000000070bc00000| Untracked |  0
|  48|0x000000070be00000, 0x000000070be00000, 0x000000070c000000|  0%| F|  |TAMS 0x000000070be00000| PB 0x000000070be00000| Untracked |  0
|  49|0x000000070c000000, 0x000000070c000000, 0x000000070c200000|  0%| F|  |TAMS 0x000000070c000000| PB 0x000000070c000000| Untracked |  0
|  50|0x000000070c200000, 0x000000070c200000, 0x000000070c400000|  0%| F|  |TAMS 0x000000070c200000| PB 0x000000070c200000| Untracked |  0
|  51|0x000000070c400000, 0x000000070c400000, 0x000000070c600000|  0%| F|  |TAMS 0x000000070c400000| PB 0x000000070c400000| Untracked |  0
|  52|0x000000070c600000, 0x000000070c600000, 0x000000070c800000|  0%| F|  |TAMS 0x000000070c600000| PB 0x000000070c600000| Untracked |  0
|  53|0x000000070c800000, 0x000000070c800000, 0x000000070ca00000|  0%| F|  |TAMS 0x000000070c800000| PB 0x000000070c800000| Untracked |  0
|  54|0x000000070ca00000, 0x000000070ca00000, 0x000000070cc00000|  0%| F|  |TAMS 0x000000070ca00000| PB 0x000000070ca00000| Untracked |  0
|  55|0x000000070cc00000, 0x000000070cc00000, 0x000000070ce00000|  0%| F|  |TAMS 0x000000070cc00000| PB 0x000000070cc00000| Untracked |  0
|  56|0x000000070ce00000, 0x000000070ce00000, 0x000000070d000000|  0%| F|  |TAMS 0x000000070ce00000| PB 0x000000070ce00000| Untracked |  0
|  57|0x000000070d000000, 0x000000070d000000, 0x000000070d200000|  0%| F|  |TAMS 0x000000070d000000| PB 0x000000070d000000| Untracked |  0
|  58|0x000000070d200000, 0x000000070d200000, 0x000000070d400000|  0%| F|  |TAMS 0x000000070d200000| PB 0x000000070d200000| Untracked |  0
|  59|0x000000070d400000, 0x000000070d400000, 0x000000070d600000|  0%| F|  |TAMS 0x000000070d400000| PB 0x000000070d400000| Untracked |  0
|  60|0x000000070d600000, 0x000000070d600000, 0x000000070d800000|  0%| F|  |TAMS 0x000000070d600000| PB 0x000000070d600000| Untracked |  0
|  61|0x000000070d800000, 0x000000070d800000, 0x000000070da00000|  0%| F|  |TAMS 0x000000070d800000| PB 0x000000070d800000| Untracked |  0
|  62|0x000000070da00000, 0x000000070da00000, 0x000000070dc00000|  0%| F|  |TAMS 0x000000070da00000| PB 0x000000070da00000| Untracked |  0
|  63|0x000000070dc00000, 0x000000070dc00000, 0x000000070de00000|  0%| F|  |TAMS 0x000000070dc00000| PB 0x000000070dc00000| Untracked |  0
|  64|0x000000070de00000, 0x000000070de00000, 0x000000070e000000|  0%| F|  |TAMS 0x000000070de00000| PB 0x000000070de00000| Untracked |  0
|  65|0x000000070e000000, 0x000000070e000000, 0x000000070e200000|  0%| F|  |TAMS 0x000000070e000000| PB 0x000000070e000000| Untracked |  0
|  66|0x000000070e200000, 0x000000070e200000, 0x000000070e400000|  0%| F|  |TAMS 0x000000070e200000| PB 0x000000070e200000| Untracked |  0
|  67|0x000000070e400000, 0x000000070e400000, 0x000000070e600000|  0%| F|  |TAMS 0x000000070e400000| PB 0x000000070e400000| Untracked |  0
|  68|0x000000070e600000, 0x000000070e600000, 0x000000070e800000|  0%| F|  |TAMS 0x000000070e600000| PB 0x000000070e600000| Untracked |  0
|  69|0x000000070e800000, 0x000000070e800000, 0x000000070ea00000|  0%| F|  |TAMS 0x000000070e800000| PB 0x000000070e800000| Untracked |  0
|  70|0x000000070ea00000, 0x000000070ea00000, 0x000000070ec00000|  0%| F|  |TAMS 0x000000070ea00000| PB 0x000000070ea00000| Untracked |  0
|  71|0x000000070ec00000, 0x000000070ec00000, 0x000000070ee00000|  0%| F|  |TAMS 0x000000070ec00000| PB 0x000000070ec00000| Untracked |  0
|  72|0x000000070ee00000, 0x000000070ee00000, 0x000000070f000000|  0%| F|  |TAMS 0x000000070ee00000| PB 0x000000070ee00000| Untracked |  0
|  73|0x000000070f000000, 0x000000070f000000, 0x000000070f200000|  0%| F|  |TAMS 0x000000070f000000| PB 0x000000070f000000| Untracked |  0
|  74|0x000000070f200000, 0x000000070f200000, 0x000000070f400000|  0%| F|  |TAMS 0x000000070f200000| PB 0x000000070f200000| Untracked |  0
|  75|0x000000070f400000, 0x000000070f400000, 0x000000070f600000|  0%| F|  |TAMS 0x000000070f400000| PB 0x000000070f400000| Untracked |  0
|  76|0x000000070f600000, 0x000000070f600000, 0x000000070f800000|  0%| F|  |TAMS 0x000000070f600000| PB 0x000000070f600000| Untracked |  0
|  77|0x000000070f800000, 0x000000070f800000, 0x000000070fa00000|  0%| F|  |TAMS 0x000000070f800000| PB 0x000000070f800000| Untracked |  0
|  78|0x000000070fa00000, 0x000000070fa00000, 0x000000070fc00000|  0%| F|  |TAMS 0x000000070fa00000| PB 0x000000070fa00000| Untracked |  0
|  79|0x000000070fc00000, 0x000000070fc00000, 0x000000070fe00000|  0%| F|  |TAMS 0x000000070fc00000| PB 0x000000070fc00000| Untracked |  0
|  80|0x000000070fe00000, 0x000000070fe00000, 0x0000000710000000|  0%| F|  |TAMS 0x000000070fe00000| PB 0x000000070fe00000| Untracked |  0
|  81|0x0000000710000000, 0x0000000710000000, 0x0000000710200000|  0%| F|  |TAMS 0x0000000710000000| PB 0x0000000710000000| Untracked |  0
|  82|0x0000000710200000, 0x0000000710200000, 0x0000000710400000|  0%| F|  |TAMS 0x0000000710200000| PB 0x0000000710200000| Untracked |  0
|  83|0x0000000710400000, 0x0000000710400000, 0x0000000710600000|  0%| F|  |TAMS 0x0000000710400000| PB 0x0000000710400000| Untracked |  0
|  84|0x0000000710600000, 0x0000000710600000, 0x0000000710800000|  0%| F|  |TAMS 0x0000000710600000| PB 0x0000000710600000| Untracked |  0
|  85|0x0000000710800000, 0x0000000710800000, 0x0000000710a00000|  0%| F|  |TAMS 0x0000000710800000| PB 0x0000000710800000| Untracked |  0
|  86|0x0000000710a00000, 0x0000000710a00000, 0x0000000710c00000|  0%| F|  |TAMS 0x0000000710a00000| PB 0x0000000710a00000| Untracked |  0
|  87|0x0000000710c00000, 0x0000000710c00000, 0x0000000710e00000|  0%| F|  |TAMS 0x0000000710c00000| PB 0x0000000710c00000| Untracked |  0
|  88|0x0000000710e00000, 0x0000000710e00000, 0x0000000711000000|  0%| F|  |TAMS 0x0000000710e00000| PB 0x0000000710e00000| Untracked |  0
|  89|0x0000000711000000, 0x0000000711000000, 0x0000000711200000|  0%| F|  |TAMS 0x0000000711000000| PB 0x0000000711000000| Untracked |  0
|  90|0x0000000711200000, 0x0000000711200000, 0x0000000711400000|  0%| F|  |TAMS 0x0000000711200000| PB 0x0000000711200000| Untracked |  0
|  91|0x0000000711400000, 0x0000000711400000, 0x0000000711600000|  0%| F|  |TAMS 0x0000000711400000| PB 0x0000000711400000| Untracked |  0
|  92|0x0000000711600000, 0x0000000711600000, 0x0000000711800000|  0%| F|  |TAMS 0x0000000711600000| PB 0x0000000711600000| Untracked |  0
|  93|0x0000000711800000, 0x0000000711800000, 0x0000000711a00000|  0%| F|  |TAMS 0x0000000711800000| PB 0x0000000711800000| Untracked |  0
|  94|0x0000000711a00000, 0x0000000711a00000, 0x0000000711c00000|  0%| F|  |TAMS 0x0000000711a00000| PB 0x0000000711a00000| Untracked |  0
|  95|0x0000000711c00000, 0x0000000711c00000, 0x0000000711e00000|  0%| F|  |TAMS 0x0000000711c00000| PB 0x0000000711c00000| Untracked |  0
|  96|0x0000000711e00000, 0x0000000711e00000, 0x0000000712000000|  0%| F|  |TAMS 0x0000000711e00000| PB 0x0000000711e00000| Untracked |  0
|  97|0x0000000712000000, 0x0000000712000000, 0x0000000712200000|  0%| F|  |TAMS 0x0000000712000000| PB 0x0000000712000000| Untracked |  0
|  98|0x0000000712200000, 0x0000000712200000, 0x0000000712400000|  0%| F|  |TAMS 0x0000000712200000| PB 0x0000000712200000| Untracked |  0
|  99|0x0000000712400000, 0x0000000712400000, 0x0000000712600000|  0%| F|  |TAMS 0x0000000712400000| PB 0x0000000712400000| Untracked |  0
| 100|0x0000000712600000, 0x0000000712600000, 0x0000000712800000|  0%| F|  |TAMS 0x0000000712600000| PB 0x0000000712600000| Untracked |  0
| 101|0x0000000712800000, 0x0000000712800000, 0x0000000712a00000|  0%| F|  |TAMS 0x0000000712800000| PB 0x0000000712800000| Untracked |  0
| 102|0x0000000712a00000, 0x0000000712a00000, 0x0000000712c00000|  0%| F|  |TAMS 0x0000000712a00000| PB 0x0000000712a00000| Untracked |  0
| 103|0x0000000712c00000, 0x0000000712c00000, 0x0000000712e00000|  0%| F|  |TAMS 0x0000000712c00000| PB 0x0000000712c00000| Untracked |  0
| 104|0x0000000712e00000, 0x0000000712e00000, 0x0000000713000000|  0%| F|  |TAMS 0x0000000712e00000| PB 0x0000000712e00000| Untracked |  0
| 105|0x0000000713000000, 0x0000000713000000, 0x0000000713200000|  0%| F|  |TAMS 0x0000000713000000| PB 0x0000000713000000| Untracked |  0
| 106|0x0000000713200000, 0x0000000713200000, 0x0000000713400000|  0%| F|  |TAMS 0x0000000713200000| PB 0x0000000713200000| Untracked |  0
| 107|0x0000000713400000, 0x0000000713400000, 0x0000000713600000|  0%| F|  |TAMS 0x0000000713400000| PB 0x0000000713400000| Untracked |  0
| 108|0x0000000713600000, 0x0000000713600000, 0x0000000713800000|  0%| F|  |TAMS 0x0000000713600000| PB 0x0000000713600000| Untracked |  0
| 109|0x0000000713800000, 0x00000007138f5c40, 0x0000000713a00000| 48%| E|  |TAMS 0x0000000713800000| PB 0x0000000713800000| Complete |  0
| 110|0x0000000713a00000, 0x0000000713c00000, 0x0000000713c00000|100%| E|CS|TAMS 0x0000000713a00000| PB 0x0000000713a00000| Complete |  0
| 111|0x0000000713c00000, 0x0000000713e00000, 0x0000000713e00000|100%| E|CS|TAMS 0x0000000713c00000| PB 0x0000000713c00000| Complete |  0
| 112|0x0000000713e00000, 0x0000000714000000, 0x0000000714000000|100%| E|CS|TAMS 0x0000000713e00000| PB 0x0000000713e00000| Complete |  0
| 113|0x0000000714000000, 0x0000000714200000, 0x0000000714200000|100%| E|CS|TAMS 0x0000000714000000| PB 0x0000000714000000| Complete |  0
| 114|0x0000000714200000, 0x0000000714400000, 0x0000000714400000|100%| E|CS|TAMS 0x0000000714200000| PB 0x0000000714200000| Complete |  0
| 115|0x0000000714400000, 0x0000000714600000, 0x0000000714600000|100%| E|CS|TAMS 0x0000000714400000| PB 0x0000000714400000| Complete |  0
| 116|0x0000000714600000, 0x0000000714800000, 0x0000000714800000|100%| E|CS|TAMS 0x0000000714600000| PB 0x0000000714600000| Complete |  0
| 117|0x0000000714800000, 0x0000000714a00000, 0x0000000714a00000|100%| E|CS|TAMS 0x0000000714800000| PB 0x0000000714800000| Complete |  0
| 118|0x0000000714a00000, 0x0000000714c00000, 0x0000000714c00000|100%| E|CS|TAMS 0x0000000714a00000| PB 0x0000000714a00000| Complete |  0
| 119|0x0000000714c00000, 0x0000000714e00000, 0x0000000714e00000|100%| E|CS|TAMS 0x0000000714c00000| PB 0x0000000714c00000| Complete |  0
| 120|0x0000000714e00000, 0x0000000715000000, 0x0000000715000000|100%| E|CS|TAMS 0x0000000714e00000| PB 0x0000000714e00000| Complete |  0
| 121|0x0000000715000000, 0x0000000715200000, 0x0000000715200000|100%| E|CS|TAMS 0x0000000715000000| PB 0x0000000715000000| Complete |  0
| 122|0x0000000715200000, 0x0000000715400000, 0x0000000715400000|100%| E|CS|TAMS 0x0000000715200000| PB 0x0000000715200000| Complete |  0
| 123|0x0000000715400000, 0x0000000715600000, 0x0000000715600000|100%| E|CS|TAMS 0x0000000715400000| PB 0x0000000715400000| Complete |  0
| 124|0x0000000715600000, 0x0000000715800000, 0x0000000715800000|100%| E|CS|TAMS 0x0000000715600000| PB 0x0000000715600000| Complete |  0
| 125|0x0000000715800000, 0x0000000715a00000, 0x0000000715a00000|100%| E|CS|TAMS 0x0000000715800000| PB 0x0000000715800000| Complete |  0
|2000|0x00000007ffe00000, 0x00000007fff1c318, 0x0000000800000000| 55%| O|  |TAMS 0x00000007ffe00000| PB 0x00000007ffe00000| Untracked |  0

Card table byte_map: [0x00000171d6950000,0x00000171d7130000] _byte_map_base: 0x00000171d3121000

Marking Bits: (CMBitMap*) 0x00000171bc0f0970
 Bits: [0x00000171d7130000, 0x00000171dafb8000)

Polling page: 0x00000171bc160000

Metaspace:

Usage:
  Non-class:     11.01 MB used.
      Class:      1.15 MB used.
       Both:     12.17 MB used.

Virtual space:
  Non-class space:       64.00 MB reserved,      11.12 MB ( 17%) committed,  1 nodes.
      Class space:        1.00 GB reserved,       1.25 MB ( <1%) committed,  1 nodes.
             Both:        1.06 GB reserved,      12.38 MB (  1%) committed. 

Chunk freelists:
   Non-Class:  4.48 MB
       Class:  14.74 MB
        Both:  19.22 MB

MaxMetaspaceSize: unlimited
CompressedClassSpaceSize: 1.00 GB
Initial GC threshold: 21.00 MB
Current GC threshold: 21.00 MB
CDS: on
 - commit_granule_bytes: 65536.
 - commit_granule_words: 8192.
 - virtual_space_node_default_size: 8388608.
 - enlarge_chunks_in_place: 1.
UseCompressedClassPointers 1, UseCompactObjectHeaders 0
Narrow klass pointer bits 32, Max shift 3
Narrow klass base: 0x00000171df000000, Narrow klass shift: 0
Encoding Range: [0x00000171df000000 - 0x00000172df000000), (4294967296 bytes)
Klass Range:    [0x00000171df000000 - 0x0000017220000000), (1090519040 bytes)
Klass ID Range:  [8 - 1090519033) (1090519025)


Internal statistics:

num_allocs_failed_limit: 0.
num_arena_births: 134.
num_arena_deaths: 0.
num_vsnodes_births: 2.
num_vsnodes_deaths: 0.
num_space_committed: 198.
num_space_uncommitted: 0.
num_chunks_returned_to_freelist: 0.
num_chunks_taken_from_freelist: 188.
num_chunk_merges: 0.
num_chunk_splits: 113.
num_chunks_enlarged: 66.
num_inconsistent_stats: 0.

CodeHeap 'non-profiled nmethods': size=119232Kb used=709Kb max_used=709Kb free=118523Kb
 bounds [0x00000171cdd30000, 0x00000171cdfa0000, 0x00000171d51a0000]
CodeHeap 'profiled nmethods': size=119104Kb used=4335Kb max_used=4335Kb free=114768Kb
 bounds [0x00000171c61a0000, 0x00000171c65e0000, 0x00000171cd5f0000]
CodeHeap 'non-nmethods': size=7424Kb used=1544Kb max_used=3273Kb free=5879Kb
 bounds [0x00000171cd5f0000, 0x00000171cd930000, 0x00000171cdd30000]
CodeCache: size=245760Kb, used=6588Kb, max_used=8317Kb, free=239170Kb
 total_blobs=3385, nmethods=2672, adapters=617, full_count=0
Compilation: enabled, stopped_count=0, restarted_count=0

Compilation events (20 events):
Event: 19.424 Thread 0x00000171dd48fb20 2664   !   4       java.awt.Container::getMouseEventTargetImpl (255 bytes)
Event: 19.441 Thread 0x00000171dd48fb20 nmethod 2664 0x00000171cdddee88 code [0x00000171cdddf0e0, 0x00000171cdde0758]
Event: 19.563 Thread 0x00000171dd492ec0 2665       3       sun.java2d.SurfaceData::getSourceSurfaceData (107 bytes)
Event: 19.563 Thread 0x00000171dd492ec0 nmethod 2665 0x00000171c65d9988 code [0x00000171c65d9b40, 0x00000171c65da578]
Event: 19.563 Thread 0x00000171dd492ec0 2666       3       sun.java2d.pipe.DrawImage::isBgOperation (22 bytes)
Event: 19.564 Thread 0x00000171dd492ec0 nmethod 2666 0x00000171c65da608 code [0x00000171c65da740, 0x00000171c65dab10]
Event: 19.654 Thread 0x00000171dd492ec0 2667       3       sun.awt.SunToolkit::getContainingWindow (24 bytes)
Event: 19.654 Thread 0x00000171dd492ec0 nmethod 2667 0x00000171c65dab88 code [0x00000171c65dacc0, 0x00000171c65db190]
Event: 20.109 Thread 0x00000171dd48fb20 2668       4       java.util.concurrent.locks.AbstractQueuedSynchronizer$Node::setPrevRelaxed (12 bytes)
Event: 20.109 Thread 0x00000171dd48fb20 nmethod 2668 0x00000171cdde0808 code [0x00000171cdde0900, 0x00000171cdde0a78]
Event: 20.109 Thread 0x00000171dd48fb20 2669       4       java.util.concurrent.locks.AbstractQueuedSynchronizer::casTail (13 bytes)
Event: 20.110 Thread 0x00000171dd48fb20 nmethod 2669 0x00000171cdde0b08 code [0x00000171cdde0c00, 0x00000171cdde0db0]
Event: 20.337 Thread 0x00000171dd48fb20 2670       4       jdk.internal.misc.Unsafe::putIntOpaque (9 bytes)
Event: 20.337 Thread 0x00000171dd48fb20 nmethod 2670 0x00000171cdde0e08 code [0x00000171cdde0f00, 0x00000171cdde0f80]
Event: 20.366 Thread 0x00000171dd48fb20 2671       4       java.util.concurrent.locks.ReentrantLock$Sync::isHeldExclusively (16 bytes)
Event: 20.366 Thread 0x00000171dd48fb20 nmethod 2671 0x00000171cdde1108 code [0x00000171cdde1200, 0x00000171cdde12b0]
Event: 20.927 Thread 0x00000171dd492ec0 2672       3       java.util.concurrent.ConcurrentHashMap::sumCount (60 bytes)
Event: 20.927 Thread 0x00000171dd492ec0 nmethod 2672 0x00000171c65db208 code [0x00000171c65db320, 0x00000171c65db560]
Event: 120.058 Thread 0x00000171dd492ec0 2673   !   3       java.lang.Object::wait (59 bytes)
Event: 120.059 Thread 0x00000171dd492ec0 nmethod 2673 0x00000171c65db588 code [0x00000171c65db700, 0x00000171c65dbc80]

GC Heap History (0 events):
No events

Dll operation events (10 events):
Event: 0.007 Loaded shared library C:\Program Files\Apache NetBeans\jdk\bin\java.dll
Event: 0.034 Loaded shared library C:\Program Files\Apache NetBeans\jdk\bin\jsvml.dll
Event: 0.058 Loaded shared library C:\Program Files\Apache NetBeans\jdk\bin\net.dll
Event: 0.060 Loaded shared library C:\Program Files\Apache NetBeans\jdk\bin\nio.dll
Event: 0.077 Loaded shared library C:\Program Files\Apache NetBeans\jdk\bin\zip.dll
Event: 0.088 Loaded shared library C:\Program Files\Apache NetBeans\jdk\bin\jimage.dll
Event: 0.096 Loaded shared library C:\Program Files\Apache NetBeans\jdk\bin\awt.dll
Event: 0.265 Loaded shared library C:\Program Files\Apache NetBeans\jdk\bin\verify.dll
Event: 0.329 Loaded shared library C:\Program Files\Apache NetBeans\jdk\bin\freetype.dll
Event: 0.330 Loaded shared library C:\Program Files\Apache NetBeans\jdk\bin\fontmanager.dll

Deoptimization events (20 events):
Event: 2.182 Thread 0x00000171dea7fe10 DEOPT PACKING pc=0x00000171cdd4095c sp=0x00000017a6efe690
Event: 2.182 Thread 0x00000171dea7fe10 DEOPT UNPACKING pc=0x00000171cd708582 sp=0x00000017a6efe618 mode 2
Event: 6.563 Thread 0x00000171dea7fe10 Uncommon trap: trap_request=0xffffff4d fr.pc=0x00000171cdd6c800 relative=0x0000000000000560
Event: 6.563 Thread 0x00000171dea7fe10 Uncommon trap: reason=unstable_if action=reinterpret pc=0x00000171cdd6c800 method=java.util.concurrent.ConcurrentHashMap.get(Ljava/lang/Object;)Ljava/lang/Object; @ 76 c2
Event: 6.563 Thread 0x00000171dea7fe10 DEOPT PACKING pc=0x00000171cdd6c800 sp=0x00000017a6efd8d0
Event: 6.563 Thread 0x00000171dea7fe10 DEOPT UNPACKING pc=0x00000171cd708582 sp=0x00000017a6efd858 mode 2
Event: 6.563 Thread 0x00000171dea7fe10 Uncommon trap: trap_request=0xffffff4d fr.pc=0x00000171cdd97e70 relative=0x0000000000000930
Event: 6.563 Thread 0x00000171dea7fe10 Uncommon trap: reason=unstable_if action=reinterpret pc=0x00000171cdd97e70 method=java.util.concurrent.ConcurrentHashMap.putVal(Ljava/lang/Object;Ljava/lang/Object;Z)Ljava/lang/Object; @ 219 c2
Event: 6.563 Thread 0x00000171dea7fe10 DEOPT PACKING pc=0x00000171cdd97e70 sp=0x00000017a6efd850
Event: 6.563 Thread 0x00000171dea7fe10 DEOPT UNPACKING pc=0x00000171cd708582 sp=0x00000017a6efd7a0 mode 2
Event: 6.573 Thread 0x00000171dea7fe10 Uncommon trap: trap_request=0xffffff5c fr.pc=0x00000171cdd7a864 relative=0x0000000000000064
Event: 6.573 Thread 0x00000171dea7fe10 Uncommon trap: reason=speculate_null_check action=make_not_entrant pc=0x00000171cdd7a864 method=jdk.internal.misc.Unsafe.getCharUnaligned(Ljava/lang/Object;JZ)C @ 5 c2
Event: 6.573 Thread 0x00000171dea7fe10 DEOPT PACKING pc=0x00000171cdd7a864 sp=0x00000017a6efd360
Event: 6.573 Thread 0x00000171dea7fe10 DEOPT UNPACKING pc=0x00000171cd708582 sp=0x00000017a6efd2b8 mode 2
Event: 6.634 Thread 0x00000171dea7fe10 DEOPT PACKING pc=0x00000171c64dc254 sp=0x00000017a6efd300
Event: 6.634 Thread 0x00000171dea7fe10 DEOPT UNPACKING pc=0x00000171cd645722 sp=0x00000017a6efc770 mode 0
Event: 8.173 Thread 0x00000171dea7fe10 Uncommon trap: trap_request=0xffffff4d fr.pc=0x00000171cdd96ed4 relative=0x00000000000000b4
Event: 8.173 Thread 0x00000171dea7fe10 Uncommon trap: reason=unstable_if action=reinterpret pc=0x00000171cdd96ed4 method=java.nio.Buffer.limit(I)Ljava/nio/Buffer; @ 42 c2
Event: 8.173 Thread 0x00000171dea7fe10 DEOPT PACKING pc=0x00000171cdd96ed4 sp=0x00000017a6efd860
Event: 8.173 Thread 0x00000171dea7fe10 DEOPT UNPACKING pc=0x00000171cd708582 sp=0x00000017a6efd7e8 mode 2

Classes loaded (20 events):
Event: 8.227 Loading class java/awt/WaitDispatchSupport$1
Event: 8.227 Loading class java/awt/WaitDispatchSupport$1 done
Event: 8.227 Loading class java/awt/WaitDispatchSupport$2
Event: 8.227 Loading class java/awt/WaitDispatchSupport$2 done
Event: 9.783 Loading class sun/awt/SunToolkit$1
Event: 9.784 Loading class sun/awt/SunToolkit$1 done
Event: 9.799 Loading class java/awt/Window$1DisposeAction
Event: 9.800 Loading class java/awt/Window$1DisposeAction done
Event: 12.639 Loading class javax/swing/JToggleButton$1
Event: 12.639 Loading class javax/swing/JToggleButton$1 done
Event: 12.640 Loading class java/awt/geom/Arc2D$Float
Event: 12.640 Loading class java/awt/geom/Arc2D
Event: 12.641 Loading class java/awt/geom/Arc2D done
Event: 12.641 Loading class java/awt/geom/Arc2D$Float done
Event: 12.641 Loading class java/awt/geom/ArcIterator
Event: 12.641 Loading class java/awt/geom/ArcIterator done
Event: 19.131 Loading class java/awt/Canvas
Event: 19.132 Loading class java/awt/Canvas done
Event: 19.132 Loading class java/awt/Scrollbar
Event: 19.132 Loading class java/awt/Scrollbar done

Classes unloaded (0 events):
No events

Classes redefined (0 events):
No events

Internal exceptions (20 events):
Event: 0.202 Thread 0x00000171bbabe990 Exception <a 'java/lang/NoSuchMethodError'{0x00000007152a27f0}: 'java.lang.Object java.lang.invoke.DirectMethodHandle$Holder.invokeStatic(java.lang.Object, int, java.lang.Object)'> (0x00000007152a27f0) 
thrown [s\src\hotspot\share\interpreter\linkResolver.cpp, line 805]
Event: 0.234 Thread 0x00000171bbabe990 Exception <a 'java/lang/ClassNotFoundException'{0x00000007150d0ed8}: com/sun/swing/internal/plaf/metal/resources/spi/metalProvider> (0x00000007150d0ed8) 
thrown [s\src\hotspot\share\classfile\systemDictionary.cpp, line 327]
Event: 0.234 Thread 0x00000171bbabe990 Exception <a 'java/lang/ClassNotFoundException'{0x00000007150d48e8}: com/sun/swing/internal/plaf/basic/resources/spi/basicProvider> (0x00000007150d48e8) 
thrown [s\src\hotspot\share\classfile\systemDictionary.cpp, line 327]
Event: 0.243 Thread 0x00000171bbabe990 Exception <a 'java/lang/NoSuchMethodError'{0x00000007151025f0}: 'int java.lang.invoke.Invokers$Holder.invokeExact_MT(java.lang.Object, java.lang.Object)'> (0x00000007151025f0) 
thrown [s\src\hotspot\share\interpreter\linkResolver.cpp, line 805]
Event: 0.337 Thread 0x00000171bbabe990 Exception <a 'java/lang/NoSuchMethodError'{0x0000000714fcb598}: 'long java.lang.invoke.DirectMethodHandle$Holder.invokeStaticInit(java.lang.Object, long, long, long, long)'> (0x0000000714fcb598) 
thrown [s\src\hotspot\share\interpreter\linkResolver.cpp, line 805]
Event: 0.338 Thread 0x00000171bbabe990 Exception <a 'java/lang/NoSuchMethodError'{0x0000000714fd3fa0}: 'java.lang.Object java.lang.invoke.DirectMethodHandle$Holder.invokeInterface(java.lang.Object, java.lang.Object, long, long)'> (0x0000000714fd3fa0) 
thrown [s\src\hotspot\share\interpreter\linkResolver.cpp, line 805]
Event: 0.340 Thread 0x00000171bbabe990 Exception <a 'java/lang/NoSuchMethodError'{0x0000000714fec9b0}: 'void java.lang.invoke.DirectMethodHandle$Holder.invokeStaticInit(java.lang.Object, java.lang.Object, long, java.lang.Object)'> (0x0000000714fec9b0) 
thrown [s\src\hotspot\share\interpreter\linkResolver.cpp, line 805]
Event: 0.341 Thread 0x00000171bbabe990 Exception <a 'java/lang/NoSuchMethodError'{0x0000000714ff5598}: 'long java.lang.invoke.DirectMethodHandle$Holder.invokeStatic(java.lang.Object, long, long)'> (0x0000000714ff5598) 
thrown [s\src\hotspot\share\interpreter\linkResolver.cpp, line 805]
Event: 0.344 Thread 0x00000171bbabe990 Exception <a 'java/lang/NoSuchMethodError'{0x0000000714c1f5e0}: 'java.lang.Object java.lang.invoke.DirectMethodHandle$Holder.newInvokeSpecial(java.lang.Object, int, java.lang.Object)'> (0x0000000714c1f5e0) 
thrown [s\src\hotspot\share\interpreter\linkResolver.cpp, line 805]
Event: 0.371 Thread 0x00000171bbabe990 Exception <a 'java/lang/NoSuchMethodError'{0x0000000714c92c48}: 'void java.lang.invoke.DelegatingMethodHandle$Holder.reinvoke_L(java.lang.Object, java.lang.Object, java.lang.Object, java.lang.Object, long, long, float)'> (0x0000000714c92c48) 
thrown [s\src\hotspot\share\interpreter\linkResolver.cpp, line 805]
Event: 0.373 Thread 0x00000171bbabe990 Exception <a 'java/lang/NoSuchMethodError'{0x0000000714cb3298}: 'java.lang.Object java.lang.invoke.DirectMethodHandle$Holder.invokeStatic(java.lang.Object, java.lang.Object, java.lang.Object, java.lang.Object, java.lang.Object, long)'> (0x0000000714cb3298) 
thrown [s\src\hotspot\share\interpreter\linkResolver.cpp, line 805]
Event: 0.377 Thread 0x00000171bbabe990 Exception <a 'java/lang/NoSuchMethodError'{0x0000000714cf69f8}: 'float java.lang.invoke.DelegatingMethodHandle$Holder.reinvoke_L(java.lang.Object, java.lang.Object, java.lang.Object, java.lang.Object, long, long)'> (0x0000000714cf69f8) 
thrown [s\src\hotspot\share\interpreter\linkResolver.cpp, line 805]
Event: 0.486 Thread 0x00000171de6c7900 Exception <a 'java/lang/NoSuchMethodError'{0x0000000715509bf8}: 'void java.lang.invoke.DirectMethodHandle$Holder.invokeVirtual(java.lang.Object, java.lang.Object)'> (0x0000000715509bf8) 
thrown [s\src\hotspot\share\interpreter\linkResolver.cpp, line 805]
Event: 0.498 Thread 0x00000171bbabe990 Exception <a 'java/lang/NoSuchMethodError'{0x000000071487da78}: 'void java.lang.invoke.DirectMethodHandle$Holder.invokeStaticInit(java.lang.Object)'> (0x000000071487da78) 
thrown [s\src\hotspot\share\interpreter\linkResolver.cpp, line 805]
Event: 0.567 Thread 0x00000171dea7fe10 Exception <a 'java/io/FileNotFoundException'{0x0000000714654918}> (0x0000000714654918) 
thrown [s\src\hotspot\share\prims\jni.cpp, line 518]
Event: 0.573 Thread 0x00000171dea7fe10 Exception <a 'java/io/FileNotFoundException'{0x000000071466e2d0}> (0x000000071466e2d0) 
thrown [s\src\hotspot\share\prims\jni.cpp, line 518]
Event: 0.782 Thread 0x00000171dea7fe10 Implicit null exception at 0x00000171cdd996f5 to 0x00000171cdd997a8
Event: 6.571 Thread 0x00000171dea7fe10 Exception <a 'java/lang/NoSuchMethodError'{0x0000000713fc6c00}: 'int java.lang.invoke.DelegatingMethodHandle$Holder.reinvoke_L(java.lang.Object, java.lang.Object, java.lang.Object, java.lang.Object, long, long)'> (0x0000000713fc6c00) 
thrown [s\src\hotspot\share\interpreter\linkResolver.cpp, line 805]
Event: 6.589 Thread 0x00000171dea7fe10 Exception <a 'java/lang/NoSuchMethodError'{0x0000000713d3d220}: 'void java.lang.invoke.DirectMethodHandle$Holder.invokeStatic(java.lang.Object, java.lang.Object)'> (0x0000000713d3d220) 
thrown [s\src\hotspot\share\interpreter\linkResolver.cpp, line 805]
Event: 8.226 Thread 0x00000171dea7fe10 Exception <a 'java/lang/NoSuchMethodError'{0x0000000713b36150}: 'int java.lang.invoke.DirectMethodHandle$Holder.invokeStatic(java.lang.Object)'> (0x0000000713b36150) 
thrown [s\src\hotspot\share\interpreter\linkResolver.cpp, line 805]

VM Operations (20 events):
Event: 0.325 Executing VM operation: HandshakeAllThreads (Deoptimize)
Event: 0.325 Executing VM operation: HandshakeAllThreads (Deoptimize) done
Event: 0.343 Executing VM operation: HandshakeAllThreads (Deoptimize)
Event: 0.343 Executing VM operation: HandshakeAllThreads (Deoptimize) done
Event: 0.460 Executing VM operation: HandshakeAllThreads (Deoptimize)
Event: 0.461 Executing VM operation: HandshakeAllThreads (Deoptimize) done
Event: 0.479 Executing VM operation: HandshakeAllThreads (Deoptimize)
Event: 0.479 Executing VM operation: HandshakeAllThreads (Deoptimize) done
Event: 0.489 Executing VM operation: HandshakeAllThreads (Deoptimize)
Event: 0.489 Executing VM operation: HandshakeAllThreads (Deoptimize) done
Event: 0.545 Executing VM operation: HandshakeAllThreads (Deoptimize)
Event: 0.545 Executing VM operation: HandshakeAllThreads (Deoptimize) done
Event: 0.817 Executing VM operation: HandshakeAllThreads (Deoptimize)
Event: 0.817 Executing VM operation: HandshakeAllThreads (Deoptimize) done
Event: 6.588 Executing VM operation: HandshakeAllThreads (Deoptimize)
Event: 6.588 Executing VM operation: HandshakeAllThreads (Deoptimize) done
Event: 60.164 Executing VM operation: HandshakeAllThreads (HandshakeForDeflation)
Event: 60.164 Executing VM operation: HandshakeAllThreads (HandshakeForDeflation) done
Event: 60.164 Executing VM operation: RendezvousGCThreads
Event: 60.164 Executing VM operation: RendezvousGCThreads done

Memory protections (0 events):
No events

Nmethod flushes (0 events):
No events

Events (20 events):
Event: 0.294 Thread 0x00000171dd492ec0 Thread added: 0x00000171dea8a340
Event: 0.382 Thread 0x00000171bbabe990 Thread added: 0x00000171dea7fe10
Event: 0.464 Thread 0x00000171bbabe990 Thread added: 0x00000171ded5f850
Event: 0.550 Thread 0x00000171bbabe990 Thread exited: 0x00000171bbabe990
Event: 0.550 Thread 0x00000171bbabe990 Thread added: 0x00000171bbabe990
Event: 0.832 Thread 0x00000171dea7fe10 Thread added: 0x00000171debb2b90
Event: 1.335 Thread 0x00000171dea8a340 Thread exited: 0x00000171dea8a340
Event: 1.335 Thread 0x00000171de1703c0 Thread exited: 0x00000171de1703c0
Event: 1.335 Thread 0x00000171de1cfe40 Thread exited: 0x00000171de1cfe40
Event: 1.335 Thread 0x00000171de0b2050 Thread exited: 0x00000171de0b2050
Event: 1.335 Thread 0x00000171de19f3a0 Thread exited: 0x00000171de19f3a0
Event: 5.470 Thread 0x00000171ded5f850 Thread exited: 0x00000171ded5f850
Event: 6.572 Thread 0x00000171dd492ec0 Thread added: 0x000001722492d7c0
Event: 6.572 Thread 0x00000171dd492ec0 Thread added: 0x00000171deb930e0
Event: 6.573 Thread 0x00000171dd492ec0 Thread added: 0x00000171deb93c80
Event: 8.173 Thread 0x00000171dea7fe10 Thread added: 0x00000171de9ffd40
Event: 9.329 Thread 0x00000171deb93c80 Thread exited: 0x00000171deb93c80
Event: 12.619 Thread 0x00000171deb930e0 Thread exited: 0x00000171deb930e0
Event: 13.176 Thread 0x00000171de9ffd40 Thread exited: 0x00000171de9ffd40
Event: 17.351 Thread 0x000001722492d7c0 Thread exited: 0x000001722492d7c0


Dynamic libraries:
0x00007ff635500000 - 0x00007ff63550e000 	C:\Program Files\Apache NetBeans\jdk\bin\java.exe
0x00007ff9d5f00000 - 0x00007ff9d6169000 	C:\WINDOWS\SYSTEM32\ntdll.dll
0x00007ff9d5090000 - 0x00007ff9d5159000 	C:\WINDOWS\System32\KERNEL32.DLL
0x00007ff9d3370000 - 0x00007ff9d3763000 	C:\WINDOWS\System32\KERNELBASE.dll
0x00007ff9d3ad0000 - 0x00007ff9d3c1b000 	C:\WINDOWS\System32\ucrtbase.dll
0x00007ff9a0910000 - 0x00007ff9a0926000 	C:\Program Files\Apache NetBeans\jdk\bin\jli.dll
0x00007ff9aca80000 - 0x00007ff9aca9e000 	C:\Program Files\Apache NetBeans\jdk\bin\VCRUNTIME140.dll
0x00007ff9d4690000 - 0x00007ff9d4854000 	C:\WINDOWS\System32\USER32.dll
0x00007ff9d32b0000 - 0x00007ff9d32d7000 	C:\WINDOWS\System32\win32u.dll
0x00007ff9b99e0000 - 0x00007ff9b9c73000 	C:\WINDOWS\WinSxS\amd64_microsoft.windows.common-controls_6595b64144ccf1df_6.0.26100.5074_none_3e0d6f78e32fd63f\COMCTL32.dll
0x00007ff9d55f0000 - 0x00007ff9d561b000 	C:\WINDOWS\System32\GDI32.dll
0x00007ff9d5e10000 - 0x00007ff9d5eb9000 	C:\WINDOWS\System32\msvcrt.dll
0x00007ff9d3770000 - 0x00007ff9d389d000 	C:\WINDOWS\System32\gdi32full.dll
0x00007ff9d3c20000 - 0x00007ff9d3cc3000 	C:\WINDOWS\System32\msvcp_win.dll
0x00007ff9d4600000 - 0x00007ff9d462f000 	C:\WINDOWS\System32\IMM32.DLL
0x00007ff9ac280000 - 0x00007ff9ac28c000 	C:\Program Files\Apache NetBeans\jdk\bin\vcruntime140_1.dll
0x00007ff995080000 - 0x00007ff99510d000 	C:\Program Files\Apache NetBeans\jdk\bin\msvcp140.dll
0x00007ff8dde30000 - 0x00007ff8decac000 	C:\Program Files\Apache NetBeans\jdk\bin\server\jvm.dll
0x00007ff9d4860000 - 0x00007ff9d4914000 	C:\WINDOWS\System32\ADVAPI32.dll
0x00007ff9d5b00000 - 0x00007ff9d5ba6000 	C:\WINDOWS\System32\sechost.dll
0x00007ff9d5840000 - 0x00007ff9d5958000 	C:\WINDOWS\System32\RPCRT4.dll
0x00007ff9d5620000 - 0x00007ff9d5694000 	C:\WINDOWS\System32\WS2_32.dll
0x00007ff9d1ca0000 - 0x00007ff9d1cfe000 	C:\WINDOWS\SYSTEM32\POWRPROF.dll
0x00007ff9cba50000 - 0x00007ff9cba5b000 	C:\WINDOWS\SYSTEM32\VERSION.dll
0x00007ff9c8120000 - 0x00007ff9c8155000 	C:\WINDOWS\SYSTEM32\WINMM.dll
0x00007ff9d1c80000 - 0x00007ff9d1c94000 	C:\WINDOWS\SYSTEM32\UMPDC.dll
0x00007ff9d1f90000 - 0x00007ff9d1fab000 	C:\WINDOWS\SYSTEM32\kernel.appcore.dll
0x00007ff9ac270000 - 0x00007ff9ac27a000 	C:\Program Files\Apache NetBeans\jdk\bin\jimage.dll
0x00007ff9d08c0000 - 0x00007ff9d0b02000 	C:\WINDOWS\SYSTEM32\DBGHELP.DLL
0x00007ff9d4920000 - 0x00007ff9d4c9b000 	C:\WINDOWS\System32\combase.dll
0x00007ff9d4f10000 - 0x00007ff9d4fe7000 	C:\WINDOWS\System32\OLEAUT32.dll
0x00007ff9a1490000 - 0x00007ff9a14cd000 	C:\WINDOWS\SYSTEM32\dbgcore.DLL
0x00007ff9d3090000 - 0x00007ff9d3129000 	C:\WINDOWS\System32\bcryptPrimitives.dll
0x00007ff9a1d60000 - 0x00007ff9a1d7e000 	C:\Program Files\Apache NetBeans\jdk\bin\java.dll
0x00007ff9d56a0000 - 0x00007ff9d5838000 	C:\WINDOWS\System32\ole32.dll
0x00007ff9d3e30000 - 0x00007ff9d457d000 	C:\WINDOWS\System32\SHELL32.dll
0x00007ff9d38a0000 - 0x00007ff9d3a0c000 	C:\WINDOWS\System32\wintypes.dll
0x00007ff9d0cd0000 - 0x00007ff9d1529000 	C:\WINDOWS\SYSTEM32\windows.storage.dll
0x00007ff9d5960000 - 0x00007ff9d5a50000 	C:\WINDOWS\System32\SHCORE.dll
0x00007ff9d5bb0000 - 0x00007ff9d5c12000 	C:\WINDOWS\System32\shlwapi.dll
0x00007ff9d2fb0000 - 0x00007ff9d2fd9000 	C:\WINDOWS\SYSTEM32\profapi.dll
0x00007ff9433d0000 - 0x00007ff9434a7000 	C:\Program Files\Apache NetBeans\jdk\bin\jsvml.dll
0x00007ff9a1d50000 - 0x00007ff9a1d60000 	C:\Program Files\Apache NetBeans\jdk\bin\net.dll
0x00007ff9d2510000 - 0x00007ff9d257b000 	C:\WINDOWS\system32\mswsock.dll
0x00007ff99d250000 - 0x00007ff99d266000 	C:\Program Files\Apache NetBeans\jdk\bin\nio.dll
0x00007ff99e060000 - 0x00007ff99e077000 	C:\Program Files\Apache NetBeans\jdk\bin\zip.dll
0x00007ff92b200000 - 0x00007ff92b37e000 	C:\Program Files\Apache NetBeans\jdk\bin\awt.dll
0x00007ff9cf950000 - 0x00007ff9cf9ee000 	C:\WINDOWS\SYSTEM32\apphelp.dll
0x00007ff9cfb20000 - 0x00007ff9cfb4b000 	C:\WINDOWS\system32\DWMAPI.DLL
0x00007ff9cfa70000 - 0x00007ff9cfb18000 	C:\WINDOWS\system32\uxtheme.dll
0x00007ff92add0000 - 0x00007ff92aedc000 	C:\WINDOWS\system32\opengl32.dll
0x00007ff92ad80000 - 0x00007ff92adad000 	C:\WINDOWS\SYSTEM32\GLU32.dll
0x00007ff9d0130000 - 0x00007ff9d0174000 	C:\WINDOWS\SYSTEM32\dxcore.dll
0x00007ff9d3cd0000 - 0x00007ff9d3e28000 	C:\WINDOWS\System32\MSCTF.dll
0x00007ff9a0bd0000 - 0x00007ff9a0be0000 	C:\Program Files\Apache NetBeans\jdk\bin\verify.dll
0x00007ff988140000 - 0x00007ff9881c7000 	C:\Program Files\Apache NetBeans\jdk\bin\freetype.dll
0x00007ff938a40000 - 0x00007ff938b29000 	C:\Program Files\Apache NetBeans\jdk\bin\fontmanager.dll
0x00007ff9d5c20000 - 0x00007ff9d5cd1000 	C:\WINDOWS\System32\clbcatq.dll
0x00007ff9cde30000 - 0x00007ff9ce05f000 	C:\WINDOWS\SYSTEM32\WindowsCodecs.dll
0x00007ff99eca0000 - 0x00007ff99ecfa000 	C:\WINDOWS\system32\dataexchange.dll
0x00007ff9c30f0000 - 0x00007ff9c3329000 	C:\WINDOWS\system32\twinapi.appcore.dll
0x00007ff9ca660000 - 0x00007ff9ca7a9000 	C:\WINDOWS\SYSTEM32\textinputframework.dll
0x00007ff9cf690000 - 0x00007ff9cf7b5000 	C:\WINDOWS\SYSTEM32\CoreMessaging.dll
0x00007ff9cb4d0000 - 0x00007ff9cb7b3000 	C:\WINDOWS\SYSTEM32\CoreUIComponents.dll
0x00007ff9d27d0000 - 0x00007ff9d27dc000 	C:\WINDOWS\SYSTEM32\CRYPTBASE.DLL

JVMTI agents: none

dbghelp: loaded successfully - version: 4.0.5 - missing functions: none
symbol engine: initialized successfully - sym options: 0x614 - pdb path: .;C:\Program Files\Apache NetBeans\jdk\bin;C:\WINDOWS\SYSTEM32;C:\WINDOWS\WinSxS\amd64_microsoft.windows.common-controls_6595b64144ccf1df_6.0.26100.5074_none_3e0d6f78e32fd63f;C:\Program Files\Apache NetBeans\jdk\bin\server

VM Arguments:
jvm_args: -Dfile.encoding=UTF-8 --module-path=C:\Users\Istiak\Documents\NetBeansProjects\Bank Management System\build\classes 
java_command: bank.management.system.SignupOne
java_class_path (initial): C:\Users\Istiak\Downloads\jcalendar-1.4\lib\jcalendar-1.4.jar;C:\Users\Istiak\Downloads\mysql-connector-java-8.0.28.jar;C:\Users\Istiak\Documents\NetBeansProjects\Bank Management System\build\classes
Launcher Type: SUN_STANDARD

[Global flags]
     intx CICompilerCount                          = 12                                        {product} {ergonomic}
     uint ConcGCThreads                            = 3                                         {product} {ergonomic}
     uint G1ConcRefinementThreads                  = 13                                        {product} {ergonomic}
   size_t G1HeapRegionSize                         = 2097152                                   {product} {ergonomic}
   size_t InitialHeapSize                          = 264241152                                 {product} {ergonomic}
   size_t MarkStackSize                            = 4194304                                   {product} {ergonomic}
   size_t MarkStackSizeMax                         = 536870912                                 {product} {ergonomic}
   size_t MaxHeapSize                              = 4196401152                                {product} {ergonomic}
   size_t MaxNewSize                               = 2516582400                                {product} {ergonomic}
   size_t MinHeapDeltaBytes                        = 2097152                                   {product} {ergonomic}
   size_t MinHeapSize                              = 8388608                                   {product} {ergonomic}
    uintx NonNMethodCodeHeapSize                   = 7602176                                {pd product} {ergonomic}
    uintx NonProfiledCodeHeapSize                  = 122093568                              {pd product} {ergonomic}
     bool PerfDisableSharedMem                     = true                                      {product} {ergonomic}
    uintx ProfiledCodeHeapSize                     = 121962496                              {pd product} {ergonomic}
    uintx ReservedCodeCacheSize                    = 251658240                              {pd product} {ergonomic}
     bool SegmentedCodeCache                       = true                                      {product} {ergonomic}
   size_t SoftMaxHeapSize                          = 4196401152                             {manageable} {ergonomic}
     bool UseCompressedOops                        = true                           {product lp64_product} {ergonomic}
     bool UseG1GC                                  = true                                      {product} {ergonomic}
     bool UseLargePagesIndividualAllocation        = false                                  {pd product} {ergonomic}

Logging:
Log output configuration:
 #0: stdout all=warning uptime,level,tags foldmultilines=false
 #1: stderr all=off uptime,level,tags foldmultilines=false

Environment Variables:
JAVA_HOME=C:\Program Files\Eclipse Adoptium\jdk-17.0.15.6-hotspot\
PATH=C:\Program Files\Eclipse Adoptium\jdk-17.0.15.6-hotspot\bin;C:\Program Files (x86)\Common Files\Oracle\Java\java8path;C:\Program Files (x86)\Common Files\Oracle\Java\javapath;C:\Program Files (x86)\Common Files\Intel\Shared Libraries\redist\intel64\compiler;C:\Windows\system32;C:\Windows;C:\Windows\System32\Wbem;C:\Windows\System32\WindowsPowerShell\v1.0\;C:\Windows\System32\OpenSSH\;C:\Program Files (x86)\NVIDIA Corporation\PhysX\Common;C:\Program Files\steghide;C:\WINDOWS\system32;C:\WINDOWS;C:\WINDOWS\System32\Wbem;C:\WINDOWS\System32\WindowsPowerShell\v1.0\;C:\WINDOWS\System32\OpenSSH\;C:\Program Files\NVIDIA Corporation\NVIDIA app\NvDLISR;C:\Program Files\Git\cmd;C:\Program Files\dotnet\;C:\Users\Istiak\AppData\Local\Programs\Python\Python39\Scripts\;C:\Users\Istiak\AppData\Local\Programs\Python\Python39\;C:\Users\Istiak\AppData\Local\Microsoft\WindowsApps;C:\Users\Istiak\AppData\Local\Programs\Microsoft VS Code\bin;C:\msys64\ucrt64\bin;C:\Users\Istiak\AppData\Local\Programs\Microsoft VS Code\bin;C:\Users\Istiak\AppData\Local\GitHubDesktop\bin
USERNAME=Istiak
OS=Windows_NT
PROCESSOR_IDENTIFIER=Intel64 Family 6 Model 154 Stepping 3, GenuineIntel
TMP=C:\Users\Istiak\AppData\Local\Temp
TEMP=C:\Users\Istiak\AppData\Local\Temp




Periodic native trim disabled

---------------  S Y S T E M  ---------------

OS:
 Windows 11 , 64 bit Build 26100 (10.0.26100.5074)
OS uptime: 2 days 15:46 hours
Hyper-V role detected

CPU: total 16 (initial active 16) (8 cores per cpu, 2 threads per core) family 6 model 154 stepping 3 microcode 0x434, cx8, cmov, fxsr, ht, mmx, 3dnowpref, sse, sse2, sse3, ssse3, sse4.1, sse4.2, popcnt, lzcnt, tsc, tscinvbit, avx, avx2, aes, erms, clmul, bmi1, bmi2, adx, sha, fma, vzeroupper, clflush, clflushopt, clwb, hv, serialize, rdtscp, rdpid, fsrm, gfni, f16c, cet_ibt, cet_ss
Processor Information for the first 16 processors :
  Max Mhz: 2500, Current Mhz: 2500, Mhz Limit: 2500

Memory: 4k page, system-wide physical 16004M (2919M free)
TotalPageFile size 48550M (AvailPageFile size 763M)
current process WorkingSet (physical memory assigned to process): 39M, peak: 115M
current process commit charge ("private bytes"): 376M, peak: 390M

vm_info: OpenJDK 64-Bit Server VM (24.0.2+12) for windows-amd64 JRE (24.0.2+12) (Zulu24.32+13-CA), built on 2025-07-11T12:45:44Z with MS VC++ 17.1 (VS2022)

END.
