#
# A fatal error has been detected by the Java Runtime Environment:
#
#  EXCEPTION_ACCESS_VIOLATION (0xc0000005) at pc=0x00007ff92b2dad89, pid=3216, tid=23172
#
# JRE version: OpenJDK Runtime Environment Zulu24.32+13-CA (24.0.2+12) (build 24.0.2+12)
# Java VM: OpenJDK 64-Bit Server VM Zulu24.32+13-CA (24.0.2+12, mixed mode, sharing, tiered, compressed oops, compressed class ptrs, g1 gc, windows-amd64)
# Problematic frame:
# C  [awt.dll+0xdad89]
#
# No core dump will be written. Minidumps are not enabled by default on client versions of Windows
#
# If you would like to submit a bug report, please visit:
#   http://www.azul.com/support/
# The crash happened outside the Java Virtual Machine in native code.
# See problematic frame for where to report the bug.
#

---------------  S U M M A R Y ------------

Command Line: -Dfile.encoding=UTF-8 --module-path=C:\Users\Istiak\Documents\NetBeansProjects\Bank Management System\build\classes bank.management.system.SignupOne

Host: 12th Gen Intel(R) Core(TM) i5-12500H, 16 cores, 15G,  Windows 11 , 64 bit Build 26100 (10.0.26100.5074)
Time: Sat Sep 13 06:20:54 2025 Bangladesh Standard Time elapsed time: 25585.963160 seconds (0d 7h 6m 25s)

---------------  T H R E A D  ---------------

Current thread (0x000001dd9172b550):  JavaThread "AWT-EventQueue-0"        [_thread_in_native, id=23172, stack(0x000000c848c00000,0x000000c848d00000) (1024K)]

Stack: [0x000000c848c00000,0x000000c848d00000],  sp=0x000000c848cfeff0,  free space=1019k
Native frames: (J=compiled Java code, j=interpreted, Vv=VM code, C=native code)
C  [awt.dll+0xdad89]  (no source info available)
C  [awt.dll+0xda148]  (no source info available)
C  0x000001dd3b8ece20  (no source info available)

The last pc belongs to native method entry point (kind = native) (printed below).
Java frames: (J=compiled Java code, j=interpreted, Vv=VM code)
j  sun.awt.Win32GraphicsConfig.getBounds(I)Ljava/awt/Rectangle;+0 java.desktop@24.0.2
j  sun.awt.Win32GraphicsConfig.getBounds()Ljava/awt/Rectangle;+8 java.desktop@24.0.2
j  sun.awt.Win32GraphicsDevice.displayChanged()V+23 java.desktop@24.0.2
j  sun.awt.Win32GraphicsEnvironment.displayChanged()V+271 java.desktop@24.0.2
j  sun.awt.windows.WToolkit.lambda$displayChanged$0()V+15 java.desktop@24.0.2
j  sun.awt.windows.WToolkit$$Lambda+0x000001dd4d10edd8.run()V+0 java.desktop@24.0.2
J 1771 c1 java.awt.event.InvocationEvent.dispatch()V java.desktop@24.0.2 (69 bytes) @ 0x000001dd3472b09c [0x000001dd3472ae80+0x000000000000021c]
J 1742 c1 java.awt.EventQueue.dispatchEventImpl(Ljava/awt/AWTEvent;Ljava/lang/Object;)V java.desktop@24.0.2 (139 bytes) @ 0x000001dd3471c01c [0x000001dd3471a720+0x00000000000018fc]
J 1741 c1 java.awt.EventQueue.dispatchEvent(Ljava/awt/AWTEvent;)V java.desktop@24.0.2 (48 bytes) @ 0x000001dd3471a134 [0x000001dd34719ee0+0x0000000000000254]
J 1748 c1 java.awt.EventDispatchThread.pumpOneEventForFilters(I)V java.desktop@24.0.2 (106 bytes) @ 0x000001dd3471fed4 [0x000001dd3471f6c0+0x0000000000000814]
j  java.awt.EventDispatchThread.pumpEventsForFilter(ILjava/awt/Conditional;Ljava/awt/EventFilter;)V+35 java.desktop@24.0.2
j  java.awt.EventDispatchThread.pumpEventsForHierarchy(ILjava/awt/Conditional;Ljava/awt/Component;)V+11 java.desktop@24.0.2
j  java.awt.EventDispatchThread.pumpEvents(ILjava/awt/Conditional;)V+4 java.desktop@24.0.2
j  java.awt.EventDispatchThread.pumpEvents(Ljava/awt/Conditional;)V+3 java.desktop@24.0.2
j  java.awt.EventDispatchThread.run()V+9 java.desktop@24.0.2
v  ~StubRoutines::call_stub 0x000001dd3b8e0fcd

siginfo: EXCEPTION_ACCESS_VIOLATION (0xc0000005), reading address 0x0000000000000028


Registers:
RAX=0x0000000000000000, RBX=0x000001dd4bdc0610, RCX=0x0000000000000000, RDX=0x0000000000000000
RSP=0x000000c848cfeff0, RBP=0x0000000000000000, RSI=0x0000000000000000, RDI=0x0000000000000000
R8 =0x0000000000000001, R9 =0x000000c846f3d000, R10=0x000001dd9161ba60, R11=0x000001dd8d29b488
R12=0x0000000000000000, R13=0x000001dd91239590, R14=0x000001dd912cb6b0, R15=0x0000000000000000
RIP=0x00007ff92b2dad89, EFLAGS=0x0000000000010246

XMM[0]=0x0000000000000000 0x0000000000000000
XMM[1]=0x0000000000000000 0x000000c848cff0c0
XMM[2]=0x00007ff8de0b692e 0x0000000000000000
XMM[3]=0x00007ff8de0c09d4 0x000001dd9172b550
XMM[4]=0x000001dd9172b550 0x000000c848cfe500
XMM[5]=0x000001dd9172b550 0x00007ff8debc3c01
XMM[6]=0x0000000000000000 0x06b97f4c8031dbe0
XMM[7]=0x0000000000000000 0x3b6d4820fe8c88fb
XMM[8]=0x0000000000000000 0x9cc768205c52007f
XMM[9]=0x0000000000000000 0xecb1a5c806856c91
XMM[10]=0x0000000000000000 0x0000000019d3c6c9
XMM[11]=0x0000000000000000 0x7214675f7899d3f0
XMM[12]=0x0000000000000000 0x0000000006856c91
XMM[13]=0x0000000000000000 0x0000000000000000
XMM[14]=0x0000000000000000 0x0000000000000000
XMM[15]=0x0000000000000000 0x0000000000000000
  MXCSR=0x00001fa2


Register to memory mapping:

RAX=0x0 is null
RBX=0x000001dd4bdc0610 points into unknown readable memory: 0x000001dd4af67450 | 50 74 f6 4a dd 01 00 00
RCX=0x0 is null
RDX=0x0 is null
RSP=0x000000c848cfeff0 is pointing into the stack for thread: 0x000001dd9172b550
RBP=0x0 is null
RSI=0x0 is null
RDI=0x0 is null
R8 =0x0000000000000001 is an unknown value
R9 =0x000000c846f3d000 points into unknown readable memory: 0x0000000000000000 | 00 00 00 00 00 00 00 00
R10=0x000001dd9161ba60 points into unknown readable memory: 0x0000001e00000003 | 03 00 00 00 1e 00 00 00
R11={method} {0x000001dd8d29b490} '<init>' '(IIII)V' in 'java/awt/Rectangle'
R12=0x0 is null
R13=0x000001dd91239590 points into unknown readable memory: 0x000001dd8d29b488 | 88 b4 29 8d dd 01 00 00
R14=0x000001dd912cb6b0 points into unknown readable memory: 0x000000071547be68 | 68 be 47 15 07 00 00 00
R15=0x0 is null

Top of Stack: (sp=0x000000c848cfeff0)
0x000000c848cfeff0:   00007ff92b337838 000001dd4bdc0610   8x3+.......K....
0x000000c848cff000:   000001dd9172b918 000001dd4bdc0610   ..r........K....
0x000000c848cff010:   000001dd9172b918 00007ff92b2da148   ..r.....H.-+....
0x000000c848cff020:   000001dd4bdc0610 000001dd4bdc0610   ...K.......K....
0x000000c848cff030:   0000000000000032 000001dd9172b918   2.........r.....
0x000000c848cff040:   000000071542ae18 000001dd8d237148   ..B.....Hq#.....
0x000000c848cff050:   0000000000000000 000000c848cff070   ........p..H....
0x000000c848cff060:   0000000000000000 0000000000000000   ................
0x000000c848cff070:   0000bfb98697a003 0000000713ecb918   ................
0x000000c848cff080:   000001dd9172b550 000000c848cff168   P.r.....h..H....
0x000000c848cff090:   000001dd8d293668 0000000000000000   h6).............
0x000000c848cff0a0:   000001dd8d74d618 0000000000000032   ..t.....2.......
0x000000c848cff0b0:   000000c848cff140 000001dd3b8ece20   @..H.... ..;....
0x000000c848cff0c0:   000000c848cff0d8 000001dd8d293668   ...H....h6).....
0x000000c848cff0d0:   000001dd3b8e8800 0000000000000000   ...;............
0x000000c848cff0e0:   0000000713ecb918 0000000713ecc358   ........X.......
0x000000c848cff0f0:   0000000713ecc358 fffffffffffffff7   X...............
0x000000c848cff100:   0000000000000000 0000000000000005   ................
0x000000c848cff110:   000001dd8d2960f0 0000000000000000   .`).............
0x000000c848cff120:   000000071547b5e0 000001dd8d293668   ..G.....h6).....
0x000000c848cff130:   0000000000000000 000000c848cff160   ........`..H....
0x000000c848cff140:   000000c848cff1b8 000001dd3b8e899a   ...H.......;....
0x000000c848cff150:   0000000000000000 000001dd3b8ea43a   ........:..;....
0x000000c848cff160:   0000000000000000 0000000713ecc358   ........X.......
0x000000c848cff170:   fffffffffffffff7 000001dd8d293710   .........7).....
0x000000c848cff180:   0000000000000002 000001dd8d2960f0   .........`).....
0x000000c848cff190:   0000000000000000 000000071547b5e0   ..........G.....
0x000000c848cff1a0:   000001dd8d293728 fffffffffffffff5   (7).............
0x000000c848cff1b0:   000000c848cff1c8 000000c848cff218   ...H.......H....
0x000000c848cff1c0:   000001dd3b8e899a 0000000713ecc358   ...;....X.......
0x000000c848cff1d0:   fffffffffffffff7 000001dd8d236f9f   .........o#.....
0x000000c848cff1e0:   0000000000000003 000001dd8d238720   ........ .#.....

Instructions: (pc=0x00007ff92b2dad89)
  0x00007ff92b2dac89:   cc cc cc cc cc cc cc 48 89 5c 24 08 48 89 6c 24
  0x00007ff92b2dac99:   10 48 89 74 24 18 57 48 83 ec 20 41 8b f8 0f b6
  0x00007ff92b2daca9:   f2 48 8b e9 e8 1e d3 f4 ff 48 8b d8 48 89 44 24
  0x00007ff92b2dacb9:   48 41 b8 01 00 00 00 8b d7 48 8b c8 e8 86 d2 f4
  0x00007ff92b2dacc9:   ff 48 8b c8 44 0f b6 c6 48 8b d5 e8 97 fa ff ff
  0x00007ff92b2dacd9:   48 8b f8 48 8b cb e8 ac d4 f4 ff 90 48 8b c7 48
  0x00007ff92b2dace9:   8b 5c 24 30 48 8b 6c 24 38 48 8b 74 24 40 48 83
  0x00007ff92b2dacf9:   c4 20 5f c3 cc cc cc 48 8b 49 28 e9 07 07 00 00
  0x00007ff92b2dad09:   cc cc cc cc cc cc cc 48 89 5c 24 08 57 48 83 ec
  0x00007ff92b2dad19:   20 8b f9 e8 af d2 f4 ff 48 8b d8 48 89 44 24 38
  0x00007ff92b2dad29:   41 b8 01 00 00 00 8b d7 48 8b c8 e8 17 d2 f4 ff
  0x00007ff92b2dad39:   48 8b 08 8b 39 48 8b cb e8 4a d4 f4 ff 90 8b c7
  0x00007ff92b2dad49:   48 8b 5c 24 30 48 83 c4 20 5f c3 cc cc cc cc cc
  0x00007ff92b2dad59:   cc cc cc cc cc cc cc 48 89 5c 24 08 57 48 83 ec
  0x00007ff92b2dad69:   20 8b f9 e8 5f d2 f4 ff 48 8b d8 48 89 44 24 38
  0x00007ff92b2dad79:   41 b8 01 00 00 00 8b d7 48 8b c8 e8 c7 d1 f4 ff
=>0x00007ff92b2dad89:   48 8b 78 28 48 8b cb e8 fb d3 f4 ff 90 48 8b c7
  0x00007ff92b2dad99:   48 8b 5c 24 30 48 83 c4 20 5f c3 cc cc cc cc cc
  0x00007ff92b2dada9:   cc cc cc cc cc cc cc 48 89 5c 24 08 57 48 83 ec
  0x00007ff92b2dadb9:   20 8b f9 e8 0f d2 f4 ff 48 8b d8 48 89 44 24 38
  0x00007ff92b2dadc9:   41 b8 01 00 00 00 8b d7 48 8b c8 e8 77 d1 f4 ff
  0x00007ff92b2dadd9:   48 8b 78 30 48 8b cb e8 ab d3 f4 ff 90 48 8b c7
  0x00007ff92b2dade9:   48 8b 5c 24 30 48 83 c4 20 5f c3 cc cc cc cc cc
  0x00007ff92b2dadf9:   cc cc cc cc cc cc cc 48 89 5c 24 08 57 48 83 ec
  0x00007ff92b2dae09:   20 8b f9 e8 bf d1 f4 ff 48 8b d8 48 89 44 24 38
  0x00007ff92b2dae19:   41 b8 01 00 00 00 8b d7 48 8b c8 e8 27 d1 f4 ff
  0x00007ff92b2dae29:   48 8b 78 08 48 85 ff 74 07 48 8b bf 08 0c 00 00
  0x00007ff92b2dae39:   48 8b cb e8 4f d3 f4 ff 90 48 8b c7 48 8b 5c 24
  0x00007ff92b2dae49:   30 48 83 c4 20 5f c3 f3 0f 10 41 48 c3 cc cc cc
  0x00007ff92b2dae59:   cc cc cc cc cc cc cc f3 0f 10 41 4c c3 cc cc cc
  0x00007ff92b2dae69:   cc cc cc cc cc cc cc 48 89 5c 24 10 48 89 74 24
  0x00007ff92b2dae79:   18 55 57 41 56 48 8d 6c 24 e0 48 81 ec 20 01 00


Stack slot to memory mapping:

stack at sp + 0 slots: 0x00007ff92b337838 awt.dll
stack at sp + 1 slots: 0x000001dd4bdc0610 points into unknown readable memory: 0x000001dd4af67450 | 50 74 f6 4a dd 01 00 00
stack at sp + 2 slots: 0x000001dd9172b918 points into unknown readable memory: 0x00007ff8deb2c9d0 | d0 c9 b2 de f8 7f 00 00
stack at sp + 3 slots: 0x000001dd4bdc0610 points into unknown readable memory: 0x000001dd4af67450 | 50 74 f6 4a dd 01 00 00
stack at sp + 4 slots: 0x000001dd9172b918 points into unknown readable memory: 0x00007ff8deb2c9d0 | d0 c9 b2 de f8 7f 00 00
stack at sp + 5 slots: 0x00007ff92b2da148 awt.dll
stack at sp + 6 slots: 0x000001dd4bdc0610 points into unknown readable memory: 0x000001dd4af67450 | 50 74 f6 4a dd 01 00 00
stack at sp + 7 slots: 0x000001dd4bdc0610 points into unknown readable memory: 0x000001dd4af67450 | 50 74 f6 4a dd 01 00 00

Lock stack of current Java thread (top to bottom):

native method entry point (kind = native)  [0x000001dd3b8eca40, 0x000001dd3b8ed478]  2616 bytes
[MachCode]
  0x000001dd3b8eca40: 488b 4b08 | 0fb7 492e | 584c 8d74 | ccf8 6800 | 0000 0068 | 0000 0000 | 5055 488b | ec41 5568 
  0x000001dd3b8eca60: 0000 0000 | 4c8b 6b08 | 4d8d 6d38 | 5348 8b53 | 0848 8b52 | 0848 8b52 | 1848 8b52 | 7048 8b12 
  0x000001dd3b8eca80: 5248 8b53 | 1048 85d2 | 0f84 0700 | 0000 4881 | c208 0100 | 0052 488b | 5308 488b | 5208 488b 
  0x000001dd3b8ecaa0: 5210 5249 | 8bc6 482b | c548 c1e8 | 0350 6800 | 0000 0068 | f7ff ffff | 41c6 8771 | 0400 0001 
  0x000001dd3b8ecac0: 488b 4310 | 4885 c074 | 208b 88cc | 0000 0083 | c102 8988 | cc00 0000 | 2388 e000 | 0000 0f84 
  0x000001dd3b8ecae0: e408 0000 | e9cd 0000 | 0048 8b43 | 1848 85c0 | 0f85 b000 | 0000 e805 | 0000 00e9 | 9900 0000 
  0x000001dd3b8ecb00: 488b d348 | 8d44 2408 | 4c89 6dc0 | 498b cfc5 | f877 4989 | afb8 0300 | 0049 8987 | a803 0000 
  0x000001dd3b8ecb20: 4883 ec20 | 40f6 c40f | 0f84 1900 | 0000 4883 | ec08 48b8 | e016 25de | f87f 0000 | ffd0 4883 
  0x000001dd3b8ecb40: c408 e90c | 0000 0048 | b8e0 1625 | def8 7f00 | 00ff d048 | 83c4 2049 | c787 a803 | 0000 0000 
  0x000001dd3b8ecb60: 0000 49c7 | 87b8 0300 | 0000 0000 | 0049 c787 | b003 0000 | 0000 0000 | c5f8 7749 | 837f 0800 
  0x000001dd3b8ecb80: 0f84 0500 | 0000 e935 | 43ff ff4c | 8b6d c04c | 8b75 c84e | 8d74 f500 | c348 8b43 | 1848 85c0 
  0x000001dd3b8ecba0: 0f84 1000 | 0000 8b08 | 83c1 0289 | 0823 4814 | 0f84 1208 | 0000 493b | a7f0 0400 | 000f 8748 
  0x000001dd3b8ecbc0: 0000 0089 | 8424 00f0 | ffff 8984 | 2400 e0ff | ff89 8424 | 00d0 ffff | 8984 2400 | c0ff ff89 
  0x000001dd3b8ecbe0: 8424 00b0 | ffff 8984 | 2400 a0ff | ff89 8424 | 0090 ffff | 8984 2400 | 80ff ff49 | 3ba7 e804 
  0x000001dd3b8ecc00: 0000 7607 | 4989 a7f0 | 0400 0041 | c687 7104 | 0000 0048 | 8b5d e84c | 8b5b 0845 | 0fb7 5b2e 
  0x000001dd3b8ecc20: 41c1 e303 | 492b e348 | 83ec 2048 | 83e4 f04c | 8b5b 604d | 85db 0f85 | ab00 0000 | e805 0000 
  0x000001dd3b8ecc40: 00e9 9900 | 0000 488b | d348 8d44 | 2408 4c89 | 6dc0 498b | cfc5 f877 | 4989 afb8 | 0300 0049 
  0x000001dd3b8ecc60: 8987 a803 | 0000 4883 | ec20 40f6 | c40f 0f84 | 1900 0000 | 4883 ec08 | 48b8 0041 | 25de f87f 
  0x000001dd3b8ecc80: 0000 ffd0 | 4883 c408 | e90c 0000 | 0048 b800 | 4125 def8 | 7f00 00ff | d048 83c4 | 2049 c787 
  0x000001dd3b8ecca0: a803 0000 | 0000 0000 | 49c7 87b8 | 0300 0000 | 0000 0049 | c787 b003 | 0000 0000 | 0000 c5f8 
  0x000001dd3b8eccc0: 7749 837f | 0800 0f84 | 0500 0000 | e9ef 41ff | ff4c 8b6d | c04c 8b75 | c84e 8d74 | f500 c348 
  0x000001dd3b8ecce0: 8b5d e84c | 8b5b 6041 | ffd3 488b | 5de8 4889 | 4518 448b | 5b28 41f6 | c308 0f84 | 1b00 0000 
  0x000001dd3b8ecd00: 4c8b 5b08 | 4d8b 5b08 | 4d8b 5b18 | 4d8b 5b70 | 4d8b 1b4c | 895d 1048 | 8d55 1048 | 8b43 5849 
  0x000001dd3b8ecd20: ba70 8c5e | def8 7f00 | 0049 3bc2 | 0f85 ab00 | 0000 e805 | 0000 00e9 | 9900 0000 | 488b d348 
  0x000001dd3b8ecd40: 8d44 2408 | 4c89 6dc0 | 498b cfc5 | f877 4989 | afb8 0300 | 0049 8987 | a803 0000 | 4883 ec20 
  0x000001dd3b8ecd60: 40f6 c40f | 0f84 1900 | 0000 4883 | ec08 48b8 | 0041 25de | f87f 0000 | ffd0 4883 | c408 e90c 
  0x000001dd3b8ecd80: 0000 0048 | b800 4125 | def8 7f00 | 00ff d048 | 83c4 2049 | c787 a803 | 0000 0000 | 0000 49c7 
  0x000001dd3b8ecda0: 87b8 0300 | 0000 0000 | 0049 c787 | b003 0000 | 0000 0000 | c5f8 7749 | 837f 0800 | 0f84 0500 
  0x000001dd3b8ecdc0: 0000 e9f9 | 40ff ff4c | 8b6d c04c | 8b75 c84e | 8d74 f500 | c348 8b5d | e848 8b43 | 5849 8d8f 
  0x000001dd3b8ecde0: c803 0000 | 4c8d 15d5 | 0000 004d | 8997 b003 | 0000 c5f8 | 7749 89af | b803 0000 | 4989 a7a8 
  0x000001dd3b8ece00: 0300 0041 | c787 5404 | 0000 0400 | 0000 493b | a748 0500 | 0076 0749 | 89a7 4805 | 0000 ffd0 
  0x000001dd3b8ece20: 493b a748 | 0500 0072 | 0b49 c787 | 4805 0000 | 0000 0000 | c5f8 7748 | 83ec 10c5 | fb11 0424 
  0x000001dd3b8ece40: 4883 ec10 | 4889 0424 | 48c7 4424 | 0800 0000 | 0041 c787 | 5404 0000 | 0500 0000 | f083 4424 
  0x000001dd3b8ece60: c000 493b | 6f28 0f87 | 0e00 0000 | 4183 bf50 | 0400 0000 | 0f84 2000 | 0000 498b | cf4c 8be4 
  0x000001dd3b8ece80: 4883 ec20 | 4883 e4f0 | 48b8 f0a5 | 26de f87f | 0000 ffd0 | 498b e44d | 33e4 41c7 | 8754 0400 
  0x000001dd3b8ecea0: 0008 0000 | 004d 8b97 | 7005 0000 | 4983 fa00 | 7435 49c7 | 8770 0500 | 0000 0000 | 0041 ffe2 
  0x000001dd3b8ecec0: 49ba 00bb | 8e3b dd01 | 0000 41ff | d248 83ec | 10c5 fb11 | 0424 4883 | ec10 4889 | 0424 48c7 
  0x000001dd3b8ecee0: 4424 0800 | 0000 0049 | c787 a803 | 0000 0000 | 0000 49c7 | 87b8 0300 | 0000 0000 | 0049 c787 
  0x000001dd3b8ecf00: b003 0000 | 0000 0000 | c5f8 774d | 8b9f 3804 | 0000 41c7 | 8300 0100 | 0000 0000 | 0049 bb3a 
  0x000001dd3b8ecf20: a48e 3bdd | 0100 004c | 3b5d 180f | 8555 0100 | 0048 8b04 | 2448 83c4 | 1048 85c0 | 0f84 2f01 
  0x000001dd3b8ecf40: 0000 a803 | 0f85 0800 | 0000 488b | 00e9 1f01 | 0000 a801 | 0f85 0900 | 0000 488b | 40fe e90e 
  0x000001dd3b8ecf60: 0100 0048 | 8b40 ff41 | 807f 4800 | 0f84 ff00 | 0000 4883 | f800 0f84 | f500 0000 | 4d8b 5f38 
  0x000001dd3b8ecf80: 4d85 db0f | 8414 0000 | 0049 83eb | 084d 895f | 384d 035f | 4049 8903 | e9d4 0000 | 0048 83ec 
  0x000001dd3b8ecfa0: 7048 8904 | 2448 894c | 2408 4889 | 5424 104c | 8944 2418 | 4c89 4c24 | 204c 8954 | 2428 4c89 
  0x000001dd3b8ecfc0: 5c24 30c5 | fb11 4424 | 40c5 fb11 | 4c24 48c5 | fb11 5424 | 50c5 fb11 | 5c24 58c5 | fb11 6424 
  0x000001dd3b8ecfe0: 60c5 fb11 | 6c24 6849 | 8bd7 488b | c848 83ec | 2040 f6c4 | 0f0f 8419 | 0000 0048 | 83ec 0848 
  0x000001dd3b8ed000: b8e0 1819 | def8 7f00 | 00ff d048 | 83c4 08e9 | 0c00 0000 | 48b8 e018 | 19de f87f | 0000 ffd0 
  0x000001dd3b8ed020: 4883 c420 | c5fb 106c | 2468 c5fb | 1064 2460 | c5fb 105c | 2458 c5fb | 1054 2450 | c5fb 104c 
  0x000001dd3b8ed040: 2448 c5fb | 1044 2440 | 4c8b 5c24 | 304c 8b54 | 2428 4c8b | 4c24 204c | 8b44 2418 | 488b 5424 
  0x000001dd3b8ed060: 1048 8b4c | 2408 488b | 0424 4883 | c470 c5f8 | 7748 8945 | 1048 83ec | 1048 8904 | 2448 c744 
  0x000001dd3b8ed080: 2408 0000 | 0000 4183 | bfd0 0400 | 0002 0f85 | bf00 0000 | 4881 ec80 | 0000 0048 | 8944 2478 
  0x000001dd3b8ed0a0: 4889 4c24 | 7048 8954 | 2468 4889 | 5c24 6048 | 896c 2450 | 4889 7424 | 4848 897c | 2440 4c89 
  0x000001dd3b8ed0c0: 4424 384c | 894c 2430 | 4c89 5424 | 284c 895c | 2420 4c89 | 6424 184c | 896c 2410 | 4c89 7424 
  0x000001dd3b8ed0e0: 084c 893c | 244c 8be4 | 4883 ec20 | 4883 e4f0 | 48b8 6074 | 5ede f87f | 0000 ffd0 | 498b e44c 
  0x000001dd3b8ed100: 8b3c 244c | 8b74 2408 | 4c8b 6c24 | 104c 8b64 | 2418 4c8b | 5c24 204c | 8b54 2428 | 4c8b 4c24 
  0x000001dd3b8ed120: 304c 8b44 | 2438 488b | 7c24 4048 | 8b74 2448 | 488b 6c24 | 5048 8b5c | 2460 488b | 5424 6848 
  0x000001dd3b8ed140: 8b4c 2470 | 488b 4424 | 7848 81c4 | 8000 0000 | 4d33 e448 | 8b5d e84c | 8b6b 084d | 8d6d 3849 
  0x000001dd3b8ed160: 837f 0800 | 0f84 bb00 | 0000 e805 | 0000 00e9 | 9600 0000 | 488d 4424 | 084c 896d | c049 8bcf 
  0x000001dd3b8ed180: c5f8 7749 | 89af b803 | 0000 4989 | 87a8 0300 | 0048 83ec | 2040 f6c4 | 0f0f 8419 | 0000 0048 
  0x000001dd3b8ed1a0: 83ec 0848 | b8a0 5f25 | def8 7f00 | 00ff d048 | 83c4 08e9 | 0c00 0000 | 48b8 a05f | 25de f87f 
  0x000001dd3b8ed1c0: 0000 ffd0 | 4883 c420 | 49c7 87a8 | 0300 0000 | 0000 0049 | c787 b803 | 0000 0000 | 0000 49c7 
  0x000001dd3b8ed1e0: 87b0 0300 | 0000 0000 | 00c5 f877 | 4983 7f08 | 000f 8405 | 0000 00e9 | c43c ffff | 4c8b 6dc0 
  0x000001dd3b8ed200: 4c8b 75c8 | 4e8d 74f5 | 00c3 48b9 | e034 8ede | f87f 0000 | 4883 e4f0 | 48b8 1090 | 4bde f87f 
  0x000001dd3b8ed220: 0000 ffd0 | f444 8b5b | 2841 f6c3 | 200f 8472 | 0100 0048 | 8d55 a84c | 8b5a 084d | 85db 0f85 
  0x000001dd3b8ed240: bb00 0000 | e805 0000 | 00e9 9600 | 0000 488d | 4424 084c | 896d c049 | 8bcf c5f8 | 7749 89af 
  0x000001dd3b8ed260: b803 0000 | 4989 87a8 | 0300 0048 | 83ec 2040 | f6c4 0f0f | 8419 0000 | 0048 83ec | 0848 b8d0 
  0x000001dd3b8ed280: 5e25 def8 | 7f00 00ff | d048 83c4 | 08e9 0c00 | 0000 48b8 | d05e 25de | f87f 0000 | ffd0 4883 
  0x000001dd3b8ed2a0: c420 49c7 | 87a8 0300 | 0000 0000 | 0049 c787 | b803 0000 | 0000 0000 | 49c7 87b0 | 0300 0000 
  0x000001dd3b8ed2c0: 0000 00c5 | f877 4983 | 7f08 000f | 8405 0000 | 00e9 ea3b | ffff 4c8b | 6dc0 4c8b | 75c8 4e8d 
  0x000001dd3b8ed2e0: 74f5 00c3 | 48b9 e034 | 8ede f87f | 0000 4883 | e4f0 48b8 | 1090 4bde | f87f 0000 | ffd0 f44c 
  0x000001dd3b8ed300: 896d c04c | 8b4a 0848 | c742 0800 | 0000 0045 | 8b87 5806 | 0000 4f3b | 4c07 f80f | 8542 0000 
  0x000001dd3b8ed320: 0041 83af | 5806 0000 | 084f 3b4c | 07f0 0f84 | 2a00 0000 | 498b 01a8 | 020f 8512 | 0000 004c 
  0x000001dd3b8ed340: 8bc0 4983 | c801 f04d | 0fb1 010f | 840d 0000 | 0041 8387 | 5806 0000 | 08e9 0500 | 0000 e93e 
  0x000001dd3b8ed360: 0000 004c | 894a 0848 | 8bca 4883 | ec20 40f6 | c40f 0f84 | 1900 0000 | 4883 ec08 | 48b8 f030 
  0x000001dd3b8ed380: 25de f87f | 0000 ffd0 | 4883 c408 | e90c 0000 | 0048 b8f0 | 3025 def8 | 7f00 00ff | d048 83c4 
  0x000001dd3b8ed3a0: 204c 8b6d | c048 8b04 | 2448 83c4 | 10c5 fb10 | 0424 4883 | c410 4c8b | 5d18 41ff | d34c 8b5d 
  0x000001dd3b8ed3c0: f8c9 5f49 | 8be3 ffe7 | ba00 0000 | 00e8 0500 | 0000 e996 | 0000 0048 | 8d44 2408 | 4c89 6dc0 
  0x000001dd3b8ed3e0: 498b cfc5 | f877 4989 | afb8 0300 | 0049 8987 | a803 0000 | 4883 ec20 | 40f6 c40f | 0f84 1900 
  0x000001dd3b8ed400: 0000 4883 | ec08 48b8 | a025 25de | f87f 0000 | ffd0 4883 | c408 e90c | 0000 0048 | b8a0 2525 
  0x000001dd3b8ed420: def8 7f00 | 00ff d048 | 83c4 2049 | c787 a803 | 0000 0000 | 0000 49c7 | 87b8 0300 | 0000 0000 
  0x000001dd3b8ed440: 0049 c787 | b003 0000 | 0000 0000 | c5f8 7749 | 837f 0800 | 0f84 0500 | 0000 e961 | 3aff ff4c 
  0x000001dd3b8ed460: 8b6d c04c | 8b75 c84e | 8d74 f500 | c348 8b5d | e8e9 40f7 | ffff 6690 
[/MachCode]

Compiled method (c1) 25587341 1771   !   3       java.awt.event.InvocationEvent::dispatch (69 bytes)
 total in heap  [0x000001dd3472ad08,0x000001dd3472b500] = 2040
 relocation     [0x000001dd3472ade0,0x000001dd3472ae68] = 136
 main code      [0x000001dd3472ae80,0x000001dd3472b490] = 1552
 stub code      [0x000001dd3472b490,0x000001dd3472b4f8] = 104
 metadata       [0x000001dd3472b4f8,0x000001dd3472b500] = 8
 immutable data [0x000001dd9175c8e0,0x000001dd9175ca88] = 424
 dependencies   [0x000001dd9175c8e0,0x000001dd9175c8e8] = 8
 nul chk table  [0x000001dd9175c8e8,0x000001dd9175c900] = 24
 handler table  [0x000001dd9175c900,0x000001dd9175c990] = 144
 scopes pcs     [0x000001dd9175c990,0x000001dd9175ca30] = 160
 scopes data    [0x000001dd9175ca30,0x000001dd9175ca88] = 88

[Constant Pool (empty)]

[MachCode]
[Instructions begin]
  0x000001dd3472ae80: 6666 660f | 1f84 0000 | 0000 0066 | 6666 9066 | 6690 448b | 5208 443b 

  0x000001dd3472ae98: ;   {runtime_call Shared Runtime ic_miss_blob}
  0x000001dd3472ae98: 5008 0f85 | c038 2007 
[Verified Entry Point]
  0x000001dd3472aea0: 8984 2400 | 80ff ff55 | 4883 ec30 | 4181 7f20 | 0100 0000 

  0x000001dd3472aeb4: ;   {runtime_call StubRoutines (final stubs)}
  0x000001dd3472aeb4: 7405 e845 | aa1e 0748 | 8954 2418 

  0x000001dd3472aec0: ;   {metadata(method data for {method} {0x000001dd8d697b68} 'dispatch' '()V' in 'java/awt/event/InvocationEvent')}
  0x000001dd3472aec0: 48be 204d | 9f8d dd01 | 0000 8bbe | cc00 0000 | 83c7 0289 | becc 0000 | 0081 e7fe | 0700 0085 
  0x000001dd3472aee0: ff0f 84c7 | 0400 000f | be72 1d85 

  0x000001dd3472aeec: ;   {metadata(method data for {method} {0x000001dd8d697b68} 'dispatch' '()V' in 'java/awt/event/InvocationEvent')}
  0x000001dd3472aeec: f648 be20 | 4d9f 8ddd | 0100 00bf | 1001 0000 | 7405 bf20 | 0100 0048 | 8b1c 3e48 | 8d5b 0148 
  0x000001dd3472af0c: 891c 3e0f | 84d1 0000 | 008b 7228 | 48c1 e603 

  0x000001dd3472af1c: ; implicit exception: dispatches to 0x000001dd3472b3cf
  0x000001dd3472af1c: 483b 0648 

  0x000001dd3472af20: ;   {metadata(method data for {method} {0x000001dd8d697b68} 'dispatch' '()V' in 'java/awt/event/InvocationEvent')}
  0x000001dd3472af20: 8bfe 48bb | 204d 9f8d | dd01 0000 | 8b7f 0849 | ba00 0000 | 4cdd 0100 | 0049 03fa | 483b bb38 
  0x000001dd3472af40: 0100 0075 | 0d48 8383 | 4001 0000 | 01e9 6000 | 0000 483b | bb48 0100 | 0075 0d48 | 8383 5001 
  0x000001dd3472af60: 0000 01e9 | 4a00 0000 | 4883 bb38 | 0100 0000 | 7517 4889 | bb38 0100 | 0048 c783 | 4001 0000 
  0x000001dd3472af80: 0100 0000 | e929 0000 | 0048 83bb | 4801 0000 | 0075 1748 | 89bb 4801 | 0000 48c7 | 8350 0100 
  0x000001dd3472afa0: 0001 0000 | 00e9 0800 | 0000 4883 | 8330 0100 | 0001 488b | d648 b830 | cf74 91dd 

  0x000001dd3472afbc: ;   {virtual_call}
  0x000001dd3472afbc: 0100 00e8 

  0x000001dd3472afc0: ; ImmutableOopMap {[24]=Oop }
                      ;*invokeinterface run {reexecute=0 rethrow=0 return_oop=0}
                      ; - java.awt.event.InvocationEvent::dispatch@11 (line 308)
  0x000001dd3472afc0: 9c3d 2007 

  0x000001dd3472afc4: ;   {post_call_nop}
  0x000001dd3472afc4: 0f1f 8400 | bc02 0000 

  0x000001dd3472afcc: ;   {metadata(method data for {method} {0x000001dd8d697b68} 'dispatch' '()V' in 'java/awt/event/InvocationEvent')}
  0x000001dd3472afcc: 48ba 204d | 9f8d dd01 | 0000 ff82 | 6001 0000 | 488b 5424 | 18e9 1f03 | 0000 8b72 | 2848 c1e6 
  0x000001dd3472afec: 0348 3b06 

  0x000001dd3472aff0: ;   {metadata(method data for {method} {0x000001dd8d697b68} 'dispatch' '()V' in 'java/awt/event/InvocationEvent')}
  0x000001dd3472aff0: 488b fe48 | bb20 4d9f | 8ddd 0100 | 008b 7f08 | 49ba 0000 | 004c dd01 | 0000 4903 | fa48 3bbb 
  0x000001dd3472b010: 1802 0000 | 750d 4883 | 8320 0200 | 0001 e960 | 0000 0048 | 3bbb 2802 | 0000 750d | 4883 8330 
  0x000001dd3472b030: 0200 0001 | e94a 0000 | 0048 83bb | 1802 0000 | 0075 1748 | 89bb 1802 | 0000 48c7 | 8320 0200 
  0x000001dd3472b050: 0001 0000 | 00e9 2900 | 0000 4883 | bb28 0200 | 0000 7517 | 4889 bb28 | 0200 0048 | c783 3002 
  0x000001dd3472b070: 0000 0100 | 0000 e908 | 0000 0048 | 8383 1002 | 0000 0148 | 8bd6 0f1f | 8000 0000 | 0048 b858 
  0x000001dd3472b090: cf74 91dd 

  0x000001dd3472b094: ;   {virtual_call}
  0x000001dd3472b094: 0100 00e8 

  0x000001dd3472b098: ; ImmutableOopMap {[24]=Oop }
                      ;*invokeinterface run {reexecute=0 rethrow=0 return_oop=0}
                      ; - java.awt.event.InvocationEvent::dispatch@47 (line 318)
  0x000001dd3472b098: b4ee 2c07 

  0x000001dd3472b09c: ;   {post_call_nop}
  0x000001dd3472b09c: 0f1f 8400 | 9403 0001 | 488b 5424 | 18e9 5702 | 0000 498b | 8708 0500 | 004d 33d2 | 4d89 9708 
  0x000001dd3472b0bc: 0500 004d | 33d2 4d89 | 9710 0500 | 0048 85c0 

  0x000001dd3472b0cc: ;   {metadata(method data for {method} {0x000001dd8d697b68} 'dispatch' '()V' in 'java/awt/event/InvocationEvent')}
  0x000001dd3472b0cc: 48be 204d | 9f8d dd01 | 0000 750c | 808e 7101 | 0000 01e9 | af00 0000 | 8b78 0849 | ba00 0000 
  0x000001dd3472b0ec: 4cdd 0100 | 0049 03fa | 483b be80 | 0100 0075 | 0d48 8386 | 8801 0000 | 01e9 6000 | 0000 483b 
  0x000001dd3472b10c: be90 0100 | 0075 0d48 | 8386 9801 | 0000 01e9 | 4a00 0000 | 4883 be80 | 0100 0000 | 7517 4889 
  0x000001dd3472b12c: be80 0100 | 0048 c786 | 8801 0000 | 0100 0000 | e929 0000 | 0048 83be | 9001 0000 | 0075 1748 
  0x000001dd3472b14c: 89be 9001 | 0000 48c7 | 8698 0100 | 0001 0000 | 00e9 0800 | 0000 4883 | 8678 0100 

  0x000001dd3472b168: ;   {metadata('java/lang/Exception')}
  0x000001dd3472b168: 0001 48bf | e8f4 1b4c | dd01 0000 | 8b70 0849 | ba00 0000 | 4cdd 0100 | 0049 03f2 | 483b 7e40 
  0x000001dd3472b188: 0f85 0500 | 0000 e905 | 0000 004d | 33c0 eb06 | 41b8 0100 | 0000 4585 

  0x000001dd3472b1a0: ;   {metadata(method data for {method} {0x000001dd8d697b68} 'dispatch' '()V' in 'java/awt/event/InvocationEvent')}
  0x000001dd3472b1a0: c049 b820 | 4d9f 8ddd | 0100 00ba | a801 0000 | 7405 bab8 | 0100 0049 | 8b34 1048 | 8d76 0149 
  0x000001dd3472b1c0: 8934 1048 | 8b54 2418 | 0f84 f900 | 0000 4885 

  0x000001dd3472b1d0: ;   {metadata(method data for {method} {0x000001dd8d697b68} 'dispatch' '()V' in 'java/awt/event/InvocationEvent')}
  0x000001dd3472b1d0: c048 bf20 | 4d9f 8ddd | 0100 0075 | 0c80 8fc1 | 0100 0001 | e9af 0000 | 008b 5808 | 49ba 0000 
  0x000001dd3472b1f0: 004c dd01 | 0000 4903 | da48 3b9f | d001 0000 | 750d 4883 | 87d8 0100 | 0001 e960 | 0000 0048 
  0x000001dd3472b210: 3b9f e001 | 0000 750d | 4883 87e8 | 0100 0001 | e94a 0000 | 0048 83bf | d001 0000 | 0075 1748 
  0x000001dd3472b230: 899f d001 | 0000 48c7 | 87d8 0100 | 0001 0000 | 00e9 2900 | 0000 4883 | bfe0 0100 | 0000 7517 
  0x000001dd3472b250: 4889 9fe0 | 0100 0048 | c787 e801 | 0000 0100 | 0000 e908 | 0000 0048 | 8387 c801 

  0x000001dd3472b26c: ;   {metadata('java/lang/Exception')}
  0x000001dd3472b26c: 0000 0148 | bbe8 f41b | 4cdd 0100 | 008b 7808 | 49ba 0000 | 004c dd01 | 0000 4903 | fa48 3b5f 
  0x000001dd3472b28c: 400f 8546 | 0100 00e9 | 0000 0000 | 4c8b c041 | 0fbe 7748 | 85f6 0f85 | 3a01 0000 | 4d8b d049 
  0x000001dd3472b2ac: c1ea 0344 | 8952 3448 | 8bf2 4933 | f048 c1ee | 1548 83fe | 000f 853a | 0100 0045 | 0fbe 4748 
  0x000001dd3472b2cc: 4585 c00f | 8544 0100 | 004c 8bd0 | 49c1 ea03 | 4489 5238 | 4c8b c24c | 33c0 49c1 | e815 4983 
  0x000001dd3472b2ec: f800 0f85 | 4501 0000 

  0x000001dd3472b2f4: ;   {metadata(method data for {method} {0x000001dd8d697b68} 'dispatch' '()V' in 'java/awt/event/InvocationEvent')}
  0x000001dd3472b2f4: 49b8 204d | 9f8d dd01 | 0000 41ff | 80f8 0100 | 004c 8bc2 

  0x000001dd3472b308: ;   {metadata(method data for {method} {0x000001dd8d697b68} 'dispatch' '()V' in 'java/awt/event/InvocationEvent')}
  0x000001dd3472b308: 48be 204d | 9f8d dd01 | 0000 4883 | 8640 0200 | 0001 41b8 | 0100 0000 | 0f1f 8000 

  0x000001dd3472b324: ;   {optimized virtual_call}
  0x000001dd3472b324: 0000 00e8 

  0x000001dd3472b328: ; ImmutableOopMap {}
                      ;*invokevirtual finishedDispatching {reexecute=0 rethrow=0 return_oop=0}
                      ; - java.awt.event.InvocationEvent::dispatch@54 (line 321)
  0x000001dd3472b328: 34db 0100 

  0x000001dd3472b32c: ;   {post_call_nop}
  0x000001dd3472b32c: 0f1f 8400 | 2406 0002 

  0x000001dd3472b334: ;   {metadata(method data for {method} {0x000001dd8d697b68} 'dispatch' '()V' in 'java/awt/event/InvocationEvent')}
  0x000001dd3472b334: 48b8 204d | 9f8d dd01 | 0000 ff80 | 7002 0000 | 4883 c430 

  0x000001dd3472b348: ;   {poll_return}
  0x000001dd3472b348: 5d49 3b67 | 280f 87fe | 0000 00c3 | 488b 5424 | 1849 8b87 | 0805 0000 | 4d33 d24d | 8997 0805 
  0x000001dd3472b368: 0000 4d33 | d24d 8997 | 1005 0000 

  0x000001dd3472b374: ;   {metadata(method data for {method} {0x000001dd8d697b68} 'dispatch' '()V' in 'java/awt/event/InvocationEvent')}
  0x000001dd3472b374: 4c8b c248 | be20 4d9f | 8ddd 0100 | 0048 8386 | 8802 0000 | 0141 b801 | 0000 0048 | 8944 2420 
  0x000001dd3472b394: ;   {optimized virtual_call}
  0x000001dd3472b394: 6666 90e8 

  0x000001dd3472b398: ; ImmutableOopMap {[32]=Oop }
                      ;*invokevirtual finishedDispatching {reexecute=0 rethrow=0 return_oop=0}
                      ; - java.awt.event.InvocationEvent::dispatch@63 (line 321)
  0x000001dd3472b398: c436 2007 

  0x000001dd3472b39c: ;   {post_call_nop}
  0x000001dd3472b39c: 0f1f 8400 | 9406 0003 | 488b 4424 | 20e9 d600 

  0x000001dd3472b3ac: ;   {metadata({method} {0x000001dd8d697b68} 'dispatch' '()V' in 'java/awt/event/InvocationEvent')}
  0x000001dd3472b3ac: 0000 49ba | 607b 698d | dd01 0000 | 4c89 5424 | 0848 c704 | 24ff ffff 

  0x000001dd3472b3c4: ;   {runtime_call C1 Runtime counter_overflow_blob}
  0x000001dd3472b3c4: ffe8 9682 

  0x000001dd3472b3c8: ; ImmutableOopMap {rdx=Oop [24]=Oop }
                      ;*synchronization entry
                      ; - java.awt.event.InvocationEvent::dispatch@-1 (line 306)
  0x000001dd3472b3c8: 2c07 e918 

  0x000001dd3472b3cc: ;   {runtime_call C1 Runtime throw_null_pointer_exception_blob}
  0x000001dd3472b3cc: fbff ffe8 

  0x000001dd3472b3d0: ; ImmutableOopMap {rdx=Oop rsi=Oop [24]=Oop }
                      ;*invokeinterface run {reexecute=0 rethrow=0 return_oop=0}
                      ; - java.awt.event.InvocationEvent::dispatch@11 (line 308)
  0x000001dd3472b3d0: 8c31 2c07 

  0x000001dd3472b3d4: ;   {runtime_call C1 Runtime throw_null_pointer_exception_blob}
  0x000001dd3472b3d4: e887 312c 

  0x000001dd3472b3d8: ; ImmutableOopMap {rdx=Oop rsi=Oop [24]=Oop }
                      ;*invokeinterface run {reexecute=0 rethrow=0 return_oop=0}
                      ; - java.awt.event.InvocationEvent::dispatch@47 (line 318)
  0x000001dd3472b3d8: 0748 8904 

  0x000001dd3472b3dc: ;   {runtime_call C1 Runtime throw_class_cast_exception_blob}
  0x000001dd3472b3dc: 24e8 7e55 

  0x000001dd3472b3e0: ; ImmutableOopMap {rax=Oop rdx=Oop [24]=Oop }
                      ;*checkcast {reexecute=0 rethrow=0 return_oop=0}
                      ; - java.awt.event.InvocationEvent::dispatch@29 (line 312)
  0x000001dd3472b3e0: 2c07 8b72 | 3448 c1e6 | 0348 83fe | 000f 84b5 | feff ff48 

  0x000001dd3472b3f4: ;   {runtime_call g1_pre_barrier_slow}
  0x000001dd3472b3f4: 8934 24e8 | 6488 2c07 | e9a7 feff | ff49 83f8 | 000f 84bc | feff ff48 

  0x000001dd3472b40c: ;   {runtime_call g1_post_barrier_slow}
  0x000001dd3472b40c: 8914 24e8 | 4c8b 2c07 | e9ae feff | ff44 8b42 | 3849 c1e0 | 0349 83f8 | 000f 84aa | feff ff4c 
  0x000001dd3472b42c: ;   {runtime_call g1_pre_barrier_slow}
  0x000001dd3472b42c: 8904 24e8 | 2c88 2c07 | e99c feff | ff48 83f8 | 000f 84b1 | feff ff48 

  0x000001dd3472b444: ;   {runtime_call g1_post_barrier_slow}
  0x000001dd3472b444: 8914 24e8 | 148b 2c07 | e9a3 feff 

  0x000001dd3472b450: ;   {internal_word}
  0x000001dd3472b450: ff49 ba49 | b372 34dd | 0100 004d | 8997 6004 

  0x000001dd3472b460: ;   {runtime_call SafepointBlob}
  0x000001dd3472b460: 0000 e979 | a820 0749 | 8b87 0805 | 0000 49c7 | 8708 0500 | 0000 0000 | 0049 c787 | 1005 0000 
  0x000001dd3472b480: 0000 0000 | 4883 c430 

  0x000001dd3472b488: ;   {runtime_call C1 Runtime unwind_exception_blob}
  0x000001dd3472b488: 5de9 d221 | 2c07 f4f4 
[Stub Code]
  0x000001dd3472b490: ;   {no_reloc}
  0x000001dd3472b490: 0f1f 4400 

  0x000001dd3472b494: ;   {static_stub}
  0x000001dd3472b494: 0048 bb00 | 0000 0000 

  0x000001dd3472b49c: ;   {runtime_call nmethod}
  0x000001dd3472b49c: 0000 00e9 | fbff ffff 

  0x000001dd3472b4a4: ;   {static_stub}
  0x000001dd3472b4a4: 9048 bb00 | 0000 0000 

  0x000001dd3472b4ac: ;   {runtime_call nmethod}
  0x000001dd3472b4ac: 0000 00e9 | fbff ffff 

  0x000001dd3472b4b4: ;   {static_stub}
  0x000001dd3472b4b4: 48bb 607f | 698d dd01 

  0x000001dd3472b4bc: ;   {runtime_call I2C/C2I adapters}
  0x000001dd3472b4bc: 0000 e9f3 

  0x000001dd3472b4c0: ;   {runtime_call C1 Runtime handle_exception_from_callee_blob}
  0x000001dd3472b4c0: 9220 07e8 | 984e 2c07 

  0x000001dd3472b4c8: ;   {external_word}
  0x000001dd3472b4c8: 48b9 e034 | 8ede f87f | 0000 4883 

  0x000001dd3472b4d4: ;   {runtime_call}
  0x000001dd3472b4d4: e4f0 48b8 | 1090 4bde | f87f 0000 

  0x000001dd3472b4e0: ;   {section_word}
  0x000001dd3472b4e0: ffd0 f449 | bae3 b472 | 34dd 0100 

  0x000001dd3472b4ec: ;   {runtime_call DeoptimizationBlob}
  0x000001dd3472b4ec: 0041 52e9 | 8c9d 2007 | f4f4 f4f4 
[/MachCode]


Compiled method (c1) 25587528 1742       3       java.awt.EventQueue::dispatchEventImpl (139 bytes)
 total in heap  [0x000001dd3471a388,0x000001dd3471c8c0] = 9528
 relocation     [0x000001dd3471a460,0x000001dd3471a708] = 680
 main code      [0x000001dd3471a720,0x000001dd3471c6d8] = 8120
 stub code      [0x000001dd3471c6d8,0x000001dd3471c7e8] = 272
 oops           [0x000001dd3471c7e8,0x000001dd3471c7f8] = 16
 metadata       [0x000001dd3471c7f8,0x000001dd3471c8c0] = 200
 immutable data [0x000001dd91884dd0,0x000001dd91885558] = 1928
 dependencies   [0x000001dd91884dd0,0x000001dd91884e08] = 56
 nul chk table  [0x000001dd91884e08,0x000001dd91884e88] = 128
 handler table  [0x000001dd91884e88,0x000001dd91884f48] = 192
 scopes pcs     [0x000001dd91884f48,0x000001dd91885328] = 992
 scopes data    [0x000001dd91885328,0x000001dd91885558] = 560

[Constant Pool (empty)]

[MachCode]
[Instructions begin]
  0x000001dd3471a720: 6666 660f | 1f84 0000 | 0000 0066 | 6666 9066 | 6690 448b | 5208 443b 

  0x000001dd3471a738: ;   {runtime_call Shared Runtime ic_miss_blob}
  0x000001dd3471a738: 5008 0f85 | 2040 2107 
[Verified Entry Point]
  0x000001dd3471a740: 8984 2400 | 80ff ff55 | 4881 ecd0 | 0000 0090 | 4181 7f20 | 0100 0000 

  0x000001dd3471a758: ;   {runtime_call StubRoutines (final stubs)}
  0x000001dd3471a758: 7405 e8a1 | b11f 074c | 8984 24a8 

  0x000001dd3471a764: ;   {metadata(method data for {method} {0x000001dd8d1788f0} 'dispatchEventImpl' '(Ljava/awt/AWTEvent;Ljava/lang/Object;)V' in 'java/awt/EventQueue')}
  0x000001dd3471a764: 0000 0048 | be00 cf9b | 8ddd 0100 | 008b becc | 0000 0083 | c702 89be | cc00 0000 | 81e7 fe07 
  0x000001dd3471a784: 0000 85ff | 0f84 121b | 0000 41c6 | 4016 014d 

  0x000001dd3471a794: ;   {metadata(method data for {method} {0x000001dd8d1788f0} 'dispatchEventImpl' '(Ljava/awt/AWTEvent;Ljava/lang/Object;)V' in 'java/awt/EventQueue')}
  0x000001dd3471a794: 85c0 48bb | 00cf 9b8d | dd01 0000 | 750c 808b | 0901 0000 | 01e9 cb00 | 0000 418b | 4008 49ba 
  0x000001dd3471a7b4: 0000 004c | dd01 0000 | 4903 c248 | 3b83 1801 | 0000 750d | 4883 8320 | 0100 0001 | e960 0000 
  0x000001dd3471a7d4: 0048 3b83 | 2801 0000 | 750d 4883 | 8330 0100 | 0001 e94a | 0000 0048 | 83bb 1801 | 0000 0075 
  0x000001dd3471a7f4: 1748 8983 | 1801 0000 | 48c7 8320 | 0100 0001 | 0000 00e9 | 2900 0000 | 4883 bb28 | 0100 0000 
  0x000001dd3471a814: 7517 4889 | 8328 0100 | 0048 c783 | 3001 0000 | 0100 0000 | e908 0000 | 0048 8383 | 1001 0000 
  0x000001dd3471a834: ;   {metadata('java/awt/ActiveEvent')}
  0x000001dd3471a834: 0148 b868 | 7369 8ddd | 0100 0041 | 8b58 0849 | ba00 0000 | 4cdd 0100 | 0049 03da | 483b 4320 
  0x000001dd3471a854: 0f84 2400 | 0000 483b | d80f 841b | 0000 0053 

  0x000001dd3471a864: ;   {runtime_call C1 Runtime slow_subtype_check_blob}
  0x000001dd3471a864: 50e8 d666 | 2d07 5b5b | 85db 0f84 | 0500 0000 | e905 0000 | 0048 33f6 | eb05 be01 | 0000 0085 
  0x000001dd3471a884: ;   {metadata(method data for {method} {0x000001dd8d1788f0} 'dispatchEventImpl' '(Ljava/awt/AWTEvent;Ljava/lang/Object;)V' in 'java/awt/EventQueue')}
  0x000001dd3471a884: f648 be00 | cf9b 8ddd | 0100 00bf | 5001 0000 | 7505 bf40 | 0100 0048 | 8b1c 3e48 | 8d5b 0148 
  0x000001dd3471a8a4: 891c 3e0f | 85ab 1500 | 004d 85c9 

  0x000001dd3471a8b0: ;   {metadata(method data for {method} {0x000001dd8d1788f0} 'dispatchEventImpl' '(Ljava/awt/AWTEvent;Ljava/lang/Object;)V' in 'java/awt/EventQueue')}
  0x000001dd3471a8b0: 48bb 00cf | 9b8d dd01 | 0000 750c | 808b 0102 | 0000 01e9 | b100 0000 | 418b 4108 | 49ba 0000 
  0x000001dd3471a8d0: 004c dd01 | 0000 4903 | c248 3b83 | 1002 0000 | 750d 4883 | 8318 0200 | 0001 e960 | 0000 0048 
  0x000001dd3471a8f0: 3b83 2002 | 0000 750d | 4883 8328 | 0200 0001 | e94a 0000 | 0048 83bb | 1002 0000 | 0075 1748 
  0x000001dd3471a910: 8983 1002 | 0000 48c7 | 8318 0200 | 0001 0000 | 00e9 2900 | 0000 4883 | bb20 0200 | 0000 7517 
  0x000001dd3471a930: 4889 8320 | 0200 0048 | c783 2802 | 0000 0100 | 0000 e908 | 0000 0048 | 8383 0802 

  0x000001dd3471a94c: ;   {metadata('java/awt/Component')}
  0x000001dd3471a94c: 0000 0148 | b888 2209 | 8ddd 0100 | 0041 8b59 | 0849 ba00 | 0000 4cdd | 0100 0049 | 03da 483b 
  0x000001dd3471a96c: 4338 0f85 | 0500 0000 | e905 0000 | 0048 33f6 | eb05 be01 | 0000 0085 

  0x000001dd3471a984: ;   {metadata(method data for {method} {0x000001dd8d1788f0} 'dispatchEventImpl' '(Ljava/awt/AWTEvent;Ljava/lang/Object;)V' in 'java/awt/EventQueue')}
  0x000001dd3471a984: f648 be00 | cf9b 8ddd | 0100 00bf | 3802 0000 | 7405 bf48 | 0200 0048 | 8b1c 3e48 | 8d5b 0148 
  0x000001dd3471a9a4: 891c 3e0f | 84e4 0600 | 004d 85c9 

  0x000001dd3471a9b0: ;   {metadata(method data for {method} {0x000001dd8d1788f0} 'dispatchEventImpl' '(Ljava/awt/AWTEvent;Ljava/lang/Object;)V' in 'java/awt/EventQueue')}
  0x000001dd3471a9b0: 48bf 00cf | 9b8d dd01 | 0000 750c | 808f 5102 | 0000 01e9 | b100 0000 | 418b 5908 | 49ba 0000 
  0x000001dd3471a9d0: 004c dd01 | 0000 4903 | da48 3b9f | 6002 0000 | 750d 4883 | 8768 0200 | 0001 e960 | 0000 0048 
  0x000001dd3471a9f0: 3b9f 7002 | 0000 750d | 4883 8778 | 0200 0001 | e94a 0000 | 0048 83bf | 6002 0000 | 0075 1748 
  0x000001dd3471aa10: 899f 6002 | 0000 48c7 | 8768 0200 | 0001 0000 | 00e9 2900 | 0000 4883 | bf70 0200 | 0000 7517 
  0x000001dd3471aa30: 4889 9f70 | 0200 0048 | c787 7802 | 0000 0100 | 0000 e908 | 0000 0048 | 8387 5802 

  0x000001dd3471aa4c: ;   {metadata('java/awt/Component')}
  0x000001dd3471aa4c: 0000 0148 | bb88 2209 | 8ddd 0100 | 0041 8b79 | 0849 ba00 | 0000 4cdd | 0100 0049 | 03fa 483b 
  0x000001dd3471aa6c: 5f38 0f85 | 5218 0000 | e900 0000 | 0049 8bd1 

  0x000001dd3471aa7c: ; implicit exception: dispatches to 0x000001dd3471c2cf
  0x000001dd3471aa7c: 483b 0248 

  0x000001dd3471aa80: ;   {metadata(method data for {method} {0x000001dd8d1788f0} 'dispatchEventImpl' '(Ljava/awt/AWTEvent;Ljava/lang/Object;)V' in 'java/awt/EventQueue')}
  0x000001dd3471aa80: 8bf2 48bf | 00cf 9b8d | dd01 0000 | 8b76 0849 | ba00 0000 | 4cdd 0100 | 0049 03f2 | 483b b790 
  0x000001dd3471aaa0: 0200 0075 | 0d48 8387 | 9802 0000 | 01e9 6000 | 0000 483b | b7a0 0200 | 0075 0d48 | 8387 a802 
  0x000001dd3471aac0: 0000 01e9 | 4a00 0000 | 4883 bf90 | 0200 0000 | 7517 4889 | b790 0200 | 0048 c787 | 9802 0000 
  0x000001dd3471aae0: 0100 0000 | e929 0000 | 0048 83bf | a002 0000 | 0075 1748 | 89b7 a002 | 0000 48c7 | 87a8 0200 
  0x000001dd3471ab00: 0001 0000 | 00e9 0800 | 0000 4883 | 8788 0200 

  0x000001dd3471ab10: ;   {metadata(method data for {method} {0x000001dd8d085718} 'dispatchEvent' '(Ljava/awt/AWTEvent;)V' in 'java/awt/Component')}
  0x000001dd3471ab10: 0001 48be | 60d7 9b8d | dd01 0000 | 8bbe cc00 | 0000 83c7 | 0289 becc | 0000 0081 | e7fe ff1f 
  0x000001dd3471ab30: 0085 ff0f | 849b 1700 | 0048 8bf2 

  0x000001dd3471ab3c: ;   {metadata(method data for {method} {0x000001dd8d085718} 'dispatchEvent' '(Ljava/awt/AWTEvent;)V' in 'java/awt/Component')}
  0x000001dd3471ab3c: 48bf 60d7 | 9b8d dd01 | 0000 8b76 | 0849 ba00 | 0000 4cdd | 0100 0049 | 03f2 483b | b718 0100 
  0x000001dd3471ab5c: 0075 0d48 | 8387 2001 | 0000 01e9 | 6000 0000 | 483b b728 | 0100 0075 | 0d48 8387 | 3001 0000 
  0x000001dd3471ab7c: 01e9 4a00 | 0000 4883 | bf18 0100 | 0000 7517 | 4889 b718 | 0100 0048 | c787 2001 | 0000 0100 
  0x000001dd3471ab9c: 0000 e929 | 0000 0048 | 83bf 2801 | 0000 0075 | 1748 89b7 | 2801 0000 | 48c7 8730 | 0100 0001 
  0x000001dd3471abbc: 0000 00e9 | 0800 0000 | 4883 8710 | 0100 0001 | 498b f04c | 8bc6 6666 | 9048 b870 | 5f7b 91dd 
  0x000001dd3471abdc: ;   {virtual_call}
  0x000001dd3471abdc: 0100 00e8 

  0x000001dd3471abe0: ; ImmutableOopMap {[168]=Oop }
                      ;*invokevirtual dispatchEventImpl {reexecute=0 rethrow=0 return_oop=0}
                      ; - java.awt.Component::dispatchEvent@2 (line 4790)
                      ; - java.awt.EventQueue::dispatchEventImpl@41 (line 725)
  0x000001dd3471abe0: 2cf6 4d07 

  0x000001dd3471abe4: ;   {post_call_nop}
  0x000001dd3471abe4: 0f1f 8400 | 5c08 0000 | 4c8b 8424 | a800 0000 

  0x000001dd3471abf4: ;   {metadata(method data for {method} {0x000001dd8d1788f0} 'dispatchEventImpl' '(Ljava/awt/AWTEvent;Ljava/lang/Object;)V' in 'java/awt/EventQueue')}
  0x000001dd3471abf4: 48be 00cf | 9b8d dd01 | 0000 458b | 4008 49ba | 0000 004c | dd01 0000 | 4d03 c24c | 3b86 c002 
  0x000001dd3471ac14: 0000 750d | 4883 86c8 | 0200 0001 | e960 0000 | 004c 3b86 | d002 0000 | 750d 4883 | 86d8 0200 
  0x000001dd3471ac34: 0001 e94a | 0000 0048 | 83be c002 | 0000 0075 | 174c 8986 | c002 0000 | 48c7 86c8 | 0200 0001 
  0x000001dd3471ac54: 0000 00e9 | 2900 0000 | 4883 bed0 | 0200 0000 | 7517 4c89 | 86d0 0200 | 0048 c786 | d802 0000 
  0x000001dd3471ac74: 0100 0000 | e908 0000 | 0048 8386 | b802 0000 

  0x000001dd3471ac84: ;   {metadata(method data for {method} {0x000001dd8d0c9bf8} 'dispatched' '()V' in 'java/awt/AWTEvent')}
  0x000001dd3471ac84: 0148 bee8 | d89b 8ddd | 0100 008b | becc 0000 | 0083 c702 | 89be cc00 | 0000 81e7 | feff 1f00 
  0x000001dd3471aca4: 85ff 0f84 | 4916 0000 | 4c8b 8424 | a800 0000 

  0x000001dd3471acb4: ;   {metadata(method data for {method} {0x000001dd8d0c9bf8} 'dispatched' '()V' in 'java/awt/AWTEvent')}
  0x000001dd3471acb4: 4d85 c048 | bbe8 d89b | 8ddd 0100 | 0075 0c80 | 8b09 0100 | 0001 e9b1 | 0000 0041 | 8b40 0849 
  0x000001dd3471acd4: ba00 0000 | 4cdd 0100 | 0049 03c2 | 483b 8318 | 0100 0075 | 0d48 8383 | 2001 0000 | 01e9 6000 
  0x000001dd3471acf4: 0000 483b | 8328 0100 | 0075 0d48 | 8383 3001 | 0000 01e9 | 4a00 0000 | 4883 bb18 | 0100 0000 
  0x000001dd3471ad14: 7517 4889 | 8318 0100 | 0048 c783 | 2001 0000 | 0100 0000 | e929 0000 | 0048 83bb | 2801 0000 
  0x000001dd3471ad34: 0075 1748 | 8983 2801 | 0000 48c7 | 8330 0100 | 0001 0000 | 00e9 0800 | 0000 4883 | 8310 0100 
  0x000001dd3471ad54: ;   {metadata('java/awt/event/InputEvent')}
  0x000001dd3471ad54: 0001 48b8 | 80d6 0f8d | dd01 0000 | 418b 5808 | 49ba 0000 | 004c dd01 | 0000 4903 | da48 3b43 
  0x000001dd3471ad74: 500f 8505 | 0000 00e9 | 0500 0000 | 4833 f6eb | 05be 0100 | 0000 85f6 

  0x000001dd3471ad8c: ;   {metadata(method data for {method} {0x000001dd8d0c9bf8} 'dispatched' '()V' in 'java/awt/AWTEvent')}
  0x000001dd3471ad8c: 48be e8d8 | 9b8d dd01 | 0000 bf40 | 0100 0074 | 05bf 5001 | 0000 488b | 1c3e 488d | 5b01 4889 
  0x000001dd3471adac: 1c3e 0f84 | c914 0000 

  0x000001dd3471adb4: ;   {metadata(method data for {method} {0x000001dd8d0c9bf8} 'dispatched' '()V' in 'java/awt/AWTEvent')}
  0x000001dd3471adb4: 48be e8d8 | 9b8d dd01 | 0000 4883 | 8660 0100 

  0x000001dd3471adc4: ;   {metadata(method data for {method} {0x000001dd8d0e3e28} 'getInputEventAccessor' '()Lsun/awt/AWTAccessor$InputEventAccessor;' in 'sun/awt/AWTAccessor')}
  0x000001dd3471adc4: 0001 48be | f8da 9b8d | dd01 0000 | 8bbe cc00 | 0000 83c7 | 0289 becc | 0000 0081 | e7fe ff1f 
  0x000001dd3471ade4: 0085 ff0f | 8429 1500 

  0x000001dd3471adec: ;   {oop(a 'java/lang/Class'{0x0000000715782650} = 'sun/awt/AWTAccessor')}
  0x000001dd3471adec: 0048 be50 | 2678 1507 | 0000 008b | b684 0000 | 0048 c1e6 | 0348 85f6 

  0x000001dd3471ae04: ;   {metadata(method data for {method} {0x000001dd8d0e3e28} 'getInputEventAccessor' '()Lsun/awt/AWTAccessor$InputEventAccessor;' in 'sun/awt/AWTAccessor')}
  0x000001dd3471ae04: 48bf f8da | 9b8d dd01 | 0000 bb10 | 0100 0075 | 05bb 2001 | 0000 488b | 041f 488d | 4001 4889 
  0x000001dd3471ae24: 041f 0f85 | f412 0000 

  0x000001dd3471ae2c: ;   {metadata(method data for {method} {0x000001dd8d0e3e28} 'getInputEventAccessor' '()Lsun/awt/AWTAccessor$InputEventAccessor;' in 'sun/awt/AWTAccessor')}
  0x000001dd3471ae2c: 48be f8da | 9b8d dd01 | 0000 4883 | 8630 0100 

  0x000001dd3471ae3c: ;   {metadata(method data for {method} {0x000001dd8d0e65e8} 'ensureClassInitialized' '(Ljava/lang/Class;)V' in 'sun/awt/AWTAccessor')}
  0x000001dd3471ae3c: 0001 48be | 6827 6b8d | dd01 0000 | 8bbe cc00 | 0000 83c7 | 0289 becc | 0000 0081 | e7fe ff1f 
  0x000001dd3471ae5c: 0085 ff0f | 84d2 1400 

  0x000001dd3471ae64: ;   {metadata(method data for {method} {0x000001dd8d0e65e8} 'ensureClassInitialized' '(Ljava/lang/Class;)V' in 'sun/awt/AWTAccessor')}
  0x000001dd3471ae64: 0048 be68 | 276b 8ddd | 0100 0048 | 8386 1001 

  0x000001dd3471ae74: ;   {metadata(method data for {method} {0x000001dd4c44ab28} 'lookup' '()Ljava/lang/invoke/MethodHandles$Lookup;' in 'java/lang/invoke/MethodHandles')}
  0x000001dd3471ae74: 0000 0148 | be18 296b | 8ddd 0100 | 008b becc | 0000 0083 | c702 89be | cc00 0000 | 81e7 feff 
  0x000001dd3471ae94: 1f00 85ff | 0f84 ba14 

  0x000001dd3471ae9c: ;   {metadata(method data for {method} {0x000001dd4c44ab28} 'lookup' '()Ljava/lang/invoke/MethodHandles$Lookup;' in 'java/lang/invoke/MethodHandles')}
  0x000001dd3471ae9c: 0000 48be | 1829 6b8d | dd01 0000 | 4883 8610 | 0100 0001 | 0f1f 8000 

  0x000001dd3471aeb4: ;   {static_call}
  0x000001dd3471aeb4: 0000 00e8 

  0x000001dd3471aeb8: ; ImmutableOopMap {[168]=Oop }
                      ;*invokestatic getCallerClass {reexecute=0 rethrow=0 return_oop=0}
                      ; - java.lang.invoke.MethodHandles::lookup@0 (line 126)
                      ; - sun.awt.AWTAccessor::ensureClassInitialized@0 (line 1464)
                      ; - sun.awt.AWTAccessor::getInputEventAccessor@10 (line 963)
                      ; - java.awt.AWTEvent::dispatched@7 (line 571)
                      ; - java.awt.EventQueue::dispatchEventImpl@45 (line 726)
  0x000001dd3471aeb8: a441 2107 

  0x000001dd3471aebc: ;   {post_call_nop}
  0x000001dd3471aebc: 0f1f 8400 | 340b 0001 | 4c8b c04d 

  0x000001dd3471aec8: ;   {metadata(method data for {method} {0x000001dd4c44ab28} 'lookup' '()Ljava/lang/invoke/MethodHandles$Lookup;' in 'java/lang/invoke/MethodHandles')}
  0x000001dd3471aec8: 85c0 48ba | 1829 6b8d | dd01 0000 | be30 0100 | 0074 05be | 2001 0000 | 488b 3c32 | 488d 7f01 
  0x000001dd3471aee8: 4889 3c32 | 0f84 5511 

  0x000001dd3471aef0: ;   {metadata('java/lang/invoke/MethodHandles$Lookup')}
  0x000001dd3471aef0: 0000 48ba | b8a5 1e4c | dd01 0000 | 498b 87c8 | 0100 0048 | 8d78 2049 | 3bbf d801 | 0000 0f87 
  0x000001dd3471af10: 6514 0000 | 4989 bfc8 | 0100 0048 | c700 0100 | 0000 488b | ca49 ba00 | 0000 4cdd | 0100 0049 
  0x000001dd3471af30: 2bca 8948 | 0848 33c9 | 8948 0c48 | 33c9 4889 | 4810 4889 | 4818 4c8b 

  0x000001dd3471af48: ;   {metadata(method data for {method} {0x000001dd4c44ab28} 'lookup' '()Ljava/lang/invoke/MethodHandles$Lookup;' in 'java/lang/invoke/MethodHandles')}
  0x000001dd3471af48: c848 bf18 | 296b 8ddd | 0100 0048 | 8387 5001 

  0x000001dd3471af58: ;   {metadata(method data for {method} {0x000001dd4c44edd8} '<init>' '(Ljava/lang/Class;)V' in 'java/lang/invoke/MethodHandles$Lookup')}
  0x000001dd3471af58: 0000 0149 | b900 2b6b | 8ddd 0100 | 0041 8bb9 | cc00 0000 | 83c7 0241 | 89b9 cc00 | 0000 81e7 
  0x000001dd3471af78: feff 1f00 | 85ff 0f84 | 0214 0000 

  0x000001dd3471af84: ;   {metadata(method data for {method} {0x000001dd4c44edd8} '<init>' '(Ljava/lang/Class;)V' in 'java/lang/invoke/MethodHandles$Lookup')}
  0x000001dd3471af84: 4c8b c848 | bf00 2b6b | 8ddd 0100 | 0048 8387 | 1001 0000 

  0x000001dd3471af98: ;   {oop(nullptr)}
  0x000001dd3471af98: 0149 b900 | 0000 0000 | 0000 00bf | 5f00 0000 | 488b d048 | 8984 24b0 | 0000 000f 

  0x000001dd3471afb4: ;   {optimized virtual_call}
  0x000001dd3471afb4: 1f40 00e8 

  0x000001dd3471afb8: ; ImmutableOopMap {[168]=Oop [176]=Oop }
                      ;*invokespecial <init> {reexecute=0 rethrow=0 return_oop=0}
                      ; - java.lang.invoke.MethodHandles$Lookup::<init>@5 (line 1534)
                      ; - java.lang.invoke.MethodHandles::lookup@23 (line 130)
                      ; - sun.awt.AWTAccessor::ensureClassInitialized@0 (line 1464)
                      ; - sun.awt.AWTAccessor::getInputEventAccessor@10 (line 963)
                      ; - java.awt.AWTEvent::dispatched@7 (line 571)
                      ; - java.awt.EventQueue::dispatchEventImpl@45 (line 726)
  0x000001dd3471afb8: a43a 2107 

  0x000001dd3471afbc: ;   {post_call_nop}
  0x000001dd3471afbc: 0f1f 8400 | 340c 0002 | 488b 8424 | b000 0000 

  0x000001dd3471afcc: ;   {metadata(method data for {method} {0x000001dd8d0e65e8} 'ensureClassInitialized' '(Ljava/lang/Class;)V' in 'sun/awt/AWTAccessor')}
  0x000001dd3471afcc: 4c8b c048 | ba68 276b | 8ddd 0100 | 0045 8b40 | 0849 ba00 | 0000 4cdd | 0100 004d | 03c2 4c3b 
  0x000001dd3471afec: 8228 0100 | 0075 0d48 | 8382 3001 | 0000 01e9 | 6000 0000 | 4c3b 8238 | 0100 0075 | 0d48 8382 
  0x000001dd3471b00c: 4001 0000 | 01e9 4a00 | 0000 4883 | ba28 0100 | 0000 7517 | 4c89 8228 | 0100 0048 | c782 3001 
  0x000001dd3471b02c: 0000 0100 | 0000 e929 | 0000 0048 | 83ba 3801 | 0000 0075 | 174c 8982 | 3801 0000 | 48c7 8240 
  0x000001dd3471b04c: 0100 0001 | 0000 00e9 | 0800 0000 | 4883 8220 | 0100 0001 

  0x000001dd3471b060: ;   {oop(a 'java/lang/Class'{0x00000007157c2b20} = 'java/awt/event/InputEvent')}
  0x000001dd3471b060: 49b8 202b | 7c15 0700 | 0000 488b 

  0x000001dd3471b06c: ;   {optimized virtual_call}
  0x000001dd3471b06c: d066 90e8 

  0x000001dd3471b070: ; ImmutableOopMap {[168]=Oop }
                      ;*invokevirtual ensureInitialized {reexecute=0 rethrow=0 return_oop=0}
                      ; - sun.awt.AWTAccessor::ensureClassInitialized@4 (line 1464)
                      ; - sun.awt.AWTAccessor::getInputEventAccessor@10 (line 963)
                      ; - java.awt.AWTEvent::dispatched@7 (line 571)
                      ; - java.awt.EventQueue::dispatchEventImpl@45 (line 726)
  0x000001dd3471b070: ec39 2107 

  0x000001dd3471b074: ;   {post_call_nop}
  0x000001dd3471b074: 0f1f 8400 | ec0c 0003 

  0x000001dd3471b07c: ;   {metadata(method data for {method} {0x000001dd8d0e65e8} 'ensureClassInitialized' '(Ljava/lang/Class;)V' in 'sun/awt/AWTAccessor')}
  0x000001dd3471b07c: 48ba 6827 | 6b8d dd01 | 0000 ff82 | 5001 0000 | e97b 1000 | 004d 85c9 

  0x000001dd3471b094: ;   {metadata(method data for {method} {0x000001dd8d1788f0} 'dispatchEventImpl' '(Ljava/awt/AWTEvent;Ljava/lang/Object;)V' in 'java/awt/EventQueue')}
  0x000001dd3471b094: 48bb 00cf | 9b8d dd01 | 0000 750c | 808b f902 | 0000 01e9 | b000 0000 | 418b 4108 | 49ba 0000 
  0x000001dd3471b0b4: 004c dd01 | 0000 4903 | c248 3b83 | 0803 0000 | 750d 4883 | 8310 0300 | 0001 e960 | 0000 0048 
  0x000001dd3471b0d4: 3b83 1803 | 0000 750d | 4883 8320 | 0300 0001 | e94a 0000 | 0048 83bb | 0803 0000 | 0075 1748 
  0x000001dd3471b0f4: 8983 0803 | 0000 48c7 | 8310 0300 | 0001 0000 | 00e9 2900 | 0000 4883 | bb18 0300 | 0000 7517 
  0x000001dd3471b114: 4889 8318 | 0300 0048 | c783 2003 | 0000 0100 | 0000 e908 | 0000 0048 | 8383 0003 

  0x000001dd3471b130: ;   {metadata('java/awt/MenuComponent')}
  0x000001dd3471b130: 0000 0148 | b858 649b | 8ddd 0100 | 0041 8b79 | 0849 ba00 | 0000 4cdd | 0100 0049 | 03fa 483b 
  0x000001dd3471b150: c70f 8505 | 0000 00e9 | 0500 0000 | 4833 f6eb | 05be 0100 | 0000 85f6 

  0x000001dd3471b168: ;   {metadata(method data for {method} {0x000001dd8d1788f0} 'dispatchEventImpl' '(Ljava/awt/AWTEvent;Ljava/lang/Object;)V' in 'java/awt/EventQueue')}
  0x000001dd3471b168: 48be 00cf | 9b8d dd01 | 0000 bf40 | 0300 0075 | 05bf 3003 | 0000 488b | 1c3e 488d | 5b01 4889 
  0x000001dd3471b188: 1c3e 0f85 | 280b 0000 

  0x000001dd3471b190: ;   {metadata(method data for {method} {0x000001dd8d1788f0} 'dispatchEventImpl' '(Ljava/awt/AWTEvent;Ljava/lang/Object;)V' in 'java/awt/EventQueue')}
  0x000001dd3471b190: 4d85 c948 | bb00 cf9b | 8ddd 0100 | 0075 0c80 | 8bc1 0300 | 0001 e9dd | 0000 0041 | 8b41 0849 
  0x000001dd3471b1b0: ba00 0000 | 4cdd 0100 | 0049 03c2 | 483b 83d0 | 0300 0075 | 0d48 8383 | d803 0000 | 01e9 6000 
  0x000001dd3471b1d0: 0000 483b | 83e0 0300 | 0075 0d48 | 8383 e803 | 0000 01e9 | 4a00 0000 | 4883 bbd0 | 0300 0000 
  0x000001dd3471b1f0: 7517 4889 | 83d0 0300 | 0048 c783 | d803 0000 | 0100 0000 | e929 0000 | 0048 83bb | e003 0000 
  0x000001dd3471b210: 0075 1748 | 8983 e003 | 0000 48c7 | 83e8 0300 | 0001 0000 | 00e9 0800 | 0000 4883 | 83c8 0300 
  0x000001dd3471b230: 0001 660f | 1f44 0000 

  0x000001dd3471b238: ;   {no_reloc}
  0x000001dd3471b238: e979 1100 | 0000 0000 | 0000 418b | 5908 49ba | 0000 004c | dd01 0000 | 4903 da48 | 3bd8 0f84 
  0x000001dd3471b258: 3100 0000 | 8b78 1448 | 3b04 3b0f | 8424 0000 | 0083 ff20 | 0f85 1600 | 0000 5350 

  0x000001dd3471b274: ;   {runtime_call C1 Runtime slow_subtype_check_blob}
  0x000001dd3471b274: e8c7 5c2d | 075b 5885 | c00f 8405 | 0000 00e9 | 0500 0000 | 4833 f6eb | 05be 0100 | 0000 85f6 
  0x000001dd3471b294: ;   {metadata(method data for {method} {0x000001dd8d1788f0} 'dispatchEventImpl' '(Ljava/awt/AWTEvent;Ljava/lang/Object;)V' in 'java/awt/EventQueue')}
  0x000001dd3471b294: 48be 00cf | 9b8d dd01 | 0000 bf08 | 0400 0075 | 05bf f803 | 0000 488b | 1c3e 488d | 5b01 4889 
  0x000001dd3471b2b4: 1c3e 0f85 | be08 0000 

  0x000001dd3471b2bc: ;   {metadata(method data for {method} {0x000001dd8d1788f0} 'dispatchEventImpl' '(Ljava/awt/AWTEvent;Ljava/lang/Object;)V' in 'java/awt/EventQueue')}
  0x000001dd3471b2bc: 4d85 c948 | bb00 cf9b | 8ddd 0100 | 0075 0c80 | 8b89 0400 | 0001 e9b0 | 0000 0041 | 8b41 0849 
  0x000001dd3471b2dc: ba00 0000 | 4cdd 0100 | 0049 03c2 | 483b 8398 | 0400 0075 | 0d48 8383 | a004 0000 | 01e9 6000 
  0x000001dd3471b2fc: 0000 483b | 83a8 0400 | 0075 0d48 | 8383 b004 | 0000 01e9 | 4a00 0000 | 4883 bb98 | 0400 0000 
  0x000001dd3471b31c: 7517 4889 | 8398 0400 | 0048 c783 | a004 0000 | 0100 0000 | e929 0000 | 0048 83bb | a804 0000 
  0x000001dd3471b33c: 0075 1748 | 8983 a804 | 0000 48c7 | 83b0 0400 | 0001 0000 | 00e9 0800 | 0000 4883 | 8390 0400 
  0x000001dd3471b35c: ;   {metadata('sun/awt/AWTAutoShutdown')}
  0x000001dd3471b35c: 0001 48b8 | f887 064d | dd01 0000 | 418b 7908 | 49ba 0000 | 004c dd01 | 0000 4903 | fa48 3bc7 
  0x000001dd3471b37c: 0f85 0500 | 0000 e905 | 0000 0048 | 33f6 eb05 | be01 0000 

  0x000001dd3471b390: ;   {metadata(method data for {method} {0x000001dd8d1788f0} 'dispatchEventImpl' '(Ljava/awt/AWTEvent;Ljava/lang/Object;)V' in 'java/awt/EventQueue')}
  0x000001dd3471b390: 0085 f648 | be00 cf9b | 8ddd 0100 | 00bf c004 | 0000 7405 | bfd0 0400 | 0048 8b1c | 3e48 8d5b 
  0x000001dd3471b3b0: 0148 891c | 3e0f 8448 | 0100 0048 

  0x000001dd3471b3bc: ;   {metadata(method data for {method} {0x000001dd8d1788f0} 'dispatchEventImpl' '(Ljava/awt/AWTEvent;Ljava/lang/Object;)V' in 'java/awt/EventQueue')}
  0x000001dd3471b3bc: 8bf2 48bf | 00cf 9b8d | dd01 0000 | 4883 87e0 | 0400 0001 

  0x000001dd3471b3d0: ;   {metadata(method data for {method} {0x000001dd8d177f28} 'noEvents' '()Z' in 'java/awt/EventQueue')}
  0x000001dd3471b3d0: 48be 50e1 | 9b8d dd01 | 0000 8bbe | cc00 0000 | 83c7 0289 | becc 0000 | 0081 e7fe | ff1f 0085 
  0x000001dd3471b3f0: ff0f 84c9 | 0f00 00be | 0000 0000 | e994 0000 | 000f 1f80 | 0000 0000 | 8b7a 2048 | c1e7 033b 
  0x000001dd3471b410: 770c 0f83 | d30f 0000 | 4863 de8b | 7c9f 1048 | c1e7 038b | 7f0c 48c1 | e703 4885 

  0x000001dd3471b42c: ;   {metadata(method data for {method} {0x000001dd8d177f28} 'noEvents' '()Z' in 'java/awt/EventQueue')}
  0x000001dd3471b42c: ff48 bf50 | e19b 8ddd | 0100 00bb | 4001 0000 | 7505 bb30 | 0100 0048 | 8b04 1f48 | 8d40 0148 
  0x000001dd3471b44c: 8904 1f0f | 8570 0000 

  0x000001dd3471b454: ;   {metadata(method data for {method} {0x000001dd8d177f28} 'noEvents' '()Z' in 'java/awt/EventQueue')}
  0x000001dd3471b454: 00ff c648 | bf50 e19b | 8ddd 0100 | 008b 9fd0 | 0000 0083 | c302 899f | d000 0000 | 81e3 fe3f 
  0x000001dd3471b474: 0000 85db | 0f84 800f | 0000 4d8b 

  0x000001dd3471b480: ; ImmutableOopMap {rdx=Oop }
                      ;*goto {reexecute=1 rethrow=0 return_oop=0}
                      ; - (reexecute) java.awt.EventQueue::noEvents@24 (line 520)
                      ; - java.awt.EventQueue::dispatchEventImpl@95 (line 732)
                      ;   {poll}
  0x000001dd3471b480: 5730 4185 

  0x000001dd3471b484: ;   {metadata(method data for {method} {0x000001dd8d177f28} 'noEvents' '()Z' in 'java/awt/EventQueue')}
  0x000001dd3471b484: 0248 bf50 | e19b 8ddd | 0100 00ff | 8750 0100 | 0083 fe04 

  0x000001dd3471b498: ;   {metadata(method data for {method} {0x000001dd8d177f28} 'noEvents' '()Z' in 'java/awt/EventQueue')}
  0x000001dd3471b498: 48bf 50e1 | 9b8d dd01 | 0000 bb10 | 0100 007d | 05bb 2001 | 0000 488b | 041f 488d | 4001 4889 
  0x000001dd3471b4b8: 041f 0f8d | 0f00 0000 | e943 ffff | ffbe 0000 | 0000 e905 | 0000 00be | 0100 0000 

  0x000001dd3471b4d4: ;   {metadata(method data for {method} {0x000001dd8d1788f0} 'dispatchEventImpl' '(Ljava/awt/AWTEvent;Ljava/lang/Object;)V' in 'java/awt/EventQueue')}
  0x000001dd3471b4d4: 85f6 48be | 00cf 9b8d | dd01 0000 | bf10 0500 | 0074 05bf | 2005 0000 | 488b 1c3e | 488d 5b01 
  0x000001dd3471b4f4: 4889 1c3e | 0f84 8f0d | 0000 e9ec 

  0x000001dd3471b500: ;   {metadata(method data for {method} {0x000001dd8d1788f0} 'dispatchEventImpl' '(Ljava/awt/AWTEvent;Ljava/lang/Object;)V' in 'java/awt/EventQueue')}
  0x000001dd3471b500: 0500 0048 | ba00 cf9b | 8ddd 0100 | 0048 8382 | 7805 0000 

  0x000001dd3471b514: ;   {metadata(method data for {method} {0x000001dd8d176cf8} 'getEventLog' '()Lsun/util/logging/PlatformLogger;' in 'java/awt/EventQueue')}
  0x000001dd3471b514: 0148 ba00 | ee9b 8ddd | 0100 008b | b2cc 0000 | 0083 c602 | 89b2 cc00 | 0000 81e6 | feff 1f00 
  0x000001dd3471b534: 85f6 0f84 | e30e 0000 

  0x000001dd3471b53c: ;   {oop(a 'java/lang/Class'{0x00000007157e9bc8} = 'java/awt/EventQueue')}
  0x000001dd3471b53c: 48ba c89b | 7e15 0700 | 0000 8b52 | 7848 c1e2 | 0348 85d2 

  0x000001dd3471b550: ;   {metadata(method data for {method} {0x000001dd8d176cf8} 'getEventLog' '()Lsun/util/logging/PlatformLogger;' in 'java/awt/EventQueue')}
  0x000001dd3471b550: 48ba 00ee | 9b8d dd01 | 0000 be10 | 0100 0075 | 05be 2001 | 0000 488b | 3c32 488d | 7f01 4889 
  0x000001dd3471b570: 3c32 0f85 | 6800 0000 

  0x000001dd3471b578: ;   {metadata(method data for {method} {0x000001dd8d176cf8} 'getEventLog' '()Lsun/util/logging/PlatformLogger;' in 'java/awt/EventQueue')}
  0x000001dd3471b578: 48ba 00ee | 9b8d dd01 | 0000 4883 | 8230 0100 

  0x000001dd3471b588: ;   {oop("java.awt.event.EventQueue"{0x0000000714bebad8})}
  0x000001dd3471b588: 0001 48ba | d8ba be14 | 0700 0000 

  0x000001dd3471b594: ;   {static_call}
  0x000001dd3471b594: 6666 90e8 

  0x000001dd3471b598: ; ImmutableOopMap {[168]=Oop }
                      ;*invokestatic getLogger {reexecute=0 rethrow=0 return_oop=0}
                      ; - java.awt.EventQueue::getEventLog@8 (line 181)
                      ; - java.awt.EventQueue::dispatchEventImpl@111 (line 736)
  0x000001dd3471b598: c43a 2107 

  0x000001dd3471b59c: ;   {post_call_nop}
  0x000001dd3471b59c: 0f1f 8400 | 1412 0005 

  0x000001dd3471b5a4: ;   {oop(a 'java/lang/Class'{0x00000007157e9bc8} = 'java/awt/EventQueue')}
  0x000001dd3471b5a4: 49b8 c89b | 7e15 0700 | 0000 410f | be57 4885 | d20f 8585 | 0e00 004c | 8bd0 49c1 | ea03 4589 
  0x000001dd3471b5c4: 5078 f083 | 4424 c000 | 498b d048 | 33d0 48c1 | ea15 4883 | fa00 0f85 | 800e 0000 

  0x000001dd3471b5e0: ;   {oop(a 'java/lang/Class'{0x00000007157e9bc8} = 'java/awt/EventQueue')}
  0x000001dd3471b5e0: 49b8 c89b | 7e15 0700 | 0000 458b | 4078 49c1 | e003 493b | 0049 8bd0 

  0x000001dd3471b5f8: ;   {metadata(method data for {method} {0x000001dd8d1788f0} 'dispatchEventImpl' '(Ljava/awt/AWTEvent;Ljava/lang/Object;)V' in 'java/awt/EventQueue')}
  0x000001dd3471b5f8: 48be 00cf | 9b8d dd01 

  0x000001dd3471b600: ;   {metadata('sun/util/logging/PlatformLogger')}
  0x000001dd3471b600: 0000 49ba | 10b8 044d | dd01 0000 | 4c89 9690 | 0500 0048 | 8386 9805 

  0x000001dd3471b618: ;   {metadata(method data for {method} {0x000001dd8d0cb480} 'isLoggable' '(Lsun/util/logging/PlatformLogger$Level;)Z' in 'sun/util/logging/PlatformLogger')}
  0x000001dd3471b618: 0000 0148 | ba98 0d3d | 8ddd 0100 | 008b b2cc | 0000 0083 | c602 89b2 | cc00 0000 | 81e6 feff 
  0x000001dd3471b638: 1f00 85f6 | 0f84 3b0e 

  0x000001dd3471b640: ;   {metadata(method data for {method} {0x000001dd8d0cb480} 'isLoggable' '(Lsun/util/logging/PlatformLogger$Level;)Z' in 'sun/util/logging/PlatformLogger')}
  0x000001dd3471b640: 0000 48ba | 980d 3d8d | dd01 0000 | ff82 1001 | 0000 418b | 500c 48c1 | e203 483b | 024c 8bc2 
  0x000001dd3471b660: ;   {metadata(method data for {method} {0x000001dd8d0cb480} 'isLoggable' '(Lsun/util/logging/PlatformLogger$Level;)Z' in 'sun/util/logging/PlatformLogger')}
  0x000001dd3471b660: 48be 980d | 3d8d dd01 | 0000 458b | 4008 49ba | 0000 004c | dd01 0000 | 4d03 c24c | 3b86 4801 
  0x000001dd3471b680: 0000 750d | 4883 8650 | 0100 0001 | e960 0000 | 004c 3b86 | 5801 0000 | 750d 4883 | 8660 0100 
  0x000001dd3471b6a0: 0001 e94a | 0000 0048 | 83be 4801 | 0000 0075 | 174c 8986 | 4801 0000 | 48c7 8650 | 0100 0001 
  0x000001dd3471b6c0: 0000 00e9 | 2900 0000 | 4883 be58 | 0100 0000 | 7517 4c89 | 8658 0100 | 0048 c786 | 6001 0000 
  0x000001dd3471b6e0: 0100 0000 | e908 0000 | 0048 8386 | 4001 0000 

  0x000001dd3471b6f0: ;   {oop(a 'sun/util/logging/PlatformLogger$Level'{0x000000071577ad68})}
  0x000001dd3471b6f0: 0149 b868 | ad77 1507 | 0000 0066 | 9048 b898 | 5f7b 91dd 

  0x000001dd3471b704: ;   {virtual_call}
  0x000001dd3471b704: 0100 00e8 

  0x000001dd3471b708: ; ImmutableOopMap {[168]=Oop }
                      ;*invokeinterface isLoggable {reexecute=0 rethrow=0 return_oop=0}
                      ; - sun.util.logging.PlatformLogger::isLoggable@17 (line 340)
                      ; - java.awt.EventQueue::dispatchEventImpl@117 (line 736)
  0x000001dd3471b708: 5436 2107 

  0x000001dd3471b70c: ;   {post_call_nop}
  0x000001dd3471b70c: 0f1f 8400 | 8413 0006 | 83e0 0185 

  0x000001dd3471b718: ;   {metadata(method data for {method} {0x000001dd8d1788f0} 'dispatchEventImpl' '(Ljava/awt/AWTEvent;Ljava/lang/Object;)V' in 'java/awt/EventQueue')}
  0x000001dd3471b718: c048 ba00 | cf9b 8ddd | 0100 00be | b805 0000 | 7405 bec8 | 0500 0048 | 8b3c 3248 | 8d7f 0148 
  0x000001dd3471b738: 893c 320f | 844c 0b00 

  0x000001dd3471b740: ;   {metadata(method data for {method} {0x000001dd8d1788f0} 'dispatchEventImpl' '(Ljava/awt/AWTEvent;Ljava/lang/Object;)V' in 'java/awt/EventQueue')}
  0x000001dd3471b740: 0048 ba00 | cf9b 8ddd | 0100 0048 | 8382 d805 

  0x000001dd3471b750: ;   {metadata(method data for {method} {0x000001dd8d176cf8} 'getEventLog' '()Lsun/util/logging/PlatformLogger;' in 'java/awt/EventQueue')}
  0x000001dd3471b750: 0000 0148 | ba00 ee9b | 8ddd 0100 | 008b b2cc | 0000 0083 | c602 89b2 | cc00 0000 | 81e6 feff 
  0x000001dd3471b770: 1f00 85f6 | 0f84 290d 

  0x000001dd3471b778: ;   {oop(a 'java/lang/Class'{0x00000007157e9bc8} = 'java/awt/EventQueue')}
  0x000001dd3471b778: 0000 48ba | c89b 7e15 | 0700 0000 | 8b52 7848 | c1e2 0348 

  0x000001dd3471b78c: ;   {metadata(method data for {method} {0x000001dd8d176cf8} 'getEventLog' '()Lsun/util/logging/PlatformLogger;' in 'java/awt/EventQueue')}
  0x000001dd3471b78c: 85d2 48ba | 00ee 9b8d | dd01 0000 | be10 0100 | 0075 05be | 2001 0000 | 488b 3c32 | 488d 7f01 
  0x000001dd3471b7ac: 4889 3c32 | 0f85 6a00 

  0x000001dd3471b7b4: ;   {metadata(method data for {method} {0x000001dd8d176cf8} 'getEventLog' '()Lsun/util/logging/PlatformLogger;' in 'java/awt/EventQueue')}
  0x000001dd3471b7b4: 0000 48ba | 00ee 9b8d | dd01 0000 | 4883 8230 | 0100 0001 

  0x000001dd3471b7c8: ;   {oop("java.awt.event.EventQueue"{0x0000000714bebad8})}
  0x000001dd3471b7c8: 48ba d8ba | be14 0700 | 0000 0f1f 

  0x000001dd3471b7d4: ;   {static_call}
  0x000001dd3471b7d4: 4400 00e8 

  0x000001dd3471b7d8: ; ImmutableOopMap {[168]=Oop }
                      ;*invokestatic getLogger {reexecute=0 rethrow=0 return_oop=0}
                      ; - java.awt.EventQueue::getEventLog@8 (line 181)
                      ; - java.awt.EventQueue::dispatchEventImpl@123 (line 737)
  0x000001dd3471b7d8: 8438 2107 

  0x000001dd3471b7dc: ;   {post_call_nop}
  0x000001dd3471b7dc: 0f1f 8400 | 5414 0007 

  0x000001dd3471b7e4: ;   {oop(a 'java/lang/Class'{0x00000007157e9bc8} = 'java/awt/EventQueue')}
  0x000001dd3471b7e4: 48ba c89b | 7e15 0700 | 0000 410f | be77 4885 | f60f 85c9 | 0c00 004c | 8bd0 49c1 | ea03 4489 
  0x000001dd3471b804: 5278 f083 | 4424 c000 | 488b f248 | 33f0 48c1 | ee15 4883 | fe00 0f85 | c30c 0000 

  0x000001dd3471b820: ;   {oop(a 'java/lang/Class'{0x00000007157e9bc8} = 'java/awt/EventQueue')}
  0x000001dd3471b820: 48ba c89b | 7e15 0700 | 0000 8b72 | 7848 c1e6 | 0348 89b4 | 24b8 0000 | 004c 8b84 | 24a8 0000 
  0x000001dd3471b840: ;   {metadata(method data for {method} {0x000001dd8d1788f0} 'dispatchEventImpl' '(Ljava/awt/AWTEvent;Ljava/lang/Object;)V' in 'java/awt/EventQueue')}
  0x000001dd3471b840: 0048 ba00 | cf9b 8ddd | 0100 0048 | 8382 e805 

  0x000001dd3471b850: ;   {metadata(method data for {method} {0x000001dd4c47e890} 'valueOf' '(Ljava/lang/Object;)Ljava/lang/String;' in 'java/lang/String')}
  0x000001dd3471b850: 0000 0148 | bac8 521f | 8ddd 0100 | 008b bacc | 0000 0083 | c702 89ba | cc00 0000 | 81e7 feff 
  0x000001dd3471b870: 1f00 85ff | 0f84 810c | 0000 4d85 

  0x000001dd3471b87c: ;   {metadata(method data for {method} {0x000001dd4c47e890} 'valueOf' '(Ljava/lang/Object;)Ljava/lang/String;' in 'java/lang/String')}
  0x000001dd3471b87c: c048 bac8 | 521f 8ddd | 0100 00bf | 1001 0000 | 7505 bf20 | 0100 0048 | 8b1c 3a48 | 8d5b 0148 
  0x000001dd3471b89c: 891c 3a0f | 851f 0000 

  0x000001dd3471b8a4: ;   {metadata(method data for {method} {0x000001dd4c47e890} 'valueOf' '(Ljava/lang/Object;)Ljava/lang/String;' in 'java/lang/String')}
  0x000001dd3471b8a4: 0048 bac8 | 521f 8ddd | 0100 00ff | 8230 0100 

  0x000001dd3471b8b4: ;   {oop("null"{0x00000007ffe1c918})}
  0x000001dd3471b8b4: 0048 bf18 | c9e1 ff07 | 0000 00e9 | ab00 0000 

  0x000001dd3471b8c4: ;   {metadata(method data for {method} {0x000001dd4c47e890} 'valueOf' '(Ljava/lang/Object;)Ljava/lang/String;' in 'java/lang/String')}
  0x000001dd3471b8c4: 498b d048 | bfc8 521f | 8ddd 0100 | 008b 5208 | 49ba 0000 | 004c dd01 | 0000 4903 | d248 3b97 
  0x000001dd3471b8e4: 5001 0000 | 750d 4883 | 8758 0100 | 0001 e960 | 0000 0048 | 3b97 6001 | 0000 750d | 4883 8768 
  0x000001dd3471b904: 0100 0001 | e94a 0000 | 0048 83bf | 5001 0000 | 0075 1748 | 8997 5001 | 0000 48c7 | 8758 0100 
  0x000001dd3471b924: 0001 0000 | 00e9 2900 | 0000 4883 | bf60 0100 | 0000 7517 | 4889 9760 | 0100 0048 | c787 6801 
  0x000001dd3471b944: 0000 0100 | 0000 e908 | 0000 0048 | 8387 4801 | 0000 0149 | 8bd0 0f1f 

  0x000001dd3471b95c: ;   {optimized virtual_call}
  0x000001dd3471b95c: 4400 00e8 

  0x000001dd3471b960: ; ImmutableOopMap {[184]=Oop }
                      ;*invokevirtual toString {reexecute=0 rethrow=0 return_oop=0}
                      ; - java.lang.String::valueOf@11 (line 4543)
                      ; - java.awt.EventQueue::dispatchEventImpl@127 (line 737)
  0x000001dd3471b960: fc30 2107 

  0x000001dd3471b964: ;   {post_call_nop}
  0x000001dd3471b964: 0f1f 8400 | dc15 0008 | 488b f890 

  0x000001dd3471b970: ;   {no_reloc}
  0x000001dd3471b970: e9b6 0b00 | 0090 9090 | 9090 488b 

  0x000001dd3471b97c: ;   {static_call}
  0x000001dd3471b97c: d766 90e8 

  0x000001dd3471b980: ; ImmutableOopMap {[184]=Oop }
                      ;*invokedynamic {reexecute=0 rethrow=0 return_oop=0}
                      ; - java.awt.EventQueue::dispatchEventImpl@130 (line 737)
  0x000001dd3471b980: dc36 2107 

  0x000001dd3471b984: ;   {post_call_nop}
  0x000001dd3471b984: 0f1f 8400 | fc15 0009 

  0x000001dd3471b98c: ;   {metadata(method data for {method} {0x000001dd8d1788f0} 'dispatchEventImpl' '(Ljava/awt/AWTEvent;Ljava/lang/Object;)V' in 'java/awt/EventQueue')}
  0x000001dd3471b98c: 49b8 00cf | 9b8d dd01 | 0000 4d8d | 8018 0600 | 0048 85c0 | 750b 41f6 | 0001 7505 | f049 8308 
  0x000001dd3471b9ac: 0148 8bb4 | 24b8 0000 | 0048 3b06 

  0x000001dd3471b9b8: ;   {metadata(method data for {method} {0x000001dd8d1788f0} 'dispatchEventImpl' '(Ljava/awt/AWTEvent;Ljava/lang/Object;)V' in 'java/awt/EventQueue')}
  0x000001dd3471b9b8: 4c8b c649 | b900 cf9b | 8ddd 0100 

  0x000001dd3471b9c4: ;   {metadata('sun/util/logging/PlatformLogger')}
  0x000001dd3471b9c4: 0049 ba10 | b804 4ddd | 0100 004d | 8991 3006 | 0000 4983 | 8138 0600 

  0x000001dd3471b9dc: ;   {metadata(method data for {method} {0x000001dd8d0cc0d8} 'fine' '(Ljava/lang/String;)V' in 'sun/util/logging/PlatformLogger')}
  0x000001dd3471b9dc: 0001 49b8 | f001 9c8d | dd01 0000 | 458b 88cc | 0000 0041 | 83c1 0245 | 8988 cc00 | 0000 4181 
  0x000001dd3471b9fc: e1fe ff1f | 0045 85c9 | 0f84 300b | 0000 8b56 | 0c48 c1e2 | 0348 3b02 

  0x000001dd3471ba14: ;   {metadata(method data for {method} {0x000001dd8d0cc0d8} 'fine' '(Ljava/lang/String;)V' in 'sun/util/logging/PlatformLogger')}
  0x000001dd3471ba14: 4c8b c249 | b9f0 019c | 8ddd 0100 | 0045 8b40 | 0849 ba00 | 0000 4cdd | 0100 004d | 03c2 4d3b 
  0x000001dd3471ba34: 8148 0100 | 0075 0d49 | 8381 5001 | 0000 01e9 | 6000 0000 | 4d3b 8158 | 0100 0075 | 0d49 8381 
  0x000001dd3471ba54: 6001 0000 | 01e9 4a00 | 0000 4983 | b948 0100 | 0000 7517 | 4d89 8148 | 0100 0049 | c781 5001 
  0x000001dd3471ba74: 0000 0100 | 0000 e929 | 0000 0049 | 83b9 5801 | 0000 0075 | 174d 8981 | 5801 0000 | 49c7 8160 
  0x000001dd3471ba94: 0100 0001 | 0000 00e9 | 0800 0000 | 4983 8140 | 0100 0001 

  0x000001dd3471baa8: ;   {oop(a 'sun/util/logging/PlatformLogger$Level'{0x000000071577ad68})}
  0x000001dd3471baa8: 49b8 68ad | 7715 0700 | 0000 4c8b 

  0x000001dd3471bab4: ;   {oop(nullptr)}
  0x000001dd3471bab4: c848 bf00 | 0000 0000 | 0000 0066 | 0f1f 4400 | 0048 b8c0 | 5f7b 91dd 

  0x000001dd3471bacc: ;   {virtual_call}
  0x000001dd3471bacc: 0100 00e8 

  0x000001dd3471bad0: ; ImmutableOopMap {}
                      ;*invokeinterface log {reexecute=0 rethrow=0 return_oop=0}
                      ; - sun.util.logging.PlatformLogger::fine@12 (line 449)
                      ; - java.awt.EventQueue::dispatchEventImpl@135 (line 737)
  0x000001dd3471bad0: 8c32 2107 

  0x000001dd3471bad4: ;   {post_call_nop}
  0x000001dd3471bad4: 0f1f 8400 | 4c17 000a | 4881 c4d0 | 0000 005d 

  0x000001dd3471bae4: ;   {poll_return}
  0x000001dd3471bae4: 493b 6728 | 0f87 720a | 0000 c344 | 8b42 3449 | c1e0 0349 | 3b00 498b 

  0x000001dd3471bafc: ;   {metadata(method data for {method} {0x000001dd8d1788f0} 'dispatchEventImpl' '(Ljava/awt/AWTEvent;Ljava/lang/Object;)V' in 'java/awt/EventQueue')}
  0x000001dd3471bafc: d048 be00 | cf9b 8ddd 

  0x000001dd3471bb04: ;   {metadata('java/awt/EventDispatchThread')}
  0x000001dd3471bb04: 0100 0049 | bac0 920a | 4ddd 0100 | 004c 8996 | 3805 0000 | 4883 8640 | 0500 0001 

  0x000001dd3471bb20: ;   {metadata(method data for {method} {0x000001dd8d69cc88} 'stopDispatching' '()V' in 'java/awt/EventDispatchThread')}
  0x000001dd3471bb20: 48ba 98ec | 9b8d dd01 | 0000 8bb2 | cc00 0000 | 83c6 0289 | b2cc 0000 | 0081 e6fe | ff1f 0085 
  0x000001dd3471bb40: f60f 8434 | 0a00 00ba | 0000 0000 | 4188 5070 | f083 4424 

  0x000001dd3471bb54: ;   {metadata(method data for {method} {0x000001dd8d1788f0} 'dispatchEventImpl' '(Ljava/awt/AWTEvent;Ljava/lang/Object;)V' in 'java/awt/EventQueue')}
  0x000001dd3471bb54: c000 49b8 | 00cf 9b8d | dd01 0000 | 41ff 8060 | 0500 0048 | 81c4 d000 

  0x000001dd3471bb6c: ;   {poll_return}
  0x000001dd3471bb6c: 0000 5d49 | 3b67 280f | 8723 0a00 | 00c3 4c8b | 8424 a800 | 0000 4d85 

  0x000001dd3471bb84: ;   {metadata(method data for {method} {0x000001dd8d1788f0} 'dispatchEventImpl' '(Ljava/awt/AWTEvent;Ljava/lang/Object;)V' in 'java/awt/EventQueue')}
  0x000001dd3471bb84: c948 bf00 | cf9b 8ddd | 0100 0075 | 0c80 8f11 | 0400 0001 | e9db 0000 | 0041 8b59 | 0849 ba00 
  0x000001dd3471bba4: 0000 4cdd | 0100 0049 | 03da 483b | 9f20 0400 | 0075 0d48 | 8387 2804 | 0000 01e9 | 6000 0000 
  0x000001dd3471bbc4: 483b 9f30 | 0400 0075 | 0d48 8387 | 3804 0000 | 01e9 4a00 | 0000 4883 | bf20 0400 | 0000 7517 
  0x000001dd3471bbe4: 4889 9f20 | 0400 0048 | c787 2804 | 0000 0100 | 0000 e929 | 0000 0048 | 83bf 3004 | 0000 0075 
  0x000001dd3471bc04: 1748 899f | 3004 0000 | 48c7 8738 | 0400 0001 | 0000 00e9 | 0800 0000 | 4883 8718 | 0400 0001 
  0x000001dd3471bc24: 0f1f 4000 

  0x000001dd3471bc28: ;   {no_reloc}
  0x000001dd3471bc28: e994 0900 | 0000 0000 | 0000 418b | 7908 49ba | 0000 004c | dd01 0000 | 4903 fa48 | 3bfb 0f84 
  0x000001dd3471bc48: 2c00 0000 | 8b73 1448 | 3b1c 370f | 841f 0000 | 0083 fe20 | 0f85 6909 | 0000 5753 

  0x000001dd3471bc64: ;   {runtime_call C1 Runtime slow_subtype_check_blob}
  0x000001dd3471bc64: e8d7 522d | 075f 5b85 | db0f 8458 | 0900 00e9 | 0000 0000 | 498b d166 | 9048 b8e8 | 5f7b 91dd 
  0x000001dd3471bc84: ;   {virtual_call}
  0x000001dd3471bc84: 0100 00e8 

  0x000001dd3471bc88: ; ImmutableOopMap {}
                      ;*invokevirtual dispatchEvent {reexecute=0 rethrow=0 return_oop=0}
                      ; - java.awt.EventQueue::dispatchEventImpl@81 (line 730)
  0x000001dd3471bc88: d430 2107 

  0x000001dd3471bc8c: ;   {post_call_nop}
  0x000001dd3471bc8c: 0f1f 8400 | 0419 000b 

  0x000001dd3471bc94: ;   {metadata(method data for {method} {0x000001dd8d1788f0} 'dispatchEventImpl' '(Ljava/awt/AWTEvent;Ljava/lang/Object;)V' in 'java/awt/EventQueue')}
  0x000001dd3471bc94: 49b8 00cf | 9b8d dd01 | 0000 41ff | 8078 0400 | 0048 81c4 | d000 0000 

  0x000001dd3471bcac: ;   {poll_return}
  0x000001dd3471bcac: 5d49 3b67 | 280f 871d | 0900 00c3 | 4c8b 8424 | a800 0000 

  0x000001dd3471bcc0: ;   {metadata(method data for {method} {0x000001dd8d1788f0} 'dispatchEventImpl' '(Ljava/awt/AWTEvent;Ljava/lang/Object;)V' in 'java/awt/EventQueue')}
  0x000001dd3471bcc0: 4d85 c948 | bf00 cf9b | 8ddd 0100 | 0075 0c80 | 8f49 0300 | 0001 e9b0 | 0000 0041 | 8b59 0849 
  0x000001dd3471bce0: ba00 0000 | 4cdd 0100 | 0049 03da | 483b 9f58 | 0300 0075 | 0d48 8387 | 6003 0000 | 01e9 6000 
  0x000001dd3471bd00: 0000 483b | 9f68 0300 | 0075 0d48 | 8387 7003 | 0000 01e9 | 4a00 0000 | 4883 bf58 | 0300 0000 
  0x000001dd3471bd20: 7517 4889 | 9f58 0300 | 0048 c787 | 6003 0000 | 0100 0000 | e929 0000 | 0048 83bf | 6803 0000 
  0x000001dd3471bd40: 0075 1748 | 899f 6803 | 0000 48c7 | 8770 0300 | 0001 0000 | 00e9 0800 | 0000 4883 | 8750 0300 
  0x000001dd3471bd60: ;   {metadata('java/awt/MenuComponent')}
  0x000001dd3471bd60: 0001 48bb | 5864 9b8d | dd01 0000 | 418b 7108 | 49ba 0000 | 004c dd01 | 0000 4903 | f248 3bde 
  0x000001dd3471bd80: 0f85 6408 | 0000 e900 | 0000 0049 | 8bd1 483b | 0248 8bf2 

  0x000001dd3471bd94: ;   {metadata(method data for {method} {0x000001dd8d1788f0} 'dispatchEventImpl' '(Ljava/awt/AWTEvent;Ljava/lang/Object;)V' in 'java/awt/EventQueue')}
  0x000001dd3471bd94: 48bf 00cf | 9b8d dd01 | 0000 8b76 | 0849 ba00 | 0000 4cdd | 0100 0049 | 03f2 483b | b788 0300 
  0x000001dd3471bdb4: 0075 0d48 | 8387 9003 | 0000 01e9 | 6000 0000 | 483b b798 | 0300 0075 | 0d48 8387 | a003 0000 
  0x000001dd3471bdd4: 01e9 4a00 | 0000 4883 | bf88 0300 | 0000 7517 | 4889 b788 | 0300 0048 | c787 9003 | 0000 0100 
  0x000001dd3471bdf4: 0000 e929 | 0000 0048 | 83bf 9803 | 0000 0075 | 1748 89b7 | 9803 0000 | 48c7 87a0 | 0300 0001 
  0x000001dd3471be14: 0000 00e9 | 0800 0000 | 4883 8780 | 0300 0001 

  0x000001dd3471be24: ;   {optimized virtual_call}
  0x000001dd3471be24: 6666 90e8 

  0x000001dd3471be28: ; ImmutableOopMap {}
                      ;*invokevirtual dispatchEvent {reexecute=0 rethrow=0 return_oop=0}
                      ; - java.awt.EventQueue::dispatchEventImpl@63 (line 728)
  0x000001dd3471be28: 342c 2107 

  0x000001dd3471be2c: ;   {post_call_nop}
  0x000001dd3471be2c: 0f1f 8400 | a41a 000c 

  0x000001dd3471be34: ;   {metadata(method data for {method} {0x000001dd8d1788f0} 'dispatchEventImpl' '(Ljava/awt/AWTEvent;Ljava/lang/Object;)V' in 'java/awt/EventQueue')}
  0x000001dd3471be34: 49b8 00cf | 9b8d dd01 | 0000 41ff | 80b0 0300 | 0048 81c4 | d000 0000 

  0x000001dd3471be4c: ;   {poll_return}
  0x000001dd3471be4c: 5d49 3b67 | 280f 87a1 | 0700 00c3 

  0x000001dd3471be58: ;   {metadata(method data for {method} {0x000001dd8d1788f0} 'dispatchEventImpl' '(Ljava/awt/AWTEvent;Ljava/lang/Object;)V' in 'java/awt/EventQueue')}
  0x000001dd3471be58: 488b f248 | bf00 cf9b | 8ddd 0100 | 0048 8387 | 6001 0000 | 0149 8bf0 | 4c8b c60f 

  0x000001dd3471be74: ;   {optimized virtual_call}
  0x000001dd3471be74: 1f40 00e8 

  0x000001dd3471be78: ; ImmutableOopMap {[168]=Oop }
                      ;*invokevirtual setCurrentEventAndMostRecentTimeImpl {reexecute=0 rethrow=0 return_oop=0}
                      ; - java.awt.EventQueue::dispatchEventImpl@14 (line 722)
  0x000001dd3471be78: 44b3 ffff 

  0x000001dd3471be7c: ;   {post_call_nop}
  0x000001dd3471be7c: 0f1f 8400 | f41a 000d | 4c8b 8424 | a800 0000 

  0x000001dd3471be8c: ;   {metadata(method data for {method} {0x000001dd8d1788f0} 'dispatchEventImpl' '(Ljava/awt/AWTEvent;Ljava/lang/Object;)V' in 'java/awt/EventQueue')}
  0x000001dd3471be8c: 4d85 c048 | bf00 cf9b | 8ddd 0100 | 0075 0c80 | 8f89 0100 | 0001 e9cb | 0000 0041 | 8b58 0849 
  0x000001dd3471beac: ba00 0000 | 4cdd 0100 | 0049 03da | 483b 9f98 | 0100 0075 | 0d48 8387 | a001 0000 | 01e9 6000 
  0x000001dd3471becc: 0000 483b | 9fa8 0100 | 0075 0d48 | 8387 b001 | 0000 01e9 | 4a00 0000 | 4883 bf98 | 0100 0000 
  0x000001dd3471beec: 7517 4889 | 9f98 0100 | 0048 c787 | a001 0000 | 0100 0000 | e929 0000 | 0048 83bf | a801 0000 
  0x000001dd3471bf0c: 0075 1748 | 899f a801 | 0000 48c7 | 87b0 0100 | 0001 0000 | 00e9 0800 | 0000 4883 | 8790 0100 
  0x000001dd3471bf2c: ;   {metadata('java/awt/ActiveEvent')}
  0x000001dd3471bf2c: 0001 48bb | 6873 698d | dd01 0000 | 418b 7808 | 49ba 0000 | 004c dd01 | 0000 4903 | fa48 3b5f 
  0x000001dd3471bf4c: 200f 841f | 0000 0048 | 3bfb 0f84 | 1600 0000 

  0x000001dd3471bf5c: ;   {runtime_call C1 Runtime slow_subtype_check_blob}
  0x000001dd3471bf5c: 5753 e8dd | 4f2d 075f | 5f85 ff0f | 84a1 0600 | 00e9 0000 | 0000 498b | d048 3b02 

  0x000001dd3471bf78: ;   {metadata(method data for {method} {0x000001dd8d1788f0} 'dispatchEventImpl' '(Ljava/awt/AWTEvent;Ljava/lang/Object;)V' in 'java/awt/EventQueue')}
  0x000001dd3471bf78: 488b f248 | bf00 cf9b | 8ddd 0100 | 008b 7608 | 49ba 0000 | 004c dd01 | 0000 4903 | f248 3bb7 
  0x000001dd3471bf98: c801 0000 | 750d 4883 | 87d0 0100 | 0001 e960 | 0000 0048 | 3bb7 d801 | 0000 750d | 4883 87e0 
  0x000001dd3471bfb8: 0100 0001 | e94a 0000 | 0048 83bf | c801 0000 | 0075 1748 | 89b7 c801 | 0000 48c7 | 87d0 0100 
  0x000001dd3471bfd8: 0001 0000 | 00e9 2900 | 0000 4883 | bfd8 0100 | 0000 7517 | 4889 b7d8 | 0100 0048 | c787 e001 
  0x000001dd3471bff8: 0000 0100 | 0000 e908 | 0000 0048 | 8387 c001 | 0000 0166 | 9048 b810 | 607b 91dd 

  0x000001dd3471c014: ;   {virtual_call}
  0x000001dd3471c014: 0100 00e8 

  0x000001dd3471c018: ; ImmutableOopMap {}
                      ;*invokeinterface dispatch {reexecute=0 rethrow=0 return_oop=0}
                      ; - java.awt.EventQueue::dispatchEventImpl@21 (line 723)
  0x000001dd3471c018: 34df 2d07 

  0x000001dd3471c01c: ;   {post_call_nop}
  0x000001dd3471c01c: 0f1f 8400 | 941c 000e 

  0x000001dd3471c024: ;   {metadata(method data for {method} {0x000001dd8d1788f0} 'dispatchEventImpl' '(Ljava/awt/AWTEvent;Ljava/lang/Object;)V' in 'java/awt/EventQueue')}
  0x000001dd3471c024: 48ba 00cf | 9b8d dd01 | 0000 ff82 | f001 0000 | 4881 c4d0 | 0000 005d 

  0x000001dd3471c03c: ;   {poll_return}
  0x000001dd3471c03c: 493b 6728 | 0f87 d605 | 0000 c390 

  0x000001dd3471c048: ;   {no_reloc}
  0x000001dd3471c048: e9f4 0500 | 0000 0000 | 0000 80ba | 4001 0000 | 040f 85f1 | 0500 0049 | 8b87 c801 | 0000 488d 
  0x000001dd3471c068: 7828 493b | bfd8 0100 | 000f 87d9 | 0500 0049 | 89bf c801 | 0000 48c7 | 0001 0000 | 0048 8bca 
  0x000001dd3471c088: 49ba 0000 | 004c dd01 | 0000 492b | ca89 4808 | 4833 c989 | 480c 4833 | c948 8948 | 1048 8948 
  0x000001dd3471c0a8: 1848 8948 | 2048 8bd0 

  0x000001dd3471c0b0: ;   {metadata(method data for {method} {0x000001dd4c44ab28} 'lookup' '()Ljava/lang/invoke/MethodHandles$Lookup;' in 'java/lang/invoke/MethodHandles')}
  0x000001dd3471c0b0: 48be 1829 | 6b8d dd01 | 0000 4883 | 8640 0100 

  0x000001dd3471c0c0: ;   {oop("no caller frame"{0x00000007ffe27160})}
  0x000001dd3471c0c0: 0001 49b8 | 6071 e2ff | 0700 0000 | 488b d048 | 8984 24c0 

  0x000001dd3471c0d4: ;   {optimized virtual_call}
  0x000001dd3471c0d4: 0000 00e8 

  0x000001dd3471c0d8: ; ImmutableOopMap {[168]=Oop [192]=Oop }
                      ;*invokespecial <init> {reexecute=0 rethrow=0 return_oop=0}
                      ; - java.lang.invoke.MethodHandles::lookup@14 (line 128)
                      ; - sun.awt.AWTAccessor::ensureClassInitialized@0 (line 1464)
                      ; - sun.awt.AWTAccessor::getInputEventAccessor@10 (line 963)
                      ; - java.awt.AWTEvent::dispatched@7 (line 571)
                      ; - java.awt.EventQueue::dispatchEventImpl@45 (line 726)
  0x000001dd3471c0d8: 8429 2107 

  0x000001dd3471c0dc: ;   {post_call_nop}
  0x000001dd3471c0dc: 0f1f 8400 | 541d 000f | 488b 8424 | c000 0000 | e9d8 0500 | 0049 8b87 | 0805 0000 | 4d33 d24d 
  0x000001dd3471c0fc: 8997 0805 | 0000 4d33 | d24d 8997 | 1005 0000 

  0x000001dd3471c10c: ;   {oop(a 'java/lang/Class'{0x0000000715782650} = 'sun/awt/AWTAccessor')}
  0x000001dd3471c10c: 48be 5026 | 7815 0700 | 0000 8bb6 | 8400 0000 | 48c1 e603 | 4c8b 8424 | a800 0000 

  0x000001dd3471c128: ;   {metadata(method data for {method} {0x000001dd8d0c9bf8} 'dispatched' '()V' in 'java/awt/AWTEvent')}
  0x000001dd3471c128: 4d85 c048 | b8e8 d89b | 8ddd 0100 | 0075 0c80 | 8869 0100 | 0001 e9b1 | 0000 0041 | 8b50 0849 
  0x000001dd3471c148: ba00 0000 | 4cdd 0100 | 0049 03d2 | 483b 9078 | 0100 0075 | 0d48 8380 | 8001 0000 | 01e9 6000 
  0x000001dd3471c168: 0000 483b | 9088 0100 | 0075 0d48 | 8380 9001 | 0000 01e9 | 4a00 0000 | 4883 b878 | 0100 0000 
  0x000001dd3471c188: 7517 4889 | 9078 0100 | 0048 c780 | 8001 0000 | 0100 0000 | e929 0000 | 0048 83b8 | 8801 0000 
  0x000001dd3471c1a8: 0075 1748 | 8990 8801 | 0000 48c7 | 8090 0100 | 0001 0000 | 00e9 0800 | 0000 4883 | 8070 0100 
  0x000001dd3471c1c8: ;   {metadata('java/awt/event/InputEvent')}
  0x000001dd3471c1c8: 0001 48ba | 80d6 0f8d | dd01 0000 | 418b 4008 | 49ba 0000 | 004c dd01 | 0000 4903 | c248 3b50 
  0x000001dd3471c1e8: 500f 856e | 0400 00e9 | 0000 0000 | 498b f848 | 85f6 0f84 | 2900 0000 

  0x000001dd3471c200: ;   {metadata('java/awt/event/InputEvent$1')}
  0x000001dd3471c200: 48b9 f8fc | 044d dd01 | 0000 8b56 | 0849 ba00 | 0000 4cdd | 0100 0049 | 03d2 483b | 4a38 0f85 
  0x000001dd3471c220: 4204 0000 | e900 0000 | 0048 8bde 

  0x000001dd3471c22c: ; implicit exception: dispatches to 0x000001dd3471c66b
                      ;   {metadata(method data for {method} {0x000001dd8d0c9bf8} 'dispatched' '()V' in 'java/awt/AWTEvent')}
  0x000001dd3471c22c: 483b 0648 | bbe8 d89b | 8ddd 0100 

  0x000001dd3471c238: ;   {metadata('java/awt/event/InputEvent$1')}
  0x000001dd3471c238: 0049 baf8 | fc04 4ddd | 0100 004c | 8993 a801 | 0000 4883 | 83b0 0100 

  0x000001dd3471c250: ;   {metadata(method data for {method} {0x000001dd8d1000f8} 'setCanAccessSystemClipboard' '(Ljava/awt/event/InputEvent;Z)V' in 'java/awt/event/InputEvent$1')}
  0x000001dd3471c250: 0001 48be | 60dd 9b8d | dd01 0000 | 8b9e cc00 | 0000 83c3 | 0289 9ecc | 0000 0081 | e3fe ff1f 
  0x000001dd3471c270: 0085 db0f | 84f7 0300 | 00c6 4728 

  0x000001dd3471c27c: ;   {metadata(method data for {method} {0x000001dd8d1788f0} 'dispatchEventImpl' '(Ljava/awt/AWTEvent;Ljava/lang/Object;)V' in 'java/awt/EventQueue')}
  0x000001dd3471c27c: 0048 be00 | cf9b 8ddd | 0100 00ff | 86e8 0200 | 0048 81c4 | d000 0000 

  0x000001dd3471c294: ;   {poll_return}
  0x000001dd3471c294: 5d49 3b67 | 280f 87f7 | 0300 00c3 

  0x000001dd3471c2a0: ;   {metadata({method} {0x000001dd8d1788f0} 'dispatchEventImpl' '(Ljava/awt/AWTEvent;Ljava/lang/Object;)V' in 'java/awt/EventQueue')}
  0x000001dd3471c2a0: 49ba e888 | 178d dd01 | 0000 4c89 | 5424 0848 | c704 24ff 

  0x000001dd3471c2b4: ;   {runtime_call C1 Runtime counter_overflow_blob}
  0x000001dd3471c2b4: ffff ffe8 

  0x000001dd3471c2b8: ; ImmutableOopMap {rdx=Oop r8=Oop r9=Oop [168]=Oop }
                      ;*synchronization entry
                      ; - java.awt.EventQueue::dispatchEventImpl@-1 (line 719)
  0x000001dd3471c2b8: a473 2d07 | e9cd e4ff 

  0x000001dd3471c2c0: ;   {runtime_call C1 Runtime throw_null_pointer_exception_blob}
  0x000001dd3471c2c0: ffe8 9a22 

  0x000001dd3471c2c4: ; ImmutableOopMap {rdx=Oop r8=Oop r9=Oop [168]=Oop }
                      ;*putfield isPosted {reexecute=1 rethrow=0 return_oop=0}
                      ; - (reexecute) java.awt.EventQueue::dispatchEventImpl@2 (line 719)
  0x000001dd3471c2c4: 2d07 4c89 

  0x000001dd3471c2c8: ;   {runtime_call C1 Runtime throw_class_cast_exception_blob}
  0x000001dd3471c2c8: 0c24 e891 

  0x000001dd3471c2cc: ; ImmutableOopMap {r8=Oop [168]=Oop }
                      ;*checkcast {reexecute=0 rethrow=0 return_oop=0}
                      ; - java.awt.EventQueue::dispatchEventImpl@37 (line 725)
                      ;   {runtime_call C1 Runtime throw_null_pointer_exception_blob}
  0x000001dd3471c2cc: 462d 07e8 

  0x000001dd3471c2d0: ; ImmutableOopMap {r8=Oop rdx=Oop [168]=Oop }
                      ;*invokevirtual dispatchEvent {reexecute=0 rethrow=0 return_oop=0}
                      ; - java.awt.EventQueue::dispatchEventImpl@41 (line 725)
  0x000001dd3471c2d0: 8c22 2d07 

  0x000001dd3471c2d4: ;   {metadata({method} {0x000001dd8d085718} 'dispatchEvent' '(Ljava/awt/AWTEvent;)V' in 'java/awt/Component')}
  0x000001dd3471c2d4: 49ba 1057 | 088d dd01 | 0000 4c89 | 5424 0848 | c704 24ff 

  0x000001dd3471c2e8: ;   {runtime_call C1 Runtime counter_overflow_blob}
  0x000001dd3471c2e8: ffff ffe8 

  0x000001dd3471c2ec: ; ImmutableOopMap {r8=Oop rdx=Oop [168]=Oop }
                      ;*synchronization entry
                      ; - java.awt.Component::dispatchEvent@-1 (line 4790)
                      ; - java.awt.EventQueue::dispatchEventImpl@41 (line 725)
  0x000001dd3471c2ec: 7073 2d07 | e944 e8ff 

  0x000001dd3471c2f4: ;   {metadata({method} {0x000001dd8d0c9bf8} 'dispatched' '()V' in 'java/awt/AWTEvent')}
  0x000001dd3471c2f4: ff49 baf0 | 9b0c 8ddd | 0100 004c | 8954 2408 | 48c7 0424 | ffff ffff 

  0x000001dd3471c30c: ;   {runtime_call C1 Runtime counter_overflow_blob}
  0x000001dd3471c30c: e84f 732d 

  0x000001dd3471c310: ; ImmutableOopMap {[168]=Oop }
                      ;*synchronization entry
                      ; - java.awt.AWTEvent::dispatched@-1 (line 570)
                      ; - java.awt.EventQueue::dispatchEventImpl@45 (line 726)
  0x000001dd3471c310: 07e9 96e9 

  0x000001dd3471c314: ;   {metadata({method} {0x000001dd8d0e3e28} 'getInputEventAccessor' '()Lsun/awt/AWTAccessor$InputEventAccessor;' in 'sun/awt/AWTAccessor')}
  0x000001dd3471c314: ffff 49ba | 203e 0e8d | dd01 0000 | 4c89 5424 | 0848 c704 | 24ff ffff 

  0x000001dd3471c32c: ;   {runtime_call C1 Runtime counter_overflow_blob}
  0x000001dd3471c32c: ffe8 2e73 

  0x000001dd3471c330: ; ImmutableOopMap {r8=Oop [168]=Oop }
                      ;*synchronization entry
                      ; - sun.awt.AWTAccessor::getInputEventAccessor@-1 (line 961)
                      ; - java.awt.AWTEvent::dispatched@7 (line 571)
                      ; - java.awt.EventQueue::dispatchEventImpl@45 (line 726)
  0x000001dd3471c330: 2d07 e9b6 

  0x000001dd3471c334: ;   {metadata({method} {0x000001dd8d0e65e8} 'ensureClassInitialized' '(Ljava/lang/Class;)V' in 'sun/awt/AWTAccessor')}
  0x000001dd3471c334: eaff ff49 | bae0 650e | 8ddd 0100 | 004c 8954 | 2408 48c7 | 0424 ffff 

  0x000001dd3471c34c: ;   {runtime_call C1 Runtime counter_overflow_blob}
  0x000001dd3471c34c: ffff e80d 

  0x000001dd3471c350: ; ImmutableOopMap {[168]=Oop }
                      ;*synchronization entry
                      ; - sun.awt.AWTAccessor::ensureClassInitialized@-1 (line 1464)
                      ; - sun.awt.AWTAccessor::getInputEventAccessor@10 (line 963)
                      ; - java.awt.AWTEvent::dispatched@7 (line 571)
                      ; - java.awt.EventQueue::dispatchEventImpl@45 (line 726)
  0x000001dd3471c350: 732d 07e9 | 0deb ffff 

  0x000001dd3471c358: ;   {metadata({method} {0x000001dd4c44ab28} 'lookup' '()Ljava/lang/invoke/MethodHandles$Lookup;' in 'java/lang/invoke/MethodHandles')}
  0x000001dd3471c358: 49ba 20ab | 444c dd01 | 0000 4c89 | 5424 0848 | c704 24ff 

  0x000001dd3471c36c: ;   {runtime_call C1 Runtime counter_overflow_blob}
  0x000001dd3471c36c: ffff ffe8 

  0x000001dd3471c370: ; ImmutableOopMap {[168]=Oop }
                      ;*synchronization entry
                      ; - java.lang.invoke.MethodHandles::lookup@-1 (line 126)
                      ; - sun.awt.AWTAccessor::ensureClassInitialized@0 (line 1464)
                      ; - sun.awt.AWTAccessor::getInputEventAccessor@10 (line 963)
                      ; - java.awt.AWTEvent::dispatched@7 (line 571)
                      ; - java.awt.EventQueue::dispatchEventImpl@45 (line 726)
  0x000001dd3471c370: ec72 2d07 | e925 ebff | ff48 8bd2 

  0x000001dd3471c37c: ;   {runtime_call C1 Runtime fast_new_instance_blob}
  0x000001dd3471c37c: e8df 2a2d 

  0x000001dd3471c380: ; ImmutableOopMap {r8=Oop [168]=Oop }
                      ;*new {reexecute=0 rethrow=0 return_oop=0}
                      ; - java.lang.invoke.MethodHandles::lookup@18 (line 130)
                      ; - sun.awt.AWTAccessor::ensureClassInitialized@0 (line 1464)
                      ; - sun.awt.AWTAccessor::getInputEventAccessor@10 (line 963)
                      ; - java.awt.AWTEvent::dispatched@7 (line 571)
                      ; - java.awt.EventQueue::dispatchEventImpl@45 (line 726)
  0x000001dd3471c380: 07e9 c0eb 

  0x000001dd3471c384: ;   {metadata({method} {0x000001dd4c44edd8} '<init>' '(Ljava/lang/Class;)V' in 'java/lang/invoke/MethodHandles$Lookup')}
  0x000001dd3471c384: ffff 49ba | d0ed 444c | dd01 0000 | 4c89 5424 | 0848 c704 | 24ff ffff 

  0x000001dd3471c39c: ;   {runtime_call C1 Runtime counter_overflow_blob}
  0x000001dd3471c39c: ffe8 be72 

  0x000001dd3471c3a0: ; ImmutableOopMap {r8=Oop rax=Oop [168]=Oop }
                      ;*synchronization entry
                      ; - java.lang.invoke.MethodHandles$Lookup::<init>@-1 (line 1534)
                      ; - java.lang.invoke.MethodHandles::lookup@23 (line 130)
                      ; - sun.awt.AWTAccessor::ensureClassInitialized@0 (line 1464)
                      ; - sun.awt.AWTAccessor::getInputEventAccessor@10 (line 963)
                      ; - java.awt.AWTEvent::dispatched@7 (line 571)
                      ; - java.awt.EventQueue::dispatchEventImpl@45 (line 726)
  0x000001dd3471c3a0: 2d07 e9dd 

  0x000001dd3471c3a4: ;   {metadata(nullptr)}
  0x000001dd3471c3a4: ebff ff48 | b800 0000 | 0000 0000 | 00b8 000f 

  0x000001dd3471c3b4: ;   {runtime_call C1 Runtime load_klass_patching_blob}
  0x000001dd3471c3b4: 050a e825 

  0x000001dd3471c3b8: ; ImmutableOopMap {rdx=Oop r9=Oop [168]=Oop }
                      ;*instanceof {reexecute=1 rethrow=0 return_oop=0}
                      ; - (reexecute) java.awt.EventQueue::dispatchEventImpl@70 (line 729)
  0x000001dd3471c3b8: 622d 07e9 | 78ee ffff 

  0x000001dd3471c3c0: ;   {metadata({method} {0x000001dd8d177f28} 'noEvents' '()Z' in 'java/awt/EventQueue')}
  0x000001dd3471c3c0: 49ba 207f | 178d dd01 | 0000 4c89 | 5424 0848 | c704 24ff 

  0x000001dd3471c3d4: ;   {runtime_call C1 Runtime counter_overflow_blob}
  0x000001dd3471c3d4: ffff ffe8 

  0x000001dd3471c3d8: ; ImmutableOopMap {rdx=Oop }
                      ;*synchronization entry
                      ; - java.awt.EventQueue::noEvents@-1 (line 520)
                      ; - java.awt.EventQueue::dispatchEventImpl@95 (line 732)
  0x000001dd3471c3d8: 8472 2d07 | e916 f0ff 

  0x000001dd3471c3e0: ;   {runtime_call C1 Runtime throw_null_pointer_exception_blob}
  0x000001dd3471c3e0: ffe8 7a21 

  0x000001dd3471c3e4: ; ImmutableOopMap {rdx=Oop rdi=Oop }
                      ;*aaload {reexecute=0 rethrow=0 return_oop=0}
                      ; - java.awt.EventQueue::noEvents@12 (line 521)
                      ; - java.awt.EventQueue::dispatchEventImpl@95 (line 732)
                      ;   {runtime_call C1 Runtime throw_null_pointer_exception_blob}
  0x000001dd3471c3e4: 2d07 e875 

  0x000001dd3471c3e8: ; ImmutableOopMap {rdx=Oop rdi=Oop }
                      ;*aaload {reexecute=0 rethrow=0 return_oop=0}
                      ; - java.awt.EventQueue::noEvents@12 (line 521)
                      ; - java.awt.EventQueue::dispatchEventImpl@95 (line 732)
  0x000001dd3471c3e8: 212d 0748 | 8934 2448 | 897c 2408 

  0x000001dd3471c3f4: ;   {runtime_call C1 Runtime throw_range_check_failed_blob}
  0x000001dd3471c3f4: e867 182d 

  0x000001dd3471c3f8: ; ImmutableOopMap {rdx=Oop rdi=Oop }
                      ;*aaload {reexecute=0 rethrow=0 return_oop=0}
                      ; - java.awt.EventQueue::noEvents@12 (line 521)
                      ; - java.awt.EventQueue::dispatchEventImpl@95 (line 732)
                      ;   {runtime_call C1 Runtime throw_null_pointer_exception_blob}
  0x000001dd3471c3f8: 07e8 6221 

  0x000001dd3471c3fc: ; ImmutableOopMap {rdx=Oop }
                      ;*getfield head {reexecute=1 rethrow=0 return_oop=0}
                      ; - (reexecute) java.awt.EventQueue::noEvents@13 (line 521)
                      ; - java.awt.EventQueue::dispatchEventImpl@95 (line 732)
                      ;   {metadata({method} {0x000001dd8d177f28} 'noEvents' '()Z' in 'java/awt/EventQueue')}
  0x000001dd3471c3fc: 2d07 49ba | 207f 178d | dd01 0000 | 4c89 5424 | 0848 c704 | 2418 0000 

  0x000001dd3471c414: ;   {runtime_call C1 Runtime counter_overflow_blob}
  0x000001dd3471c414: 00e8 4672 

  0x000001dd3471c418: ; ImmutableOopMap {rdx=Oop }
                      ;*goto {reexecute=1 rethrow=0 return_oop=0}
                      ; - (reexecute) java.awt.EventQueue::noEvents@24 (line 520)
                      ; - java.awt.EventQueue::dispatchEventImpl@95 (line 732)
  0x000001dd3471c418: 2d07 e95f 

  0x000001dd3471c41c: ;   {metadata({method} {0x000001dd8d176cf8} 'getEventLog' '()Lsun/util/logging/PlatformLogger;' in 'java/awt/EventQueue')}
  0x000001dd3471c41c: f0ff ff49 | baf0 6c17 | 8ddd 0100 | 004c 8954 | 2408 48c7 | 0424 ffff 

  0x000001dd3471c434: ;   {runtime_call C1 Runtime counter_overflow_blob}
  0x000001dd3471c434: ffff e825 

  0x000001dd3471c438: ; ImmutableOopMap {[168]=Oop }
                      ;*synchronization entry
                      ; - java.awt.EventQueue::getEventLog@-1 (line 180)
                      ; - java.awt.EventQueue::dispatchEventImpl@111 (line 736)
  0x000001dd3471c438: 722d 07e9 | fcf0 ffff | 418b 5078 | 48c1 e203 | 4883 fa00 | 0f84 69f1 | ffff 4889 

  0x000001dd3471c454: ;   {runtime_call g1_pre_barrier_slow}
  0x000001dd3471c454: 1424 e805 | 782d 07e9 | 5bf1 ffff | 4883 f800 | 0f84 76f1 | ffff 4c89 

  0x000001dd3471c46c: ;   {runtime_call g1_post_barrier_slow}
  0x000001dd3471c46c: 0424 e8ed | 7a2d 07e9 | 68f1 ffff 

  0x000001dd3471c478: ;   {runtime_call C1 Runtime throw_null_pointer_exception_blob}
  0x000001dd3471c478: e8e3 202d 

  0x000001dd3471c47c: ; ImmutableOopMap {r8=Oop [168]=Oop }
                      ;*invokevirtual isLoggable {reexecute=0 rethrow=0 return_oop=0}
                      ; - java.awt.EventQueue::dispatchEventImpl@117 (line 736)
                      ;   {metadata({method} {0x000001dd8d0cb480} 'isLoggable' '(Lsun/util/logging/PlatformLogger$Level;)Z' in 'sun/util/logging/PlatformLogger')}
  0x000001dd3471c47c: 0749 ba78 | b40c 8ddd | 0100 004c | 8954 2408 | 48c7 0424 | ffff ffff 

  0x000001dd3471c494: ;   {runtime_call C1 Runtime counter_overflow_blob}
  0x000001dd3471c494: e8c7 712d 

  0x000001dd3471c498: ; ImmutableOopMap {r8=Oop [168]=Oop }
                      ;*synchronization entry
                      ; - sun.util.logging.PlatformLogger::isLoggable@-1 (line 336)
                      ; - java.awt.EventQueue::dispatchEventImpl@117 (line 736)
  0x000001dd3471c498: 07e9 a4f1 

  0x000001dd3471c49c: ;   {runtime_call C1 Runtime throw_null_pointer_exception_blob}
  0x000001dd3471c49c: ffff e8bd 

  0x000001dd3471c4a0: ; ImmutableOopMap {rdx=Oop [168]=Oop }
                      ;*invokeinterface isLoggable {reexecute=0 rethrow=0 return_oop=0}
                      ; - sun.util.logging.PlatformLogger::isLoggable@17 (line 340)
                      ; - java.awt.EventQueue::dispatchEventImpl@117 (line 736)
                      ;   {metadata({method} {0x000001dd8d176cf8} 'getEventLog' '()Lsun/util/logging/PlatformLogger;' in 'java/awt/EventQueue')}
  0x000001dd3471c4a0: 202d 0749 | baf0 6c17 | 8ddd 0100 | 004c 8954 | 2408 48c7 | 0424 ffff 

  0x000001dd3471c4b8: ;   {runtime_call C1 Runtime counter_overflow_blob}
  0x000001dd3471c4b8: ffff e8a1 

  0x000001dd3471c4bc: ; ImmutableOopMap {[168]=Oop }
                      ;*synchronization entry
                      ; - java.awt.EventQueue::getEventLog@-1 (line 180)
                      ; - java.awt.EventQueue::dispatchEventImpl@123 (line 737)
  0x000001dd3471c4bc: 712d 07e9 | b6f2 ffff | 8b72 7848 | c1e6 0348 | 83fe 000f | 8426 f3ff | ff48 8934 

  0x000001dd3471c4d8: ;   {runtime_call g1_pre_barrier_slow}
  0x000001dd3471c4d8: 24e8 8277 | 2d07 e918 | f3ff ff48 | 83f8 000f | 8433 f3ff | ff48 8914 

  0x000001dd3471c4f0: ;   {runtime_call g1_post_barrier_slow}
  0x000001dd3471c4f0: 24e8 6a7a | 2d07 e925 

  0x000001dd3471c4f8: ;   {metadata({method} {0x000001dd4c47e890} 'valueOf' '(Ljava/lang/Object;)Ljava/lang/String;' in 'java/lang/String')}
  0x000001dd3471c4f8: f3ff ff49 | ba88 e847 | 4cdd 0100 | 004c 8954 | 2408 48c7 | 0424 ffff 

  0x000001dd3471c510: ;   {runtime_call C1 Runtime counter_overflow_blob}
  0x000001dd3471c510: ffff e849 

  0x000001dd3471c514: ; ImmutableOopMap {rsi=Oop r8=Oop [168]=Oop [184]=Oop }
                      ;*synchronization entry
                      ; - java.lang.String::valueOf@-1 (line 4543)
                      ; - java.awt.EventQueue::dispatchEventImpl@127 (line 737)
  0x000001dd3471c514: 712d 07e9 | 5ef3 ffff | 49b8 0000 | 0000 0000 | 0000 b800 

  0x000001dd3471c528: ;   {runtime_call C1 Runtime load_appendix_patching_blob}
  0x000001dd3471c528: 0f05 0ae8 

  0x000001dd3471c52c: ; ImmutableOopMap {rdi=Oop [184]=Oop }
                      ;*invokedynamic {reexecute=1 rethrow=0 return_oop=0}
                      ; - (reexecute) java.awt.EventQueue::dispatchEventImpl@130 (line 737)
  0x000001dd3471c52c: b069 2d07 | e93b f4ff 

  0x000001dd3471c534: ;   {runtime_call C1 Runtime throw_null_pointer_exception_blob}
  0x000001dd3471c534: ffe8 2620 

  0x000001dd3471c538: ; ImmutableOopMap {rax=Oop rsi=Oop [184]=Oop }
                      ;*invokevirtual fine {reexecute=0 rethrow=0 return_oop=0}
                      ; - java.awt.EventQueue::dispatchEventImpl@135 (line 737)
                      ;   {metadata({method} {0x000001dd8d0cc0d8} 'fine' '(Ljava/lang/String;)V' in 'sun/util/logging/PlatformLogger')}
  0x000001dd3471c538: 2d07 49ba | d0c0 0c8d | dd01 0000 | 4c89 5424 | 0848 c704 | 24ff ffff 

  0x000001dd3471c550: ;   {runtime_call C1 Runtime counter_overflow_blob}
  0x000001dd3471c550: ffe8 0a71 

  0x000001dd3471c554: ; ImmutableOopMap {rax=Oop rsi=Oop [184]=Oop }
                      ;*synchronization entry
                      ; - sun.util.logging.PlatformLogger::fine@-1 (line 449)
                      ; - java.awt.EventQueue::dispatchEventImpl@135 (line 737)
  0x000001dd3471c554: 2d07 e9af 

  0x000001dd3471c558: ;   {runtime_call C1 Runtime throw_null_pointer_exception_blob}
  0x000001dd3471c558: f4ff ffe8 

  0x000001dd3471c55c: ; ImmutableOopMap {rax=Oop rdx=Oop }
                      ;*invokeinterface log {reexecute=0 rethrow=0 return_oop=0}
                      ; - sun.util.logging.PlatformLogger::fine@12 (line 449)
                      ; - java.awt.EventQueue::dispatchEventImpl@135 (line 737)
  0x000001dd3471c55c: 0020 2d07 

  0x000001dd3471c560: ;   {internal_word}
  0x000001dd3471c560: 49ba e4ba | 7134 dd01 | 0000 4d89 | 9760 0400 

  0x000001dd3471c570: ;   {runtime_call SafepointBlob}
  0x000001dd3471c570: 00e9 6a97 

  0x000001dd3471c574: ;   {runtime_call C1 Runtime throw_null_pointer_exception_blob}
  0x000001dd3471c574: 2107 e8e5 

  0x000001dd3471c578: ; ImmutableOopMap {r8=Oop }
                      ;*invokevirtual stopDispatching {reexecute=0 rethrow=0 return_oop=0}
                      ; - java.awt.EventQueue::dispatchEventImpl@105 (line 733)
                      ;   {metadata({method} {0x000001dd8d69cc88} 'stopDispatching' '()V' in 'java/awt/EventDispatchThread')}
  0x000001dd3471c578: 1f2d 0749 | ba80 cc69 | 8ddd 0100 | 004c 8954 | 2408 48c7 | 0424 ffff 

  0x000001dd3471c590: ;   {runtime_call C1 Runtime counter_overflow_blob}
  0x000001dd3471c590: ffff e8c9 

  0x000001dd3471c594: ; ImmutableOopMap {r8=Oop }
                      ;*synchronization entry
                      ; - java.awt.EventDispatchThread::stopDispatching@-1 (line 85)
                      ; - java.awt.EventQueue::dispatchEventImpl@105 (line 733)
  0x000001dd3471c594: 702d 07e9 | abf5 ffff 

  0x000001dd3471c59c: ;   {internal_word}
  0x000001dd3471c59c: 49ba 6fbb | 7134 dd01 | 0000 4d89 | 9760 0400 

  0x000001dd3471c5ac: ;   {runtime_call SafepointBlob}
  0x000001dd3471c5ac: 00e9 2e97 

  0x000001dd3471c5b0: ;   {metadata(nullptr)}
  0x000001dd3471c5b0: 2107 48bb | 0000 0000 | 0000 0000 | b800 0f05 

  0x000001dd3471c5c0: ;   {runtime_call C1 Runtime load_klass_patching_blob}
  0x000001dd3471c5c0: 0ae8 1a60 

  0x000001dd3471c5c4: ; ImmutableOopMap {r9=Oop r8=Oop [168]=Oop }
                      ;*checkcast {reexecute=1 rethrow=0 return_oop=0}
                      ; - (reexecute) java.awt.EventQueue::dispatchEventImpl@77 (line 730)
  0x000001dd3471c5c4: 2d07 e95d | f6ff ff4c 

  0x000001dd3471c5cc: ;   {runtime_call C1 Runtime throw_class_cast_exception_blob}
  0x000001dd3471c5cc: 890c 24e8 

  0x000001dd3471c5d0: ; ImmutableOopMap {r9=Oop r8=Oop [168]=Oop }
                      ;*checkcast {reexecute=0 rethrow=0 return_oop=0}
                      ; - java.awt.EventQueue::dispatchEventImpl@77 (line 730)
  0x000001dd3471c5d0: 8c43 2d07 

  0x000001dd3471c5d4: ;   {internal_word}
  0x000001dd3471c5d4: 49ba adbc | 7134 dd01 | 0000 4d89 | 9760 0400 

  0x000001dd3471c5e4: ;   {runtime_call SafepointBlob}
  0x000001dd3471c5e4: 00e9 f696 | 2107 4c89 

  0x000001dd3471c5ec: ;   {runtime_call C1 Runtime throw_class_cast_exception_blob}
  0x000001dd3471c5ec: 0c24 e86d 

  0x000001dd3471c5f0: ; ImmutableOopMap {r8=Oop [168]=Oop }
                      ;*checkcast {reexecute=0 rethrow=0 return_oop=0}
                      ; - java.awt.EventQueue::dispatchEventImpl@59 (line 728)
                      ;   {runtime_call C1 Runtime throw_null_pointer_exception_blob}
  0x000001dd3471c5f0: 432d 07e8 

  0x000001dd3471c5f4: ; ImmutableOopMap {r8=Oop rdx=Oop [168]=Oop }
                      ;*invokevirtual dispatchEvent {reexecute=0 rethrow=0 return_oop=0}
                      ; - java.awt.EventQueue::dispatchEventImpl@63 (line 728)
  0x000001dd3471c5f4: 681f 2d07 

  0x000001dd3471c5f8: ;   {internal_word}
  0x000001dd3471c5f8: 49ba 4dbe | 7134 dd01 | 0000 4d89 | 9760 0400 

  0x000001dd3471c608: ;   {runtime_call SafepointBlob}
  0x000001dd3471c608: 00e9 d296 | 2107 4c89 

  0x000001dd3471c610: ;   {runtime_call C1 Runtime throw_class_cast_exception_blob}
  0x000001dd3471c610: 0424 e849 

  0x000001dd3471c614: ; ImmutableOopMap {}
                      ;*checkcast {reexecute=0 rethrow=0 return_oop=0}
                      ; - java.awt.EventQueue::dispatchEventImpl@18 (line 723)
                      ;   {runtime_call C1 Runtime throw_null_pointer_exception_blob}
  0x000001dd3471c614: 432d 07e8 

  0x000001dd3471c618: ; ImmutableOopMap {rdx=Oop }
                      ;*invokeinterface dispatch {reexecute=0 rethrow=0 return_oop=0}
                      ; - java.awt.EventQueue::dispatchEventImpl@21 (line 723)
  0x000001dd3471c618: 441f 2d07 

  0x000001dd3471c61c: ;   {internal_word}
  0x000001dd3471c61c: 49ba 3cc0 | 7134 dd01 | 0000 4d89 | 9760 0400 

  0x000001dd3471c62c: ;   {runtime_call SafepointBlob}
  0x000001dd3471c62c: 00e9 ae96 

  0x000001dd3471c630: ;   {metadata(nullptr)}
  0x000001dd3471c630: 2107 48ba | 0000 0000 | 0000 0000 | b800 0f05 

  0x000001dd3471c640: ;   {runtime_call C1 Runtime load_klass_patching_blob}
  0x000001dd3471c640: 0ae8 9a5f 

  0x000001dd3471c644: ; ImmutableOopMap {[168]=Oop }
                      ;*new {reexecute=1 rethrow=0 return_oop=0}
                      ; - (reexecute) java.lang.invoke.MethodHandles::lookup@8 (line 128)
                      ; - sun.awt.AWTAccessor::ensureClassInitialized@0 (line 1464)
                      ; - sun.awt.AWTAccessor::getInputEventAccessor@10 (line 963)
                      ; - java.awt.AWTEvent::dispatched@7 (line 571)
                      ; - java.awt.EventQueue::dispatchEventImpl@45 (line 726)
  0x000001dd3471c644: 2d07 e9fd 

  0x000001dd3471c648: ;   {runtime_call C1 Runtime throw_null_pointer_exception_blob}
  0x000001dd3471c648: f9ff ffe8 

  0x000001dd3471c64c: ; ImmutableOopMap {[168]=Oop }
                      ;*new {reexecute=0 rethrow=0 return_oop=0}
                      ; - java.lang.invoke.MethodHandles::lookup@8 (line 128)
                      ; - sun.awt.AWTAccessor::ensureClassInitialized@0 (line 1464)
                      ; - sun.awt.AWTAccessor::getInputEventAccessor@10 (line 963)
                      ; - java.awt.AWTEvent::dispatched@7 (line 571)
                      ; - java.awt.EventQueue::dispatchEventImpl@45 (line 726)
  0x000001dd3471c64c: 101f 2d07 

  0x000001dd3471c650: ;   {runtime_call C1 Runtime fast_new_instance_init_check_blob}
  0x000001dd3471c650: 488b d2e8 

  0x000001dd3471c654: ; ImmutableOopMap {[168]=Oop }
                      ;*new {reexecute=0 rethrow=0 return_oop=0}
                      ; - java.lang.invoke.MethodHandles::lookup@8 (line 128)
                      ; - sun.awt.AWTAccessor::ensureClassInitialized@0 (line 1464)
                      ; - sun.awt.AWTAccessor::getInputEventAccessor@10 (line 963)
                      ; - java.awt.AWTEvent::dispatched@7 (line 571)
                      ; - java.awt.EventQueue::dispatchEventImpl@45 (line 726)
  0x000001dd3471c654: 082b 2d07 | e950 faff | ff4c 8904 

  0x000001dd3471c660: ;   {runtime_call C1 Runtime throw_class_cast_exception_blob}
  0x000001dd3471c660: 24e8 fa42 

  0x000001dd3471c664: ; ImmutableOopMap {rsi=Oop }
                      ;*checkcast {reexecute=0 rethrow=0 return_oop=0}
                      ; - java.awt.AWTEvent::dispatched@11 (line 571)
                      ; - java.awt.EventQueue::dispatchEventImpl@45 (line 726)
                      ;   {runtime_call C1 Runtime throw_incompatible_class_change_error_blob}
  0x000001dd3471c664: 2d07 e8f5 

  0x000001dd3471c668: ; ImmutableOopMap {rsi=Oop rdi=Oop }
                      ;*invokeinterface setCanAccessSystemClipboard {reexecute=0 rethrow=0 return_oop=0}
                      ; - java.awt.AWTEvent::dispatched@15 (line 572)
                      ; - java.awt.EventQueue::dispatchEventImpl@45 (line 726)
                      ;   {runtime_call C1 Runtime throw_null_pointer_exception_blob}
  0x000001dd3471c668: 452d 07e8 

  0x000001dd3471c66c: ; ImmutableOopMap {rsi=Oop rdi=Oop }
                      ;*invokeinterface setCanAccessSystemClipboard {reexecute=0 rethrow=0 return_oop=0}
                      ; - java.awt.AWTEvent::dispatched@15 (line 572)
                      ; - java.awt.EventQueue::dispatchEventImpl@45 (line 726)
  0x000001dd3471c66c: f01e 2d07 

  0x000001dd3471c670: ;   {metadata({method} {0x000001dd8d1000f8} 'setCanAccessSystemClipboard' '(Ljava/awt/event/InputEvent;Z)V' in 'java/awt/event/InputEvent$1')}
  0x000001dd3471c670: 49ba f000 | 108d dd01 | 0000 4c89 | 5424 0848 | c704 24ff 

  0x000001dd3471c684: ;   {runtime_call C1 Runtime counter_overflow_blob}
  0x000001dd3471c684: ffff ffe8 

  0x000001dd3471c688: ; ImmutableOopMap {rdi=Oop }
                      ;*synchronization entry
                      ; - java.awt.event.InputEvent$1::setCanAccessSystemClipboard@-1 (line 338)
                      ; - java.awt.AWTEvent::dispatched@15 (line 572)
                      ; - java.awt.EventQueue::dispatchEventImpl@45 (line 726)
  0x000001dd3471c688: d46f 2d07 | e9e8 fbff 

  0x000001dd3471c690: ;   {runtime_call C1 Runtime throw_null_pointer_exception_blob}
  0x000001dd3471c690: ffe8 ca1e 

  0x000001dd3471c694: ; ImmutableOopMap {}
                      ;*putfield canAccessSystemClipboard {reexecute=1 rethrow=0 return_oop=0}
                      ; - (reexecute) java.awt.event.InputEvent$1::setCanAccessSystemClipboard@2 (line 338)
                      ; - java.awt.AWTEvent::dispatched@15 (line 572)
                      ; - java.awt.EventQueue::dispatchEventImpl@45 (line 726)
                      ;   {internal_word}
  0x000001dd3471c694: 2d07 49ba | 95c2 7134 | dd01 0000 | 4d89 9760 

  0x000001dd3471c6a4: ;   {runtime_call SafepointBlob}
  0x000001dd3471c6a4: 0400 00e9 | 3496 2107 | 498b 8708 | 0500 0049 | c787 0805 | 0000 0000 | 0000 49c7 | 8710 0500 
  0x000001dd3471c6c4: 0000 0000 | 0048 81c4 | d000 0000 

  0x000001dd3471c6d0: ;   {runtime_call C1 Runtime unwind_exception_blob}
  0x000001dd3471c6d0: 5de9 8a0f | 2d07 f4f4 
[Stub Code]
  0x000001dd3471c6d8: ;   {no_reloc}
  0x000001dd3471c6d8: 0f1f 4400 

  0x000001dd3471c6dc: ;   {static_stub}
  0x000001dd3471c6dc: 0048 bb00 | 0000 0000 

  0x000001dd3471c6e4: ;   {runtime_call nmethod}
  0x000001dd3471c6e4: 0000 00e9 | fbff ffff 

  0x000001dd3471c6ec: ;   {static_stub}
  0x000001dd3471c6ec: 9048 bb00 | 0000 0000 

  0x000001dd3471c6f4: ;   {runtime_call nmethod}
  0x000001dd3471c6f4: 0000 00e9 | fbff ffff 

  0x000001dd3471c6fc: ;   {static_stub}
  0x000001dd3471c6fc: 9048 bb00 | 0000 0000 

  0x000001dd3471c704: ;   {runtime_call nmethod}
  0x000001dd3471c704: 0000 00e9 | fbff ffff 

  0x000001dd3471c70c: ;   {static_stub}
  0x000001dd3471c70c: 9048 bb00 | 0000 0000 

  0x000001dd3471c714: ;   {runtime_call nmethod}
  0x000001dd3471c714: 0000 00e9 | fbff ffff 

  0x000001dd3471c71c: ;   {static_stub}
  0x000001dd3471c71c: 9048 bb00 | 0000 0000 

  0x000001dd3471c724: ;   {runtime_call nmethod}
  0x000001dd3471c724: 0000 00e9 | fbff ffff 

  0x000001dd3471c72c: ;   {static_stub}
  0x000001dd3471c72c: 9048 bb00 | 0000 0000 

  0x000001dd3471c734: ;   {runtime_call nmethod}
  0x000001dd3471c734: 0000 00e9 | fbff ffff 

  0x000001dd3471c73c: ;   {static_stub}
  0x000001dd3471c73c: 9048 bb00 | 0000 0000 

  0x000001dd3471c744: ;   {runtime_call nmethod}
  0x000001dd3471c744: 0000 00e9 | fbff ffff 

  0x000001dd3471c74c: ;   {static_stub}
  0x000001dd3471c74c: 9048 bb00 | 0000 0000 

  0x000001dd3471c754: ;   {runtime_call nmethod}
  0x000001dd3471c754: 0000 00e9 | fbff ffff 

  0x000001dd3471c75c: ;   {static_stub}
  0x000001dd3471c75c: 9048 bb00 | 0000 0000 

  0x000001dd3471c764: ;   {runtime_call nmethod}
  0x000001dd3471c764: 0000 00e9 | fbff ffff 

  0x000001dd3471c76c: ;   {static_stub}
  0x000001dd3471c76c: 48bb 0000 | 0000 0000 

  0x000001dd3471c774: ;   {runtime_call nmethod}
  0x000001dd3471c774: 0000 e9fb 

  0x000001dd3471c778: ;   {static_stub}
  0x000001dd3471c778: ffff ff48 | bb00 0000 | 0000 0000 

  0x000001dd3471c784: ;   {runtime_call nmethod}
  0x000001dd3471c784: 00e9 fbff 

  0x000001dd3471c788: ;   {static_stub}
  0x000001dd3471c788: ffff 48bb | 0000 0000 | 0000 0000 

  0x000001dd3471c794: ;   {runtime_call nmethod}
  0x000001dd3471c794: e9fb ffff 

  0x000001dd3471c798: ;   {static_stub}
  0x000001dd3471c798: ff48 bb00 | 0000 0000 

  0x000001dd3471c7a0: ;   {runtime_call nmethod}
  0x000001dd3471c7a0: 0000 00e9 | fbff ffff 

  0x000001dd3471c7a8: ;   {static_stub}
  0x000001dd3471c7a8: 48bb 0000 | 0000 0000 

  0x000001dd3471c7b0: ;   {runtime_call nmethod}
  0x000001dd3471c7b0: 0000 e9fb 

  0x000001dd3471c7b4: ;   {runtime_call C1 Runtime handle_exception_from_callee_blob}
  0x000001dd3471c7b4: ffff ffe8 | a43b 2d07 

  0x000001dd3471c7bc: ;   {external_word}
  0x000001dd3471c7bc: 48b9 e034 | 8ede f87f | 0000 4883 

  0x000001dd3471c7c8: ;   {runtime_call}
  0x000001dd3471c7c8: e4f0 48b8 | 1090 4bde | f87f 0000 

  0x000001dd3471c7d4: ;   {section_word}
  0x000001dd3471c7d4: ffd0 f449 | bad7 c771 | 34dd 0100 

  0x000001dd3471c7e0: ;   {runtime_call DeoptimizationBlob}
  0x000001dd3471c7e0: 0041 52e9 | 988a 2107 
[/MachCode]


---------------  P R O C E S S  ---------------

Threads class SMR info:
_java_thread_list=0x000001dd917b9ca0, length=16, elements={
0x000001dd4af74cd0, 0x000001dd4af75610, 0x000001dd4af7c520, 0x000001dd4af7d050,
0x000001dd4af81410, 0x000001dd4af8b7b0, 0x000001dd4af8d620, 0x000001dd4af8e5a0,
0x000001dd4bc768c0, 0x000001dd4bdcf3a0, 0x000001dd4bf2c770, 0x000001dd9123fdd0,
0x000001dd91240510, 0x000001dd9172b550, 0x000001dd29571ca0, 0x000001dd917768a0
}

Java Threads: ( => current thread )
  0x000001dd4af74cd0 JavaThread "Reference Handler"          daemon [_thread_blocked, id=29748, stack(0x000000c847b00000,0x000000c847c00000) (1024K)]
  0x000001dd4af75610 JavaThread "Finalizer"                  daemon [_thread_blocked, id=2712, stack(0x000000c847c00000,0x000000c847d00000) (1024K)]
  0x000001dd4af7c520 JavaThread "Signal Dispatcher"          daemon [_thread_blocked, id=30656, stack(0x000000c847d00000,0x000000c847e00000) (1024K)]
  0x000001dd4af7d050 JavaThread "Attach Listener"            daemon [_thread_blocked, id=34272, stack(0x000000c847e00000,0x000000c847f00000) (1024K)]
  0x000001dd4af81410 JavaThread "Service Thread"             daemon [_thread_blocked, id=34476, stack(0x000000c847f00000,0x000000c848000000) (1024K)]
  0x000001dd4af8b7b0 JavaThread "Monitor Deflation Thread"   daemon [_thread_blocked, id=27136, stack(0x000000c848000000,0x000000c848100000) (1024K)]
  0x000001dd4af8d620 JavaThread "C2 CompilerThread0"         daemon [_thread_blocked, id=37352, stack(0x000000c848100000,0x000000c848200000) (1024K)]
  0x000001dd4af8e5a0 JavaThread "C1 CompilerThread0"         daemon [_thread_blocked, id=32824, stack(0x000000c848200000,0x000000c848300000) (1024K)]
  0x000001dd4bc768c0 JavaThread "Common-Cleaner"             daemon [_thread_blocked, id=37036, stack(0x000000c848400000,0x000000c848500000) (1024K)]
  0x000001dd4bdcf3a0 JavaThread "Notification Thread"        daemon [_thread_blocked, id=6264, stack(0x000000c848600000,0x000000c848700000) (1024K)]
  0x000001dd4bf2c770 JavaThread "Java2D Disposer"            daemon [_thread_blocked, id=37756, stack(0x000000c848700000,0x000000c848800000) (1024K)]
  0x000001dd9123fdd0 JavaThread "AWT-Shutdown"                      [_thread_blocked, id=36456, stack(0x000000c848800000,0x000000c848900000) (1024K)]
  0x000001dd91240510 JavaThread "AWT-Windows"                daemon [_thread_in_native, id=36468, stack(0x000000c848900000,0x000000c848a00000) (1024K)]
=>0x000001dd9172b550 JavaThread "AWT-EventQueue-0"                  [_thread_in_native, id=23172, stack(0x000000c848c00000,0x000000c848d00000) (1024K)]
  0x000001dd29571ca0 JavaThread "DestroyJavaVM"                     [_thread_blocked, id=20996, stack(0x000000c847300000,0x000000c847400000) (1024K)]
  0x000001dd917768a0 JavaThread "TimerQueue"                 daemon [_thread_blocked, id=36528, stack(0x000000c849200000,0x000000c849300000) (1024K)]
Total: 16

Other Threads:
  0x000001dd4af65ca0 VMThread "VM Thread"                           [id=8460, stack(0x000000c847a00000,0x000000c847b00000) (1024K)]
  0x000001dd4ae241d0 WatcherThread "VM Periodic Task Thread"        [id=18280, stack(0x000000c847900000,0x000000c847a00000) (1024K)]
  0x000001dd2b9f2d90 WorkerThread "GC Thread#0"                     [id=37852, stack(0x000000c847400000,0x000000c847500000) (1024K)]
  0x000001dd2ba08990 ConcurrentGCThread "G1 Main Marker"            [id=28016, stack(0x000000c847500000,0x000000c847600000) (1024K)]
  0x000001dd2ba0a2a0 WorkerThread "G1 Conc#0"                       [id=17332, stack(0x000000c847600000,0x000000c847700000) (1024K)]
  0x000001dd4ae16460 ConcurrentGCThread "G1 Refine#0"               [id=35500, stack(0x000000c847700000,0x000000c847800000) (1024K)]
  0x000001dd4ae17ca0 ConcurrentGCThread "G1 Service"                [id=27936, stack(0x000000c847800000,0x000000c847900000) (1024K)]
Total: 7

Threads with active compile tasks:
Total: 0

VM state: not at safepoint (normal execution)

VM Mutex/Monitor currently owned by a thread: None

Heap address: 0x0000000705e00000, size: 4002 MB, Compressed Oops mode: Zero based, Oop shift amount: 3

CDS archive(s) mapped at: [0x000001dd4c000000-0x000001dd4cd40000-0x000001dd4cd40000), size 13893632, SharedBaseAddress: 0x000001dd4c000000, ArchiveRelocationMode: 1.
Compressed class space mapped at: 0x000001dd4d000000-0x000001dd8d000000, reserved size: 1073741824
UseCompressedClassPointers 1, UseCompactObjectHeaders 0
Narrow klass pointer bits 32, Max shift 3
Narrow klass base: 0x000001dd4c000000, Narrow klass shift: 0
Encoding Range: [0x000001dd4c000000 - 0x000001de4c000000), (4294967296 bytes)
Klass Range:    [0x000001dd4c000000 - 0x000001dd8d000000), (1090519040 bytes)
Klass ID Range:  [8 - 1090519033) (1090519025)

GC Precious Log:
 CardTable entry size: 512
 Card Set container configuration: InlinePtr #cards 4 size 8 Array Of Cards #cards 16 size 48 Howl #buckets 8 coarsen threshold 3686 Howl Bitmap #cards 512 size 80 coarsen threshold 460 Card regions per heap region 1 cards per card region 4096
 CPUs: 16 total, 16 available
 Memory: 16004M
 Large Page Support: Disabled
 NUMA Support: Disabled
 Compressed Oops: Enabled (Zero based)
 Heap Region Size: 2M
 Heap Min Capacity: 8M
 Heap Initial Capacity: 252M
 Heap Max Capacity: 4002M
 Pre-touch: Disabled
 Parallel Workers: 13
 Concurrent Workers: 3
 Concurrent Refinement Workers: 13
 Periodic GC: Disabled

Heap:
 garbage-first heap   total reserved 4098048K, committed 260096K, used 31856K [0x0000000705e00000, 0x0000000800000000)
  region size 2048K, 14 young (28672K), 0 survivors (0K)
 Metaspace       used 10799K, committed 11008K, reserved 1114112K
  class space    used 1041K, committed 1088K, reserved 1048576K

Heap Regions: E=young(eden), S=young(survivor), O=old, HS=humongous(starts), HC=humongous(continues), CS=collection set, F=free, TAMS=top-at-mark-start, PB=parsable bottom
|   0|0x0000000705e00000, 0x0000000706000000, 0x0000000706000000|100%|HS|  |TAMS 0x0000000705e00000| PB 0x0000000705e00000| Complete |  0
|   1|0x0000000706000000, 0x0000000706200000, 0x0000000706200000|100%|HC|  |TAMS 0x0000000706000000| PB 0x0000000706000000| Complete |  0
|   2|0x0000000706200000, 0x0000000706200000, 0x0000000706400000|  0%| F|  |TAMS 0x0000000706200000| PB 0x0000000706200000| Untracked |  0
|   3|0x0000000706400000, 0x0000000706400000, 0x0000000706600000|  0%| F|  |TAMS 0x0000000706400000| PB 0x0000000706400000| Untracked |  0
|   4|0x0000000706600000, 0x0000000706600000, 0x0000000706800000|  0%| F|  |TAMS 0x0000000706600000| PB 0x0000000706600000| Untracked |  0
|   5|0x0000000706800000, 0x0000000706800000, 0x0000000706a00000|  0%| F|  |TAMS 0x0000000706800000| PB 0x0000000706800000| Untracked |  0
|   6|0x0000000706a00000, 0x0000000706a00000, 0x0000000706c00000|  0%| F|  |TAMS 0x0000000706a00000| PB 0x0000000706a00000| Untracked |  0
|   7|0x0000000706c00000, 0x0000000706c00000, 0x0000000706e00000|  0%| F|  |TAMS 0x0000000706c00000| PB 0x0000000706c00000| Untracked |  0
|   8|0x0000000706e00000, 0x0000000706e00000, 0x0000000707000000|  0%| F|  |TAMS 0x0000000706e00000| PB 0x0000000706e00000| Untracked |  0
|   9|0x0000000707000000, 0x0000000707000000, 0x0000000707200000|  0%| F|  |TAMS 0x0000000707000000| PB 0x0000000707000000| Untracked |  0
|  10|0x0000000707200000, 0x0000000707200000, 0x0000000707400000|  0%| F|  |TAMS 0x0000000707200000| PB 0x0000000707200000| Untracked |  0
|  11|0x0000000707400000, 0x0000000707400000, 0x0000000707600000|  0%| F|  |TAMS 0x0000000707400000| PB 0x0000000707400000| Untracked |  0
|  12|0x0000000707600000, 0x0000000707600000, 0x0000000707800000|  0%| F|  |TAMS 0x0000000707600000| PB 0x0000000707600000| Untracked |  0
|  13|0x0000000707800000, 0x0000000707800000, 0x0000000707a00000|  0%| F|  |TAMS 0x0000000707800000| PB 0x0000000707800000| Untracked |  0
|  14|0x0000000707a00000, 0x0000000707a00000, 0x0000000707c00000|  0%| F|  |TAMS 0x0000000707a00000| PB 0x0000000707a00000| Untracked |  0
|  15|0x0000000707c00000, 0x0000000707c00000, 0x0000000707e00000|  0%| F|  |TAMS 0x0000000707c00000| PB 0x0000000707c00000| Untracked |  0
|  16|0x0000000707e00000, 0x0000000707e00000, 0x0000000708000000|  0%| F|  |TAMS 0x0000000707e00000| PB 0x0000000707e00000| Untracked |  0
|  17|0x0000000708000000, 0x0000000708000000, 0x0000000708200000|  0%| F|  |TAMS 0x0000000708000000| PB 0x0000000708000000| Untracked |  0
|  18|0x0000000708200000, 0x0000000708200000, 0x0000000708400000|  0%| F|  |TAMS 0x0000000708200000| PB 0x0000000708200000| Untracked |  0
|  19|0x0000000708400000, 0x0000000708400000, 0x0000000708600000|  0%| F|  |TAMS 0x0000000708400000| PB 0x0000000708400000| Untracked |  0
|  20|0x0000000708600000, 0x0000000708600000, 0x0000000708800000|  0%| F|  |TAMS 0x0000000708600000| PB 0x0000000708600000| Untracked |  0
|  21|0x0000000708800000, 0x0000000708800000, 0x0000000708a00000|  0%| F|  |TAMS 0x0000000708800000| PB 0x0000000708800000| Untracked |  0
|  22|0x0000000708a00000, 0x0000000708a00000, 0x0000000708c00000|  0%| F|  |TAMS 0x0000000708a00000| PB 0x0000000708a00000| Untracked |  0
|  23|0x0000000708c00000, 0x0000000708c00000, 0x0000000708e00000|  0%| F|  |TAMS 0x0000000708c00000| PB 0x0000000708c00000| Untracked |  0
|  24|0x0000000708e00000, 0x0000000708e00000, 0x0000000709000000|  0%| F|  |TAMS 0x0000000708e00000| PB 0x0000000708e00000| Untracked |  0
|  25|0x0000000709000000, 0x0000000709000000, 0x0000000709200000|  0%| F|  |TAMS 0x0000000709000000| PB 0x0000000709000000| Untracked |  0
|  26|0x0000000709200000, 0x0000000709200000, 0x0000000709400000|  0%| F|  |TAMS 0x0000000709200000| PB 0x0000000709200000| Untracked |  0
|  27|0x0000000709400000, 0x0000000709400000, 0x0000000709600000|  0%| F|  |TAMS 0x0000000709400000| PB 0x0000000709400000| Untracked |  0
|  28|0x0000000709600000, 0x0000000709600000, 0x0000000709800000|  0%| F|  |TAMS 0x0000000709600000| PB 0x0000000709600000| Untracked |  0
|  29|0x0000000709800000, 0x0000000709800000, 0x0000000709a00000|  0%| F|  |TAMS 0x0000000709800000| PB 0x0000000709800000| Untracked |  0
|  30|0x0000000709a00000, 0x0000000709a00000, 0x0000000709c00000|  0%| F|  |TAMS 0x0000000709a00000| PB 0x0000000709a00000| Untracked |  0
|  31|0x0000000709c00000, 0x0000000709c00000, 0x0000000709e00000|  0%| F|  |TAMS 0x0000000709c00000| PB 0x0000000709c00000| Untracked |  0
|  32|0x0000000709e00000, 0x0000000709e00000, 0x000000070a000000|  0%| F|  |TAMS 0x0000000709e00000| PB 0x0000000709e00000| Untracked |  0
|  33|0x000000070a000000, 0x000000070a000000, 0x000000070a200000|  0%| F|  |TAMS 0x000000070a000000| PB 0x000000070a000000| Untracked |  0
|  34|0x000000070a200000, 0x000000070a200000, 0x000000070a400000|  0%| F|  |TAMS 0x000000070a200000| PB 0x000000070a200000| Untracked |  0
|  35|0x000000070a400000, 0x000000070a400000, 0x000000070a600000|  0%| F|  |TAMS 0x000000070a400000| PB 0x000000070a400000| Untracked |  0
|  36|0x000000070a600000, 0x000000070a600000, 0x000000070a800000|  0%| F|  |TAMS 0x000000070a600000| PB 0x000000070a600000| Untracked |  0
|  37|0x000000070a800000, 0x000000070a800000, 0x000000070aa00000|  0%| F|  |TAMS 0x000000070a800000| PB 0x000000070a800000| Untracked |  0
|  38|0x000000070aa00000, 0x000000070aa00000, 0x000000070ac00000|  0%| F|  |TAMS 0x000000070aa00000| PB 0x000000070aa00000| Untracked |  0
|  39|0x000000070ac00000, 0x000000070ac00000, 0x000000070ae00000|  0%| F|  |TAMS 0x000000070ac00000| PB 0x000000070ac00000| Untracked |  0
|  40|0x000000070ae00000, 0x000000070ae00000, 0x000000070b000000|  0%| F|  |TAMS 0x000000070ae00000| PB 0x000000070ae00000| Untracked |  0
|  41|0x000000070b000000, 0x000000070b000000, 0x000000070b200000|  0%| F|  |TAMS 0x000000070b000000| PB 0x000000070b000000| Untracked |  0
|  42|0x000000070b200000, 0x000000070b200000, 0x000000070b400000|  0%| F|  |TAMS 0x000000070b200000| PB 0x000000070b200000| Untracked |  0
|  43|0x000000070b400000, 0x000000070b400000, 0x000000070b600000|  0%| F|  |TAMS 0x000000070b400000| PB 0x000000070b400000| Untracked |  0
|  44|0x000000070b600000, 0x000000070b600000, 0x000000070b800000|  0%| F|  |TAMS 0x000000070b600000| PB 0x000000070b600000| Untracked |  0
|  45|0x000000070b800000, 0x000000070b800000, 0x000000070ba00000|  0%| F|  |TAMS 0x000000070b800000| PB 0x000000070b800000| Untracked |  0
|  46|0x000000070ba00000, 0x000000070ba00000, 0x000000070bc00000|  0%| F|  |TAMS 0x000000070ba00000| PB 0x000000070ba00000| Untracked |  0
|  47|0x000000070bc00000, 0x000000070bc00000, 0x000000070be00000|  0%| F|  |TAMS 0x000000070bc00000| PB 0x000000070bc00000| Untracked |  0
|  48|0x000000070be00000, 0x000000070be00000, 0x000000070c000000|  0%| F|  |TAMS 0x000000070be00000| PB 0x000000070be00000| Untracked |  0
|  49|0x000000070c000000, 0x000000070c000000, 0x000000070c200000|  0%| F|  |TAMS 0x000000070c000000| PB 0x000000070c000000| Untracked |  0
|  50|0x000000070c200000, 0x000000070c200000, 0x000000070c400000|  0%| F|  |TAMS 0x000000070c200000| PB 0x000000070c200000| Untracked |  0
|  51|0x000000070c400000, 0x000000070c400000, 0x000000070c600000|  0%| F|  |TAMS 0x000000070c400000| PB 0x000000070c400000| Untracked |  0
|  52|0x000000070c600000, 0x000000070c600000, 0x000000070c800000|  0%| F|  |TAMS 0x000000070c600000| PB 0x000000070c600000| Untracked |  0
|  53|0x000000070c800000, 0x000000070c800000, 0x000000070ca00000|  0%| F|  |TAMS 0x000000070c800000| PB 0x000000070c800000| Untracked |  0
|  54|0x000000070ca00000, 0x000000070ca00000, 0x000000070cc00000|  0%| F|  |TAMS 0x000000070ca00000| PB 0x000000070ca00000| Untracked |  0
|  55|0x000000070cc00000, 0x000000070cc00000, 0x000000070ce00000|  0%| F|  |TAMS 0x000000070cc00000| PB 0x000000070cc00000| Untracked |  0
|  56|0x000000070ce00000, 0x000000070ce00000, 0x000000070d000000|  0%| F|  |TAMS 0x000000070ce00000| PB 0x000000070ce00000| Untracked |  0
|  57|0x000000070d000000, 0x000000070d000000, 0x000000070d200000|  0%| F|  |TAMS 0x000000070d000000| PB 0x000000070d000000| Untracked |  0
|  58|0x000000070d200000, 0x000000070d200000, 0x000000070d400000|  0%| F|  |TAMS 0x000000070d200000| PB 0x000000070d200000| Untracked |  0
|  59|0x000000070d400000, 0x000000070d400000, 0x000000070d600000|  0%| F|  |TAMS 0x000000070d400000| PB 0x000000070d400000| Untracked |  0
|  60|0x000000070d600000, 0x000000070d600000, 0x000000070d800000|  0%| F|  |TAMS 0x000000070d600000| PB 0x000000070d600000| Untracked |  0
|  61|0x000000070d800000, 0x000000070d800000, 0x000000070da00000|  0%| F|  |TAMS 0x000000070d800000| PB 0x000000070d800000| Untracked |  0
|  62|0x000000070da00000, 0x000000070da00000, 0x000000070dc00000|  0%| F|  |TAMS 0x000000070da00000| PB 0x000000070da00000| Untracked |  0
|  63|0x000000070dc00000, 0x000000070dc00000, 0x000000070de00000|  0%| F|  |TAMS 0x000000070dc00000| PB 0x000000070dc00000| Untracked |  0
|  64|0x000000070de00000, 0x000000070de00000, 0x000000070e000000|  0%| F|  |TAMS 0x000000070de00000| PB 0x000000070de00000| Untracked |  0
|  65|0x000000070e000000, 0x000000070e000000, 0x000000070e200000|  0%| F|  |TAMS 0x000000070e000000| PB 0x000000070e000000| Untracked |  0
|  66|0x000000070e200000, 0x000000070e200000, 0x000000070e400000|  0%| F|  |TAMS 0x000000070e200000| PB 0x000000070e200000| Untracked |  0
|  67|0x000000070e400000, 0x000000070e400000, 0x000000070e600000|  0%| F|  |TAMS 0x000000070e400000| PB 0x000000070e400000| Untracked |  0
|  68|0x000000070e600000, 0x000000070e600000, 0x000000070e800000|  0%| F|  |TAMS 0x000000070e600000| PB 0x000000070e600000| Untracked |  0
|  69|0x000000070e800000, 0x000000070e800000, 0x000000070ea00000|  0%| F|  |TAMS 0x000000070e800000| PB 0x000000070e800000| Untracked |  0
|  70|0x000000070ea00000, 0x000000070ea00000, 0x000000070ec00000|  0%| F|  |TAMS 0x000000070ea00000| PB 0x000000070ea00000| Untracked |  0
|  71|0x000000070ec00000, 0x000000070ec00000, 0x000000070ee00000|  0%| F|  |TAMS 0x000000070ec00000| PB 0x000000070ec00000| Untracked |  0
|  72|0x000000070ee00000, 0x000000070ee00000, 0x000000070f000000|  0%| F|  |TAMS 0x000000070ee00000| PB 0x000000070ee00000| Untracked |  0
|  73|0x000000070f000000, 0x000000070f000000, 0x000000070f200000|  0%| F|  |TAMS 0x000000070f000000| PB 0x000000070f000000| Untracked |  0
|  74|0x000000070f200000, 0x000000070f200000, 0x000000070f400000|  0%| F|  |TAMS 0x000000070f200000| PB 0x000000070f200000| Untracked |  0
|  75|0x000000070f400000, 0x000000070f400000, 0x000000070f600000|  0%| F|  |TAMS 0x000000070f400000| PB 0x000000070f400000| Untracked |  0
|  76|0x000000070f600000, 0x000000070f600000, 0x000000070f800000|  0%| F|  |TAMS 0x000000070f600000| PB 0x000000070f600000| Untracked |  0
|  77|0x000000070f800000, 0x000000070f800000, 0x000000070fa00000|  0%| F|  |TAMS 0x000000070f800000| PB 0x000000070f800000| Untracked |  0
|  78|0x000000070fa00000, 0x000000070fa00000, 0x000000070fc00000|  0%| F|  |TAMS 0x000000070fa00000| PB 0x000000070fa00000| Untracked |  0
|  79|0x000000070fc00000, 0x000000070fc00000, 0x000000070fe00000|  0%| F|  |TAMS 0x000000070fc00000| PB 0x000000070fc00000| Untracked |  0
|  80|0x000000070fe00000, 0x000000070fe00000, 0x0000000710000000|  0%| F|  |TAMS 0x000000070fe00000| PB 0x000000070fe00000| Untracked |  0
|  81|0x0000000710000000, 0x0000000710000000, 0x0000000710200000|  0%| F|  |TAMS 0x0000000710000000| PB 0x0000000710000000| Untracked |  0
|  82|0x0000000710200000, 0x0000000710200000, 0x0000000710400000|  0%| F|  |TAMS 0x0000000710200000| PB 0x0000000710200000| Untracked |  0
|  83|0x0000000710400000, 0x0000000710400000, 0x0000000710600000|  0%| F|  |TAMS 0x0000000710400000| PB 0x0000000710400000| Untracked |  0
|  84|0x0000000710600000, 0x0000000710600000, 0x0000000710800000|  0%| F|  |TAMS 0x0000000710600000| PB 0x0000000710600000| Untracked |  0
|  85|0x0000000710800000, 0x0000000710800000, 0x0000000710a00000|  0%| F|  |TAMS 0x0000000710800000| PB 0x0000000710800000| Untracked |  0
|  86|0x0000000710a00000, 0x0000000710a00000, 0x0000000710c00000|  0%| F|  |TAMS 0x0000000710a00000| PB 0x0000000710a00000| Untracked |  0
|  87|0x0000000710c00000, 0x0000000710c00000, 0x0000000710e00000|  0%| F|  |TAMS 0x0000000710c00000| PB 0x0000000710c00000| Untracked |  0
|  88|0x0000000710e00000, 0x0000000710e00000, 0x0000000711000000|  0%| F|  |TAMS 0x0000000710e00000| PB 0x0000000710e00000| Untracked |  0
|  89|0x0000000711000000, 0x0000000711000000, 0x0000000711200000|  0%| F|  |TAMS 0x0000000711000000| PB 0x0000000711000000| Untracked |  0
|  90|0x0000000711200000, 0x0000000711200000, 0x0000000711400000|  0%| F|  |TAMS 0x0000000711200000| PB 0x0000000711200000| Untracked |  0
|  91|0x0000000711400000, 0x0000000711400000, 0x0000000711600000|  0%| F|  |TAMS 0x0000000711400000| PB 0x0000000711400000| Untracked |  0
|  92|0x0000000711600000, 0x0000000711600000, 0x0000000711800000|  0%| F|  |TAMS 0x0000000711600000| PB 0x0000000711600000| Untracked |  0
|  93|0x0000000711800000, 0x0000000711800000, 0x0000000711a00000|  0%| F|  |TAMS 0x0000000711800000| PB 0x0000000711800000| Untracked |  0
|  94|0x0000000711a00000, 0x0000000711a00000, 0x0000000711c00000|  0%| F|  |TAMS 0x0000000711a00000| PB 0x0000000711a00000| Untracked |  0
|  95|0x0000000711c00000, 0x0000000711c00000, 0x0000000711e00000|  0%| F|  |TAMS 0x0000000711c00000| PB 0x0000000711c00000| Untracked |  0
|  96|0x0000000711e00000, 0x0000000711e00000, 0x0000000712000000|  0%| F|  |TAMS 0x0000000711e00000| PB 0x0000000711e00000| Untracked |  0
|  97|0x0000000712000000, 0x0000000712000000, 0x0000000712200000|  0%| F|  |TAMS 0x0000000712000000| PB 0x0000000712000000| Untracked |  0
|  98|0x0000000712200000, 0x0000000712200000, 0x0000000712400000|  0%| F|  |TAMS 0x0000000712200000| PB 0x0000000712200000| Untracked |  0
|  99|0x0000000712400000, 0x0000000712400000, 0x0000000712600000|  0%| F|  |TAMS 0x0000000712400000| PB 0x0000000712400000| Untracked |  0
| 100|0x0000000712600000, 0x0000000712600000, 0x0000000712800000|  0%| F|  |TAMS 0x0000000712600000| PB 0x0000000712600000| Untracked |  0
| 101|0x0000000712800000, 0x0000000712800000, 0x0000000712a00000|  0%| F|  |TAMS 0x0000000712800000| PB 0x0000000712800000| Untracked |  0
| 102|0x0000000712a00000, 0x0000000712a00000, 0x0000000712c00000|  0%| F|  |TAMS 0x0000000712a00000| PB 0x0000000712a00000| Untracked |  0
| 103|0x0000000712c00000, 0x0000000712c00000, 0x0000000712e00000|  0%| F|  |TAMS 0x0000000712c00000| PB 0x0000000712c00000| Untracked |  0
| 104|0x0000000712e00000, 0x0000000712e00000, 0x0000000713000000|  0%| F|  |TAMS 0x0000000712e00000| PB 0x0000000712e00000| Untracked |  0
| 105|0x0000000713000000, 0x0000000713000000, 0x0000000713200000|  0%| F|  |TAMS 0x0000000713000000| PB 0x0000000713000000| Untracked |  0
| 106|0x0000000713200000, 0x0000000713200000, 0x0000000713400000|  0%| F|  |TAMS 0x0000000713200000| PB 0x0000000713200000| Untracked |  0
| 107|0x0000000713400000, 0x0000000713400000, 0x0000000713600000|  0%| F|  |TAMS 0x0000000713400000| PB 0x0000000713400000| Untracked |  0
| 108|0x0000000713600000, 0x0000000713600000, 0x0000000713800000|  0%| F|  |TAMS 0x0000000713600000| PB 0x0000000713600000| Untracked |  0
| 109|0x0000000713800000, 0x0000000713800000, 0x0000000713a00000|  0%| F|  |TAMS 0x0000000713800000| PB 0x0000000713800000| Untracked |  0
| 110|0x0000000713a00000, 0x0000000713a00000, 0x0000000713c00000|  0%| F|  |TAMS 0x0000000713a00000| PB 0x0000000713a00000| Untracked |  0
| 111|0x0000000713c00000, 0x0000000713c00000, 0x0000000713e00000|  0%| F|  |TAMS 0x0000000713c00000| PB 0x0000000713c00000| Untracked |  0
| 112|0x0000000713e00000, 0x0000000713fed0d0, 0x0000000714000000| 96%| E|  |TAMS 0x0000000713e00000| PB 0x0000000713e00000| Complete |  0
| 113|0x0000000714000000, 0x0000000714200000, 0x0000000714200000|100%| E|CS|TAMS 0x0000000714000000| PB 0x0000000714000000| Complete |  0
| 114|0x0000000714200000, 0x0000000714400000, 0x0000000714400000|100%| E|CS|TAMS 0x0000000714200000| PB 0x0000000714200000| Complete |  0
| 115|0x0000000714400000, 0x0000000714600000, 0x0000000714600000|100%| E|CS|TAMS 0x0000000714400000| PB 0x0000000714400000| Complete |  0
| 116|0x0000000714600000, 0x0000000714800000, 0x0000000714800000|100%| E|CS|TAMS 0x0000000714600000| PB 0x0000000714600000| Complete |  0
| 117|0x0000000714800000, 0x0000000714a00000, 0x0000000714a00000|100%| E|CS|TAMS 0x0000000714800000| PB 0x0000000714800000| Complete |  0
| 118|0x0000000714a00000, 0x0000000714c00000, 0x0000000714c00000|100%| E|CS|TAMS 0x0000000714a00000| PB 0x0000000714a00000| Complete |  0
| 119|0x0000000714c00000, 0x0000000714e00000, 0x0000000714e00000|100%| E|CS|TAMS 0x0000000714c00000| PB 0x0000000714c00000| Complete |  0
| 120|0x0000000714e00000, 0x0000000715000000, 0x0000000715000000|100%| E|CS|TAMS 0x0000000714e00000| PB 0x0000000714e00000| Complete |  0
| 121|0x0000000715000000, 0x0000000715200000, 0x0000000715200000|100%| E|CS|TAMS 0x0000000715000000| PB 0x0000000715000000| Complete |  0
| 122|0x0000000715200000, 0x0000000715400000, 0x0000000715400000|100%| E|CS|TAMS 0x0000000715200000| PB 0x0000000715200000| Complete |  0
| 123|0x0000000715400000, 0x0000000715600000, 0x0000000715600000|100%| E|CS|TAMS 0x0000000715400000| PB 0x0000000715400000| Complete |  0
| 124|0x0000000715600000, 0x0000000715800000, 0x0000000715800000|100%| E|CS|TAMS 0x0000000715600000| PB 0x0000000715600000| Complete |  0
| 125|0x0000000715800000, 0x0000000715a00000, 0x0000000715a00000|100%| E|CS|TAMS 0x0000000715800000| PB 0x0000000715800000| Complete |  0
|2000|0x00000007ffe00000, 0x00000007fff1c318, 0x0000000800000000| 55%| O|  |TAMS 0x00000007ffe00000| PB 0x00000007ffe00000| Untracked |  0

Card table byte_map: [0x000001dd44500000,0x000001dd44ce0000] _byte_map_base: 0x000001dd40cd1000

Marking Bits: (CMBitMap*) 0x000001dd2b9f33b0
 Bits: [0x000001dd44ce0000, 0x000001dd48b68000)

Polling page: 0x000001dd29b60000

Metaspace:

Usage:
  Non-class:      9.53 MB used.
      Class:      1.02 MB used.
       Both:     10.55 MB used.

Virtual space:
  Non-class space:       64.00 MB reserved,       9.69 MB ( 15%) committed,  1 nodes.
      Class space:        1.00 GB reserved,       1.06 MB ( <1%) committed,  1 nodes.
             Both:        1.06 GB reserved,      10.75 MB ( <1%) committed. 

Chunk freelists:
   Non-Class:  6.24 MB
       Class:  14.76 MB
        Both:  21.00 MB

MaxMetaspaceSize: unlimited
CompressedClassSpaceSize: 1.00 GB
Initial GC threshold: 21.00 MB
Current GC threshold: 21.00 MB
CDS: on
 - commit_granule_bytes: 65536.
 - commit_granule_words: 8192.
 - virtual_space_node_default_size: 8388608.
 - enlarge_chunks_in_place: 1.
UseCompressedClassPointers 1, UseCompactObjectHeaders 0
Narrow klass pointer bits 32, Max shift 3
Narrow klass base: 0x000001dd4c000000, Narrow klass shift: 0
Encoding Range: [0x000001dd4c000000 - 0x000001de4c000000), (4294967296 bytes)
Klass Range:    [0x000001dd4c000000 - 0x000001dd8d000000), (1090519040 bytes)
Klass ID Range:  [8 - 1090519033) (1090519025)


Internal statistics:

num_allocs_failed_limit: 0.
num_arena_births: 112.
num_arena_deaths: 0.
num_vsnodes_births: 2.
num_vsnodes_deaths: 0.
num_space_committed: 172.
num_space_uncommitted: 0.
num_chunks_returned_to_freelist: 0.
num_chunks_taken_from_freelist: 155.
num_chunk_merges: 0.
num_chunk_splits: 98.
num_chunks_enlarged: 56.
num_inconsistent_stats: 0.

CodeHeap 'non-profiled nmethods': size=119232Kb used=495Kb max_used=495Kb free=118737Kb
 bounds [0x000001dd3c020000, 0x000001dd3c290000, 0x000001dd43490000]
CodeHeap 'profiled nmethods': size=119104Kb used=2852Kb max_used=2852Kb free=116251Kb
 bounds [0x000001dd34490000, 0x000001dd34760000, 0x000001dd3b8e0000]
CodeHeap 'non-nmethods': size=7424Kb used=1499Kb max_used=3252Kb free=5924Kb
 bounds [0x000001dd3b8e0000, 0x000001dd3bc10000, 0x000001dd3c020000]
CodeCache: size=245760Kb, used=4846Kb, max_used=6599Kb, free=240912Kb
 total_blobs=2571, nmethods=1898, adapters=578, full_count=0
Compilation: enabled, stopped_count=0, restarted_count=0

Compilation events (20 events):
Event: 9174.631 Thread 0x000001dd4af8e5a0 1888   !   3       java.lang.Object::wait (59 bytes)
Event: 9174.634 Thread 0x000001dd4af8e5a0 nmethod 1888 0x000001dd34755708 code [0x000001dd34755880, 0x000001dd34755e00]
Event: 11365.553 Thread 0x000001dd4af8e5a0 1889       3       java.lang.invoke.MethodHandle::isBuiltinLoader (24 bytes)
Event: 11365.556 Thread 0x000001dd4af8e5a0 nmethod 1889 0x000001dd34755e88 code [0x000001dd34755fa0, 0x000001dd347561f8]
Event: 11994.880 Thread 0x000001dd4af8e5a0 1890       3       java.lang.ref.ReferenceQueue::poll0 (65 bytes)
Event: 11994.885 Thread 0x000001dd4af8e5a0 nmethod 1890 0x000001dd34756288 code [0x000001dd347563c0, 0x000001dd347568a0]
Event: 19735.668 Thread 0x000001dd4af8e5a0 1891  s    3       jdk.internal.ref.CleanerImpl$CleanableList::isEmpty (16 bytes)
Event: 19735.672 Thread 0x000001dd4af8e5a0 nmethod 1891 0x000001dd34756908 code [0x000001dd34756a20, 0x000001dd34756cd0]
Event: 19735.672 Thread 0x000001dd4af8e5a0 1892       3       jdk.internal.misc.InnocuousThread::eraseThreadLocals (23 bytes)
Event: 19735.676 Thread 0x000001dd4af8e5a0 nmethod 1892 0x000001dd34756d08 code [0x000001dd34756e20, 0x000001dd34757010]
Event: 19735.676 Thread 0x000001dd4af8e5a0 1894       3       java.lang.ref.ReferenceQueue::remove0 (67 bytes)
Event: 19735.681 Thread 0x000001dd4af8e5a0 nmethod 1894 0x000001dd34757088 code [0x000001dd34757200, 0x000001dd34757660]
Event: 19735.681 Thread 0x000001dd4af8e5a0 1893   !   3       java.lang.ref.ReferenceQueue::remove (49 bytes)
Event: 19735.688 Thread 0x000001dd4af8e5a0 nmethod 1893 0x000001dd34757688 code [0x000001dd34757820, 0x000001dd347581d0]
Event: 25582.418 Thread 0x000001dd4af8e5a0 1895       3       java.awt.EventQueue::postEvent (13 bytes)
Event: 25582.427 Thread 0x000001dd4af8e5a0 nmethod 1895 0x000001dd34758208 code [0x000001dd34758360, 0x000001dd34758718]
Event: 25582.870 Thread 0x000001dd4af8d620 1897       4       java.util.HashMap$HashIterator::hasNext (13 bytes)
Event: 25582.871 Thread 0x000001dd4af8e5a0 1896   !   3       java.awt.Toolkit::setDesktopProperty (81 bytes)
Event: 25582.877 Thread 0x000001dd4af8e5a0 nmethod 1896 0x000001dd34758788 code [0x000001dd34758920, 0x000001dd34759230]
Event: 25582.879 Thread 0x000001dd4af8d620 nmethod 1897 0x000001dd3c09b408 code [0x000001dd3c09b500, 0x000001dd3c09b580]

GC Heap History (0 events):
No events

Dll operation events (10 events):
Event: 0.009 Loaded shared library C:\Program Files\Apache NetBeans\jdk\bin\java.dll
Event: 0.036 Loaded shared library C:\Program Files\Apache NetBeans\jdk\bin\jsvml.dll
Event: 0.059 Loaded shared library C:\Program Files\Apache NetBeans\jdk\bin\net.dll
Event: 0.061 Loaded shared library C:\Program Files\Apache NetBeans\jdk\bin\nio.dll
Event: 0.082 Loaded shared library C:\Program Files\Apache NetBeans\jdk\bin\zip.dll
Event: 0.085 Loaded shared library C:\Program Files\Apache NetBeans\jdk\bin\jimage.dll
Event: 0.092 Loaded shared library C:\Program Files\Apache NetBeans\jdk\bin\awt.dll
Event: 0.234 Loaded shared library C:\Program Files\Apache NetBeans\jdk\bin\verify.dll
Event: 0.293 Loaded shared library C:\Program Files\Apache NetBeans\jdk\bin\freetype.dll
Event: 0.294 Loaded shared library C:\Program Files\Apache NetBeans\jdk\bin\fontmanager.dll

Deoptimization events (20 events):
Event: 2.391 Thread 0x000001dd9172b550 Uncommon trap: trap_request=0xffffff4d fr.pc=0x000001dd3c08a33c relative=0x00000000000003dc
Event: 2.391 Thread 0x000001dd9172b550 Uncommon trap: reason=unstable_if action=reinterpret pc=0x000001dd3c08a33c method=java.lang.Character.isSurrogate(C)Z @ 3 c2
Event: 2.391 Thread 0x000001dd9172b550 DEOPT PACKING pc=0x000001dd3c08a33c sp=0x000000c848cfd500
Event: 2.391 Thread 0x000001dd9172b550 DEOPT UNPACKING pc=0x000001dd3b9f7a82 sp=0x000000c848cfd418 mode 2
Event: 2.391 Thread 0x000001dd9172b550 Uncommon trap: trap_request=0xffffff4d fr.pc=0x000001dd3c089344 relative=0x0000000000000044
Event: 2.391 Thread 0x000001dd9172b550 Uncommon trap: reason=unstable_if action=reinterpret pc=0x000001dd3c089344 method=java.lang.Character.isSurrogate(C)Z @ 3 c2
Event: 2.392 Thread 0x000001dd9172b550 DEOPT PACKING pc=0x000001dd3c089344 sp=0x000000c848cfd480
Event: 2.392 Thread 0x000001dd9172b550 DEOPT UNPACKING pc=0x000001dd3b9f7a82 sp=0x000000c848cfd418 mode 2
Event: 2.415 Thread 0x000001dd9172b550 Uncommon trap: trap_request=0xffffff5c fr.pc=0x000001dd3c0820e0 relative=0x0000000000000060
Event: 2.415 Thread 0x000001dd9172b550 Uncommon trap: reason=speculate_null_check action=make_not_entrant pc=0x000001dd3c0820e0 method=jdk.internal.misc.Unsafe.getIntUnaligned(Ljava/lang/Object;JZ)I @ 5 c2
Event: 2.415 Thread 0x000001dd9172b550 DEOPT PACKING pc=0x000001dd3c0820e0 sp=0x000000c848cfd5e0
Event: 2.416 Thread 0x000001dd9172b550 DEOPT UNPACKING pc=0x000001dd3b9f7a82 sp=0x000000c848cfd538 mode 2
Event: 4.145 Thread 0x000001dd9172b550 Uncommon trap: trap_request=0xffffffde fr.pc=0x000001dd3c03095c relative=0x00000000000001dc
Event: 4.145 Thread 0x000001dd9172b550 Uncommon trap: reason=class_check action=maybe_recompile pc=0x000001dd3c03095c method=java.lang.String.equals(Ljava/lang/Object;)Z @ 8 c2
Event: 4.145 Thread 0x000001dd9172b550 DEOPT PACKING pc=0x000001dd3c03095c sp=0x000000c848cfeb10
Event: 4.145 Thread 0x000001dd9172b550 DEOPT UNPACKING pc=0x000001dd3b9f7a82 sp=0x000000c848cfea98 mode 2
Event: 4.324 Thread 0x000001dd9172b550 Uncommon trap: trap_request=0xffffffde fr.pc=0x000001dd3c03095c relative=0x00000000000001dc
Event: 4.324 Thread 0x000001dd9172b550 Uncommon trap: reason=class_check action=maybe_recompile pc=0x000001dd3c03095c method=java.lang.String.equals(Ljava/lang/Object;)Z @ 8 c2
Event: 4.324 Thread 0x000001dd9172b550 DEOPT PACKING pc=0x000001dd3c03095c sp=0x000000c848cfeae0
Event: 4.324 Thread 0x000001dd9172b550 DEOPT UNPACKING pc=0x000001dd3b9f7a82 sp=0x000000c848cfea68 mode 2

Classes loaded (20 events):
Event: 3.590 Loading class java/awt/Container$MouseEventTargetFilter
Event: 3.590 Loading class java/awt/Container$EventTargetFilter
Event: 3.590 Loading class java/awt/Container$EventTargetFilter done
Event: 3.590 Loading class java/awt/Container$MouseEventTargetFilter done
Event: 3.590 Loading class java/awt/event/MouseWheelEvent
Event: 3.590 Loading class java/awt/event/MouseWheelEvent done
Event: 4.323 Loading class javax/swing/Autoscroller
Event: 4.323 Loading class javax/swing/Autoscroller done
Event: 8.211 Loading class sun/awt/SunToolkit$1
Event: 8.211 Loading class sun/awt/SunToolkit$1 done
Event: 8.233 Loading class java/text/ParsePosition
Event: 8.233 Loading class java/text/ParsePosition done
Event: 8.233 Loading class java/text/CalendarBuilder
Event: 8.233 Loading class java/text/CalendarBuilder done
Event: 1330.464 Loading class java/util/WeakHashMap$KeyIterator
Event: 1330.464 Loading class java/util/WeakHashMap$HashIterator
Event: 1330.464 Loading class java/util/WeakHashMap$HashIterator done
Event: 1330.464 Loading class java/util/WeakHashMap$KeyIterator done
Event: 1330.465 Loading class javax/swing/RepaintManager$DisplayChangedRunnable
Event: 1330.465 Loading class javax/swing/RepaintManager$DisplayChangedRunnable done

Classes unloaded (0 events):
No events

Classes redefined (0 events):
No events

Internal exceptions (20 events):
Event: 0.148 Thread 0x000001dd29571ca0 Exception <a 'java/lang/NoSuchMethodError'{0x0000000715467bf0}: 'java.lang.Object java.lang.invoke.DirectMethodHandle$Holder.invokeStatic(java.lang.Object, long)'> (0x0000000715467bf0) 
thrown [s\src\hotspot\share\interpreter\linkResolver.cpp, line 805]
Event: 0.148 Thread 0x000001dd29571ca0 Exception <a 'java/lang/NoSuchMethodError'{0x000000071546fc10}: 'java.lang.Object java.lang.invoke.DirectMethodHandle$Holder.invokeStaticInit(java.lang.Object, long)'> (0x000000071546fc10) 
thrown [s\src\hotspot\share\interpreter\linkResolver.cpp, line 805]
Event: 0.164 Thread 0x000001dd29571ca0 Exception <a 'java/lang/NoSuchMethodError'{0x000000071549ffa0}: 'void java.lang.invoke.DirectMethodHandle$Holder.invokeSpecial(java.lang.Object, java.lang.Object, java.lang.Object)'> (0x000000071549ffa0) 
thrown [s\src\hotspot\share\interpreter\linkResolver.cpp, line 805]
Event: 0.172 Thread 0x000001dd29571ca0 Exception <a 'java/lang/NoSuchMethodError'{0x0000000715209348}: 'java.lang.Object java.lang.invoke.DirectMethodHandle$Holder.newInvokeSpecial(java.lang.Object, java.lang.Object, java.lang.Object, java.lang.Object, java.lang.Object)'> (0x0000000715209348) 
thrown [s\src\hotspot\share\interpreter\linkResolver.cpp, line 805]
Event: 0.179 Thread 0x000001dd29571ca0 Exception <a 'java/lang/NoSuchMethodError'{0x0000000715271490}: 'java.lang.Object java.lang.invoke.DirectMethodHandle$Holder.invokeStatic(java.lang.Object, int, java.lang.Object)'> (0x0000000715271490) 
thrown [s\src\hotspot\share\interpreter\linkResolver.cpp, line 805]
Event: 0.204 Thread 0x000001dd29571ca0 Exception <a 'java/lang/ClassNotFoundException'{0x00000007150a3030}: com/sun/swing/internal/plaf/metal/resources/spi/metalProvider> (0x00000007150a3030) 
thrown [s\src\hotspot\share\classfile\systemDictionary.cpp, line 327]
Event: 0.205 Thread 0x000001dd29571ca0 Exception <a 'java/lang/ClassNotFoundException'{0x00000007150a6a40}: com/sun/swing/internal/plaf/basic/resources/spi/basicProvider> (0x00000007150a6a40) 
thrown [s\src\hotspot\share\classfile\systemDictionary.cpp, line 327]
Event: 0.214 Thread 0x000001dd29571ca0 Exception <a 'java/lang/NoSuchMethodError'{0x00000007150d44f8}: 'int java.lang.invoke.Invokers$Holder.invokeExact_MT(java.lang.Object, java.lang.Object)'> (0x00000007150d44f8) 
thrown [s\src\hotspot\share\interpreter\linkResolver.cpp, line 805]
Event: 0.301 Thread 0x000001dd29571ca0 Exception <a 'java/lang/NoSuchMethodError'{0x0000000714fa0ff8}: 'long java.lang.invoke.DirectMethodHandle$Holder.invokeStaticInit(java.lang.Object, long, long, long, long)'> (0x0000000714fa0ff8) 
thrown [s\src\hotspot\share\interpreter\linkResolver.cpp, line 805]
Event: 0.302 Thread 0x000001dd29571ca0 Exception <a 'java/lang/NoSuchMethodError'{0x0000000714fa9a00}: 'java.lang.Object java.lang.invoke.DirectMethodHandle$Holder.invokeInterface(java.lang.Object, java.lang.Object, long, long)'> (0x0000000714fa9a00) 
thrown [s\src\hotspot\share\interpreter\linkResolver.cpp, line 805]
Event: 0.303 Thread 0x000001dd29571ca0 Exception <a 'java/lang/NoSuchMethodError'{0x0000000714fc21c0}: 'void java.lang.invoke.DirectMethodHandle$Holder.invokeStaticInit(java.lang.Object, java.lang.Object, long, java.lang.Object)'> (0x0000000714fc21c0) 
thrown [s\src\hotspot\share\interpreter\linkResolver.cpp, line 805]
Event: 0.303 Thread 0x000001dd29571ca0 Exception <a 'java/lang/NoSuchMethodError'{0x0000000714fcada8}: 'long java.lang.invoke.DirectMethodHandle$Holder.invokeStatic(java.lang.Object, long, long)'> (0x0000000714fcada8) 
thrown [s\src\hotspot\share\interpreter\linkResolver.cpp, line 805]
Event: 0.308 Thread 0x000001dd29571ca0 Exception <a 'java/lang/NoSuchMethodError'{0x0000000714ff3fa0}: 'java.lang.Object java.lang.invoke.DirectMethodHandle$Holder.newInvokeSpecial(java.lang.Object, int, java.lang.Object)'> (0x0000000714ff3fa0) 
thrown [s\src\hotspot\share\interpreter\linkResolver.cpp, line 805]
Event: 0.334 Thread 0x000001dd29571ca0 Exception <a 'java/lang/NoSuchMethodError'{0x0000000714c67840}: 'void java.lang.invoke.DelegatingMethodHandle$Holder.reinvoke_L(java.lang.Object, java.lang.Object, java.lang.Object, java.lang.Object, long, long, float)'> (0x0000000714c67840) 
thrown [s\src\hotspot\share\interpreter\linkResolver.cpp, line 805]
Event: 0.336 Thread 0x000001dd29571ca0 Exception <a 'java/lang/NoSuchMethodError'{0x0000000714c87e90}: 'java.lang.Object java.lang.invoke.DirectMethodHandle$Holder.invokeStatic(java.lang.Object, java.lang.Object, java.lang.Object, java.lang.Object, java.lang.Object, long)'> (0x0000000714c87e90) 
thrown [s\src\hotspot\share\interpreter\linkResolver.cpp, line 805]
Event: 0.340 Thread 0x000001dd29571ca0 Exception <a 'java/lang/NoSuchMethodError'{0x0000000714ccb5f0}: 'float java.lang.invoke.DelegatingMethodHandle$Holder.reinvoke_L(java.lang.Object, java.lang.Object, java.lang.Object, java.lang.Object, long, long)'> (0x0000000714ccb5f0) 
thrown [s\src\hotspot\share\interpreter\linkResolver.cpp, line 805]
Event: 0.439 Thread 0x000001dd91240510 Exception <a 'java/lang/NoSuchMethodError'{0x0000000715505c08}: 'void java.lang.invoke.DirectMethodHandle$Holder.invokeVirtual(java.lang.Object, java.lang.Object)'> (0x0000000715505c08) 
thrown [s\src\hotspot\share\interpreter\linkResolver.cpp, line 805]
Event: 0.450 Thread 0x000001dd29571ca0 Exception <a 'java/lang/NoSuchMethodError'{0x0000000714862f30}: 'void java.lang.invoke.DirectMethodHandle$Holder.invokeStaticInit(java.lang.Object)'> (0x0000000714862f30) 
thrown [s\src\hotspot\share\interpreter\linkResolver.cpp, line 805]
Event: 0.533 Thread 0x000001dd9172b550 Exception <a 'java/io/FileNotFoundException'{0x0000000714651138}> (0x0000000714651138) 
thrown [s\src\hotspot\share\prims\jni.cpp, line 518]
Event: 0.548 Thread 0x000001dd9172b550 Exception <a 'java/io/FileNotFoundException'{0x000000071466ac80}> (0x000000071466ac80) 
thrown [s\src\hotspot\share\prims\jni.cpp, line 518]

VM Operations (20 events):
Event: 0.441 Executing VM operation: HandshakeAllThreads (Deoptimize)
Event: 0.441 Executing VM operation: HandshakeAllThreads (Deoptimize) done
Event: 2.444 Executing VM operation: HandshakeAllThreads (Deoptimize)
Event: 2.444 Executing VM operation: HandshakeAllThreads (Deoptimize) done
Event: 60.160 Executing VM operation: HandshakeAllThreads (HandshakeForDeflation)
Event: 60.160 Executing VM operation: HandshakeAllThreads (HandshakeForDeflation) done
Event: 60.160 Executing VM operation: RendezvousGCThreads
Event: 60.160 Executing VM operation: RendezvousGCThreads done
Event: 2119.927 Executing VM operation: HandshakeAllThreads (HandshakeForDeflation)
Event: 2119.927 Executing VM operation: HandshakeAllThreads (HandshakeForDeflation) done
Event: 2119.927 Executing VM operation: RendezvousGCThreads
Event: 2119.927 Executing VM operation: RendezvousGCThreads done
Event: 5299.029 Executing VM operation: HandshakeAllThreads (HandshakeForDeflation)
Event: 5299.029 Executing VM operation: HandshakeAllThreads (HandshakeForDeflation) done
Event: 5299.030 Executing VM operation: RendezvousGCThreads
Event: 5299.030 Executing VM operation: RendezvousGCThreads done
Event: 11380.531 Executing VM operation: HandshakeAllThreads (HandshakeForDeflation)
Event: 11380.531 Executing VM operation: HandshakeAllThreads (HandshakeForDeflation) done
Event: 11380.602 Executing VM operation: RendezvousGCThreads
Event: 11380.602 Executing VM operation: RendezvousGCThreads done

Memory protections (0 events):
No events

Nmethod flushes (0 events):
No events

Events (20 events):
Event: 0.072 Thread 0x000001dd29571ca0 Thread added: 0x000001dd4bdcf3a0
Event: 0.134 Thread 0x000001dd29571ca0 Thread added: 0x000001dd4bf2c770
Event: 0.134 Thread 0x000001dd29571ca0 Thread added: 0x000001dd9123fdd0
Event: 0.135 Thread 0x000001dd29571ca0 Thread added: 0x000001dd91240510
Event: 0.246 Thread 0x000001dd4af8d620 Thread added: 0x000001dd9162e640
Event: 0.256 Thread 0x000001dd4af8e5a0 Thread added: 0x000001dd9160f430
Event: 0.345 Thread 0x000001dd29571ca0 Thread added: 0x000001dd9172b550
Event: 0.424 Thread 0x000001dd29571ca0 Thread added: 0x000001dd918ec7f0
Event: 0.510 Thread 0x000001dd29571ca0 Thread exited: 0x000001dd29571ca0
Event: 0.510 Thread 0x000001dd29571ca0 Thread added: 0x000001dd29571ca0
Event: 0.741 Thread 0x000001dd4bc99260 Thread exited: 0x000001dd4bc99260
Event: 2.415 Thread 0x000001dd9160f430 Thread added: 0x000001dd91768040
Event: 2.415 Thread 0x000001dd9160f430 Thread added: 0x000001dd91885560
Event: 2.460 Thread 0x000001dd9172b550 Thread added: 0x000001dd917768a0
Event: 2.961 Thread 0x000001dd91885560 Thread exited: 0x000001dd91885560
Event: 2.961 Thread 0x000001dd91768040 Thread exited: 0x000001dd91768040
Event: 3.462 Thread 0x000001dd9160f430 Thread exited: 0x000001dd9160f430
Event: 3.463 Thread 0x000001dd9162e640 Thread exited: 0x000001dd9162e640
Event: 5.431 Thread 0x000001dd918ec7f0 Thread exited: 0x000001dd918ec7f0
Event: 8.154 Thread 0x000001dd4af59c70 Thread exited: 0x000001dd4af59c70


Dynamic libraries:
0x00007ff635500000 - 0x00007ff63550e000 	C:\Program Files\Apache NetBeans\jdk\bin\java.exe
0x00007ff9d5f00000 - 0x00007ff9d6169000 	C:\WINDOWS\SYSTEM32\ntdll.dll
0x00007ff9d5090000 - 0x00007ff9d5159000 	C:\WINDOWS\System32\KERNEL32.DLL
0x00007ff9d3370000 - 0x00007ff9d3763000 	C:\WINDOWS\System32\KERNELBASE.dll
0x00007ff9d3ad0000 - 0x00007ff9d3c1b000 	C:\WINDOWS\System32\ucrtbase.dll
0x00007ff9a0910000 - 0x00007ff9a0926000 	C:\Program Files\Apache NetBeans\jdk\bin\jli.dll
0x00007ff9aca80000 - 0x00007ff9aca9e000 	C:\Program Files\Apache NetBeans\jdk\bin\VCRUNTIME140.dll
0x00007ff9d4690000 - 0x00007ff9d4854000 	C:\WINDOWS\System32\USER32.dll
0x00007ff9d32b0000 - 0x00007ff9d32d7000 	C:\WINDOWS\System32\win32u.dll
0x00007ff9b99e0000 - 0x00007ff9b9c73000 	C:\WINDOWS\WinSxS\amd64_microsoft.windows.common-controls_6595b64144ccf1df_6.0.26100.5074_none_3e0d6f78e32fd63f\COMCTL32.dll
0x00007ff9d55f0000 - 0x00007ff9d561b000 	C:\WINDOWS\System32\GDI32.dll
0x00007ff9d3770000 - 0x00007ff9d389d000 	C:\WINDOWS\System32\gdi32full.dll
0x00007ff9d5e10000 - 0x00007ff9d5eb9000 	C:\WINDOWS\System32\msvcrt.dll
0x00007ff9d3c20000 - 0x00007ff9d3cc3000 	C:\WINDOWS\System32\msvcp_win.dll
0x00007ff9d4600000 - 0x00007ff9d462f000 	C:\WINDOWS\System32\IMM32.DLL
0x00007ff9ac280000 - 0x00007ff9ac28c000 	C:\Program Files\Apache NetBeans\jdk\bin\vcruntime140_1.dll
0x00007ff995080000 - 0x00007ff99510d000 	C:\Program Files\Apache NetBeans\jdk\bin\msvcp140.dll
0x00007ff8dde30000 - 0x00007ff8decac000 	C:\Program Files\Apache NetBeans\jdk\bin\server\jvm.dll
0x00007ff9d4860000 - 0x00007ff9d4914000 	C:\WINDOWS\System32\ADVAPI32.dll
0x00007ff9d5b00000 - 0x00007ff9d5ba6000 	C:\WINDOWS\System32\sechost.dll
0x00007ff9d5840000 - 0x00007ff9d5958000 	C:\WINDOWS\System32\RPCRT4.dll
0x00007ff9d5620000 - 0x00007ff9d5694000 	C:\WINDOWS\System32\WS2_32.dll
0x00007ff9d1ca0000 - 0x00007ff9d1cfe000 	C:\WINDOWS\SYSTEM32\POWRPROF.dll
0x00007ff9c8120000 - 0x00007ff9c8155000 	C:\WINDOWS\SYSTEM32\WINMM.dll
0x00007ff9cba50000 - 0x00007ff9cba5b000 	C:\WINDOWS\SYSTEM32\VERSION.dll
0x00007ff9d1c80000 - 0x00007ff9d1c94000 	C:\WINDOWS\SYSTEM32\UMPDC.dll
0x00007ff9d1f90000 - 0x00007ff9d1fab000 	C:\WINDOWS\SYSTEM32\kernel.appcore.dll
0x00007ff9ac270000 - 0x00007ff9ac27a000 	C:\Program Files\Apache NetBeans\jdk\bin\jimage.dll
0x00007ff9d08c0000 - 0x00007ff9d0b02000 	C:\WINDOWS\SYSTEM32\DBGHELP.DLL
0x00007ff9d4920000 - 0x00007ff9d4c9b000 	C:\WINDOWS\System32\combase.dll
0x00007ff9d4f10000 - 0x00007ff9d4fe7000 	C:\WINDOWS\System32\OLEAUT32.dll
0x00007ff9a1490000 - 0x00007ff9a14cd000 	C:\WINDOWS\SYSTEM32\dbgcore.DLL
0x00007ff9d3090000 - 0x00007ff9d3129000 	C:\WINDOWS\System32\bcryptPrimitives.dll
0x00007ff9a1d60000 - 0x00007ff9a1d7e000 	C:\Program Files\Apache NetBeans\jdk\bin\java.dll
0x00007ff9d56a0000 - 0x00007ff9d5838000 	C:\WINDOWS\System32\ole32.dll
0x00007ff9d3e30000 - 0x00007ff9d457d000 	C:\WINDOWS\System32\SHELL32.dll
0x00007ff9d38a0000 - 0x00007ff9d3a0c000 	C:\WINDOWS\System32\wintypes.dll
0x00007ff9d0cd0000 - 0x00007ff9d1529000 	C:\WINDOWS\SYSTEM32\windows.storage.dll
0x00007ff9d5960000 - 0x00007ff9d5a50000 	C:\WINDOWS\System32\SHCORE.dll
0x00007ff9d5bb0000 - 0x00007ff9d5c12000 	C:\WINDOWS\System32\shlwapi.dll
0x00007ff9d2fb0000 - 0x00007ff9d2fd9000 	C:\WINDOWS\SYSTEM32\profapi.dll
0x00007ff9433d0000 - 0x00007ff9434a7000 	C:\Program Files\Apache NetBeans\jdk\bin\jsvml.dll
0x00007ff9a1d50000 - 0x00007ff9a1d60000 	C:\Program Files\Apache NetBeans\jdk\bin\net.dll
0x00007ff9d2510000 - 0x00007ff9d257b000 	C:\WINDOWS\system32\mswsock.dll
0x00007ff99d250000 - 0x00007ff99d266000 	C:\Program Files\Apache NetBeans\jdk\bin\nio.dll
0x00007ff99e060000 - 0x00007ff99e077000 	C:\Program Files\Apache NetBeans\jdk\bin\zip.dll
0x00007ff92b200000 - 0x00007ff92b37e000 	C:\Program Files\Apache NetBeans\jdk\bin\awt.dll
0x00007ff9cf950000 - 0x00007ff9cf9ee000 	C:\WINDOWS\SYSTEM32\apphelp.dll
0x00007ff9cfb20000 - 0x00007ff9cfb4b000 	C:\WINDOWS\system32\DWMAPI.DLL
0x00007ff9cfa70000 - 0x00007ff9cfb18000 	C:\WINDOWS\system32\uxtheme.dll
0x00007ff92add0000 - 0x00007ff92aedc000 	C:\WINDOWS\system32\opengl32.dll
0x00007ff92ad80000 - 0x00007ff92adad000 	C:\WINDOWS\SYSTEM32\GLU32.dll
0x00007ff9d0130000 - 0x00007ff9d0174000 	C:\WINDOWS\SYSTEM32\dxcore.dll
0x00007ff9d3cd0000 - 0x00007ff9d3e28000 	C:\WINDOWS\System32\MSCTF.dll
0x00007ff9a0bd0000 - 0x00007ff9a0be0000 	C:\Program Files\Apache NetBeans\jdk\bin\verify.dll
0x00007ff988140000 - 0x00007ff9881c7000 	C:\Program Files\Apache NetBeans\jdk\bin\freetype.dll
0x00007ff938a40000 - 0x00007ff938b29000 	C:\Program Files\Apache NetBeans\jdk\bin\fontmanager.dll
0x00007ff9d5c20000 - 0x00007ff9d5cd1000 	C:\WINDOWS\System32\clbcatq.dll
0x00007ff9cde30000 - 0x00007ff9ce05f000 	C:\WINDOWS\SYSTEM32\WindowsCodecs.dll
0x00007ff99eca0000 - 0x00007ff99ecfa000 	C:\WINDOWS\system32\dataexchange.dll
0x00007ff9c30f0000 - 0x00007ff9c3329000 	C:\WINDOWS\system32\twinapi.appcore.dll
0x00007ff9ca660000 - 0x00007ff9ca7a9000 	C:\WINDOWS\SYSTEM32\textinputframework.dll
0x00007ff9cf690000 - 0x00007ff9cf7b5000 	C:\WINDOWS\SYSTEM32\CoreMessaging.dll
0x00007ff9cb4d0000 - 0x00007ff9cb7b3000 	C:\WINDOWS\SYSTEM32\CoreUIComponents.dll
0x00007ff9d27d0000 - 0x00007ff9d27dc000 	C:\WINDOWS\SYSTEM32\CRYPTBASE.DLL
0x00007ff99c6a0000 - 0x00007ff99c71e000 	C:\WINDOWS\system32\Ninput.dll

JVMTI agents: none

dbghelp: loaded successfully - version: 4.0.5 - missing functions: none
symbol engine: initialized successfully - sym options: 0x614 - pdb path: .;C:\Program Files\Apache NetBeans\jdk\bin;C:\WINDOWS\SYSTEM32;C:\WINDOWS\WinSxS\amd64_microsoft.windows.common-controls_6595b64144ccf1df_6.0.26100.5074_none_3e0d6f78e32fd63f;C:\Program Files\Apache NetBeans\jdk\bin\server

VM Arguments:
jvm_args: -Dfile.encoding=UTF-8 --module-path=C:\Users\Istiak\Documents\NetBeansProjects\Bank Management System\build\classes 
java_command: bank.management.system.SignupOne
java_class_path (initial): C:\Users\Istiak\Downloads\jcalendar-1.4\lib\jcalendar-1.4.jar;C:\Users\Istiak\Documents\NetBeansProjects\Bank Management System\build\classes
Launcher Type: SUN_STANDARD

[Global flags]
     intx CICompilerCount                          = 12                                        {product} {ergonomic}
     uint ConcGCThreads                            = 3                                         {product} {ergonomic}
     uint G1ConcRefinementThreads                  = 13                                        {product} {ergonomic}
   size_t G1HeapRegionSize                         = 2097152                                   {product} {ergonomic}
   size_t InitialHeapSize                          = 264241152                                 {product} {ergonomic}
   size_t MarkStackSize                            = 4194304                                   {product} {ergonomic}
   size_t MarkStackSizeMax                         = 536870912                                 {product} {ergonomic}
   size_t MaxHeapSize                              = 4196401152                                {product} {ergonomic}
   size_t MaxNewSize                               = 2516582400                                {product} {ergonomic}
   size_t MinHeapDeltaBytes                        = 2097152                                   {product} {ergonomic}
   size_t MinHeapSize                              = 8388608                                   {product} {ergonomic}
    uintx NonNMethodCodeHeapSize                   = 7602176                                {pd product} {ergonomic}
    uintx NonProfiledCodeHeapSize                  = 122093568                              {pd product} {ergonomic}
     bool PerfDisableSharedMem                     = true                                      {product} {ergonomic}
    uintx ProfiledCodeHeapSize                     = 121962496                              {pd product} {ergonomic}
    uintx ReservedCodeCacheSize                    = 251658240                              {pd product} {ergonomic}
     bool SegmentedCodeCache                       = true                                      {product} {ergonomic}
   size_t SoftMaxHeapSize                          = 4196401152                             {manageable} {ergonomic}
     bool UseCompressedOops                        = true                           {product lp64_product} {ergonomic}
     bool UseG1GC                                  = true                                      {product} {ergonomic}
     bool UseLargePagesIndividualAllocation        = false                                  {pd product} {ergonomic}

Logging:
Log output configuration:
 #0: stdout all=warning uptime,level,tags foldmultilines=false
 #1: stderr all=off uptime,level,tags foldmultilines=false

Environment Variables:
JAVA_HOME=C:\Program Files\Eclipse Adoptium\jdk-17.0.15.6-hotspot\
PATH=C:\Program Files\Eclipse Adoptium\jdk-17.0.15.6-hotspot\bin;C:\Program Files (x86)\Common Files\Oracle\Java\java8path;C:\Program Files (x86)\Common Files\Oracle\Java\javapath;C:\Program Files (x86)\Common Files\Intel\Shared Libraries\redist\intel64\compiler;C:\Windows\system32;C:\Windows;C:\Windows\System32\Wbem;C:\Windows\System32\WindowsPowerShell\v1.0\;C:\Windows\System32\OpenSSH\;C:\Program Files (x86)\NVIDIA Corporation\PhysX\Common;C:\Program Files\steghide;C:\WINDOWS\system32;C:\WINDOWS;C:\WINDOWS\System32\Wbem;C:\WINDOWS\System32\WindowsPowerShell\v1.0\;C:\WINDOWS\System32\OpenSSH\;C:\Program Files\NVIDIA Corporation\NVIDIA app\NvDLISR;C:\Program Files\Git\cmd;C:\Program Files\dotnet\;C:\Users\Istiak\AppData\Local\Programs\Python\Python39\Scripts\;C:\Users\Istiak\AppData\Local\Programs\Python\Python39\;C:\Users\Istiak\AppData\Local\Microsoft\WindowsApps;C:\Users\Istiak\AppData\Local\Programs\Microsoft VS Code\bin;C:\msys64\ucrt64\bin;C:\Users\Istiak\AppData\Local\Programs\Microsoft VS Code\bin;C:\Users\Istiak\AppData\Local\GitHubDesktop\bin
USERNAME=Istiak
OS=Windows_NT
PROCESSOR_IDENTIFIER=Intel64 Family 6 Model 154 Stepping 3, GenuineIntel
TMP=C:\Users\Istiak\AppData\Local\Temp
TEMP=C:\Users\Istiak\AppData\Local\Temp




Periodic native trim disabled

---------------  S Y S T E M  ---------------

OS:
 Windows 11 , 64 bit Build 26100 (10.0.26100.5074)
OS uptime: 2 days 15:46 hours
Hyper-V role detected

CPU: total 16 (initial active 16) (8 cores per cpu, 2 threads per core) family 6 model 154 stepping 3 microcode 0x434, cx8, cmov, fxsr, ht, mmx, 3dnowpref, sse, sse2, sse3, ssse3, sse4.1, sse4.2, popcnt, lzcnt, tsc, tscinvbit, avx, avx2, aes, erms, clmul, bmi1, bmi2, adx, sha, fma, vzeroupper, clflush, clflushopt, clwb, hv, serialize, rdtscp, rdpid, fsrm, gfni, f16c, cet_ibt, cet_ss
Processor Information for the first 16 processors :
  Max Mhz: 2500, Current Mhz: 2500, Mhz Limit: 2500

Memory: 4k page, system-wide physical 16004M (4693M free)
TotalPageFile size 36375M (AvailPageFile size 12303M)
current process WorkingSet (physical memory assigned to process): 18M, peak: 103M
current process commit charge ("private bytes"): 372M, peak: 377M

vm_info: OpenJDK 64-Bit Server VM (24.0.2+12) for windows-amd64 JRE (24.0.2+12) (Zulu24.32+13-CA), built on 2025-07-11T12:45:44Z with MS VC++ 17.1 (VS2022)

END.
