#
# A fatal error has been detected by the Java Runtime Environment:
#
#  EXCEPTION_ACCESS_VIOLATION (0xc0000005) at pc=0x00007ff92b2dad89, pid=33620, tid=25464
#
# JRE version: OpenJDK Runtime Environment Zulu24.32+13-CA (24.0.2+12) (build 24.0.2+12)
# Java VM: OpenJDK 64-Bit Server VM Zulu24.32+13-CA (24.0.2+12, mixed mode, sharing, tiered, compressed oops, compressed class ptrs, g1 gc, windows-amd64)
# Problematic frame:
# C  [awt.dll+0xdad89]
#
# No core dump will be written. Minidumps are not enabled by default on client versions of Windows
#
# If you would like to submit a bug report, please visit:
#   http://www.azul.com/support/
# The crash happened outside the Java Virtual Machine in native code.
# See problematic frame for where to report the bug.
#

---------------  S U M M A R Y ------------

Command Line: -Dfile.encoding=UTF-8 --module-path=C:\Users\Istiak\Documents\NetBeansProjects\Bank Management System\build\classes bank.management.system.SignupOne

Host: 12th Gen Intel(R) Core(TM) i5-12500H, 16 cores, 15G,  Windows 11 , 64 bit Build 26100 (10.0.26100.5074)
Time: Sat Sep 13 06:20:53 2025 Bangladesh Standard Time elapsed time: 23034.594243 seconds (0d 6h 23m 54s)

---------------  T H R E A D  ---------------

Current thread (0x000001affe53bbb0):  JavaThread "AWT-EventQueue-0"        [_thread_in_native, id=25464, stack(0x000000232b500000,0x000000232b600000) (1024K)]

Stack: [0x000000232b500000,0x000000232b600000],  sp=0x000000232b5fec00,  free space=1019k
Native frames: (J=compiled Java code, j=interpreted, Vv=VM code, C=native code)
C  [awt.dll+0xdad89]  (no source info available)
C  [awt.dll+0xda148]  (no source info available)
C  0x000001afac63ce20  (no source info available)

The last pc belongs to native method entry point (kind = native) (printed below).
Java frames: (J=compiled Java code, j=interpreted, Vv=VM code)
j  sun.awt.Win32GraphicsConfig.getBounds(I)Ljava/awt/Rectangle;+0 java.desktop@24.0.2
j  sun.awt.Win32GraphicsConfig.getBounds()Ljava/awt/Rectangle;+8 java.desktop@24.0.2
j  sun.awt.Win32GraphicsDevice.displayChanged()V+23 java.desktop@24.0.2
j  sun.awt.Win32GraphicsEnvironment.displayChanged()V+271 java.desktop@24.0.2
j  sun.awt.windows.WToolkit.lambda$displayChanged$0()V+15 java.desktop@24.0.2
j  sun.awt.windows.WToolkit$$Lambda+0x000001afbe1173b8.run()V+0 java.desktop@24.0.2
J 1890 c1 java.awt.event.InvocationEvent.dispatch()V java.desktop@24.0.2 (69 bytes) @ 0x000001afa54b0a1c [0x000001afa54b0800+0x000000000000021c]
J 1854 c1 java.awt.EventQueue.dispatchEventImpl(Ljava/awt/AWTEvent;Ljava/lang/Object;)V java.desktop@24.0.2 (139 bytes) @ 0x000001afa54a2c1c [0x000001afa54a1320+0x00000000000018fc]
J 1867 c1 java.awt.EventQueue.dispatchEvent(Ljava/awt/AWTEvent;)V java.desktop@24.0.2 (48 bytes) @ 0x000001afa54a8034 [0x000001afa54a7de0+0x0000000000000254]
J 1349 c1 java.awt.EventDispatchThread.pumpOneEventForFilters(I)V java.desktop@24.0.2 (106 bytes) @ 0x000001afa53d23d4 [0x000001afa53d1bc0+0x0000000000000814]
j  java.awt.EventDispatchThread.pumpEventsForFilter(ILjava/awt/Conditional;Ljava/awt/EventFilter;)V+35 java.desktop@24.0.2
j  java.awt.EventDispatchThread.pumpEventsForHierarchy(ILjava/awt/Conditional;Ljava/awt/Component;)V+11 java.desktop@24.0.2
j  java.awt.EventDispatchThread.pumpEvents(ILjava/awt/Conditional;)V+4 java.desktop@24.0.2
j  java.awt.EventDispatchThread.pumpEvents(Ljava/awt/Conditional;)V+3 java.desktop@24.0.2
j  java.awt.EventDispatchThread.run()V+9 java.desktop@24.0.2
v  ~StubRoutines::call_stub 0x000001afac630fcd

siginfo: EXCEPTION_ACCESS_VIOLATION (0xc0000005), reading address 0x0000000000000028


Registers:
RAX=0x0000000000000000, RBX=0x000001affe664330, RCX=0x0000000000000000, RDX=0x0000000000000000
RSP=0x000000232b5fec00, RBP=0x0000000000000000, RSI=0x0000000000000000, RDI=0x0000000000000000
R8 =0x0000000000000001, R9 =0x0000002329612000, R10=0x000001affe60d6a0, R11=0x000001af802aa428
R12=0x0000000000000000, R13=0x000001affe358630, R14=0x000001afbcd0f100, R15=0x0000000000000000
RIP=0x00007ff92b2dad89, EFLAGS=0x0000000000010246

XMM[0]=0x0000000000000000 0x0000000000000000
XMM[1]=0x0000000000000000 0x000000232b5fecd0
XMM[2]=0x000001affe53bbb0 0x000000232b5fe010
XMM[3]=0x000000232b5fe424 0x000000232b5fe420
XMM[4]=0x0000000000000000 0x0000000000000132
XMM[5]=0x000001affe53bbb0 0x00007ff8ddffe301
XMM[6]=0x0000000000000000 0x00000000e27d0560
XMM[7]=0x0000000000000000 0x000000000000000b
XMM[8]=0x0000000000000000 0x9cc768205c52007f
XMM[9]=0x0000000000000000 0xecb1a5c806856c91
XMM[10]=0x0000000000000000 0x0000000019d3c6c9
XMM[11]=0x0000000000000000 0x7214675f7899d3f0
XMM[12]=0x0000000000000000 0x0000000006856c91
XMM[13]=0x0000000000000000 0x0000000000000000
XMM[14]=0x0000000000000000 0x0000000000000000
XMM[15]=0x0000000000000000 0x0000000000000000
  MXCSR=0x00001fa2


Register to memory mapping:

RAX=0x0 is null
RBX=0x000001affe664330 points into unknown readable memory: 0x000001af84164670 | 70 46 16 84 af 01 00 00
RCX=0x0 is null
RDX=0x0 is null
RSP=0x000000232b5fec00 is pointing into the stack for thread: 0x000001affe53bbb0
RBP=0x0 is null
RSI=0x0 is null
RDI=0x0 is null
R8 =0x0000000000000001 is an unknown value
R9 =0x0000002329612000 points into unknown readable memory: 0x0000000000000000 | 00 00 00 00 00 00 00 00
R10=0x000001affe60d6a0 points into unknown readable memory: 0x0000001e00000003 | 03 00 00 00 1e 00 00 00
R11={method} {0x000001af802aa430} '<init>' '(IIII)V' in 'java/awt/Rectangle'
R12=0x0 is null
R13=0x000001affe358630 points into unknown readable memory: 0x000001af802aa428 | 28 a4 2a 80 af 01 00 00
R14=0x000001afbcd0f100 points into unknown readable memory: 0x000000071547cc10 | 10 cc 47 15 07 00 00 00
R15=0x0 is null

Top of Stack: (sp=0x000000232b5fec00)
0x000000232b5fec00:   00007ff92b337838 000001affe664330   8x3+....0Cf.....
0x000000232b5fec10:   000001affe53bf78 000001affe664330   x.S.....0Cf.....
0x000000232b5fec20:   000001affe53bf78 00007ff92b2da148   x.S.....H.-+....
0x000000232b5fec30:   000001affe664330 000001affe664330   0Cf.....0Cf.....
0x000000232b5fec40:   000000000000003e 000001affe53bf78   >.......x.S.....
0x000000232b5fec50:   000000071542bbc0 000001af80246250   ..B.....Pb$.....
0x000000232b5fec60:   0000000000000000 000000232b5fec80   .........._+#...
0x000000232b5fec70:   0000000000000000 0000000000000000   ................
0x000000232b5fec80:   000060f884e89781 0000000713f3b4f0   .....`..........
0x000000232b5fec90:   000001affe53bbb0 000000232b5fed78   ..S.....x._+#...
0x000000232b5feca0:   000001af802a2608 0000000000000000   .&*.............
0x000000232b5fecb0:   000001af8074f268 000000000000003e   h.t.....>.......
0x000000232b5fecc0:   000000232b5fed50 000001afac63ce20   P._+#... .c.....
0x000000232b5fecd0:   000000232b5fece8 000001af802a2608   .._+#....&*.....
0x000000232b5fece0:   000001afac638800 0000000000000000   ..c.............
0x000000232b5fecf0:   0000000713f3b4f0 0000000713f3c208   ................
0x000000232b5fed00:   0000000713f3c208 fffffffffffffff7   ................
0x000000232b5fed10:   0000000000000000 0000000000000005   ................
0x000000232b5fed20:   000001af802a5090 0000000000000000   .P*.............
0x000000232b5fed30:   000000071547c388 000001af802a2608   ..G......&*.....
0x000000232b5fed40:   0000000000000000 000000232b5fed70   ........p._+#...
0x000000232b5fed50:   000000232b5fedc8 000001afac63899a   .._+#.....c.....
0x000000232b5fed60:   0000000000000000 000001afac63a43a   ........:.c.....
0x000000232b5fed70:   0000000000000000 0000000713f3c208   ................
0x000000232b5fed80:   fffffffffffffff7 000001af802a26b0   .........&*.....
0x000000232b5fed90:   0000000000000002 000001af802a5090   .........P*.....
0x000000232b5feda0:   0000000000000000 000000071547c388   ..........G.....
0x000000232b5fedb0:   000001af802a26c8 fffffffffffffff5   .&*.............
0x000000232b5fedc0:   000000232b5fedd8 000000232b5fee28   .._+#...(._+#...
0x000000232b5fedd0:   000001afac63899a 0000000713f3c208   ..c.............
0x000000232b5fede0:   fffffffffffffff7 000001af802460a7   .........`$.....
0x000000232b5fedf0:   0000000000000003 000001af80247828   ........(x$.....

Instructions: (pc=0x00007ff92b2dad89)
  0x00007ff92b2dac89:   cc cc cc cc cc cc cc 48 89 5c 24 08 48 89 6c 24
  0x00007ff92b2dac99:   10 48 89 74 24 18 57 48 83 ec 20 41 8b f8 0f b6
  0x00007ff92b2daca9:   f2 48 8b e9 e8 1e d3 f4 ff 48 8b d8 48 89 44 24
  0x00007ff92b2dacb9:   48 41 b8 01 00 00 00 8b d7 48 8b c8 e8 86 d2 f4
  0x00007ff92b2dacc9:   ff 48 8b c8 44 0f b6 c6 48 8b d5 e8 97 fa ff ff
  0x00007ff92b2dacd9:   48 8b f8 48 8b cb e8 ac d4 f4 ff 90 48 8b c7 48
  0x00007ff92b2dace9:   8b 5c 24 30 48 8b 6c 24 38 48 8b 74 24 40 48 83
  0x00007ff92b2dacf9:   c4 20 5f c3 cc cc cc 48 8b 49 28 e9 07 07 00 00
  0x00007ff92b2dad09:   cc cc cc cc cc cc cc 48 89 5c 24 08 57 48 83 ec
  0x00007ff92b2dad19:   20 8b f9 e8 af d2 f4 ff 48 8b d8 48 89 44 24 38
  0x00007ff92b2dad29:   41 b8 01 00 00 00 8b d7 48 8b c8 e8 17 d2 f4 ff
  0x00007ff92b2dad39:   48 8b 08 8b 39 48 8b cb e8 4a d4 f4 ff 90 8b c7
  0x00007ff92b2dad49:   48 8b 5c 24 30 48 83 c4 20 5f c3 cc cc cc cc cc
  0x00007ff92b2dad59:   cc cc cc cc cc cc cc 48 89 5c 24 08 57 48 83 ec
  0x00007ff92b2dad69:   20 8b f9 e8 5f d2 f4 ff 48 8b d8 48 89 44 24 38
  0x00007ff92b2dad79:   41 b8 01 00 00 00 8b d7 48 8b c8 e8 c7 d1 f4 ff
=>0x00007ff92b2dad89:   48 8b 78 28 48 8b cb e8 fb d3 f4 ff 90 48 8b c7
  0x00007ff92b2dad99:   48 8b 5c 24 30 48 83 c4 20 5f c3 cc cc cc cc cc
  0x00007ff92b2dada9:   cc cc cc cc cc cc cc 48 89 5c 24 08 57 48 83 ec
  0x00007ff92b2dadb9:   20 8b f9 e8 0f d2 f4 ff 48 8b d8 48 89 44 24 38
  0x00007ff92b2dadc9:   41 b8 01 00 00 00 8b d7 48 8b c8 e8 77 d1 f4 ff
  0x00007ff92b2dadd9:   48 8b 78 30 48 8b cb e8 ab d3 f4 ff 90 48 8b c7
  0x00007ff92b2dade9:   48 8b 5c 24 30 48 83 c4 20 5f c3 cc cc cc cc cc
  0x00007ff92b2dadf9:   cc cc cc cc cc cc cc 48 89 5c 24 08 57 48 83 ec
  0x00007ff92b2dae09:   20 8b f9 e8 bf d1 f4 ff 48 8b d8 48 89 44 24 38
  0x00007ff92b2dae19:   41 b8 01 00 00 00 8b d7 48 8b c8 e8 27 d1 f4 ff
  0x00007ff92b2dae29:   48 8b 78 08 48 85 ff 74 07 48 8b bf 08 0c 00 00
  0x00007ff92b2dae39:   48 8b cb e8 4f d3 f4 ff 90 48 8b c7 48 8b 5c 24
  0x00007ff92b2dae49:   30 48 83 c4 20 5f c3 f3 0f 10 41 48 c3 cc cc cc
  0x00007ff92b2dae59:   cc cc cc cc cc cc cc f3 0f 10 41 4c c3 cc cc cc
  0x00007ff92b2dae69:   cc cc cc cc cc cc cc 48 89 5c 24 10 48 89 74 24
  0x00007ff92b2dae79:   18 55 57 41 56 48 8d 6c 24 e0 48 81 ec 20 01 00


Stack slot to memory mapping:

stack at sp + 0 slots: 0x00007ff92b337838 awt.dll
stack at sp + 1 slots: 0x000001affe664330 points into unknown readable memory: 0x000001af84164670 | 70 46 16 84 af 01 00 00
stack at sp + 2 slots: 0x000001affe53bf78 points into unknown readable memory: 0x00007ff8deb2c9d0 | d0 c9 b2 de f8 7f 00 00
stack at sp + 3 slots: 0x000001affe664330 points into unknown readable memory: 0x000001af84164670 | 70 46 16 84 af 01 00 00
stack at sp + 4 slots: 0x000001affe53bf78 points into unknown readable memory: 0x00007ff8deb2c9d0 | d0 c9 b2 de f8 7f 00 00
stack at sp + 5 slots: 0x00007ff92b2da148 awt.dll
stack at sp + 6 slots: 0x000001affe664330 points into unknown readable memory: 0x000001af84164670 | 70 46 16 84 af 01 00 00
stack at sp + 7 slots: 0x000001affe664330 points into unknown readable memory: 0x000001af84164670 | 70 46 16 84 af 01 00 00

Lock stack of current Java thread (top to bottom):

native method entry point (kind = native)  [0x000001afac63ca40, 0x000001afac63d478]  2616 bytes
[MachCode]
  0x000001afac63ca40: 488b 4b08 | 0fb7 492e | 584c 8d74 | ccf8 6800 | 0000 0068 | 0000 0000 | 5055 488b | ec41 5568 
  0x000001afac63ca60: 0000 0000 | 4c8b 6b08 | 4d8d 6d38 | 5348 8b53 | 0848 8b52 | 0848 8b52 | 1848 8b52 | 7048 8b12 
  0x000001afac63ca80: 5248 8b53 | 1048 85d2 | 0f84 0700 | 0000 4881 | c208 0100 | 0052 488b | 5308 488b | 5208 488b 
  0x000001afac63caa0: 5210 5249 | 8bc6 482b | c548 c1e8 | 0350 6800 | 0000 0068 | f7ff ffff | 41c6 8771 | 0400 0001 
  0x000001afac63cac0: 488b 4310 | 4885 c074 | 208b 88cc | 0000 0083 | c102 8988 | cc00 0000 | 2388 e000 | 0000 0f84 
  0x000001afac63cae0: e408 0000 | e9cd 0000 | 0048 8b43 | 1848 85c0 | 0f85 b000 | 0000 e805 | 0000 00e9 | 9900 0000 
  0x000001afac63cb00: 488b d348 | 8d44 2408 | 4c89 6dc0 | 498b cfc5 | f877 4989 | afb8 0300 | 0049 8987 | a803 0000 
  0x000001afac63cb20: 4883 ec20 | 40f6 c40f | 0f84 1900 | 0000 4883 | ec08 48b8 | e016 25de | f87f 0000 | ffd0 4883 
  0x000001afac63cb40: c408 e90c | 0000 0048 | b8e0 1625 | def8 7f00 | 00ff d048 | 83c4 2049 | c787 a803 | 0000 0000 
  0x000001afac63cb60: 0000 49c7 | 87b8 0300 | 0000 0000 | 0049 c787 | b003 0000 | 0000 0000 | c5f8 7749 | 837f 0800 
  0x000001afac63cb80: 0f84 0500 | 0000 e935 | 43ff ff4c | 8b6d c04c | 8b75 c84e | 8d74 f500 | c348 8b43 | 1848 85c0 
  0x000001afac63cba0: 0f84 1000 | 0000 8b08 | 83c1 0289 | 0823 4814 | 0f84 1208 | 0000 493b | a7f0 0400 | 000f 8748 
  0x000001afac63cbc0: 0000 0089 | 8424 00f0 | ffff 8984 | 2400 e0ff | ff89 8424 | 00d0 ffff | 8984 2400 | c0ff ff89 
  0x000001afac63cbe0: 8424 00b0 | ffff 8984 | 2400 a0ff | ff89 8424 | 0090 ffff | 8984 2400 | 80ff ff49 | 3ba7 e804 
  0x000001afac63cc00: 0000 7607 | 4989 a7f0 | 0400 0041 | c687 7104 | 0000 0048 | 8b5d e84c | 8b5b 0845 | 0fb7 5b2e 
  0x000001afac63cc20: 41c1 e303 | 492b e348 | 83ec 2048 | 83e4 f04c | 8b5b 604d | 85db 0f85 | ab00 0000 | e805 0000 
  0x000001afac63cc40: 00e9 9900 | 0000 488b | d348 8d44 | 2408 4c89 | 6dc0 498b | cfc5 f877 | 4989 afb8 | 0300 0049 
  0x000001afac63cc60: 8987 a803 | 0000 4883 | ec20 40f6 | c40f 0f84 | 1900 0000 | 4883 ec08 | 48b8 0041 | 25de f87f 
  0x000001afac63cc80: 0000 ffd0 | 4883 c408 | e90c 0000 | 0048 b800 | 4125 def8 | 7f00 00ff | d048 83c4 | 2049 c787 
  0x000001afac63cca0: a803 0000 | 0000 0000 | 49c7 87b8 | 0300 0000 | 0000 0049 | c787 b003 | 0000 0000 | 0000 c5f8 
  0x000001afac63ccc0: 7749 837f | 0800 0f84 | 0500 0000 | e9ef 41ff | ff4c 8b6d | c04c 8b75 | c84e 8d74 | f500 c348 
  0x000001afac63cce0: 8b5d e84c | 8b5b 6041 | ffd3 488b | 5de8 4889 | 4518 448b | 5b28 41f6 | c308 0f84 | 1b00 0000 
  0x000001afac63cd00: 4c8b 5b08 | 4d8b 5b08 | 4d8b 5b18 | 4d8b 5b70 | 4d8b 1b4c | 895d 1048 | 8d55 1048 | 8b43 5849 
  0x000001afac63cd20: ba70 8c5e | def8 7f00 | 0049 3bc2 | 0f85 ab00 | 0000 e805 | 0000 00e9 | 9900 0000 | 488b d348 
  0x000001afac63cd40: 8d44 2408 | 4c89 6dc0 | 498b cfc5 | f877 4989 | afb8 0300 | 0049 8987 | a803 0000 | 4883 ec20 
  0x000001afac63cd60: 40f6 c40f | 0f84 1900 | 0000 4883 | ec08 48b8 | 0041 25de | f87f 0000 | ffd0 4883 | c408 e90c 
  0x000001afac63cd80: 0000 0048 | b800 4125 | def8 7f00 | 00ff d048 | 83c4 2049 | c787 a803 | 0000 0000 | 0000 49c7 
  0x000001afac63cda0: 87b8 0300 | 0000 0000 | 0049 c787 | b003 0000 | 0000 0000 | c5f8 7749 | 837f 0800 | 0f84 0500 
  0x000001afac63cdc0: 0000 e9f9 | 40ff ff4c | 8b6d c04c | 8b75 c84e | 8d74 f500 | c348 8b5d | e848 8b43 | 5849 8d8f 
  0x000001afac63cde0: c803 0000 | 4c8d 15d5 | 0000 004d | 8997 b003 | 0000 c5f8 | 7749 89af | b803 0000 | 4989 a7a8 
  0x000001afac63ce00: 0300 0041 | c787 5404 | 0000 0400 | 0000 493b | a748 0500 | 0076 0749 | 89a7 4805 | 0000 ffd0 
  0x000001afac63ce20: 493b a748 | 0500 0072 | 0b49 c787 | 4805 0000 | 0000 0000 | c5f8 7748 | 83ec 10c5 | fb11 0424 
  0x000001afac63ce40: 4883 ec10 | 4889 0424 | 48c7 4424 | 0800 0000 | 0041 c787 | 5404 0000 | 0500 0000 | f083 4424 
  0x000001afac63ce60: c000 493b | 6f28 0f87 | 0e00 0000 | 4183 bf50 | 0400 0000 | 0f84 2000 | 0000 498b | cf4c 8be4 
  0x000001afac63ce80: 4883 ec20 | 4883 e4f0 | 48b8 f0a5 | 26de f87f | 0000 ffd0 | 498b e44d | 33e4 41c7 | 8754 0400 
  0x000001afac63cea0: 0008 0000 | 004d 8b97 | 7005 0000 | 4983 fa00 | 7435 49c7 | 8770 0500 | 0000 0000 | 0041 ffe2 
  0x000001afac63cec0: 49ba 00bb | 63ac af01 | 0000 41ff | d248 83ec | 10c5 fb11 | 0424 4883 | ec10 4889 | 0424 48c7 
  0x000001afac63cee0: 4424 0800 | 0000 0049 | c787 a803 | 0000 0000 | 0000 49c7 | 87b8 0300 | 0000 0000 | 0049 c787 
  0x000001afac63cf00: b003 0000 | 0000 0000 | c5f8 774d | 8b9f 3804 | 0000 41c7 | 8300 0100 | 0000 0000 | 0049 bb3a 
  0x000001afac63cf20: a463 acaf | 0100 004c | 3b5d 180f | 8555 0100 | 0048 8b04 | 2448 83c4 | 1048 85c0 | 0f84 2f01 
  0x000001afac63cf40: 0000 a803 | 0f85 0800 | 0000 488b | 00e9 1f01 | 0000 a801 | 0f85 0900 | 0000 488b | 40fe e90e 
  0x000001afac63cf60: 0100 0048 | 8b40 ff41 | 807f 4800 | 0f84 ff00 | 0000 4883 | f800 0f84 | f500 0000 | 4d8b 5f38 
  0x000001afac63cf80: 4d85 db0f | 8414 0000 | 0049 83eb | 084d 895f | 384d 035f | 4049 8903 | e9d4 0000 | 0048 83ec 
  0x000001afac63cfa0: 7048 8904 | 2448 894c | 2408 4889 | 5424 104c | 8944 2418 | 4c89 4c24 | 204c 8954 | 2428 4c89 
  0x000001afac63cfc0: 5c24 30c5 | fb11 4424 | 40c5 fb11 | 4c24 48c5 | fb11 5424 | 50c5 fb11 | 5c24 58c5 | fb11 6424 
  0x000001afac63cfe0: 60c5 fb11 | 6c24 6849 | 8bd7 488b | c848 83ec | 2040 f6c4 | 0f0f 8419 | 0000 0048 | 83ec 0848 
  0x000001afac63d000: b8e0 1819 | def8 7f00 | 00ff d048 | 83c4 08e9 | 0c00 0000 | 48b8 e018 | 19de f87f | 0000 ffd0 
  0x000001afac63d020: 4883 c420 | c5fb 106c | 2468 c5fb | 1064 2460 | c5fb 105c | 2458 c5fb | 1054 2450 | c5fb 104c 
  0x000001afac63d040: 2448 c5fb | 1044 2440 | 4c8b 5c24 | 304c 8b54 | 2428 4c8b | 4c24 204c | 8b44 2418 | 488b 5424 
  0x000001afac63d060: 1048 8b4c | 2408 488b | 0424 4883 | c470 c5f8 | 7748 8945 | 1048 83ec | 1048 8904 | 2448 c744 
  0x000001afac63d080: 2408 0000 | 0000 4183 | bfd0 0400 | 0002 0f85 | bf00 0000 | 4881 ec80 | 0000 0048 | 8944 2478 
  0x000001afac63d0a0: 4889 4c24 | 7048 8954 | 2468 4889 | 5c24 6048 | 896c 2450 | 4889 7424 | 4848 897c | 2440 4c89 
  0x000001afac63d0c0: 4424 384c | 894c 2430 | 4c89 5424 | 284c 895c | 2420 4c89 | 6424 184c | 896c 2410 | 4c89 7424 
  0x000001afac63d0e0: 084c 893c | 244c 8be4 | 4883 ec20 | 4883 e4f0 | 48b8 6074 | 5ede f87f | 0000 ffd0 | 498b e44c 
  0x000001afac63d100: 8b3c 244c | 8b74 2408 | 4c8b 6c24 | 104c 8b64 | 2418 4c8b | 5c24 204c | 8b54 2428 | 4c8b 4c24 
  0x000001afac63d120: 304c 8b44 | 2438 488b | 7c24 4048 | 8b74 2448 | 488b 6c24 | 5048 8b5c | 2460 488b | 5424 6848 
  0x000001afac63d140: 8b4c 2470 | 488b 4424 | 7848 81c4 | 8000 0000 | 4d33 e448 | 8b5d e84c | 8b6b 084d | 8d6d 3849 
  0x000001afac63d160: 837f 0800 | 0f84 bb00 | 0000 e805 | 0000 00e9 | 9600 0000 | 488d 4424 | 084c 896d | c049 8bcf 
  0x000001afac63d180: c5f8 7749 | 89af b803 | 0000 4989 | 87a8 0300 | 0048 83ec | 2040 f6c4 | 0f0f 8419 | 0000 0048 
  0x000001afac63d1a0: 83ec 0848 | b8a0 5f25 | def8 7f00 | 00ff d048 | 83c4 08e9 | 0c00 0000 | 48b8 a05f | 25de f87f 
  0x000001afac63d1c0: 0000 ffd0 | 4883 c420 | 49c7 87a8 | 0300 0000 | 0000 0049 | c787 b803 | 0000 0000 | 0000 49c7 
  0x000001afac63d1e0: 87b0 0300 | 0000 0000 | 00c5 f877 | 4983 7f08 | 000f 8405 | 0000 00e9 | c43c ffff | 4c8b 6dc0 
  0x000001afac63d200: 4c8b 75c8 | 4e8d 74f5 | 00c3 48b9 | e034 8ede | f87f 0000 | 4883 e4f0 | 48b8 1090 | 4bde f87f 
  0x000001afac63d220: 0000 ffd0 | f444 8b5b | 2841 f6c3 | 200f 8472 | 0100 0048 | 8d55 a84c | 8b5a 084d | 85db 0f85 
  0x000001afac63d240: bb00 0000 | e805 0000 | 00e9 9600 | 0000 488d | 4424 084c | 896d c049 | 8bcf c5f8 | 7749 89af 
  0x000001afac63d260: b803 0000 | 4989 87a8 | 0300 0048 | 83ec 2040 | f6c4 0f0f | 8419 0000 | 0048 83ec | 0848 b8d0 
  0x000001afac63d280: 5e25 def8 | 7f00 00ff | d048 83c4 | 08e9 0c00 | 0000 48b8 | d05e 25de | f87f 0000 | ffd0 4883 
  0x000001afac63d2a0: c420 49c7 | 87a8 0300 | 0000 0000 | 0049 c787 | b803 0000 | 0000 0000 | 49c7 87b0 | 0300 0000 
  0x000001afac63d2c0: 0000 00c5 | f877 4983 | 7f08 000f | 8405 0000 | 00e9 ea3b | ffff 4c8b | 6dc0 4c8b | 75c8 4e8d 
  0x000001afac63d2e0: 74f5 00c3 | 48b9 e034 | 8ede f87f | 0000 4883 | e4f0 48b8 | 1090 4bde | f87f 0000 | ffd0 f44c 
  0x000001afac63d300: 896d c04c | 8b4a 0848 | c742 0800 | 0000 0045 | 8b87 5806 | 0000 4f3b | 4c07 f80f | 8542 0000 
  0x000001afac63d320: 0041 83af | 5806 0000 | 084f 3b4c | 07f0 0f84 | 2a00 0000 | 498b 01a8 | 020f 8512 | 0000 004c 
  0x000001afac63d340: 8bc0 4983 | c801 f04d | 0fb1 010f | 840d 0000 | 0041 8387 | 5806 0000 | 08e9 0500 | 0000 e93e 
  0x000001afac63d360: 0000 004c | 894a 0848 | 8bca 4883 | ec20 40f6 | c40f 0f84 | 1900 0000 | 4883 ec08 | 48b8 f030 
  0x000001afac63d380: 25de f87f | 0000 ffd0 | 4883 c408 | e90c 0000 | 0048 b8f0 | 3025 def8 | 7f00 00ff | d048 83c4 
  0x000001afac63d3a0: 204c 8b6d | c048 8b04 | 2448 83c4 | 10c5 fb10 | 0424 4883 | c410 4c8b | 5d18 41ff | d34c 8b5d 
  0x000001afac63d3c0: f8c9 5f49 | 8be3 ffe7 | ba00 0000 | 00e8 0500 | 0000 e996 | 0000 0048 | 8d44 2408 | 4c89 6dc0 
  0x000001afac63d3e0: 498b cfc5 | f877 4989 | afb8 0300 | 0049 8987 | a803 0000 | 4883 ec20 | 40f6 c40f | 0f84 1900 
  0x000001afac63d400: 0000 4883 | ec08 48b8 | a025 25de | f87f 0000 | ffd0 4883 | c408 e90c | 0000 0048 | b8a0 2525 
  0x000001afac63d420: def8 7f00 | 00ff d048 | 83c4 2049 | c787 a803 | 0000 0000 | 0000 49c7 | 87b8 0300 | 0000 0000 
  0x000001afac63d440: 0049 c787 | b003 0000 | 0000 0000 | c5f8 7749 | 837f 0800 | 0f84 0500 | 0000 e961 | 3aff ff4c 
  0x000001afac63d460: 8b6d c04c | 8b75 c84e | 8d74 f500 | c348 8b5d | e8e9 40f7 | ffff 6690 
[/MachCode]

Compiled method (c1) 23036034 1890   !   3       java.awt.event.InvocationEvent::dispatch (69 bytes)
 total in heap  [0x000001afa54b0688,0x000001afa54b0e80] = 2040
 relocation     [0x000001afa54b0760,0x000001afa54b07e8] = 136
 main code      [0x000001afa54b0800,0x000001afa54b0e10] = 1552
 stub code      [0x000001afa54b0e10,0x000001afa54b0e78] = 104
 metadata       [0x000001afa54b0e78,0x000001afa54b0e80] = 8
 immutable data [0x000001affe6ccaa0,0x000001affe6ccc48] = 424
 dependencies   [0x000001affe6ccaa0,0x000001affe6ccaa8] = 8
 nul chk table  [0x000001affe6ccaa8,0x000001affe6ccac0] = 24
 handler table  [0x000001affe6ccac0,0x000001affe6ccb50] = 144
 scopes pcs     [0x000001affe6ccb50,0x000001affe6ccbf0] = 160
 scopes data    [0x000001affe6ccbf0,0x000001affe6ccc48] = 88

[Constant Pool (empty)]

[MachCode]
[Instructions begin]
  0x000001afa54b0800: 6666 660f | 1f84 0000 | 0000 0066 | 6666 9066 | 6690 448b | 5208 443b 

  0x000001afa54b0818: ;   {runtime_call Shared Runtime ic_miss_blob}
  0x000001afa54b0818: 5008 0f85 | 40df 1c07 
[Verified Entry Point]
  0x000001afa54b0820: 8984 2400 | 80ff ff55 | 4883 ec30 | 4181 7f20 | 0100 0000 

  0x000001afa54b0834: ;   {runtime_call StubRoutines (final stubs)}
  0x000001afa54b0834: 7405 e8c5 | 501b 0748 | 8954 2418 

  0x000001afa54b0840: ;   {metadata(method data for {method} {0x000001af8069b410} 'dispatch' '()V' in 'java/awt/event/InvocationEvent')}
  0x000001afa54b0840: 48be b02b | 9180 af01 | 0000 8bbe | cc00 0000 | 83c7 0289 | becc 0000 | 0081 e7fe | 0700 0085 
  0x000001afa54b0860: ff0f 84c7 | 0400 000f | be72 1d85 

  0x000001afa54b086c: ;   {metadata(method data for {method} {0x000001af8069b410} 'dispatch' '()V' in 'java/awt/event/InvocationEvent')}
  0x000001afa54b086c: f648 beb0 | 2b91 80af | 0100 00bf | 1001 0000 | 7405 bf20 | 0100 0048 | 8b1c 3e48 | 8d5b 0148 
  0x000001afa54b088c: 891c 3e0f | 84d1 0000 | 008b 7228 | 48c1 e603 

  0x000001afa54b089c: ; implicit exception: dispatches to 0x000001afa54b0d4f
  0x000001afa54b089c: 483b 0648 

  0x000001afa54b08a0: ;   {metadata(method data for {method} {0x000001af8069b410} 'dispatch' '()V' in 'java/awt/event/InvocationEvent')}
  0x000001afa54b08a0: 8bfe 48bb | b02b 9180 | af01 0000 | 8b7f 0849 | ba00 0000 | bdaf 0100 | 0049 03fa | 483b bb38 
  0x000001afa54b08c0: 0100 0075 | 0d48 8383 | 4001 0000 | 01e9 6000 | 0000 483b | bb48 0100 | 0075 0d48 | 8383 5001 
  0x000001afa54b08e0: 0000 01e9 | 4a00 0000 | 4883 bb38 | 0100 0000 | 7517 4889 | bb38 0100 | 0048 c783 | 4001 0000 
  0x000001afa54b0900: 0100 0000 | e929 0000 | 0048 83bb | 4801 0000 | 0075 1748 | 89bb 4801 | 0000 48c7 | 8350 0100 
  0x000001afa54b0920: 0001 0000 | 00e9 0800 | 0000 4883 | 8330 0100 | 0001 488b | d648 b8a0 | 4963 feaf 

  0x000001afa54b093c: ;   {virtual_call}
  0x000001afa54b093c: 0100 00e8 

  0x000001afa54b0940: ; ImmutableOopMap {[24]=Oop }
                      ;*invokeinterface run {reexecute=0 rethrow=0 return_oop=0}
                      ; - java.awt.event.InvocationEvent::dispatch@11 (line 308)
  0x000001afa54b0940: 1ce4 1c07 

  0x000001afa54b0944: ;   {post_call_nop}
  0x000001afa54b0944: 0f1f 8400 | bc02 0000 

  0x000001afa54b094c: ;   {metadata(method data for {method} {0x000001af8069b410} 'dispatch' '()V' in 'java/awt/event/InvocationEvent')}
  0x000001afa54b094c: 48ba b02b | 9180 af01 | 0000 ff82 | 6001 0000 | 488b 5424 | 18e9 1f03 | 0000 8b72 | 2848 c1e6 
  0x000001afa54b096c: 0348 3b06 

  0x000001afa54b0970: ;   {metadata(method data for {method} {0x000001af8069b410} 'dispatch' '()V' in 'java/awt/event/InvocationEvent')}
  0x000001afa54b0970: 488b fe48 | bbb0 2b91 | 80af 0100 | 008b 7f08 | 49ba 0000 | 00bd af01 | 0000 4903 | fa48 3bbb 
  0x000001afa54b0990: 1802 0000 | 750d 4883 | 8320 0200 | 0001 e960 | 0000 0048 | 3bbb 2802 | 0000 750d | 4883 8330 
  0x000001afa54b09b0: 0200 0001 | e94a 0000 | 0048 83bb | 1802 0000 | 0075 1748 | 89bb 1802 | 0000 48c7 | 8320 0200 
  0x000001afa54b09d0: 0001 0000 | 00e9 2900 | 0000 4883 | bb28 0200 | 0000 7517 | 4889 bb28 | 0200 0048 | c783 3002 
  0x000001afa54b09f0: 0000 0100 | 0000 e908 | 0000 0048 | 8383 1002 | 0000 0148 | 8bd6 0f1f | 8000 0000 | 0048 b8c8 
  0x000001afa54b0a10: 4963 feaf 

  0x000001afa54b0a14: ;   {virtual_call}
  0x000001afa54b0a14: 0100 00e8 

  0x000001afa54b0a18: ; ImmutableOopMap {[24]=Oop }
                      ;*invokeinterface run {reexecute=0 rethrow=0 return_oop=0}
                      ; - java.awt.event.InvocationEvent::dispatch@47 (line 318)
  0x000001afa54b0a18: 3492 2907 

  0x000001afa54b0a1c: ;   {post_call_nop}
  0x000001afa54b0a1c: 0f1f 8400 | 9403 0001 | 488b 5424 | 18e9 5702 | 0000 498b | 8708 0500 | 004d 33d2 | 4d89 9708 
  0x000001afa54b0a3c: 0500 004d | 33d2 4d89 | 9710 0500 | 0048 85c0 

  0x000001afa54b0a4c: ;   {metadata(method data for {method} {0x000001af8069b410} 'dispatch' '()V' in 'java/awt/event/InvocationEvent')}
  0x000001afa54b0a4c: 48be b02b | 9180 af01 | 0000 750c | 808e 7101 | 0000 01e9 | af00 0000 | 8b78 0849 | ba00 0000 
  0x000001afa54b0a6c: bdaf 0100 | 0049 03fa | 483b be80 | 0100 0075 | 0d48 8386 | 8801 0000 | 01e9 6000 | 0000 483b 
  0x000001afa54b0a8c: be90 0100 | 0075 0d48 | 8386 9801 | 0000 01e9 | 4a00 0000 | 4883 be80 | 0100 0000 | 7517 4889 
  0x000001afa54b0aac: be80 0100 | 0048 c786 | 8801 0000 | 0100 0000 | e929 0000 | 0048 83be | 9001 0000 | 0075 1748 
  0x000001afa54b0acc: 89be 9001 | 0000 48c7 | 8698 0100 | 0001 0000 | 00e9 0800 | 0000 4883 | 8678 0100 

  0x000001afa54b0ae8: ;   {metadata('java/lang/Exception')}
  0x000001afa54b0ae8: 0001 48bf | e8f4 1bbd | af01 0000 | 8b70 0849 | ba00 0000 | bdaf 0100 | 0049 03f2 | 483b 7e40 
  0x000001afa54b0b08: 0f85 0500 | 0000 e905 | 0000 004d | 33c0 eb06 | 41b8 0100 | 0000 4585 

  0x000001afa54b0b20: ;   {metadata(method data for {method} {0x000001af8069b410} 'dispatch' '()V' in 'java/awt/event/InvocationEvent')}
  0x000001afa54b0b20: c049 b8b0 | 2b91 80af | 0100 00ba | a801 0000 | 7405 bab8 | 0100 0049 | 8b34 1048 | 8d76 0149 
  0x000001afa54b0b40: 8934 1048 | 8b54 2418 | 0f84 f900 | 0000 4885 

  0x000001afa54b0b50: ;   {metadata(method data for {method} {0x000001af8069b410} 'dispatch' '()V' in 'java/awt/event/InvocationEvent')}
  0x000001afa54b0b50: c048 bfb0 | 2b91 80af | 0100 0075 | 0c80 8fc1 | 0100 0001 | e9af 0000 | 008b 5808 | 49ba 0000 
  0x000001afa54b0b70: 00bd af01 | 0000 4903 | da48 3b9f | d001 0000 | 750d 4883 | 87d8 0100 | 0001 e960 | 0000 0048 
  0x000001afa54b0b90: 3b9f e001 | 0000 750d | 4883 87e8 | 0100 0001 | e94a 0000 | 0048 83bf | d001 0000 | 0075 1748 
  0x000001afa54b0bb0: 899f d001 | 0000 48c7 | 87d8 0100 | 0001 0000 | 00e9 2900 | 0000 4883 | bfe0 0100 | 0000 7517 
  0x000001afa54b0bd0: 4889 9fe0 | 0100 0048 | c787 e801 | 0000 0100 | 0000 e908 | 0000 0048 | 8387 c801 

  0x000001afa54b0bec: ;   {metadata('java/lang/Exception')}
  0x000001afa54b0bec: 0000 0148 | bbe8 f41b | bdaf 0100 | 008b 7808 | 49ba 0000 | 00bd af01 | 0000 4903 | fa48 3b5f 
  0x000001afa54b0c0c: 400f 8546 | 0100 00e9 | 0000 0000 | 4c8b c041 | 0fbe 7748 | 85f6 0f85 | 3a01 0000 | 4d8b d049 
  0x000001afa54b0c2c: c1ea 0344 | 8952 3448 | 8bf2 4933 | f048 c1ee | 1548 83fe | 000f 853a | 0100 0045 | 0fbe 4748 
  0x000001afa54b0c4c: 4585 c00f | 8544 0100 | 004c 8bd0 | 49c1 ea03 | 4489 5238 | 4c8b c24c | 33c0 49c1 | e815 4983 
  0x000001afa54b0c6c: f800 0f85 | 4501 0000 

  0x000001afa54b0c74: ;   {metadata(method data for {method} {0x000001af8069b410} 'dispatch' '()V' in 'java/awt/event/InvocationEvent')}
  0x000001afa54b0c74: 49b8 b02b | 9180 af01 | 0000 41ff | 80f8 0100 | 004c 8bc2 

  0x000001afa54b0c88: ;   {metadata(method data for {method} {0x000001af8069b410} 'dispatch' '()V' in 'java/awt/event/InvocationEvent')}
  0x000001afa54b0c88: 48be b02b | 9180 af01 | 0000 4883 | 8640 0200 | 0001 41b8 | 0100 0000 | 0f1f 8000 

  0x000001afa54b0ca4: ;   {optimized virtual_call}
  0x000001afa54b0ca4: 0000 00e8 

  0x000001afa54b0ca8: ; ImmutableOopMap {}
                      ;*invokevirtual finishedDispatching {reexecute=0 rethrow=0 return_oop=0}
                      ; - java.awt.event.InvocationEvent::dispatch@54 (line 321)
  0x000001afa54b0ca8: 8801 0000 

  0x000001afa54b0cac: ;   {post_call_nop}
  0x000001afa54b0cac: 0f1f 8400 | 2406 0002 

  0x000001afa54b0cb4: ;   {metadata(method data for {method} {0x000001af8069b410} 'dispatch' '()V' in 'java/awt/event/InvocationEvent')}
  0x000001afa54b0cb4: 48b8 b02b | 9180 af01 | 0000 ff80 | 7002 0000 | 4883 c430 

  0x000001afa54b0cc8: ;   {poll_return}
  0x000001afa54b0cc8: 5d49 3b67 | 280f 87fe | 0000 00c3 | 488b 5424 | 1849 8b87 | 0805 0000 | 4d33 d24d | 8997 0805 
  0x000001afa54b0ce8: 0000 4d33 | d24d 8997 | 1005 0000 

  0x000001afa54b0cf4: ;   {metadata(method data for {method} {0x000001af8069b410} 'dispatch' '()V' in 'java/awt/event/InvocationEvent')}
  0x000001afa54b0cf4: 4c8b c248 | beb0 2b91 | 80af 0100 | 0048 8386 | 8802 0000 | 0141 b801 | 0000 0048 | 8944 2420 
  0x000001afa54b0d14: ;   {optimized virtual_call}
  0x000001afa54b0d14: 6666 90e8 

  0x000001afa54b0d18: ; ImmutableOopMap {[32]=Oop }
                      ;*invokevirtual finishedDispatching {reexecute=0 rethrow=0 return_oop=0}
                      ; - java.awt.event.InvocationEvent::dispatch@63 (line 321)
  0x000001afa54b0d18: 44dd 1c07 

  0x000001afa54b0d1c: ;   {post_call_nop}
  0x000001afa54b0d1c: 0f1f 8400 | 9406 0003 | 488b 4424 | 20e9 d600 

  0x000001afa54b0d2c: ;   {metadata({method} {0x000001af8069b410} 'dispatch' '()V' in 'java/awt/event/InvocationEvent')}
  0x000001afa54b0d2c: 0000 49ba | 08b4 6980 | af01 0000 | 4c89 5424 | 0848 c704 | 24ff ffff 

  0x000001afa54b0d44: ;   {runtime_call C1 Runtime counter_overflow_blob}
  0x000001afa54b0d44: ffe8 1629 

  0x000001afa54b0d48: ; ImmutableOopMap {rdx=Oop [24]=Oop }
                      ;*synchronization entry
                      ; - java.awt.event.InvocationEvent::dispatch@-1 (line 306)
  0x000001afa54b0d48: 2907 e918 

  0x000001afa54b0d4c: ;   {runtime_call C1 Runtime throw_null_pointer_exception_blob}
  0x000001afa54b0d4c: fbff ffe8 

  0x000001afa54b0d50: ; ImmutableOopMap {rdx=Oop rsi=Oop [24]=Oop }
                      ;*invokeinterface run {reexecute=0 rethrow=0 return_oop=0}
                      ; - java.awt.event.InvocationEvent::dispatch@11 (line 308)
  0x000001afa54b0d50: 0ccc 2807 

  0x000001afa54b0d54: ;   {runtime_call C1 Runtime throw_null_pointer_exception_blob}
  0x000001afa54b0d54: e807 cc28 

  0x000001afa54b0d58: ; ImmutableOopMap {rdx=Oop rsi=Oop [24]=Oop }
                      ;*invokeinterface run {reexecute=0 rethrow=0 return_oop=0}
                      ; - java.awt.event.InvocationEvent::dispatch@47 (line 318)
  0x000001afa54b0d58: 0748 8904 

  0x000001afa54b0d5c: ;   {runtime_call C1 Runtime throw_class_cast_exception_blob}
  0x000001afa54b0d5c: 24e8 fefb 

  0x000001afa54b0d60: ; ImmutableOopMap {rax=Oop rdx=Oop [24]=Oop }
                      ;*checkcast {reexecute=0 rethrow=0 return_oop=0}
                      ; - java.awt.event.InvocationEvent::dispatch@29 (line 312)
  0x000001afa54b0d60: 2807 8b72 | 3448 c1e6 | 0348 83fe | 000f 84b5 | feff ff48 

  0x000001afa54b0d74: ;   {runtime_call g1_pre_barrier_slow}
  0x000001afa54b0d74: 8934 24e8 | e42e 2907 | e9a7 feff | ff49 83f8 | 000f 84bc | feff ff48 

  0x000001afa54b0d8c: ;   {runtime_call g1_post_barrier_slow}
  0x000001afa54b0d8c: 8914 24e8 | cc31 2907 | e9ae feff | ff44 8b42 | 3849 c1e0 | 0349 83f8 | 000f 84aa | feff ff4c 
  0x000001afa54b0dac: ;   {runtime_call g1_pre_barrier_slow}
  0x000001afa54b0dac: 8904 24e8 | ac2e 2907 | e99c feff | ff48 83f8 | 000f 84b1 | feff ff48 

  0x000001afa54b0dc4: ;   {runtime_call g1_post_barrier_slow}
  0x000001afa54b0dc4: 8914 24e8 | 9431 2907 | e9a3 feff 

  0x000001afa54b0dd0: ;   {internal_word}
  0x000001afa54b0dd0: ff49 bac9 | 0c4b a5af | 0100 004d | 8997 6004 

  0x000001afa54b0de0: ;   {runtime_call SafepointBlob}
  0x000001afa54b0de0: 0000 e9f9 | 4e1d 0749 | 8b87 0805 | 0000 49c7 | 8708 0500 | 0000 0000 | 0049 c787 | 1005 0000 
  0x000001afa54b0e00: 0000 0000 | 4883 c430 

  0x000001afa54b0e08: ;   {runtime_call C1 Runtime unwind_exception_blob}
  0x000001afa54b0e08: 5de9 52bc | 2807 f4f4 
[Stub Code]
  0x000001afa54b0e10: ;   {no_reloc}
  0x000001afa54b0e10: 0f1f 4400 

  0x000001afa54b0e14: ;   {static_stub}
  0x000001afa54b0e14: 0048 bb00 | 0000 0000 

  0x000001afa54b0e1c: ;   {runtime_call nmethod}
  0x000001afa54b0e1c: 0000 00e9 | fbff ffff 

  0x000001afa54b0e24: ;   {static_stub}
  0x000001afa54b0e24: 9048 bb00 | 0000 0000 

  0x000001afa54b0e2c: ;   {runtime_call nmethod}
  0x000001afa54b0e2c: 0000 00e9 | fbff ffff 

  0x000001afa54b0e34: ;   {static_stub}
  0x000001afa54b0e34: 48bb 08b8 | 6980 af01 

  0x000001afa54b0e3c: ;   {runtime_call I2C/C2I adapters}
  0x000001afa54b0e3c: 0000 e973 

  0x000001afa54b0e40: ;   {runtime_call C1 Runtime handle_exception_from_callee_blob}
  0x000001afa54b0e40: 391d 07e8 | 18f5 2807 

  0x000001afa54b0e48: ;   {external_word}
  0x000001afa54b0e48: 48b9 e034 | 8ede f87f | 0000 4883 

  0x000001afa54b0e54: ;   {runtime_call}
  0x000001afa54b0e54: e4f0 48b8 | 1090 4bde | f87f 0000 

  0x000001afa54b0e60: ;   {section_word}
  0x000001afa54b0e60: ffd0 f449 | ba63 0e4b | a5af 0100 

  0x000001afa54b0e6c: ;   {runtime_call DeoptimizationBlob}
  0x000001afa54b0e6c: 0041 52e9 | 0c44 1d07 | f4f4 f4f4 
[/MachCode]


Compiled method (c1) 23036210 1854       3       java.awt.EventQueue::dispatchEventImpl (139 bytes)
 total in heap  [0x000001afa54a0f88,0x000001afa54a34c0] = 9528
 relocation     [0x000001afa54a1060,0x000001afa54a1308] = 680
 main code      [0x000001afa54a1320,0x000001afa54a32d8] = 8120
 stub code      [0x000001afa54a32d8,0x000001afa54a33e8] = 272
 oops           [0x000001afa54a33e8,0x000001afa54a33f8] = 16
 metadata       [0x000001afa54a33f8,0x000001afa54a34c0] = 200
 immutable data [0x000001affe676b60,0x000001affe6772e8] = 1928
 dependencies   [0x000001affe676b60,0x000001affe676b98] = 56
 nul chk table  [0x000001affe676b98,0x000001affe676c18] = 128
 handler table  [0x000001affe676c18,0x000001affe676cd8] = 192
 scopes pcs     [0x000001affe676cd8,0x000001affe6770b8] = 992
 scopes data    [0x000001affe6770b8,0x000001affe6772e8] = 560

[Constant Pool (empty)]

[MachCode]
[Instructions begin]
  0x000001afa54a1320: 6666 660f | 1f84 0000 | 0000 0066 | 6666 9066 | 6690 448b | 5208 443b 

  0x000001afa54a1338: ;   {runtime_call Shared Runtime ic_miss_blob}
  0x000001afa54a1338: 5008 0f85 | 20d4 1d07 
[Verified Entry Point]
  0x000001afa54a1340: 8984 2400 | 80ff ff55 | 4881 ecd0 | 0000 0090 | 4181 7f20 | 0100 0000 

  0x000001afa54a1358: ;   {runtime_call StubRoutines (final stubs)}
  0x000001afa54a1358: 7405 e8a1 | 451c 074c | 8984 24a8 

  0x000001afa54a1364: ;   {metadata(method data for {method} {0x000001af801877d0} 'dispatchEventImpl' '(Ljava/awt/AWTEvent;Ljava/lang/Object;)V' in 'java/awt/EventQueue')}
  0x000001afa54a1364: 0000 0048 | be50 da93 | 80af 0100 | 008b becc | 0000 0083 | c702 89be | cc00 0000 | 81e7 fe07 
  0x000001afa54a1384: 0000 85ff | 0f84 121b | 0000 41c6 | 4016 014d 

  0x000001afa54a1394: ;   {metadata(method data for {method} {0x000001af801877d0} 'dispatchEventImpl' '(Ljava/awt/AWTEvent;Ljava/lang/Object;)V' in 'java/awt/EventQueue')}
  0x000001afa54a1394: 85c0 48bb | 50da 9380 | af01 0000 | 750c 808b | 0901 0000 | 01e9 cb00 | 0000 418b | 4008 49ba 
  0x000001afa54a13b4: 0000 00bd | af01 0000 | 4903 c248 | 3b83 1801 | 0000 750d | 4883 8320 | 0100 0001 | e960 0000 
  0x000001afa54a13d4: 0048 3b83 | 2801 0000 | 750d 4883 | 8330 0100 | 0001 e94a | 0000 0048 | 83bb 1801 | 0000 0075 
  0x000001afa54a13f4: 1748 8983 | 1801 0000 | 48c7 8320 | 0100 0001 | 0000 00e9 | 2900 0000 | 4883 bb28 | 0100 0000 
  0x000001afa54a1414: 7517 4889 | 8328 0100 | 0048 c783 | 3001 0000 | 0100 0000 | e908 0000 | 0048 8383 | 1001 0000 
  0x000001afa54a1434: ;   {metadata('java/awt/ActiveEvent')}
  0x000001afa54a1434: 0148 b810 | ac69 80af | 0100 0041 | 8b58 0849 | ba00 0000 | bdaf 0100 | 0049 03da | 483b 4320 
  0x000001afa54a1454: 0f84 2400 | 0000 483b | d80f 841b | 0000 0053 

  0x000001afa54a1464: ;   {runtime_call C1 Runtime slow_subtype_check_blob}
  0x000001afa54a1464: 50e8 d6fa | 2907 5b5b | 85db 0f84 | 0500 0000 | e905 0000 | 0048 33f6 | eb05 be01 | 0000 0085 
  0x000001afa54a1484: ;   {metadata(method data for {method} {0x000001af801877d0} 'dispatchEventImpl' '(Ljava/awt/AWTEvent;Ljava/lang/Object;)V' in 'java/awt/EventQueue')}
  0x000001afa54a1484: f648 be50 | da93 80af | 0100 00bf | 5001 0000 | 7505 bf40 | 0100 0048 | 8b1c 3e48 | 8d5b 0148 
  0x000001afa54a14a4: 891c 3e0f | 85ab 1500 | 004d 85c9 

  0x000001afa54a14b0: ;   {metadata(method data for {method} {0x000001af801877d0} 'dispatchEventImpl' '(Ljava/awt/AWTEvent;Ljava/lang/Object;)V' in 'java/awt/EventQueue')}
  0x000001afa54a14b0: 48bb 50da | 9380 af01 | 0000 750c | 808b 0102 | 0000 01e9 | b100 0000 | 418b 4108 | 49ba 0000 
  0x000001afa54a14d0: 00bd af01 | 0000 4903 | c248 3b83 | 1002 0000 | 750d 4883 | 8318 0200 | 0001 e960 | 0000 0048 
  0x000001afa54a14f0: 3b83 2002 | 0000 750d | 4883 8328 | 0200 0001 | e94a 0000 | 0048 83bb | 1002 0000 | 0075 1748 
  0x000001afa54a1510: 8983 1002 | 0000 48c7 | 8318 0200 | 0001 0000 | 00e9 2900 | 0000 4883 | bb20 0200 | 0000 7517 
  0x000001afa54a1530: 4889 8320 | 0200 0048 | c783 2802 | 0000 0100 | 0000 e908 | 0000 0048 | 8383 0802 

  0x000001afa54a154c: ;   {metadata('java/awt/Component')}
  0x000001afa54a154c: 0000 0148 | b810 2109 | 80af 0100 | 0041 8b59 | 0849 ba00 | 0000 bdaf | 0100 0049 | 03da 483b 
  0x000001afa54a156c: 4338 0f85 | 0500 0000 | e905 0000 | 0048 33f6 | eb05 be01 | 0000 0085 

  0x000001afa54a1584: ;   {metadata(method data for {method} {0x000001af801877d0} 'dispatchEventImpl' '(Ljava/awt/AWTEvent;Ljava/lang/Object;)V' in 'java/awt/EventQueue')}
  0x000001afa54a1584: f648 be50 | da93 80af | 0100 00bf | 3802 0000 | 7405 bf48 | 0200 0048 | 8b1c 3e48 | 8d5b 0148 
  0x000001afa54a15a4: 891c 3e0f | 84e4 0600 | 004d 85c9 

  0x000001afa54a15b0: ;   {metadata(method data for {method} {0x000001af801877d0} 'dispatchEventImpl' '(Ljava/awt/AWTEvent;Ljava/lang/Object;)V' in 'java/awt/EventQueue')}
  0x000001afa54a15b0: 48bf 50da | 9380 af01 | 0000 750c | 808f 5102 | 0000 01e9 | b100 0000 | 418b 5908 | 49ba 0000 
  0x000001afa54a15d0: 00bd af01 | 0000 4903 | da48 3b9f | 6002 0000 | 750d 4883 | 8768 0200 | 0001 e960 | 0000 0048 
  0x000001afa54a15f0: 3b9f 7002 | 0000 750d | 4883 8778 | 0200 0001 | e94a 0000 | 0048 83bf | 6002 0000 | 0075 1748 
  0x000001afa54a1610: 899f 6002 | 0000 48c7 | 8768 0200 | 0001 0000 | 00e9 2900 | 0000 4883 | bf70 0200 | 0000 7517 
  0x000001afa54a1630: 4889 9f70 | 0200 0048 | c787 7802 | 0000 0100 | 0000 e908 | 0000 0048 | 8387 5802 

  0x000001afa54a164c: ;   {metadata('java/awt/Component')}
  0x000001afa54a164c: 0000 0148 | bb10 2109 | 80af 0100 | 0041 8b79 | 0849 ba00 | 0000 bdaf | 0100 0049 | 03fa 483b 
  0x000001afa54a166c: 5f38 0f85 | 5218 0000 | e900 0000 | 0049 8bd1 

  0x000001afa54a167c: ; implicit exception: dispatches to 0x000001afa54a2ecf
  0x000001afa54a167c: 483b 0248 

  0x000001afa54a1680: ;   {metadata(method data for {method} {0x000001af801877d0} 'dispatchEventImpl' '(Ljava/awt/AWTEvent;Ljava/lang/Object;)V' in 'java/awt/EventQueue')}
  0x000001afa54a1680: 8bf2 48bf | 50da 9380 | af01 0000 | 8b76 0849 | ba00 0000 | bdaf 0100 | 0049 03f2 | 483b b790 
  0x000001afa54a16a0: 0200 0075 | 0d48 8387 | 9802 0000 | 01e9 6000 | 0000 483b | b7a0 0200 | 0075 0d48 | 8387 a802 
  0x000001afa54a16c0: 0000 01e9 | 4a00 0000 | 4883 bf90 | 0200 0000 | 7517 4889 | b790 0200 | 0048 c787 | 9802 0000 
  0x000001afa54a16e0: 0100 0000 | e929 0000 | 0048 83bf | a002 0000 | 0075 1748 | 89b7 a002 | 0000 48c7 | 87a8 0200 
  0x000001afa54a1700: 0001 0000 | 00e9 0800 | 0000 4883 | 8788 0200 

  0x000001afa54a1710: ;   {metadata(method data for {method} {0x000001af800855a0} 'dispatchEvent' '(Ljava/awt/AWTEvent;)V' in 'java/awt/Component')}
  0x000001afa54a1710: 0001 48be | f8e0 9380 | af01 0000 | 8bbe cc00 | 0000 83c7 | 0289 becc | 0000 0081 | e7fe ff1f 
  0x000001afa54a1730: 0085 ff0f | 849b 1700 | 0048 8bf2 

  0x000001afa54a173c: ;   {metadata(method data for {method} {0x000001af800855a0} 'dispatchEvent' '(Ljava/awt/AWTEvent;)V' in 'java/awt/Component')}
  0x000001afa54a173c: 48bf f8e0 | 9380 af01 | 0000 8b76 | 0849 ba00 | 0000 bdaf | 0100 0049 | 03f2 483b | b718 0100 
  0x000001afa54a175c: 0075 0d48 | 8387 2001 | 0000 01e9 | 6000 0000 | 483b b728 | 0100 0075 | 0d48 8387 | 3001 0000 
  0x000001afa54a177c: 01e9 4a00 | 0000 4883 | bf18 0100 | 0000 7517 | 4889 b718 | 0100 0048 | c787 2001 | 0000 0100 
  0x000001afa54a179c: 0000 e929 | 0000 0048 | 83bf 2801 | 0000 0075 | 1748 89b7 | 2801 0000 | 48c7 8730 | 0100 0001 
  0x000001afa54a17bc: 0000 00e9 | 0800 0000 | 4883 8710 | 0100 0001 | 498b f04c | 8bc6 6666 | 9048 b8d0 | 4069 feaf 
  0x000001afa54a17dc: ;   {virtual_call}
  0x000001afa54a17dc: 0100 00e8 

  0x000001afa54a17e0: ; ImmutableOopMap {[168]=Oop }
                      ;*invokevirtual dispatchEventImpl {reexecute=0 rethrow=0 return_oop=0}
                      ; - java.awt.Component::dispatchEvent@2 (line 4790)
                      ; - java.awt.EventQueue::dispatchEventImpl@41 (line 725)
  0x000001afa54a17e0: 3133 1e07 

  0x000001afa54a17e4: ;   {post_call_nop}
  0x000001afa54a17e4: 0f1f 8400 | 5c08 0000 | 4c8b 8424 | a800 0000 

  0x000001afa54a17f4: ;   {metadata(method data for {method} {0x000001af801877d0} 'dispatchEventImpl' '(Ljava/awt/AWTEvent;Ljava/lang/Object;)V' in 'java/awt/EventQueue')}
  0x000001afa54a17f4: 48be 50da | 9380 af01 | 0000 458b | 4008 49ba | 0000 00bd | af01 0000 | 4d03 c24c | 3b86 c002 
  0x000001afa54a1814: 0000 750d | 4883 86c8 | 0200 0001 | e960 0000 | 004c 3b86 | d002 0000 | 750d 4883 | 86d8 0200 
  0x000001afa54a1834: 0001 e94a | 0000 0048 | 83be c002 | 0000 0075 | 174c 8986 | c002 0000 | 48c7 86c8 | 0200 0001 
  0x000001afa54a1854: 0000 00e9 | 2900 0000 | 4883 bed0 | 0200 0000 | 7517 4c89 | 86d0 0200 | 0048 c786 | d802 0000 
  0x000001afa54a1874: 0100 0000 | e908 0000 | 0048 8386 | b802 0000 

  0x000001afa54a1884: ;   {metadata(method data for {method} {0x000001af800d8c00} 'dispatched' '()V' in 'java/awt/AWTEvent')}
  0x000001afa54a1884: 0148 be80 | e293 80af | 0100 008b | becc 0000 | 0083 c702 | 89be cc00 | 0000 81e7 | feff 1f00 
  0x000001afa54a18a4: 85ff 0f84 | 4916 0000 | 4c8b 8424 | a800 0000 

  0x000001afa54a18b4: ;   {metadata(method data for {method} {0x000001af800d8c00} 'dispatched' '()V' in 'java/awt/AWTEvent')}
  0x000001afa54a18b4: 4d85 c048 | bb80 e293 | 80af 0100 | 0075 0c80 | 8b09 0100 | 0001 e9b1 | 0000 0041 | 8b40 0849 
  0x000001afa54a18d4: ba00 0000 | bdaf 0100 | 0049 03c2 | 483b 8318 | 0100 0075 | 0d48 8383 | 2001 0000 | 01e9 6000 
  0x000001afa54a18f4: 0000 483b | 8328 0100 | 0075 0d48 | 8383 3001 | 0000 01e9 | 4a00 0000 | 4883 bb18 | 0100 0000 
  0x000001afa54a1914: 7517 4889 | 8318 0100 | 0048 c783 | 2001 0000 | 0100 0000 | e929 0000 | 0048 83bb | 2801 0000 
  0x000001afa54a1934: 0075 1748 | 8983 2801 | 0000 48c7 | 8330 0100 | 0001 0000 | 00e9 0800 | 0000 4883 | 8310 0100 
  0x000001afa54a1954: ;   {metadata('java/awt/event/InputEvent')}
  0x000001afa54a1954: 0001 48b8 | 60c5 1080 | af01 0000 | 418b 5808 | 49ba 0000 | 00bd af01 | 0000 4903 | da48 3b43 
  0x000001afa54a1974: 500f 8505 | 0000 00e9 | 0500 0000 | 4833 f6eb | 05be 0100 | 0000 85f6 

  0x000001afa54a198c: ;   {metadata(method data for {method} {0x000001af800d8c00} 'dispatched' '()V' in 'java/awt/AWTEvent')}
  0x000001afa54a198c: 48be 80e2 | 9380 af01 | 0000 bf40 | 0100 0074 | 05bf 5001 | 0000 488b | 1c3e 488d | 5b01 4889 
  0x000001afa54a19ac: 1c3e 0f84 | c914 0000 

  0x000001afa54a19b4: ;   {metadata(method data for {method} {0x000001af800d8c00} 'dispatched' '()V' in 'java/awt/AWTEvent')}
  0x000001afa54a19b4: 48be 80e2 | 9380 af01 | 0000 4883 | 8660 0100 

  0x000001afa54a19c4: ;   {metadata(method data for {method} {0x000001af800f2db8} 'getInputEventAccessor' '()Lsun/awt/AWTAccessor$InputEventAccessor;' in 'sun/awt/AWTAccessor')}
  0x000001afa54a19c4: 0001 48be | 90e4 9380 | af01 0000 | 8bbe cc00 | 0000 83c7 | 0289 becc | 0000 0081 | e7fe ff1f 
  0x000001afa54a19e4: 0085 ff0f | 8429 1500 

  0x000001afa54a19ec: ;   {oop(a 'java/lang/Class'{0x00000007157833f0} = 'sun/awt/AWTAccessor')}
  0x000001afa54a19ec: 0048 bef0 | 3378 1507 | 0000 008b | b684 0000 | 0048 c1e6 | 0348 85f6 

  0x000001afa54a1a04: ;   {metadata(method data for {method} {0x000001af800f2db8} 'getInputEventAccessor' '()Lsun/awt/AWTAccessor$InputEventAccessor;' in 'sun/awt/AWTAccessor')}
  0x000001afa54a1a04: 48bf 90e4 | 9380 af01 | 0000 bb10 | 0100 0075 | 05bb 2001 | 0000 488b | 041f 488d | 4001 4889 
  0x000001afa54a1a24: 041f 0f85 | f412 0000 

  0x000001afa54a1a2c: ;   {metadata(method data for {method} {0x000001af800f2db8} 'getInputEventAccessor' '()Lsun/awt/AWTAccessor$InputEventAccessor;' in 'sun/awt/AWTAccessor')}
  0x000001afa54a1a2c: 48be 90e4 | 9380 af01 | 0000 4883 | 8630 0100 

  0x000001afa54a1a3c: ;   {metadata(method data for {method} {0x000001af800f5578} 'ensureClassInitialized' '(Ljava/lang/Class;)V' in 'sun/awt/AWTAccessor')}
  0x000001afa54a1a3c: 0001 48be | c861 6b80 | af01 0000 | 8bbe cc00 | 0000 83c7 | 0289 becc | 0000 0081 | e7fe ff1f 
  0x000001afa54a1a5c: 0085 ff0f | 84d2 1400 

  0x000001afa54a1a64: ;   {metadata(method data for {method} {0x000001af800f5578} 'ensureClassInitialized' '(Ljava/lang/Class;)V' in 'sun/awt/AWTAccessor')}
  0x000001afa54a1a64: 0048 bec8 | 616b 80af | 0100 0048 | 8386 1001 

  0x000001afa54a1a74: ;   {metadata(method data for {method} {0x000001afbd44ab28} 'lookup' '()Ljava/lang/invoke/MethodHandles$Lookup;' in 'java/lang/invoke/MethodHandles')}
  0x000001afa54a1a74: 0000 0148 | bec8 636b | 80af 0100 | 008b becc | 0000 0083 | c702 89be | cc00 0000 | 81e7 feff 
  0x000001afa54a1a94: 1f00 85ff | 0f84 ba14 

  0x000001afa54a1a9c: ;   {metadata(method data for {method} {0x000001afbd44ab28} 'lookup' '()Ljava/lang/invoke/MethodHandles$Lookup;' in 'java/lang/invoke/MethodHandles')}
  0x000001afa54a1a9c: 0000 48be | c863 6b80 | af01 0000 | 4883 8610 | 0100 0001 | 0f1f 8000 

  0x000001afa54a1ab4: ;   {static_call}
  0x000001afa54a1ab4: 0000 00e8 

  0x000001afa54a1ab8: ; ImmutableOopMap {[168]=Oop }
                      ;*invokestatic getCallerClass {reexecute=0 rethrow=0 return_oop=0}
                      ; - java.lang.invoke.MethodHandles::lookup@0 (line 126)
                      ; - sun.awt.AWTAccessor::ensureClassInitialized@0 (line 1464)
                      ; - sun.awt.AWTAccessor::getInputEventAccessor@10 (line 963)
                      ; - java.awt.AWTEvent::dispatched@7 (line 571)
                      ; - java.awt.EventQueue::dispatchEventImpl@45 (line 726)
  0x000001afa54a1ab8: a4d5 1d07 

  0x000001afa54a1abc: ;   {post_call_nop}
  0x000001afa54a1abc: 0f1f 8400 | 340b 0001 | 4c8b c04d 

  0x000001afa54a1ac8: ;   {metadata(method data for {method} {0x000001afbd44ab28} 'lookup' '()Ljava/lang/invoke/MethodHandles$Lookup;' in 'java/lang/invoke/MethodHandles')}
  0x000001afa54a1ac8: 85c0 48ba | c863 6b80 | af01 0000 | be30 0100 | 0074 05be | 2001 0000 | 488b 3c32 | 488d 7f01 
  0x000001afa54a1ae8: 4889 3c32 | 0f84 5511 

  0x000001afa54a1af0: ;   {metadata('java/lang/invoke/MethodHandles$Lookup')}
  0x000001afa54a1af0: 0000 48ba | b8a5 1ebd | af01 0000 | 498b 87c8 | 0100 0048 | 8d78 2049 | 3bbf d801 | 0000 0f87 
  0x000001afa54a1b10: 6514 0000 | 4989 bfc8 | 0100 0048 | c700 0100 | 0000 488b | ca49 ba00 | 0000 bdaf | 0100 0049 
  0x000001afa54a1b30: 2bca 8948 | 0848 33c9 | 8948 0c48 | 33c9 4889 | 4810 4889 | 4818 4c8b 

  0x000001afa54a1b48: ;   {metadata(method data for {method} {0x000001afbd44ab28} 'lookup' '()Ljava/lang/invoke/MethodHandles$Lookup;' in 'java/lang/invoke/MethodHandles')}
  0x000001afa54a1b48: c848 bfc8 | 636b 80af | 0100 0048 | 8387 5001 

  0x000001afa54a1b58: ;   {metadata(method data for {method} {0x000001afbd44edd8} '<init>' '(Ljava/lang/Class;)V' in 'java/lang/invoke/MethodHandles$Lookup')}
  0x000001afa54a1b58: 0000 0149 | b988 656b | 80af 0100 | 0041 8bb9 | cc00 0000 | 83c7 0241 | 89b9 cc00 | 0000 81e7 
  0x000001afa54a1b78: feff 1f00 | 85ff 0f84 | 0214 0000 

  0x000001afa54a1b84: ;   {metadata(method data for {method} {0x000001afbd44edd8} '<init>' '(Ljava/lang/Class;)V' in 'java/lang/invoke/MethodHandles$Lookup')}
  0x000001afa54a1b84: 4c8b c848 | bf88 656b | 80af 0100 | 0048 8387 | 1001 0000 

  0x000001afa54a1b98: ;   {oop(nullptr)}
  0x000001afa54a1b98: 0149 b900 | 0000 0000 | 0000 00bf | 5f00 0000 | 488b d048 | 8984 24b0 | 0000 000f 

  0x000001afa54a1bb4: ;   {optimized virtual_call}
  0x000001afa54a1bb4: 1f40 00e8 

  0x000001afa54a1bb8: ; ImmutableOopMap {[168]=Oop [176]=Oop }
                      ;*invokespecial <init> {reexecute=0 rethrow=0 return_oop=0}
                      ; - java.lang.invoke.MethodHandles$Lookup::<init>@5 (line 1534)
                      ; - java.lang.invoke.MethodHandles::lookup@23 (line 130)
                      ; - sun.awt.AWTAccessor::ensureClassInitialized@0 (line 1464)
                      ; - sun.awt.AWTAccessor::getInputEventAccessor@10 (line 963)
                      ; - java.awt.AWTEvent::dispatched@7 (line 571)
                      ; - java.awt.EventQueue::dispatchEventImpl@45 (line 726)
  0x000001afa54a1bb8: a4ce 1d07 

  0x000001afa54a1bbc: ;   {post_call_nop}
  0x000001afa54a1bbc: 0f1f 8400 | 340c 0002 | 488b 8424 | b000 0000 

  0x000001afa54a1bcc: ;   {metadata(method data for {method} {0x000001af800f5578} 'ensureClassInitialized' '(Ljava/lang/Class;)V' in 'sun/awt/AWTAccessor')}
  0x000001afa54a1bcc: 4c8b c048 | bac8 616b | 80af 0100 | 0045 8b40 | 0849 ba00 | 0000 bdaf | 0100 004d | 03c2 4c3b 
  0x000001afa54a1bec: 8228 0100 | 0075 0d48 | 8382 3001 | 0000 01e9 | 6000 0000 | 4c3b 8238 | 0100 0075 | 0d48 8382 
  0x000001afa54a1c0c: 4001 0000 | 01e9 4a00 | 0000 4883 | ba28 0100 | 0000 7517 | 4c89 8228 | 0100 0048 | c782 3001 
  0x000001afa54a1c2c: 0000 0100 | 0000 e929 | 0000 0048 | 83ba 3801 | 0000 0075 | 174c 8982 | 3801 0000 | 48c7 8240 
  0x000001afa54a1c4c: 0100 0001 | 0000 00e9 | 0800 0000 | 4883 8220 | 0100 0001 

  0x000001afa54a1c60: ;   {oop(a 'java/lang/Class'{0x00000007157c38c0} = 'java/awt/event/InputEvent')}
  0x000001afa54a1c60: 49b8 c038 | 7c15 0700 | 0000 488b 

  0x000001afa54a1c6c: ;   {optimized virtual_call}
  0x000001afa54a1c6c: d066 90e8 

  0x000001afa54a1c70: ; ImmutableOopMap {[168]=Oop }
                      ;*invokevirtual ensureInitialized {reexecute=0 rethrow=0 return_oop=0}
                      ; - sun.awt.AWTAccessor::ensureClassInitialized@4 (line 1464)
                      ; - sun.awt.AWTAccessor::getInputEventAccessor@10 (line 963)
                      ; - java.awt.AWTEvent::dispatched@7 (line 571)
                      ; - java.awt.EventQueue::dispatchEventImpl@45 (line 726)
  0x000001afa54a1c70: eccd 1d07 

  0x000001afa54a1c74: ;   {post_call_nop}
  0x000001afa54a1c74: 0f1f 8400 | ec0c 0003 

  0x000001afa54a1c7c: ;   {metadata(method data for {method} {0x000001af800f5578} 'ensureClassInitialized' '(Ljava/lang/Class;)V' in 'sun/awt/AWTAccessor')}
  0x000001afa54a1c7c: 48ba c861 | 6b80 af01 | 0000 ff82 | 5001 0000 | e97b 1000 | 004d 85c9 

  0x000001afa54a1c94: ;   {metadata(method data for {method} {0x000001af801877d0} 'dispatchEventImpl' '(Ljava/awt/AWTEvent;Ljava/lang/Object;)V' in 'java/awt/EventQueue')}
  0x000001afa54a1c94: 48bb 50da | 9380 af01 | 0000 750c | 808b f902 | 0000 01e9 | b000 0000 | 418b 4108 | 49ba 0000 
  0x000001afa54a1cb4: 00bd af01 | 0000 4903 | c248 3b83 | 0803 0000 | 750d 4883 | 8310 0300 | 0001 e960 | 0000 0048 
  0x000001afa54a1cd4: 3b83 1803 | 0000 750d | 4883 8320 | 0300 0001 | e94a 0000 | 0048 83bb | 0803 0000 | 0075 1748 
  0x000001afa54a1cf4: 8983 0803 | 0000 48c7 | 8310 0300 | 0001 0000 | 00e9 2900 | 0000 4883 | bb18 0300 | 0000 7517 
  0x000001afa54a1d14: 4889 8318 | 0300 0048 | c783 2003 | 0000 0100 | 0000 e908 | 0000 0048 | 8383 0003 

  0x000001afa54a1d30: ;   {metadata('java/awt/MenuComponent')}
  0x000001afa54a1d30: 0000 0148 | b870 a38e | 80af 0100 | 0041 8b79 | 0849 ba00 | 0000 bdaf | 0100 0049 | 03fa 483b 
  0x000001afa54a1d50: c70f 8505 | 0000 00e9 | 0500 0000 | 4833 f6eb | 05be 0100 | 0000 85f6 

  0x000001afa54a1d68: ;   {metadata(method data for {method} {0x000001af801877d0} 'dispatchEventImpl' '(Ljava/awt/AWTEvent;Ljava/lang/Object;)V' in 'java/awt/EventQueue')}
  0x000001afa54a1d68: 48be 50da | 9380 af01 | 0000 bf40 | 0300 0075 | 05bf 3003 | 0000 488b | 1c3e 488d | 5b01 4889 
  0x000001afa54a1d88: 1c3e 0f85 | 280b 0000 

  0x000001afa54a1d90: ;   {metadata(method data for {method} {0x000001af801877d0} 'dispatchEventImpl' '(Ljava/awt/AWTEvent;Ljava/lang/Object;)V' in 'java/awt/EventQueue')}
  0x000001afa54a1d90: 4d85 c948 | bb50 da93 | 80af 0100 | 0075 0c80 | 8bc1 0300 | 0001 e9dd | 0000 0041 | 8b41 0849 
  0x000001afa54a1db0: ba00 0000 | bdaf 0100 | 0049 03c2 | 483b 83d0 | 0300 0075 | 0d48 8383 | d803 0000 | 01e9 6000 
  0x000001afa54a1dd0: 0000 483b | 83e0 0300 | 0075 0d48 | 8383 e803 | 0000 01e9 | 4a00 0000 | 4883 bbd0 | 0300 0000 
  0x000001afa54a1df0: 7517 4889 | 83d0 0300 | 0048 c783 | d803 0000 | 0100 0000 | e929 0000 | 0048 83bb | e003 0000 
  0x000001afa54a1e10: 0075 1748 | 8983 e003 | 0000 48c7 | 83e8 0300 | 0001 0000 | 00e9 0800 | 0000 4883 | 83c8 0300 
  0x000001afa54a1e30: 0001 660f | 1f44 0000 

  0x000001afa54a1e38: ;   {no_reloc}
  0x000001afa54a1e38: e979 1100 | 0000 0000 | 0000 418b | 5908 49ba | 0000 00bd | af01 0000 | 4903 da48 | 3bd8 0f84 
  0x000001afa54a1e58: 3100 0000 | 8b78 1448 | 3b04 3b0f | 8424 0000 | 0083 ff20 | 0f85 1600 | 0000 5350 

  0x000001afa54a1e74: ;   {runtime_call C1 Runtime slow_subtype_check_blob}
  0x000001afa54a1e74: e8c7 f029 | 075b 5885 | c00f 8405 | 0000 00e9 | 0500 0000 | 4833 f6eb | 05be 0100 | 0000 85f6 
  0x000001afa54a1e94: ;   {metadata(method data for {method} {0x000001af801877d0} 'dispatchEventImpl' '(Ljava/awt/AWTEvent;Ljava/lang/Object;)V' in 'java/awt/EventQueue')}
  0x000001afa54a1e94: 48be 50da | 9380 af01 | 0000 bf08 | 0400 0075 | 05bf f803 | 0000 488b | 1c3e 488d | 5b01 4889 
  0x000001afa54a1eb4: 1c3e 0f85 | be08 0000 

  0x000001afa54a1ebc: ;   {metadata(method data for {method} {0x000001af801877d0} 'dispatchEventImpl' '(Ljava/awt/AWTEvent;Ljava/lang/Object;)V' in 'java/awt/EventQueue')}
  0x000001afa54a1ebc: 4d85 c948 | bb50 da93 | 80af 0100 | 0075 0c80 | 8b89 0400 | 0001 e9b0 | 0000 0041 | 8b41 0849 
  0x000001afa54a1edc: ba00 0000 | bdaf 0100 | 0049 03c2 | 483b 8398 | 0400 0075 | 0d48 8383 | a004 0000 | 01e9 6000 
  0x000001afa54a1efc: 0000 483b | 83a8 0400 | 0075 0d48 | 8383 b004 | 0000 01e9 | 4a00 0000 | 4883 bb98 | 0400 0000 
  0x000001afa54a1f1c: 7517 4889 | 8398 0400 | 0048 c783 | a004 0000 | 0100 0000 | e929 0000 | 0048 83bb | a804 0000 
  0x000001afa54a1f3c: 0075 1748 | 8983 a804 | 0000 48c7 | 83b0 0400 | 0001 0000 | 00e9 0800 | 0000 4883 | 8390 0400 
  0x000001afa54a1f5c: ;   {metadata('sun/awt/AWTAutoShutdown')}
  0x000001afa54a1f5c: 0001 48b8 | 18c2 06be | af01 0000 | 418b 7908 | 49ba 0000 | 00bd af01 | 0000 4903 | fa48 3bc7 
  0x000001afa54a1f7c: 0f85 0500 | 0000 e905 | 0000 0048 | 33f6 eb05 | be01 0000 

  0x000001afa54a1f90: ;   {metadata(method data for {method} {0x000001af801877d0} 'dispatchEventImpl' '(Ljava/awt/AWTEvent;Ljava/lang/Object;)V' in 'java/awt/EventQueue')}
  0x000001afa54a1f90: 0085 f648 | be50 da93 | 80af 0100 | 00bf c004 | 0000 7405 | bfd0 0400 | 0048 8b1c | 3e48 8d5b 
  0x000001afa54a1fb0: 0148 891c | 3e0f 8448 | 0100 0048 

  0x000001afa54a1fbc: ;   {metadata(method data for {method} {0x000001af801877d0} 'dispatchEventImpl' '(Ljava/awt/AWTEvent;Ljava/lang/Object;)V' in 'java/awt/EventQueue')}
  0x000001afa54a1fbc: 8bf2 48bf | 50da 9380 | af01 0000 | 4883 87e0 | 0400 0001 

  0x000001afa54a1fd0: ;   {metadata(method data for {method} {0x000001af80186e08} 'noEvents' '()Z' in 'java/awt/EventQueue')}
  0x000001afa54a1fd0: 48be 5851 | 8380 af01 | 0000 8bbe | cc00 0000 | 83c7 0289 | becc 0000 | 0081 e7fe | ff1f 0085 
  0x000001afa54a1ff0: ff0f 84c9 | 0f00 00be | 0000 0000 | e994 0000 | 000f 1f80 | 0000 0000 | 8b7a 2048 | c1e7 033b 
  0x000001afa54a2010: 770c 0f83 | d30f 0000 | 4863 de8b | 7c9f 1048 | c1e7 038b | 7f0c 48c1 | e703 4885 

  0x000001afa54a202c: ;   {metadata(method data for {method} {0x000001af80186e08} 'noEvents' '()Z' in 'java/awt/EventQueue')}
  0x000001afa54a202c: ff48 bf58 | 5183 80af | 0100 00bb | 4001 0000 | 7505 bb30 | 0100 0048 | 8b04 1f48 | 8d40 0148 
  0x000001afa54a204c: 8904 1f0f | 8570 0000 

  0x000001afa54a2054: ;   {metadata(method data for {method} {0x000001af80186e08} 'noEvents' '()Z' in 'java/awt/EventQueue')}
  0x000001afa54a2054: 00ff c648 | bf58 5183 | 80af 0100 | 008b 9fd0 | 0000 0083 | c302 899f | d000 0000 | 81e3 fe3f 
  0x000001afa54a2074: 0000 85db | 0f84 800f | 0000 4d8b 

  0x000001afa54a2080: ; ImmutableOopMap {rdx=Oop }
                      ;*goto {reexecute=1 rethrow=0 return_oop=0}
                      ; - (reexecute) java.awt.EventQueue::noEvents@24 (line 520)
                      ; - java.awt.EventQueue::dispatchEventImpl@95 (line 732)
                      ;   {poll}
  0x000001afa54a2080: 5730 4185 

  0x000001afa54a2084: ;   {metadata(method data for {method} {0x000001af80186e08} 'noEvents' '()Z' in 'java/awt/EventQueue')}
  0x000001afa54a2084: 0248 bf58 | 5183 80af | 0100 00ff | 8750 0100 | 0083 fe04 

  0x000001afa54a2098: ;   {metadata(method data for {method} {0x000001af80186e08} 'noEvents' '()Z' in 'java/awt/EventQueue')}
  0x000001afa54a2098: 48bf 5851 | 8380 af01 | 0000 bb10 | 0100 007d | 05bb 2001 | 0000 488b | 041f 488d | 4001 4889 
  0x000001afa54a20b8: 041f 0f8d | 0f00 0000 | e943 ffff | ffbe 0000 | 0000 e905 | 0000 00be | 0100 0000 

  0x000001afa54a20d4: ;   {metadata(method data for {method} {0x000001af801877d0} 'dispatchEventImpl' '(Ljava/awt/AWTEvent;Ljava/lang/Object;)V' in 'java/awt/EventQueue')}
  0x000001afa54a20d4: 85f6 48be | 50da 9380 | af01 0000 | bf10 0500 | 0074 05bf | 2005 0000 | 488b 1c3e | 488d 5b01 
  0x000001afa54a20f4: 4889 1c3e | 0f84 8f0d | 0000 e9ec 

  0x000001afa54a2100: ;   {metadata(method data for {method} {0x000001af801877d0} 'dispatchEventImpl' '(Ljava/awt/AWTEvent;Ljava/lang/Object;)V' in 'java/awt/EventQueue')}
  0x000001afa54a2100: 0500 0048 | ba50 da93 | 80af 0100 | 0048 8382 | 7805 0000 

  0x000001afa54a2114: ;   {metadata(method data for {method} {0x000001af80185bd8} 'getEventLog' '()Lsun/util/logging/PlatformLogger;' in 'java/awt/EventQueue')}
  0x000001afa54a2114: 0148 ba80 | e893 80af | 0100 008b | b2cc 0000 | 0083 c602 | 89b2 cc00 | 0000 81e6 | feff 1f00 
  0x000001afa54a2134: 85f6 0f84 | e30e 0000 

  0x000001afa54a213c: ;   {oop(a 'java/lang/Class'{0x00000007157ea968} = 'java/awt/EventQueue')}
  0x000001afa54a213c: 48ba 68a9 | 7e15 0700 | 0000 8b52 | 7848 c1e2 | 0348 85d2 

  0x000001afa54a2150: ;   {metadata(method data for {method} {0x000001af80185bd8} 'getEventLog' '()Lsun/util/logging/PlatformLogger;' in 'java/awt/EventQueue')}
  0x000001afa54a2150: 48ba 80e8 | 9380 af01 | 0000 be10 | 0100 0075 | 05be 2001 | 0000 488b | 3c32 488d | 7f01 4889 
  0x000001afa54a2170: 3c32 0f85 | 6800 0000 

  0x000001afa54a2178: ;   {metadata(method data for {method} {0x000001af80185bd8} 'getEventLog' '()Lsun/util/logging/PlatformLogger;' in 'java/awt/EventQueue')}
  0x000001afa54a2178: 48ba 80e8 | 9380 af01 | 0000 4883 | 8230 0100 

  0x000001afa54a2188: ;   {oop("java.awt.event.EventQueue"{0x00000007156001e8})}
  0x000001afa54a2188: 0001 48ba | e801 6015 | 0700 0000 

  0x000001afa54a2194: ;   {static_call}
  0x000001afa54a2194: 6666 90e8 

  0x000001afa54a2198: ; ImmutableOopMap {[168]=Oop }
                      ;*invokestatic getLogger {reexecute=0 rethrow=0 return_oop=0}
                      ; - java.awt.EventQueue::getEventLog@8 (line 181)
                      ; - java.awt.EventQueue::dispatchEventImpl@111 (line 736)
  0x000001afa54a2198: c4ce 1d07 

  0x000001afa54a219c: ;   {post_call_nop}
  0x000001afa54a219c: 0f1f 8400 | 1412 0005 

  0x000001afa54a21a4: ;   {oop(a 'java/lang/Class'{0x00000007157ea968} = 'java/awt/EventQueue')}
  0x000001afa54a21a4: 49b8 68a9 | 7e15 0700 | 0000 410f | be57 4885 | d20f 8585 | 0e00 004c | 8bd0 49c1 | ea03 4589 
  0x000001afa54a21c4: 5078 f083 | 4424 c000 | 498b d048 | 33d0 48c1 | ea15 4883 | fa00 0f85 | 800e 0000 

  0x000001afa54a21e0: ;   {oop(a 'java/lang/Class'{0x00000007157ea968} = 'java/awt/EventQueue')}
  0x000001afa54a21e0: 49b8 68a9 | 7e15 0700 | 0000 458b | 4078 49c1 | e003 493b | 0049 8bd0 

  0x000001afa54a21f8: ;   {metadata(method data for {method} {0x000001af801877d0} 'dispatchEventImpl' '(Ljava/awt/AWTEvent;Ljava/lang/Object;)V' in 'java/awt/EventQueue')}
  0x000001afa54a21f8: 48be 50da | 9380 af01 

  0x000001afa54a2200: ;   {metadata('sun/util/logging/PlatformLogger')}
  0x000001afa54a2200: 0000 49ba | 30f2 04be | af01 0000 | 4c89 9690 | 0500 0048 | 8386 9805 

  0x000001afa54a2218: ;   {metadata(method data for {method} {0x000001af800da410} 'isLoggable' '(Lsun/util/logging/PlatformLogger$Level;)Z' in 'sun/util/logging/PlatformLogger')}
  0x000001afa54a2218: 0000 0148 | ba10 073e | 80af 0100 | 008b b2cc | 0000 0083 | c602 89b2 | cc00 0000 | 81e6 feff 
  0x000001afa54a2238: 1f00 85f6 | 0f84 3b0e 

  0x000001afa54a2240: ;   {metadata(method data for {method} {0x000001af800da410} 'isLoggable' '(Lsun/util/logging/PlatformLogger$Level;)Z' in 'sun/util/logging/PlatformLogger')}
  0x000001afa54a2240: 0000 48ba | 1007 3e80 | af01 0000 | ff82 1001 | 0000 418b | 500c 48c1 | e203 483b | 024c 8bc2 
  0x000001afa54a2260: ;   {metadata(method data for {method} {0x000001af800da410} 'isLoggable' '(Lsun/util/logging/PlatformLogger$Level;)Z' in 'sun/util/logging/PlatformLogger')}
  0x000001afa54a2260: 48be 1007 | 3e80 af01 | 0000 458b | 4008 49ba | 0000 00bd | af01 0000 | 4d03 c24c | 3b86 4801 
  0x000001afa54a2280: 0000 750d | 4883 8650 | 0100 0001 | e960 0000 | 004c 3b86 | 5801 0000 | 750d 4883 | 8660 0100 
  0x000001afa54a22a0: 0001 e94a | 0000 0048 | 83be 4801 | 0000 0075 | 174c 8986 | 4801 0000 | 48c7 8650 | 0100 0001 
  0x000001afa54a22c0: 0000 00e9 | 2900 0000 | 4883 be58 | 0100 0000 | 7517 4c89 | 8658 0100 | 0048 c786 | 6001 0000 
  0x000001afa54a22e0: 0100 0000 | e908 0000 | 0048 8386 | 4001 0000 

  0x000001afa54a22f0: ;   {oop(a 'sun/util/logging/PlatformLogger$Level'{0x000000071577bb08})}
  0x000001afa54a22f0: 0149 b808 | bb77 1507 | 0000 0066 | 9048 b8f8 | 4069 feaf 

  0x000001afa54a2304: ;   {virtual_call}
  0x000001afa54a2304: 0100 00e8 

  0x000001afa54a2308: ; ImmutableOopMap {[168]=Oop }
                      ;*invokeinterface isLoggable {reexecute=0 rethrow=0 return_oop=0}
                      ; - sun.util.logging.PlatformLogger::isLoggable@17 (line 340)
                      ; - java.awt.EventQueue::dispatchEventImpl@117 (line 736)
  0x000001afa54a2308: 54ca 1d07 

  0x000001afa54a230c: ;   {post_call_nop}
  0x000001afa54a230c: 0f1f 8400 | 8413 0006 | 83e0 0185 

  0x000001afa54a2318: ;   {metadata(method data for {method} {0x000001af801877d0} 'dispatchEventImpl' '(Ljava/awt/AWTEvent;Ljava/lang/Object;)V' in 'java/awt/EventQueue')}
  0x000001afa54a2318: c048 ba50 | da93 80af | 0100 00be | b805 0000 | 7405 bec8 | 0500 0048 | 8b3c 3248 | 8d7f 0148 
  0x000001afa54a2338: 893c 320f | 844c 0b00 

  0x000001afa54a2340: ;   {metadata(method data for {method} {0x000001af801877d0} 'dispatchEventImpl' '(Ljava/awt/AWTEvent;Ljava/lang/Object;)V' in 'java/awt/EventQueue')}
  0x000001afa54a2340: 0048 ba50 | da93 80af | 0100 0048 | 8382 d805 

  0x000001afa54a2350: ;   {metadata(method data for {method} {0x000001af80185bd8} 'getEventLog' '()Lsun/util/logging/PlatformLogger;' in 'java/awt/EventQueue')}
  0x000001afa54a2350: 0000 0148 | ba80 e893 | 80af 0100 | 008b b2cc | 0000 0083 | c602 89b2 | cc00 0000 | 81e6 feff 
  0x000001afa54a2370: 1f00 85f6 | 0f84 290d 

  0x000001afa54a2378: ;   {oop(a 'java/lang/Class'{0x00000007157ea968} = 'java/awt/EventQueue')}
  0x000001afa54a2378: 0000 48ba | 68a9 7e15 | 0700 0000 | 8b52 7848 | c1e2 0348 

  0x000001afa54a238c: ;   {metadata(method data for {method} {0x000001af80185bd8} 'getEventLog' '()Lsun/util/logging/PlatformLogger;' in 'java/awt/EventQueue')}
  0x000001afa54a238c: 85d2 48ba | 80e8 9380 | af01 0000 | be10 0100 | 0075 05be | 2001 0000 | 488b 3c32 | 488d 7f01 
  0x000001afa54a23ac: 4889 3c32 | 0f85 6a00 

  0x000001afa54a23b4: ;   {metadata(method data for {method} {0x000001af80185bd8} 'getEventLog' '()Lsun/util/logging/PlatformLogger;' in 'java/awt/EventQueue')}
  0x000001afa54a23b4: 0000 48ba | 80e8 9380 | af01 0000 | 4883 8230 | 0100 0001 

  0x000001afa54a23c8: ;   {oop("java.awt.event.EventQueue"{0x00000007156001e8})}
  0x000001afa54a23c8: 48ba e801 | 6015 0700 | 0000 0f1f 

  0x000001afa54a23d4: ;   {static_call}
  0x000001afa54a23d4: 4400 00e8 

  0x000001afa54a23d8: ; ImmutableOopMap {[168]=Oop }
                      ;*invokestatic getLogger {reexecute=0 rethrow=0 return_oop=0}
                      ; - java.awt.EventQueue::getEventLog@8 (line 181)
                      ; - java.awt.EventQueue::dispatchEventImpl@123 (line 737)
  0x000001afa54a23d8: 84cc 1d07 

  0x000001afa54a23dc: ;   {post_call_nop}
  0x000001afa54a23dc: 0f1f 8400 | 5414 0007 

  0x000001afa54a23e4: ;   {oop(a 'java/lang/Class'{0x00000007157ea968} = 'java/awt/EventQueue')}
  0x000001afa54a23e4: 48ba 68a9 | 7e15 0700 | 0000 410f | be77 4885 | f60f 85c9 | 0c00 004c | 8bd0 49c1 | ea03 4489 
  0x000001afa54a2404: 5278 f083 | 4424 c000 | 488b f248 | 33f0 48c1 | ee15 4883 | fe00 0f85 | c30c 0000 

  0x000001afa54a2420: ;   {oop(a 'java/lang/Class'{0x00000007157ea968} = 'java/awt/EventQueue')}
  0x000001afa54a2420: 48ba 68a9 | 7e15 0700 | 0000 8b72 | 7848 c1e6 | 0348 89b4 | 24b8 0000 | 004c 8b84 | 24a8 0000 
  0x000001afa54a2440: ;   {metadata(method data for {method} {0x000001af801877d0} 'dispatchEventImpl' '(Ljava/awt/AWTEvent;Ljava/lang/Object;)V' in 'java/awt/EventQueue')}
  0x000001afa54a2440: 0048 ba50 | da93 80af | 0100 0048 | 8382 e805 

  0x000001afa54a2450: ;   {metadata(method data for {method} {0x000001afbd47e890} 'valueOf' '(Ljava/lang/Object;)Ljava/lang/String;' in 'java/lang/String')}
  0x000001afa54a2450: 0000 0148 | ba30 4920 | 80af 0100 | 008b bacc | 0000 0083 | c702 89ba | cc00 0000 | 81e7 feff 
  0x000001afa54a2470: 1f00 85ff | 0f84 810c | 0000 4d85 

  0x000001afa54a247c: ;   {metadata(method data for {method} {0x000001afbd47e890} 'valueOf' '(Ljava/lang/Object;)Ljava/lang/String;' in 'java/lang/String')}
  0x000001afa54a247c: c048 ba30 | 4920 80af | 0100 00bf | 1001 0000 | 7505 bf20 | 0100 0048 | 8b1c 3a48 | 8d5b 0148 
  0x000001afa54a249c: 891c 3a0f | 851f 0000 

  0x000001afa54a24a4: ;   {metadata(method data for {method} {0x000001afbd47e890} 'valueOf' '(Ljava/lang/Object;)Ljava/lang/String;' in 'java/lang/String')}
  0x000001afa54a24a4: 0048 ba30 | 4920 80af | 0100 00ff | 8230 0100 

  0x000001afa54a24b4: ;   {oop("null"{0x00000007ffe1c918})}
  0x000001afa54a24b4: 0048 bf18 | c9e1 ff07 | 0000 00e9 | ab00 0000 

  0x000001afa54a24c4: ;   {metadata(method data for {method} {0x000001afbd47e890} 'valueOf' '(Ljava/lang/Object;)Ljava/lang/String;' in 'java/lang/String')}
  0x000001afa54a24c4: 498b d048 | bf30 4920 | 80af 0100 | 008b 5208 | 49ba 0000 | 00bd af01 | 0000 4903 | d248 3b97 
  0x000001afa54a24e4: 5001 0000 | 750d 4883 | 8758 0100 | 0001 e960 | 0000 0048 | 3b97 6001 | 0000 750d | 4883 8768 
  0x000001afa54a2504: 0100 0001 | e94a 0000 | 0048 83bf | 5001 0000 | 0075 1748 | 8997 5001 | 0000 48c7 | 8758 0100 
  0x000001afa54a2524: 0001 0000 | 00e9 2900 | 0000 4883 | bf60 0100 | 0000 7517 | 4889 9760 | 0100 0048 | c787 6801 
  0x000001afa54a2544: 0000 0100 | 0000 e908 | 0000 0048 | 8387 4801 | 0000 0149 | 8bd0 0f1f 

  0x000001afa54a255c: ;   {optimized virtual_call}
  0x000001afa54a255c: 4400 00e8 

  0x000001afa54a2560: ; ImmutableOopMap {[184]=Oop }
                      ;*invokevirtual toString {reexecute=0 rethrow=0 return_oop=0}
                      ; - java.lang.String::valueOf@11 (line 4543)
                      ; - java.awt.EventQueue::dispatchEventImpl@127 (line 737)
  0x000001afa54a2560: fcc4 1d07 

  0x000001afa54a2564: ;   {post_call_nop}
  0x000001afa54a2564: 0f1f 8400 | dc15 0008 | 488b f890 

  0x000001afa54a2570: ;   {no_reloc}
  0x000001afa54a2570: e9b6 0b00 | 0090 9090 | 9090 488b 

  0x000001afa54a257c: ;   {static_call}
  0x000001afa54a257c: d766 90e8 

  0x000001afa54a2580: ; ImmutableOopMap {[184]=Oop }
                      ;*invokedynamic {reexecute=0 rethrow=0 return_oop=0}
                      ; - java.awt.EventQueue::dispatchEventImpl@130 (line 737)
  0x000001afa54a2580: dcca 1d07 

  0x000001afa54a2584: ;   {post_call_nop}
  0x000001afa54a2584: 0f1f 8400 | fc15 0009 

  0x000001afa54a258c: ;   {metadata(method data for {method} {0x000001af801877d0} 'dispatchEventImpl' '(Ljava/awt/AWTEvent;Ljava/lang/Object;)V' in 'java/awt/EventQueue')}
  0x000001afa54a258c: 49b8 50da | 9380 af01 | 0000 4d8d | 8018 0600 | 0048 85c0 | 750b 41f6 | 0001 7505 | f049 8308 
  0x000001afa54a25ac: 0148 8bb4 | 24b8 0000 | 0048 3b06 

  0x000001afa54a25b8: ;   {metadata(method data for {method} {0x000001af801877d0} 'dispatchEventImpl' '(Ljava/awt/AWTEvent;Ljava/lang/Object;)V' in 'java/awt/EventQueue')}
  0x000001afa54a25b8: 4c8b c649 | b950 da93 | 80af 0100 

  0x000001afa54a25c4: ;   {metadata('sun/util/logging/PlatformLogger')}
  0x000001afa54a25c4: 0049 ba30 | f204 beaf | 0100 004d | 8991 3006 | 0000 4983 | 8138 0600 

  0x000001afa54a25dc: ;   {metadata(method data for {method} {0x000001af800db068} 'fine' '(Ljava/lang/String;)V' in 'sun/util/logging/PlatformLogger')}
  0x000001afa54a25dc: 0001 49b8 | 4081 8480 | af01 0000 | 458b 88cc | 0000 0041 | 83c1 0245 | 8988 cc00 | 0000 4181 
  0x000001afa54a25fc: e1fe ff1f | 0045 85c9 | 0f84 300b | 0000 8b56 | 0c48 c1e2 | 0348 3b02 

  0x000001afa54a2614: ;   {metadata(method data for {method} {0x000001af800db068} 'fine' '(Ljava/lang/String;)V' in 'sun/util/logging/PlatformLogger')}
  0x000001afa54a2614: 4c8b c249 | b940 8184 | 80af 0100 | 0045 8b40 | 0849 ba00 | 0000 bdaf | 0100 004d | 03c2 4d3b 
  0x000001afa54a2634: 8148 0100 | 0075 0d49 | 8381 5001 | 0000 01e9 | 6000 0000 | 4d3b 8158 | 0100 0075 | 0d49 8381 
  0x000001afa54a2654: 6001 0000 | 01e9 4a00 | 0000 4983 | b948 0100 | 0000 7517 | 4d89 8148 | 0100 0049 | c781 5001 
  0x000001afa54a2674: 0000 0100 | 0000 e929 | 0000 0049 | 83b9 5801 | 0000 0075 | 174d 8981 | 5801 0000 | 49c7 8160 
  0x000001afa54a2694: 0100 0001 | 0000 00e9 | 0800 0000 | 4983 8140 | 0100 0001 

  0x000001afa54a26a8: ;   {oop(a 'sun/util/logging/PlatformLogger$Level'{0x000000071577bb08})}
  0x000001afa54a26a8: 49b8 08bb | 7715 0700 | 0000 4c8b 

  0x000001afa54a26b4: ;   {oop(nullptr)}
  0x000001afa54a26b4: c848 bf00 | 0000 0000 | 0000 0066 | 0f1f 4400 | 0048 b820 | 4169 feaf 

  0x000001afa54a26cc: ;   {virtual_call}
  0x000001afa54a26cc: 0100 00e8 

  0x000001afa54a26d0: ; ImmutableOopMap {}
                      ;*invokeinterface log {reexecute=0 rethrow=0 return_oop=0}
                      ; - sun.util.logging.PlatformLogger::fine@12 (line 449)
                      ; - java.awt.EventQueue::dispatchEventImpl@135 (line 737)
  0x000001afa54a26d0: 8cc6 1d07 

  0x000001afa54a26d4: ;   {post_call_nop}
  0x000001afa54a26d4: 0f1f 8400 | 4c17 000a | 4881 c4d0 | 0000 005d 

  0x000001afa54a26e4: ;   {poll_return}
  0x000001afa54a26e4: 493b 6728 | 0f87 720a | 0000 c344 | 8b42 3449 | c1e0 0349 | 3b00 498b 

  0x000001afa54a26fc: ;   {metadata(method data for {method} {0x000001af801877d0} 'dispatchEventImpl' '(Ljava/awt/AWTEvent;Ljava/lang/Object;)V' in 'java/awt/EventQueue')}
  0x000001afa54a26fc: d048 be50 | da93 80af 

  0x000001afa54a2704: ;   {metadata('java/awt/EventDispatchThread')}
  0x000001afa54a2704: 0100 0049 | bac0 920e | beaf 0100 | 004c 8996 | 3805 0000 | 4883 8640 | 0500 0001 

  0x000001afa54a2720: ;   {metadata(method data for {method} {0x000001af806a0530} 'stopDispatching' '()V' in 'java/awt/EventDispatchThread')}
  0x000001afa54a2720: 48ba 48e7 | 9380 af01 | 0000 8bb2 | cc00 0000 | 83c6 0289 | b2cc 0000 | 0081 e6fe | ff1f 0085 
  0x000001afa54a2740: f60f 8434 | 0a00 00ba | 0000 0000 | 4188 5070 | f083 4424 

  0x000001afa54a2754: ;   {metadata(method data for {method} {0x000001af801877d0} 'dispatchEventImpl' '(Ljava/awt/AWTEvent;Ljava/lang/Object;)V' in 'java/awt/EventQueue')}
  0x000001afa54a2754: c000 49b8 | 50da 9380 | af01 0000 | 41ff 8060 | 0500 0048 | 81c4 d000 

  0x000001afa54a276c: ;   {poll_return}
  0x000001afa54a276c: 0000 5d49 | 3b67 280f | 8723 0a00 | 00c3 4c8b | 8424 a800 | 0000 4d85 

  0x000001afa54a2784: ;   {metadata(method data for {method} {0x000001af801877d0} 'dispatchEventImpl' '(Ljava/awt/AWTEvent;Ljava/lang/Object;)V' in 'java/awt/EventQueue')}
  0x000001afa54a2784: c948 bf50 | da93 80af | 0100 0075 | 0c80 8f11 | 0400 0001 | e9db 0000 | 0041 8b59 | 0849 ba00 
  0x000001afa54a27a4: 0000 bdaf | 0100 0049 | 03da 483b | 9f20 0400 | 0075 0d48 | 8387 2804 | 0000 01e9 | 6000 0000 
  0x000001afa54a27c4: 483b 9f30 | 0400 0075 | 0d48 8387 | 3804 0000 | 01e9 4a00 | 0000 4883 | bf20 0400 | 0000 7517 
  0x000001afa54a27e4: 4889 9f20 | 0400 0048 | c787 2804 | 0000 0100 | 0000 e929 | 0000 0048 | 83bf 3004 | 0000 0075 
  0x000001afa54a2804: 1748 899f | 3004 0000 | 48c7 8738 | 0400 0001 | 0000 00e9 | 0800 0000 | 4883 8718 | 0400 0001 
  0x000001afa54a2824: 0f1f 4000 

  0x000001afa54a2828: ;   {no_reloc}
  0x000001afa54a2828: e994 0900 | 0000 0000 | 0000 418b | 7908 49ba | 0000 00bd | af01 0000 | 4903 fa48 | 3bfb 0f84 
  0x000001afa54a2848: 2c00 0000 | 8b73 1448 | 3b1c 370f | 841f 0000 | 0083 fe20 | 0f85 6909 | 0000 5753 

  0x000001afa54a2864: ;   {runtime_call C1 Runtime slow_subtype_check_blob}
  0x000001afa54a2864: e8d7 e629 | 075f 5b85 | db0f 8458 | 0900 00e9 | 0000 0000 | 498b d166 | 9048 b848 | 4169 feaf 
  0x000001afa54a2884: ;   {virtual_call}
  0x000001afa54a2884: 0100 00e8 

  0x000001afa54a2888: ; ImmutableOopMap {}
                      ;*invokevirtual dispatchEvent {reexecute=0 rethrow=0 return_oop=0}
                      ; - java.awt.EventQueue::dispatchEventImpl@81 (line 730)
  0x000001afa54a2888: d4c4 1d07 

  0x000001afa54a288c: ;   {post_call_nop}
  0x000001afa54a288c: 0f1f 8400 | 0419 000b 

  0x000001afa54a2894: ;   {metadata(method data for {method} {0x000001af801877d0} 'dispatchEventImpl' '(Ljava/awt/AWTEvent;Ljava/lang/Object;)V' in 'java/awt/EventQueue')}
  0x000001afa54a2894: 49b8 50da | 9380 af01 | 0000 41ff | 8078 0400 | 0048 81c4 | d000 0000 

  0x000001afa54a28ac: ;   {poll_return}
  0x000001afa54a28ac: 5d49 3b67 | 280f 871d | 0900 00c3 | 4c8b 8424 | a800 0000 

  0x000001afa54a28c0: ;   {metadata(method data for {method} {0x000001af801877d0} 'dispatchEventImpl' '(Ljava/awt/AWTEvent;Ljava/lang/Object;)V' in 'java/awt/EventQueue')}
  0x000001afa54a28c0: 4d85 c948 | bf50 da93 | 80af 0100 | 0075 0c80 | 8f49 0300 | 0001 e9b0 | 0000 0041 | 8b59 0849 
  0x000001afa54a28e0: ba00 0000 | bdaf 0100 | 0049 03da | 483b 9f58 | 0300 0075 | 0d48 8387 | 6003 0000 | 01e9 6000 
  0x000001afa54a2900: 0000 483b | 9f68 0300 | 0075 0d48 | 8387 7003 | 0000 01e9 | 4a00 0000 | 4883 bf58 | 0300 0000 
  0x000001afa54a2920: 7517 4889 | 9f58 0300 | 0048 c787 | 6003 0000 | 0100 0000 | e929 0000 | 0048 83bf | 6803 0000 
  0x000001afa54a2940: 0075 1748 | 899f 6803 | 0000 48c7 | 8770 0300 | 0001 0000 | 00e9 0800 | 0000 4883 | 8750 0300 
  0x000001afa54a2960: ;   {metadata('java/awt/MenuComponent')}
  0x000001afa54a2960: 0001 48bb | 70a3 8e80 | af01 0000 | 418b 7108 | 49ba 0000 | 00bd af01 | 0000 4903 | f248 3bde 
  0x000001afa54a2980: 0f85 6408 | 0000 e900 | 0000 0049 | 8bd1 483b | 0248 8bf2 

  0x000001afa54a2994: ;   {metadata(method data for {method} {0x000001af801877d0} 'dispatchEventImpl' '(Ljava/awt/AWTEvent;Ljava/lang/Object;)V' in 'java/awt/EventQueue')}
  0x000001afa54a2994: 48bf 50da | 9380 af01 | 0000 8b76 | 0849 ba00 | 0000 bdaf | 0100 0049 | 03f2 483b | b788 0300 
  0x000001afa54a29b4: 0075 0d48 | 8387 9003 | 0000 01e9 | 6000 0000 | 483b b798 | 0300 0075 | 0d48 8387 | a003 0000 
  0x000001afa54a29d4: 01e9 4a00 | 0000 4883 | bf88 0300 | 0000 7517 | 4889 b788 | 0300 0048 | c787 9003 | 0000 0100 
  0x000001afa54a29f4: 0000 e929 | 0000 0048 | 83bf 9803 | 0000 0075 | 1748 89b7 | 9803 0000 | 48c7 87a0 | 0300 0001 
  0x000001afa54a2a14: 0000 00e9 | 0800 0000 | 4883 8780 | 0300 0001 

  0x000001afa54a2a24: ;   {optimized virtual_call}
  0x000001afa54a2a24: 6666 90e8 

  0x000001afa54a2a28: ; ImmutableOopMap {}
                      ;*invokevirtual dispatchEvent {reexecute=0 rethrow=0 return_oop=0}
                      ; - java.awt.EventQueue::dispatchEventImpl@63 (line 728)
  0x000001afa54a2a28: 34c0 1d07 

  0x000001afa54a2a2c: ;   {post_call_nop}
  0x000001afa54a2a2c: 0f1f 8400 | a41a 000c 

  0x000001afa54a2a34: ;   {metadata(method data for {method} {0x000001af801877d0} 'dispatchEventImpl' '(Ljava/awt/AWTEvent;Ljava/lang/Object;)V' in 'java/awt/EventQueue')}
  0x000001afa54a2a34: 49b8 50da | 9380 af01 | 0000 41ff | 80b0 0300 | 0048 81c4 | d000 0000 

  0x000001afa54a2a4c: ;   {poll_return}
  0x000001afa54a2a4c: 5d49 3b67 | 280f 87a1 | 0700 00c3 

  0x000001afa54a2a58: ;   {metadata(method data for {method} {0x000001af801877d0} 'dispatchEventImpl' '(Ljava/awt/AWTEvent;Ljava/lang/Object;)V' in 'java/awt/EventQueue')}
  0x000001afa54a2a58: 488b f248 | bf50 da93 | 80af 0100 | 0048 8387 | 6001 0000 | 0149 8bf0 | 4c8b c60f 

  0x000001afa54a2a74: ;   {optimized virtual_call}
  0x000001afa54a2a74: 1f40 00e8 

  0x000001afa54a2a78: ; ImmutableOopMap {[168]=Oop }
                      ;*invokevirtual setCurrentEventAndMostRecentTimeImpl {reexecute=0 rethrow=0 return_oop=0}
                      ; - java.awt.EventQueue::dispatchEventImpl@14 (line 722)
  0x000001afa54a2a78: 44cf ffff 

  0x000001afa54a2a7c: ;   {post_call_nop}
  0x000001afa54a2a7c: 0f1f 8400 | f41a 000d | 4c8b 8424 | a800 0000 

  0x000001afa54a2a8c: ;   {metadata(method data for {method} {0x000001af801877d0} 'dispatchEventImpl' '(Ljava/awt/AWTEvent;Ljava/lang/Object;)V' in 'java/awt/EventQueue')}
  0x000001afa54a2a8c: 4d85 c048 | bf50 da93 | 80af 0100 | 0075 0c80 | 8f89 0100 | 0001 e9cb | 0000 0041 | 8b58 0849 
  0x000001afa54a2aac: ba00 0000 | bdaf 0100 | 0049 03da | 483b 9f98 | 0100 0075 | 0d48 8387 | a001 0000 | 01e9 6000 
  0x000001afa54a2acc: 0000 483b | 9fa8 0100 | 0075 0d48 | 8387 b001 | 0000 01e9 | 4a00 0000 | 4883 bf98 | 0100 0000 
  0x000001afa54a2aec: 7517 4889 | 9f98 0100 | 0048 c787 | a001 0000 | 0100 0000 | e929 0000 | 0048 83bf | a801 0000 
  0x000001afa54a2b0c: 0075 1748 | 899f a801 | 0000 48c7 | 87b0 0100 | 0001 0000 | 00e9 0800 | 0000 4883 | 8790 0100 
  0x000001afa54a2b2c: ;   {metadata('java/awt/ActiveEvent')}
  0x000001afa54a2b2c: 0001 48bb | 10ac 6980 | af01 0000 | 418b 7808 | 49ba 0000 | 00bd af01 | 0000 4903 | fa48 3b5f 
  0x000001afa54a2b4c: 200f 841f | 0000 0048 | 3bfb 0f84 | 1600 0000 

  0x000001afa54a2b5c: ;   {runtime_call C1 Runtime slow_subtype_check_blob}
  0x000001afa54a2b5c: 5753 e8dd | e329 075f | 5f85 ff0f | 84a1 0600 | 00e9 0000 | 0000 498b | d048 3b02 

  0x000001afa54a2b78: ;   {metadata(method data for {method} {0x000001af801877d0} 'dispatchEventImpl' '(Ljava/awt/AWTEvent;Ljava/lang/Object;)V' in 'java/awt/EventQueue')}
  0x000001afa54a2b78: 488b f248 | bf50 da93 | 80af 0100 | 008b 7608 | 49ba 0000 | 00bd af01 | 0000 4903 | f248 3bb7 
  0x000001afa54a2b98: c801 0000 | 750d 4883 | 87d0 0100 | 0001 e960 | 0000 0048 | 3bb7 d801 | 0000 750d | 4883 87e0 
  0x000001afa54a2bb8: 0100 0001 | e94a 0000 | 0048 83bf | c801 0000 | 0075 1748 | 89b7 c801 | 0000 48c7 | 87d0 0100 
  0x000001afa54a2bd8: 0001 0000 | 00e9 2900 | 0000 4883 | bfd8 0100 | 0000 7517 | 4889 b7d8 | 0100 0048 | c787 e001 
  0x000001afa54a2bf8: 0000 0100 | 0000 e908 | 0000 0048 | 8387 c001 | 0000 0166 | 9048 b870 | 4169 feaf 

  0x000001afa54a2c14: ;   {virtual_call}
  0x000001afa54a2c14: 0100 00e8 

  0x000001afa54a2c18: ; ImmutableOopMap {}
                      ;*invokeinterface dispatch {reexecute=0 rethrow=0 return_oop=0}
                      ; - java.awt.EventQueue::dispatchEventImpl@21 (line 723)
  0x000001afa54a2c18: 3470 2a07 

  0x000001afa54a2c1c: ;   {post_call_nop}
  0x000001afa54a2c1c: 0f1f 8400 | 941c 000e 

  0x000001afa54a2c24: ;   {metadata(method data for {method} {0x000001af801877d0} 'dispatchEventImpl' '(Ljava/awt/AWTEvent;Ljava/lang/Object;)V' in 'java/awt/EventQueue')}
  0x000001afa54a2c24: 48ba 50da | 9380 af01 | 0000 ff82 | f001 0000 | 4881 c4d0 | 0000 005d 

  0x000001afa54a2c3c: ;   {poll_return}
  0x000001afa54a2c3c: 493b 6728 | 0f87 d605 | 0000 c390 

  0x000001afa54a2c48: ;   {no_reloc}
  0x000001afa54a2c48: e9f4 0500 | 0000 0000 | 0000 80ba | 4001 0000 | 040f 85f1 | 0500 0049 | 8b87 c801 | 0000 488d 
  0x000001afa54a2c68: 7828 493b | bfd8 0100 | 000f 87d9 | 0500 0049 | 89bf c801 | 0000 48c7 | 0001 0000 | 0048 8bca 
  0x000001afa54a2c88: 49ba 0000 | 00bd af01 | 0000 492b | ca89 4808 | 4833 c989 | 480c 4833 | c948 8948 | 1048 8948 
  0x000001afa54a2ca8: 1848 8948 | 2048 8bd0 

  0x000001afa54a2cb0: ;   {metadata(method data for {method} {0x000001afbd44ab28} 'lookup' '()Ljava/lang/invoke/MethodHandles$Lookup;' in 'java/lang/invoke/MethodHandles')}
  0x000001afa54a2cb0: 48be c863 | 6b80 af01 | 0000 4883 | 8640 0100 

  0x000001afa54a2cc0: ;   {oop("no caller frame"{0x00000007ffe27160})}
  0x000001afa54a2cc0: 0001 49b8 | 6071 e2ff | 0700 0000 | 488b d048 | 8984 24c0 

  0x000001afa54a2cd4: ;   {optimized virtual_call}
  0x000001afa54a2cd4: 0000 00e8 

  0x000001afa54a2cd8: ; ImmutableOopMap {[168]=Oop [192]=Oop }
                      ;*invokespecial <init> {reexecute=0 rethrow=0 return_oop=0}
                      ; - java.lang.invoke.MethodHandles::lookup@14 (line 128)
                      ; - sun.awt.AWTAccessor::ensureClassInitialized@0 (line 1464)
                      ; - sun.awt.AWTAccessor::getInputEventAccessor@10 (line 963)
                      ; - java.awt.AWTEvent::dispatched@7 (line 571)
                      ; - java.awt.EventQueue::dispatchEventImpl@45 (line 726)
  0x000001afa54a2cd8: 84bd 1d07 

  0x000001afa54a2cdc: ;   {post_call_nop}
  0x000001afa54a2cdc: 0f1f 8400 | 541d 000f | 488b 8424 | c000 0000 | e9d8 0500 | 0049 8b87 | 0805 0000 | 4d33 d24d 
  0x000001afa54a2cfc: 8997 0805 | 0000 4d33 | d24d 8997 | 1005 0000 

  0x000001afa54a2d0c: ;   {oop(a 'java/lang/Class'{0x00000007157833f0} = 'sun/awt/AWTAccessor')}
  0x000001afa54a2d0c: 48be f033 | 7815 0700 | 0000 8bb6 | 8400 0000 | 48c1 e603 | 4c8b 8424 | a800 0000 

  0x000001afa54a2d28: ;   {metadata(method data for {method} {0x000001af800d8c00} 'dispatched' '()V' in 'java/awt/AWTEvent')}
  0x000001afa54a2d28: 4d85 c048 | b880 e293 | 80af 0100 | 0075 0c80 | 8869 0100 | 0001 e9b1 | 0000 0041 | 8b50 0849 
  0x000001afa54a2d48: ba00 0000 | bdaf 0100 | 0049 03d2 | 483b 9078 | 0100 0075 | 0d48 8380 | 8001 0000 | 01e9 6000 
  0x000001afa54a2d68: 0000 483b | 9088 0100 | 0075 0d48 | 8380 9001 | 0000 01e9 | 4a00 0000 | 4883 b878 | 0100 0000 
  0x000001afa54a2d88: 7517 4889 | 9078 0100 | 0048 c780 | 8001 0000 | 0100 0000 | e929 0000 | 0048 83b8 | 8801 0000 
  0x000001afa54a2da8: 0075 1748 | 8990 8801 | 0000 48c7 | 8090 0100 | 0001 0000 | 00e9 0800 | 0000 4883 | 8070 0100 
  0x000001afa54a2dc8: ;   {metadata('java/awt/event/InputEvent')}
  0x000001afa54a2dc8: 0001 48ba | 60c5 1080 | af01 0000 | 418b 4008 | 49ba 0000 | 00bd af01 | 0000 4903 | c248 3b50 
  0x000001afa54a2de8: 500f 856e | 0400 00e9 | 0000 0000 | 498b f848 | 85f6 0f84 | 2900 0000 

  0x000001afa54a2e00: ;   {metadata('java/awt/event/InputEvent$1')}
  0x000001afa54a2e00: 48b9 1837 | 05be af01 | 0000 8b56 | 0849 ba00 | 0000 bdaf | 0100 0049 | 03d2 483b | 4a38 0f85 
  0x000001afa54a2e20: 4204 0000 | e900 0000 | 0048 8bde 

  0x000001afa54a2e2c: ; implicit exception: dispatches to 0x000001afa54a326b
                      ;   {metadata(method data for {method} {0x000001af800d8c00} 'dispatched' '()V' in 'java/awt/AWTEvent')}
  0x000001afa54a2e2c: 483b 0648 | bb80 e293 | 80af 0100 

  0x000001afa54a2e38: ;   {metadata('java/awt/event/InputEvent$1')}
  0x000001afa54a2e38: 0049 ba18 | 3705 beaf | 0100 004c | 8993 a801 | 0000 4883 | 83b0 0100 

  0x000001afa54a2e50: ;   {metadata(method data for {method} {0x000001af8010efd8} 'setCanAccessSystemClipboard' '(Ljava/awt/event/InputEvent;Z)V' in 'java/awt/event/InputEvent$1')}
  0x000001afa54a2e50: 0001 48be | 08e6 9380 | af01 0000 | 8b9e cc00 | 0000 83c3 | 0289 9ecc | 0000 0081 | e3fe ff1f 
  0x000001afa54a2e70: 0085 db0f | 84f7 0300 | 00c6 4728 

  0x000001afa54a2e7c: ;   {metadata(method data for {method} {0x000001af801877d0} 'dispatchEventImpl' '(Ljava/awt/AWTEvent;Ljava/lang/Object;)V' in 'java/awt/EventQueue')}
  0x000001afa54a2e7c: 0048 be50 | da93 80af | 0100 00ff | 86e8 0200 | 0048 81c4 | d000 0000 

  0x000001afa54a2e94: ;   {poll_return}
  0x000001afa54a2e94: 5d49 3b67 | 280f 87f7 | 0300 00c3 

  0x000001afa54a2ea0: ;   {metadata({method} {0x000001af801877d0} 'dispatchEventImpl' '(Ljava/awt/AWTEvent;Ljava/lang/Object;)V' in 'java/awt/EventQueue')}
  0x000001afa54a2ea0: 49ba c877 | 1880 af01 | 0000 4c89 | 5424 0848 | c704 24ff 

  0x000001afa54a2eb4: ;   {runtime_call C1 Runtime counter_overflow_blob}
  0x000001afa54a2eb4: ffff ffe8 

  0x000001afa54a2eb8: ; ImmutableOopMap {rdx=Oop r8=Oop r9=Oop [168]=Oop }
                      ;*synchronization entry
                      ; - java.awt.EventQueue::dispatchEventImpl@-1 (line 719)
  0x000001afa54a2eb8: a407 2a07 | e9cd e4ff 

  0x000001afa54a2ec0: ;   {runtime_call C1 Runtime throw_null_pointer_exception_blob}
  0x000001afa54a2ec0: ffe8 9aaa 

  0x000001afa54a2ec4: ; ImmutableOopMap {rdx=Oop r8=Oop r9=Oop [168]=Oop }
                      ;*putfield isPosted {reexecute=1 rethrow=0 return_oop=0}
                      ; - (reexecute) java.awt.EventQueue::dispatchEventImpl@2 (line 719)
  0x000001afa54a2ec4: 2907 4c89 

  0x000001afa54a2ec8: ;   {runtime_call C1 Runtime throw_class_cast_exception_blob}
  0x000001afa54a2ec8: 0c24 e891 

  0x000001afa54a2ecc: ; ImmutableOopMap {r8=Oop [168]=Oop }
                      ;*checkcast {reexecute=0 rethrow=0 return_oop=0}
                      ; - java.awt.EventQueue::dispatchEventImpl@37 (line 725)
                      ;   {runtime_call C1 Runtime throw_null_pointer_exception_blob}
  0x000001afa54a2ecc: da29 07e8 

  0x000001afa54a2ed0: ; ImmutableOopMap {r8=Oop rdx=Oop [168]=Oop }
                      ;*invokevirtual dispatchEvent {reexecute=0 rethrow=0 return_oop=0}
                      ; - java.awt.EventQueue::dispatchEventImpl@41 (line 725)
  0x000001afa54a2ed0: 8caa 2907 

  0x000001afa54a2ed4: ;   {metadata({method} {0x000001af800855a0} 'dispatchEvent' '(Ljava/awt/AWTEvent;)V' in 'java/awt/Component')}
  0x000001afa54a2ed4: 49ba 9855 | 0880 af01 | 0000 4c89 | 5424 0848 | c704 24ff 

  0x000001afa54a2ee8: ;   {runtime_call C1 Runtime counter_overflow_blob}
  0x000001afa54a2ee8: ffff ffe8 

  0x000001afa54a2eec: ; ImmutableOopMap {r8=Oop rdx=Oop [168]=Oop }
                      ;*synchronization entry
                      ; - java.awt.Component::dispatchEvent@-1 (line 4790)
                      ; - java.awt.EventQueue::dispatchEventImpl@41 (line 725)
  0x000001afa54a2eec: 7007 2a07 | e944 e8ff 

  0x000001afa54a2ef4: ;   {metadata({method} {0x000001af800d8c00} 'dispatched' '()V' in 'java/awt/AWTEvent')}
  0x000001afa54a2ef4: ff49 baf8 | 8b0d 80af | 0100 004c | 8954 2408 | 48c7 0424 | ffff ffff 

  0x000001afa54a2f0c: ;   {runtime_call C1 Runtime counter_overflow_blob}
  0x000001afa54a2f0c: e84f 072a 

  0x000001afa54a2f10: ; ImmutableOopMap {[168]=Oop }
                      ;*synchronization entry
                      ; - java.awt.AWTEvent::dispatched@-1 (line 570)
                      ; - java.awt.EventQueue::dispatchEventImpl@45 (line 726)
  0x000001afa54a2f10: 07e9 96e9 

  0x000001afa54a2f14: ;   {metadata({method} {0x000001af800f2db8} 'getInputEventAccessor' '()Lsun/awt/AWTAccessor$InputEventAccessor;' in 'sun/awt/AWTAccessor')}
  0x000001afa54a2f14: ffff 49ba | b02d 0f80 | af01 0000 | 4c89 5424 | 0848 c704 | 24ff ffff 

  0x000001afa54a2f2c: ;   {runtime_call C1 Runtime counter_overflow_blob}
  0x000001afa54a2f2c: ffe8 2e07 

  0x000001afa54a2f30: ; ImmutableOopMap {r8=Oop [168]=Oop }
                      ;*synchronization entry
                      ; - sun.awt.AWTAccessor::getInputEventAccessor@-1 (line 961)
                      ; - java.awt.AWTEvent::dispatched@7 (line 571)
                      ; - java.awt.EventQueue::dispatchEventImpl@45 (line 726)
  0x000001afa54a2f30: 2a07 e9b6 

  0x000001afa54a2f34: ;   {metadata({method} {0x000001af800f5578} 'ensureClassInitialized' '(Ljava/lang/Class;)V' in 'sun/awt/AWTAccessor')}
  0x000001afa54a2f34: eaff ff49 | ba70 550f | 80af 0100 | 004c 8954 | 2408 48c7 | 0424 ffff 

  0x000001afa54a2f4c: ;   {runtime_call C1 Runtime counter_overflow_blob}
  0x000001afa54a2f4c: ffff e80d 

  0x000001afa54a2f50: ; ImmutableOopMap {[168]=Oop }
                      ;*synchronization entry
                      ; - sun.awt.AWTAccessor::ensureClassInitialized@-1 (line 1464)
                      ; - sun.awt.AWTAccessor::getInputEventAccessor@10 (line 963)
                      ; - java.awt.AWTEvent::dispatched@7 (line 571)
                      ; - java.awt.EventQueue::dispatchEventImpl@45 (line 726)
  0x000001afa54a2f50: 072a 07e9 | 0deb ffff 

  0x000001afa54a2f58: ;   {metadata({method} {0x000001afbd44ab28} 'lookup' '()Ljava/lang/invoke/MethodHandles$Lookup;' in 'java/lang/invoke/MethodHandles')}
  0x000001afa54a2f58: 49ba 20ab | 44bd af01 | 0000 4c89 | 5424 0848 | c704 24ff 

  0x000001afa54a2f6c: ;   {runtime_call C1 Runtime counter_overflow_blob}
  0x000001afa54a2f6c: ffff ffe8 

  0x000001afa54a2f70: ; ImmutableOopMap {[168]=Oop }
                      ;*synchronization entry
                      ; - java.lang.invoke.MethodHandles::lookup@-1 (line 126)
                      ; - sun.awt.AWTAccessor::ensureClassInitialized@0 (line 1464)
                      ; - sun.awt.AWTAccessor::getInputEventAccessor@10 (line 963)
                      ; - java.awt.AWTEvent::dispatched@7 (line 571)
                      ; - java.awt.EventQueue::dispatchEventImpl@45 (line 726)
  0x000001afa54a2f70: ec06 2a07 | e925 ebff | ff48 8bd2 

  0x000001afa54a2f7c: ;   {runtime_call C1 Runtime fast_new_instance_blob}
  0x000001afa54a2f7c: e85f b629 

  0x000001afa54a2f80: ; ImmutableOopMap {r8=Oop [168]=Oop }
                      ;*new {reexecute=0 rethrow=0 return_oop=0}
                      ; - java.lang.invoke.MethodHandles::lookup@18 (line 130)
                      ; - sun.awt.AWTAccessor::ensureClassInitialized@0 (line 1464)
                      ; - sun.awt.AWTAccessor::getInputEventAccessor@10 (line 963)
                      ; - java.awt.AWTEvent::dispatched@7 (line 571)
                      ; - java.awt.EventQueue::dispatchEventImpl@45 (line 726)
  0x000001afa54a2f80: 07e9 c0eb 

  0x000001afa54a2f84: ;   {metadata({method} {0x000001afbd44edd8} '<init>' '(Ljava/lang/Class;)V' in 'java/lang/invoke/MethodHandles$Lookup')}
  0x000001afa54a2f84: ffff 49ba | d0ed 44bd | af01 0000 | 4c89 5424 | 0848 c704 | 24ff ffff 

  0x000001afa54a2f9c: ;   {runtime_call C1 Runtime counter_overflow_blob}
  0x000001afa54a2f9c: ffe8 be06 

  0x000001afa54a2fa0: ; ImmutableOopMap {r8=Oop rax=Oop [168]=Oop }
                      ;*synchronization entry
                      ; - java.lang.invoke.MethodHandles$Lookup::<init>@-1 (line 1534)
                      ; - java.lang.invoke.MethodHandles::lookup@23 (line 130)
                      ; - sun.awt.AWTAccessor::ensureClassInitialized@0 (line 1464)
                      ; - sun.awt.AWTAccessor::getInputEventAccessor@10 (line 963)
                      ; - java.awt.AWTEvent::dispatched@7 (line 571)
                      ; - java.awt.EventQueue::dispatchEventImpl@45 (line 726)
  0x000001afa54a2fa0: 2a07 e9dd 

  0x000001afa54a2fa4: ;   {metadata(nullptr)}
  0x000001afa54a2fa4: ebff ff48 | b800 0000 | 0000 0000 | 00b8 000f 

  0x000001afa54a2fb4: ;   {runtime_call C1 Runtime load_klass_patching_blob}
  0x000001afa54a2fb4: 050a e825 

  0x000001afa54a2fb8: ; ImmutableOopMap {rdx=Oop r9=Oop [168]=Oop }
                      ;*instanceof {reexecute=1 rethrow=0 return_oop=0}
                      ; - (reexecute) java.awt.EventQueue::dispatchEventImpl@70 (line 729)
  0x000001afa54a2fb8: f629 07e9 | 78ee ffff 

  0x000001afa54a2fc0: ;   {metadata({method} {0x000001af80186e08} 'noEvents' '()Z' in 'java/awt/EventQueue')}
  0x000001afa54a2fc0: 49ba 006e | 1880 af01 | 0000 4c89 | 5424 0848 | c704 24ff 

  0x000001afa54a2fd4: ;   {runtime_call C1 Runtime counter_overflow_blob}
  0x000001afa54a2fd4: ffff ffe8 

  0x000001afa54a2fd8: ; ImmutableOopMap {rdx=Oop }
                      ;*synchronization entry
                      ; - java.awt.EventQueue::noEvents@-1 (line 520)
                      ; - java.awt.EventQueue::dispatchEventImpl@95 (line 732)
  0x000001afa54a2fd8: 8406 2a07 | e916 f0ff 

  0x000001afa54a2fe0: ;   {runtime_call C1 Runtime throw_null_pointer_exception_blob}
  0x000001afa54a2fe0: ffe8 7aa9 

  0x000001afa54a2fe4: ; ImmutableOopMap {rdx=Oop rdi=Oop }
                      ;*aaload {reexecute=0 rethrow=0 return_oop=0}
                      ; - java.awt.EventQueue::noEvents@12 (line 521)
                      ; - java.awt.EventQueue::dispatchEventImpl@95 (line 732)
                      ;   {runtime_call C1 Runtime throw_null_pointer_exception_blob}
  0x000001afa54a2fe4: 2907 e875 

  0x000001afa54a2fe8: ; ImmutableOopMap {rdx=Oop rdi=Oop }
                      ;*aaload {reexecute=0 rethrow=0 return_oop=0}
                      ; - java.awt.EventQueue::noEvents@12 (line 521)
                      ; - java.awt.EventQueue::dispatchEventImpl@95 (line 732)
  0x000001afa54a2fe8: a929 0748 | 8934 2448 | 897c 2408 

  0x000001afa54a2ff4: ;   {runtime_call C1 Runtime throw_range_check_failed_blob}
  0x000001afa54a2ff4: e867 a029 

  0x000001afa54a2ff8: ; ImmutableOopMap {rdx=Oop rdi=Oop }
                      ;*aaload {reexecute=0 rethrow=0 return_oop=0}
                      ; - java.awt.EventQueue::noEvents@12 (line 521)
                      ; - java.awt.EventQueue::dispatchEventImpl@95 (line 732)
                      ;   {runtime_call C1 Runtime throw_null_pointer_exception_blob}
  0x000001afa54a2ff8: 07e8 62a9 

  0x000001afa54a2ffc: ; ImmutableOopMap {rdx=Oop }
                      ;*getfield head {reexecute=1 rethrow=0 return_oop=0}
                      ; - (reexecute) java.awt.EventQueue::noEvents@13 (line 521)
                      ; - java.awt.EventQueue::dispatchEventImpl@95 (line 732)
                      ;   {metadata({method} {0x000001af80186e08} 'noEvents' '()Z' in 'java/awt/EventQueue')}
  0x000001afa54a2ffc: 2907 49ba | 006e 1880 | af01 0000 | 4c89 5424 | 0848 c704 | 2418 0000 

  0x000001afa54a3014: ;   {runtime_call C1 Runtime counter_overflow_blob}
  0x000001afa54a3014: 00e8 4606 

  0x000001afa54a3018: ; ImmutableOopMap {rdx=Oop }
                      ;*goto {reexecute=1 rethrow=0 return_oop=0}
                      ; - (reexecute) java.awt.EventQueue::noEvents@24 (line 520)
                      ; - java.awt.EventQueue::dispatchEventImpl@95 (line 732)
  0x000001afa54a3018: 2a07 e95f 

  0x000001afa54a301c: ;   {metadata({method} {0x000001af80185bd8} 'getEventLog' '()Lsun/util/logging/PlatformLogger;' in 'java/awt/EventQueue')}
  0x000001afa54a301c: f0ff ff49 | bad0 5b18 | 80af 0100 | 004c 8954 | 2408 48c7 | 0424 ffff 

  0x000001afa54a3034: ;   {runtime_call C1 Runtime counter_overflow_blob}
  0x000001afa54a3034: ffff e825 

  0x000001afa54a3038: ; ImmutableOopMap {[168]=Oop }
                      ;*synchronization entry
                      ; - java.awt.EventQueue::getEventLog@-1 (line 180)
                      ; - java.awt.EventQueue::dispatchEventImpl@111 (line 736)
  0x000001afa54a3038: 062a 07e9 | fcf0 ffff | 418b 5078 | 48c1 e203 | 4883 fa00 | 0f84 69f1 | ffff 4889 

  0x000001afa54a3054: ;   {runtime_call g1_pre_barrier_slow}
  0x000001afa54a3054: 1424 e805 | 0c2a 07e9 | 5bf1 ffff | 4883 f800 | 0f84 76f1 | ffff 4c89 

  0x000001afa54a306c: ;   {runtime_call g1_post_barrier_slow}
  0x000001afa54a306c: 0424 e8ed | 0e2a 07e9 | 68f1 ffff 

  0x000001afa54a3078: ;   {runtime_call C1 Runtime throw_null_pointer_exception_blob}
  0x000001afa54a3078: e8e3 a829 

  0x000001afa54a307c: ; ImmutableOopMap {r8=Oop [168]=Oop }
                      ;*invokevirtual isLoggable {reexecute=0 rethrow=0 return_oop=0}
                      ; - java.awt.EventQueue::dispatchEventImpl@117 (line 736)
                      ;   {metadata({method} {0x000001af800da410} 'isLoggable' '(Lsun/util/logging/PlatformLogger$Level;)Z' in 'sun/util/logging/PlatformLogger')}
  0x000001afa54a307c: 0749 ba08 | a40d 80af | 0100 004c | 8954 2408 | 48c7 0424 | ffff ffff 

  0x000001afa54a3094: ;   {runtime_call C1 Runtime counter_overflow_blob}
  0x000001afa54a3094: e8c7 052a 

  0x000001afa54a3098: ; ImmutableOopMap {r8=Oop [168]=Oop }
                      ;*synchronization entry
                      ; - sun.util.logging.PlatformLogger::isLoggable@-1 (line 336)
                      ; - java.awt.EventQueue::dispatchEventImpl@117 (line 736)
  0x000001afa54a3098: 07e9 a4f1 

  0x000001afa54a309c: ;   {runtime_call C1 Runtime throw_null_pointer_exception_blob}
  0x000001afa54a309c: ffff e8bd 

  0x000001afa54a30a0: ; ImmutableOopMap {rdx=Oop [168]=Oop }
                      ;*invokeinterface isLoggable {reexecute=0 rethrow=0 return_oop=0}
                      ; - sun.util.logging.PlatformLogger::isLoggable@17 (line 340)
                      ; - java.awt.EventQueue::dispatchEventImpl@117 (line 736)
                      ;   {metadata({method} {0x000001af80185bd8} 'getEventLog' '()Lsun/util/logging/PlatformLogger;' in 'java/awt/EventQueue')}
  0x000001afa54a30a0: a829 0749 | bad0 5b18 | 80af 0100 | 004c 8954 | 2408 48c7 | 0424 ffff 

  0x000001afa54a30b8: ;   {runtime_call C1 Runtime counter_overflow_blob}
  0x000001afa54a30b8: ffff e8a1 

  0x000001afa54a30bc: ; ImmutableOopMap {[168]=Oop }
                      ;*synchronization entry
                      ; - java.awt.EventQueue::getEventLog@-1 (line 180)
                      ; - java.awt.EventQueue::dispatchEventImpl@123 (line 737)
  0x000001afa54a30bc: 052a 07e9 | b6f2 ffff | 8b72 7848 | c1e6 0348 | 83fe 000f | 8426 f3ff | ff48 8934 

  0x000001afa54a30d8: ;   {runtime_call g1_pre_barrier_slow}
  0x000001afa54a30d8: 24e8 820b | 2a07 e918 | f3ff ff48 | 83f8 000f | 8433 f3ff | ff48 8914 

  0x000001afa54a30f0: ;   {runtime_call g1_post_barrier_slow}
  0x000001afa54a30f0: 24e8 6a0e | 2a07 e925 

  0x000001afa54a30f8: ;   {metadata({method} {0x000001afbd47e890} 'valueOf' '(Ljava/lang/Object;)Ljava/lang/String;' in 'java/lang/String')}
  0x000001afa54a30f8: f3ff ff49 | ba88 e847 | bdaf 0100 | 004c 8954 | 2408 48c7 | 0424 ffff 

  0x000001afa54a3110: ;   {runtime_call C1 Runtime counter_overflow_blob}
  0x000001afa54a3110: ffff e849 

  0x000001afa54a3114: ; ImmutableOopMap {rsi=Oop r8=Oop [168]=Oop [184]=Oop }
                      ;*synchronization entry
                      ; - java.lang.String::valueOf@-1 (line 4543)
                      ; - java.awt.EventQueue::dispatchEventImpl@127 (line 737)
  0x000001afa54a3114: 052a 07e9 | 5ef3 ffff | 49b8 0000 | 0000 0000 | 0000 b800 

  0x000001afa54a3128: ;   {runtime_call C1 Runtime load_appendix_patching_blob}
  0x000001afa54a3128: 0f05 0ae8 

  0x000001afa54a312c: ; ImmutableOopMap {rdi=Oop [184]=Oop }
                      ;*invokedynamic {reexecute=1 rethrow=0 return_oop=0}
                      ; - (reexecute) java.awt.EventQueue::dispatchEventImpl@130 (line 737)
  0x000001afa54a312c: b0fd 2907 | e93b f4ff 

  0x000001afa54a3134: ;   {runtime_call C1 Runtime throw_null_pointer_exception_blob}
  0x000001afa54a3134: ffe8 26a8 

  0x000001afa54a3138: ; ImmutableOopMap {rax=Oop rsi=Oop [184]=Oop }
                      ;*invokevirtual fine {reexecute=0 rethrow=0 return_oop=0}
                      ; - java.awt.EventQueue::dispatchEventImpl@135 (line 737)
                      ;   {metadata({method} {0x000001af800db068} 'fine' '(Ljava/lang/String;)V' in 'sun/util/logging/PlatformLogger')}
  0x000001afa54a3138: 2907 49ba | 60b0 0d80 | af01 0000 | 4c89 5424 | 0848 c704 | 24ff ffff 

  0x000001afa54a3150: ;   {runtime_call C1 Runtime counter_overflow_blob}
  0x000001afa54a3150: ffe8 0a05 

  0x000001afa54a3154: ; ImmutableOopMap {rax=Oop rsi=Oop [184]=Oop }
                      ;*synchronization entry
                      ; - sun.util.logging.PlatformLogger::fine@-1 (line 449)
                      ; - java.awt.EventQueue::dispatchEventImpl@135 (line 737)
  0x000001afa54a3154: 2a07 e9af 

  0x000001afa54a3158: ;   {runtime_call C1 Runtime throw_null_pointer_exception_blob}
  0x000001afa54a3158: f4ff ffe8 

  0x000001afa54a315c: ; ImmutableOopMap {rax=Oop rdx=Oop }
                      ;*invokeinterface log {reexecute=0 rethrow=0 return_oop=0}
                      ; - sun.util.logging.PlatformLogger::fine@12 (line 449)
                      ; - java.awt.EventQueue::dispatchEventImpl@135 (line 737)
  0x000001afa54a315c: 00a8 2907 

  0x000001afa54a3160: ;   {internal_word}
  0x000001afa54a3160: 49ba e426 | 4aa5 af01 | 0000 4d89 | 9760 0400 

  0x000001afa54a3170: ;   {runtime_call SafepointBlob}
  0x000001afa54a3170: 00e9 6a2b 

  0x000001afa54a3174: ;   {runtime_call C1 Runtime throw_null_pointer_exception_blob}
  0x000001afa54a3174: 1e07 e8e5 

  0x000001afa54a3178: ; ImmutableOopMap {r8=Oop }
                      ;*invokevirtual stopDispatching {reexecute=0 rethrow=0 return_oop=0}
                      ; - java.awt.EventQueue::dispatchEventImpl@105 (line 733)
                      ;   {metadata({method} {0x000001af806a0530} 'stopDispatching' '()V' in 'java/awt/EventDispatchThread')}
  0x000001afa54a3178: a729 0749 | ba28 056a | 80af 0100 | 004c 8954 | 2408 48c7 | 0424 ffff 

  0x000001afa54a3190: ;   {runtime_call C1 Runtime counter_overflow_blob}
  0x000001afa54a3190: ffff e8c9 

  0x000001afa54a3194: ; ImmutableOopMap {r8=Oop }
                      ;*synchronization entry
                      ; - java.awt.EventDispatchThread::stopDispatching@-1 (line 85)
                      ; - java.awt.EventQueue::dispatchEventImpl@105 (line 733)
  0x000001afa54a3194: 042a 07e9 | abf5 ffff 

  0x000001afa54a319c: ;   {internal_word}
  0x000001afa54a319c: 49ba 6f27 | 4aa5 af01 | 0000 4d89 | 9760 0400 

  0x000001afa54a31ac: ;   {runtime_call SafepointBlob}
  0x000001afa54a31ac: 00e9 2e2b 

  0x000001afa54a31b0: ;   {metadata(nullptr)}
  0x000001afa54a31b0: 1e07 48bb | 0000 0000 | 0000 0000 | b800 0f05 

  0x000001afa54a31c0: ;   {runtime_call C1 Runtime load_klass_patching_blob}
  0x000001afa54a31c0: 0ae8 1af4 

  0x000001afa54a31c4: ; ImmutableOopMap {r9=Oop r8=Oop [168]=Oop }
                      ;*checkcast {reexecute=1 rethrow=0 return_oop=0}
                      ; - (reexecute) java.awt.EventQueue::dispatchEventImpl@77 (line 730)
  0x000001afa54a31c4: 2907 e95d | f6ff ff4c 

  0x000001afa54a31cc: ;   {runtime_call C1 Runtime throw_class_cast_exception_blob}
  0x000001afa54a31cc: 890c 24e8 

  0x000001afa54a31d0: ; ImmutableOopMap {r9=Oop r8=Oop [168]=Oop }
                      ;*checkcast {reexecute=0 rethrow=0 return_oop=0}
                      ; - java.awt.EventQueue::dispatchEventImpl@77 (line 730)
  0x000001afa54a31d0: 8cd7 2907 

  0x000001afa54a31d4: ;   {internal_word}
  0x000001afa54a31d4: 49ba ad28 | 4aa5 af01 | 0000 4d89 | 9760 0400 

  0x000001afa54a31e4: ;   {runtime_call SafepointBlob}
  0x000001afa54a31e4: 00e9 f62a | 1e07 4c89 

  0x000001afa54a31ec: ;   {runtime_call C1 Runtime throw_class_cast_exception_blob}
  0x000001afa54a31ec: 0c24 e86d 

  0x000001afa54a31f0: ; ImmutableOopMap {r8=Oop [168]=Oop }
                      ;*checkcast {reexecute=0 rethrow=0 return_oop=0}
                      ; - java.awt.EventQueue::dispatchEventImpl@59 (line 728)
                      ;   {runtime_call C1 Runtime throw_null_pointer_exception_blob}
  0x000001afa54a31f0: d729 07e8 

  0x000001afa54a31f4: ; ImmutableOopMap {r8=Oop rdx=Oop [168]=Oop }
                      ;*invokevirtual dispatchEvent {reexecute=0 rethrow=0 return_oop=0}
                      ; - java.awt.EventQueue::dispatchEventImpl@63 (line 728)
  0x000001afa54a31f4: 68a7 2907 

  0x000001afa54a31f8: ;   {internal_word}
  0x000001afa54a31f8: 49ba 4d2a | 4aa5 af01 | 0000 4d89 | 9760 0400 

  0x000001afa54a3208: ;   {runtime_call SafepointBlob}
  0x000001afa54a3208: 00e9 d22a | 1e07 4c89 

  0x000001afa54a3210: ;   {runtime_call C1 Runtime throw_class_cast_exception_blob}
  0x000001afa54a3210: 0424 e849 

  0x000001afa54a3214: ; ImmutableOopMap {}
                      ;*checkcast {reexecute=0 rethrow=0 return_oop=0}
                      ; - java.awt.EventQueue::dispatchEventImpl@18 (line 723)
                      ;   {runtime_call C1 Runtime throw_null_pointer_exception_blob}
  0x000001afa54a3214: d729 07e8 

  0x000001afa54a3218: ; ImmutableOopMap {rdx=Oop }
                      ;*invokeinterface dispatch {reexecute=0 rethrow=0 return_oop=0}
                      ; - java.awt.EventQueue::dispatchEventImpl@21 (line 723)
  0x000001afa54a3218: 44a7 2907 

  0x000001afa54a321c: ;   {internal_word}
  0x000001afa54a321c: 49ba 3c2c | 4aa5 af01 | 0000 4d89 | 9760 0400 

  0x000001afa54a322c: ;   {runtime_call SafepointBlob}
  0x000001afa54a322c: 00e9 ae2a 

  0x000001afa54a3230: ;   {metadata(nullptr)}
  0x000001afa54a3230: 1e07 48ba | 0000 0000 | 0000 0000 | b800 0f05 

  0x000001afa54a3240: ;   {runtime_call C1 Runtime load_klass_patching_blob}
  0x000001afa54a3240: 0ae8 9af3 

  0x000001afa54a3244: ; ImmutableOopMap {[168]=Oop }
                      ;*new {reexecute=1 rethrow=0 return_oop=0}
                      ; - (reexecute) java.lang.invoke.MethodHandles::lookup@8 (line 128)
                      ; - sun.awt.AWTAccessor::ensureClassInitialized@0 (line 1464)
                      ; - sun.awt.AWTAccessor::getInputEventAccessor@10 (line 963)
                      ; - java.awt.AWTEvent::dispatched@7 (line 571)
                      ; - java.awt.EventQueue::dispatchEventImpl@45 (line 726)
  0x000001afa54a3244: 2907 e9fd 

  0x000001afa54a3248: ;   {runtime_call C1 Runtime throw_null_pointer_exception_blob}
  0x000001afa54a3248: f9ff ffe8 

  0x000001afa54a324c: ; ImmutableOopMap {[168]=Oop }
                      ;*new {reexecute=0 rethrow=0 return_oop=0}
                      ; - java.lang.invoke.MethodHandles::lookup@8 (line 128)
                      ; - sun.awt.AWTAccessor::ensureClassInitialized@0 (line 1464)
                      ; - sun.awt.AWTAccessor::getInputEventAccessor@10 (line 963)
                      ; - java.awt.AWTEvent::dispatched@7 (line 571)
                      ; - java.awt.EventQueue::dispatchEventImpl@45 (line 726)
  0x000001afa54a324c: 10a7 2907 

  0x000001afa54a3250: ;   {runtime_call C1 Runtime fast_new_instance_init_check_blob}
  0x000001afa54a3250: 488b d2e8 

  0x000001afa54a3254: ; ImmutableOopMap {[168]=Oop }
                      ;*new {reexecute=0 rethrow=0 return_oop=0}
                      ; - java.lang.invoke.MethodHandles::lookup@8 (line 128)
                      ; - sun.awt.AWTAccessor::ensureClassInitialized@0 (line 1464)
                      ; - sun.awt.AWTAccessor::getInputEventAccessor@10 (line 963)
                      ; - java.awt.AWTEvent::dispatched@7 (line 571)
                      ; - java.awt.EventQueue::dispatchEventImpl@45 (line 726)
  0x000001afa54a3254: 88b6 2907 | e950 faff | ff4c 8904 

  0x000001afa54a3260: ;   {runtime_call C1 Runtime throw_class_cast_exception_blob}
  0x000001afa54a3260: 24e8 fad6 

  0x000001afa54a3264: ; ImmutableOopMap {rsi=Oop }
                      ;*checkcast {reexecute=0 rethrow=0 return_oop=0}
                      ; - java.awt.AWTEvent::dispatched@11 (line 571)
                      ; - java.awt.EventQueue::dispatchEventImpl@45 (line 726)
                      ;   {runtime_call C1 Runtime throw_incompatible_class_change_error_blob}
  0x000001afa54a3264: 2907 e8f5 

  0x000001afa54a3268: ; ImmutableOopMap {rsi=Oop rdi=Oop }
                      ;*invokeinterface setCanAccessSystemClipboard {reexecute=0 rethrow=0 return_oop=0}
                      ; - java.awt.AWTEvent::dispatched@15 (line 572)
                      ; - java.awt.EventQueue::dispatchEventImpl@45 (line 726)
                      ;   {runtime_call C1 Runtime throw_null_pointer_exception_blob}
  0x000001afa54a3268: d929 07e8 

  0x000001afa54a326c: ; ImmutableOopMap {rsi=Oop rdi=Oop }
                      ;*invokeinterface setCanAccessSystemClipboard {reexecute=0 rethrow=0 return_oop=0}
                      ; - java.awt.AWTEvent::dispatched@15 (line 572)
                      ; - java.awt.EventQueue::dispatchEventImpl@45 (line 726)
  0x000001afa54a326c: f0a6 2907 

  0x000001afa54a3270: ;   {metadata({method} {0x000001af8010efd8} 'setCanAccessSystemClipboard' '(Ljava/awt/event/InputEvent;Z)V' in 'java/awt/event/InputEvent$1')}
  0x000001afa54a3270: 49ba d0ef | 1080 af01 | 0000 4c89 | 5424 0848 | c704 24ff 

  0x000001afa54a3284: ;   {runtime_call C1 Runtime counter_overflow_blob}
  0x000001afa54a3284: ffff ffe8 

  0x000001afa54a3288: ; ImmutableOopMap {rdi=Oop }
                      ;*synchronization entry
                      ; - java.awt.event.InputEvent$1::setCanAccessSystemClipboard@-1 (line 338)
                      ; - java.awt.AWTEvent::dispatched@15 (line 572)
                      ; - java.awt.EventQueue::dispatchEventImpl@45 (line 726)
  0x000001afa54a3288: d403 2a07 | e9e8 fbff 

  0x000001afa54a3290: ;   {runtime_call C1 Runtime throw_null_pointer_exception_blob}
  0x000001afa54a3290: ffe8 caa6 

  0x000001afa54a3294: ; ImmutableOopMap {}
                      ;*putfield canAccessSystemClipboard {reexecute=1 rethrow=0 return_oop=0}
                      ; - (reexecute) java.awt.event.InputEvent$1::setCanAccessSystemClipboard@2 (line 338)
                      ; - java.awt.AWTEvent::dispatched@15 (line 572)
                      ; - java.awt.EventQueue::dispatchEventImpl@45 (line 726)
                      ;   {internal_word}
  0x000001afa54a3294: 2907 49ba | 952e 4aa5 | af01 0000 | 4d89 9760 

  0x000001afa54a32a4: ;   {runtime_call SafepointBlob}
  0x000001afa54a32a4: 0400 00e9 | 342a 1e07 | 498b 8708 | 0500 0049 | c787 0805 | 0000 0000 | 0000 49c7 | 8710 0500 
  0x000001afa54a32c4: 0000 0000 | 0048 81c4 | d000 0000 

  0x000001afa54a32d0: ;   {runtime_call C1 Runtime unwind_exception_blob}
  0x000001afa54a32d0: 5de9 8a97 | 2907 f4f4 
[Stub Code]
  0x000001afa54a32d8: ;   {no_reloc}
  0x000001afa54a32d8: 0f1f 4400 

  0x000001afa54a32dc: ;   {static_stub}
  0x000001afa54a32dc: 0048 bb00 | 0000 0000 

  0x000001afa54a32e4: ;   {runtime_call nmethod}
  0x000001afa54a32e4: 0000 00e9 | fbff ffff 

  0x000001afa54a32ec: ;   {static_stub}
  0x000001afa54a32ec: 9048 bb00 | 0000 0000 

  0x000001afa54a32f4: ;   {runtime_call nmethod}
  0x000001afa54a32f4: 0000 00e9 | fbff ffff 

  0x000001afa54a32fc: ;   {static_stub}
  0x000001afa54a32fc: 9048 bb00 | 0000 0000 

  0x000001afa54a3304: ;   {runtime_call nmethod}
  0x000001afa54a3304: 0000 00e9 | fbff ffff 

  0x000001afa54a330c: ;   {static_stub}
  0x000001afa54a330c: 9048 bb00 | 0000 0000 

  0x000001afa54a3314: ;   {runtime_call nmethod}
  0x000001afa54a3314: 0000 00e9 | fbff ffff 

  0x000001afa54a331c: ;   {static_stub}
  0x000001afa54a331c: 9048 bb00 | 0000 0000 

  0x000001afa54a3324: ;   {runtime_call nmethod}
  0x000001afa54a3324: 0000 00e9 | fbff ffff 

  0x000001afa54a332c: ;   {static_stub}
  0x000001afa54a332c: 9048 bb00 | 0000 0000 

  0x000001afa54a3334: ;   {runtime_call nmethod}
  0x000001afa54a3334: 0000 00e9 | fbff ffff 

  0x000001afa54a333c: ;   {static_stub}
  0x000001afa54a333c: 9048 bb00 | 0000 0000 

  0x000001afa54a3344: ;   {runtime_call nmethod}
  0x000001afa54a3344: 0000 00e9 | fbff ffff 

  0x000001afa54a334c: ;   {static_stub}
  0x000001afa54a334c: 9048 bb00 | 0000 0000 

  0x000001afa54a3354: ;   {runtime_call nmethod}
  0x000001afa54a3354: 0000 00e9 | fbff ffff 

  0x000001afa54a335c: ;   {static_stub}
  0x000001afa54a335c: 9048 bb00 | 0000 0000 

  0x000001afa54a3364: ;   {runtime_call nmethod}
  0x000001afa54a3364: 0000 00e9 | fbff ffff 

  0x000001afa54a336c: ;   {static_stub}
  0x000001afa54a336c: 48bb 0000 | 0000 0000 

  0x000001afa54a3374: ;   {runtime_call nmethod}
  0x000001afa54a3374: 0000 e9fb 

  0x000001afa54a3378: ;   {static_stub}
  0x000001afa54a3378: ffff ff48 | bb00 0000 | 0000 0000 

  0x000001afa54a3384: ;   {runtime_call nmethod}
  0x000001afa54a3384: 00e9 fbff 

  0x000001afa54a3388: ;   {static_stub}
  0x000001afa54a3388: ffff 48bb | 0000 0000 | 0000 0000 

  0x000001afa54a3394: ;   {runtime_call nmethod}
  0x000001afa54a3394: e9fb ffff 

  0x000001afa54a3398: ;   {static_stub}
  0x000001afa54a3398: ff48 bb00 | 0000 0000 

  0x000001afa54a33a0: ;   {runtime_call nmethod}
  0x000001afa54a33a0: 0000 00e9 | fbff ffff 

  0x000001afa54a33a8: ;   {static_stub}
  0x000001afa54a33a8: 48bb 0000 | 0000 0000 

  0x000001afa54a33b0: ;   {runtime_call nmethod}
  0x000001afa54a33b0: 0000 e9fb 

  0x000001afa54a33b4: ;   {runtime_call C1 Runtime handle_exception_from_callee_blob}
  0x000001afa54a33b4: ffff ffe8 | a4cf 2907 

  0x000001afa54a33bc: ;   {external_word}
  0x000001afa54a33bc: 48b9 e034 | 8ede f87f | 0000 4883 

  0x000001afa54a33c8: ;   {runtime_call}
  0x000001afa54a33c8: e4f0 48b8 | 1090 4bde | f87f 0000 

  0x000001afa54a33d4: ;   {section_word}
  0x000001afa54a33d4: ffd0 f449 | bad7 334a | a5af 0100 

  0x000001afa54a33e0: ;   {runtime_call DeoptimizationBlob}
  0x000001afa54a33e0: 0041 52e9 | 981e 1e07 
[/MachCode]


---------------  P R O C E S S  ---------------

Threads class SMR info:
_java_thread_list=0x000001affe78e5b0, length=16, elements={
0x000001afbc937830, 0x000001afbc938170, 0x000001afbc93e8e0, 0x000001afbc93f9c0,
0x000001afbc9427a0, 0x000001afbc941a20, 0x000001afbc94d9b0, 0x000001afbc9519f0,
0x000001afbca66b90, 0x000001afbcb04560, 0x000001affe0edfc0, 0x000001affe0ee700,
0x000001affe0eee40, 0x000001affe53bbb0, 0x000001af9a30f490, 0x000001affe68b6e0
}

Java Threads: ( => current thread )
  0x000001afbc937830 JavaThread "Reference Handler"          daemon [_thread_blocked, id=6340, stack(0x000000232a400000,0x000000232a500000) (1024K)]
  0x000001afbc938170 JavaThread "Finalizer"                  daemon [_thread_blocked, id=29752, stack(0x000000232a500000,0x000000232a600000) (1024K)]
  0x000001afbc93e8e0 JavaThread "Signal Dispatcher"          daemon [_thread_blocked, id=38548, stack(0x000000232a600000,0x000000232a700000) (1024K)]
  0x000001afbc93f9c0 JavaThread "Attach Listener"            daemon [_thread_blocked, id=35268, stack(0x000000232a700000,0x000000232a800000) (1024K)]
  0x000001afbc9427a0 JavaThread "Service Thread"             daemon [_thread_blocked, id=17548, stack(0x000000232a800000,0x000000232a900000) (1024K)]
  0x000001afbc941a20 JavaThread "Monitor Deflation Thread"   daemon [_thread_blocked, id=38736, stack(0x000000232a900000,0x000000232aa00000) (1024K)]
  0x000001afbc94d9b0 JavaThread "C2 CompilerThread0"         daemon [_thread_blocked, id=38020, stack(0x000000232aa00000,0x000000232ab00000) (1024K)]
  0x000001afbc9519f0 JavaThread "C1 CompilerThread0"         daemon [_thread_blocked, id=31560, stack(0x000000232ab00000,0x000000232ac00000) (1024K)]
  0x000001afbca66b90 JavaThread "Common-Cleaner"             daemon [_thread_blocked, id=31496, stack(0x000000232ad00000,0x000000232ae00000) (1024K)]
  0x000001afbcb04560 JavaThread "Notification Thread"        daemon [_thread_blocked, id=36132, stack(0x000000232b000000,0x000000232b100000) (1024K)]
  0x000001affe0edfc0 JavaThread "Java2D Disposer"            daemon [_thread_blocked, id=38460, stack(0x000000232b100000,0x000000232b200000) (1024K)]
  0x000001affe0ee700 JavaThread "AWT-Shutdown"                      [_thread_blocked, id=6068, stack(0x000000232b200000,0x000000232b300000) (1024K)]
  0x000001affe0eee40 JavaThread "AWT-Windows"                daemon [_thread_in_native, id=29256, stack(0x000000232b300000,0x000000232b400000) (1024K)]
=>0x000001affe53bbb0 JavaThread "AWT-EventQueue-0"                  [_thread_in_native, id=25464, stack(0x000000232b500000,0x000000232b600000) (1024K)]
  0x000001af9a30f490 JavaThread "DestroyJavaVM"                     [_thread_blocked, id=38552, stack(0x0000002329c00000,0x0000002329d00000) (1024K)]
  0x000001affe68b6e0 JavaThread "TimerQueue"                 daemon [_thread_blocked, id=12552, stack(0x000000232ba00000,0x000000232bb00000) (1024K)]
Total: 16

Other Threads:
  0x000001afbc926f30 VMThread "VM Thread"                           [id=36032, stack(0x000000232a300000,0x000000232a400000) (1024K)]
  0x000001afbc91a4c0 WatcherThread "VM Periodic Task Thread"        [id=30772, stack(0x000000232a200000,0x000000232a300000) (1024K)]
  0x000001af9c7410b0 WorkerThread "GC Thread#0"                     [id=38700, stack(0x0000002329d00000,0x0000002329e00000) (1024K)]
  0x000001af9c755990 ConcurrentGCThread "G1 Main Marker"            [id=34716, stack(0x0000002329e00000,0x0000002329f00000) (1024K)]
  0x000001af9c757390 WorkerThread "G1 Conc#0"                       [id=7872, stack(0x0000002329f00000,0x000000232a000000) (1024K)]
  0x000001afbc7ce2b0 ConcurrentGCThread "G1 Refine#0"               [id=19168, stack(0x000000232a000000,0x000000232a100000) (1024K)]
  0x000001afbc7ced40 ConcurrentGCThread "G1 Service"                [id=23636, stack(0x000000232a100000,0x000000232a200000) (1024K)]
Total: 7

Threads with active compile tasks:
Total: 0

VM state: not at safepoint (normal execution)

VM Mutex/Monitor currently owned by a thread: None

Heap address: 0x0000000705e00000, size: 4002 MB, Compressed Oops mode: Zero based, Oop shift amount: 3

CDS archive(s) mapped at: [0x000001afbd000000-0x000001afbdd40000-0x000001afbdd40000), size 13893632, SharedBaseAddress: 0x000001afbd000000, ArchiveRelocationMode: 1.
Compressed class space mapped at: 0x000001afbe000000-0x000001affe000000, reserved size: 1073741824
UseCompressedClassPointers 1, UseCompactObjectHeaders 0
Narrow klass pointer bits 32, Max shift 3
Narrow klass base: 0x000001afbd000000, Narrow klass shift: 0
Encoding Range: [0x000001afbd000000 - 0x000001b0bd000000), (4294967296 bytes)
Klass Range:    [0x000001afbd000000 - 0x000001affe000000), (1090519040 bytes)
Klass ID Range:  [8 - 1090519033) (1090519025)

GC Precious Log:
 CardTable entry size: 512
 Card Set container configuration: InlinePtr #cards 4 size 8 Array Of Cards #cards 16 size 48 Howl #buckets 8 coarsen threshold 3686 Howl Bitmap #cards 512 size 80 coarsen threshold 460 Card regions per heap region 1 cards per card region 4096
 CPUs: 16 total, 16 available
 Memory: 16004M
 Large Page Support: Disabled
 NUMA Support: Disabled
 Compressed Oops: Enabled (Zero based)
 Heap Region Size: 2M
 Heap Min Capacity: 8M
 Heap Initial Capacity: 252M
 Heap Max Capacity: 4002M
 Pre-touch: Disabled
 Parallel Workers: 13
 Concurrent Workers: 3
 Concurrent Refinement Workers: 13
 Periodic GC: Disabled

Heap:
 garbage-first heap   total reserved 4098048K, committed 260096K, used 31856K [0x0000000705e00000, 0x0000000800000000)
  region size 2048K, 14 young (28672K), 0 survivors (0K)
 Metaspace       used 11217K, committed 11392K, reserved 1114112K
  class space    used 1083K, committed 1152K, reserved 1048576K

Heap Regions: E=young(eden), S=young(survivor), O=old, HS=humongous(starts), HC=humongous(continues), CS=collection set, F=free, TAMS=top-at-mark-start, PB=parsable bottom
|   0|0x0000000705e00000, 0x0000000706000000, 0x0000000706000000|100%|HS|  |TAMS 0x0000000705e00000| PB 0x0000000705e00000| Complete |  0
|   1|0x0000000706000000, 0x0000000706200000, 0x0000000706200000|100%|HC|  |TAMS 0x0000000706000000| PB 0x0000000706000000| Complete |  0
|   2|0x0000000706200000, 0x0000000706200000, 0x0000000706400000|  0%| F|  |TAMS 0x0000000706200000| PB 0x0000000706200000| Untracked |  0
|   3|0x0000000706400000, 0x0000000706400000, 0x0000000706600000|  0%| F|  |TAMS 0x0000000706400000| PB 0x0000000706400000| Untracked |  0
|   4|0x0000000706600000, 0x0000000706600000, 0x0000000706800000|  0%| F|  |TAMS 0x0000000706600000| PB 0x0000000706600000| Untracked |  0
|   5|0x0000000706800000, 0x0000000706800000, 0x0000000706a00000|  0%| F|  |TAMS 0x0000000706800000| PB 0x0000000706800000| Untracked |  0
|   6|0x0000000706a00000, 0x0000000706a00000, 0x0000000706c00000|  0%| F|  |TAMS 0x0000000706a00000| PB 0x0000000706a00000| Untracked |  0
|   7|0x0000000706c00000, 0x0000000706c00000, 0x0000000706e00000|  0%| F|  |TAMS 0x0000000706c00000| PB 0x0000000706c00000| Untracked |  0
|   8|0x0000000706e00000, 0x0000000706e00000, 0x0000000707000000|  0%| F|  |TAMS 0x0000000706e00000| PB 0x0000000706e00000| Untracked |  0
|   9|0x0000000707000000, 0x0000000707000000, 0x0000000707200000|  0%| F|  |TAMS 0x0000000707000000| PB 0x0000000707000000| Untracked |  0
|  10|0x0000000707200000, 0x0000000707200000, 0x0000000707400000|  0%| F|  |TAMS 0x0000000707200000| PB 0x0000000707200000| Untracked |  0
|  11|0x0000000707400000, 0x0000000707400000, 0x0000000707600000|  0%| F|  |TAMS 0x0000000707400000| PB 0x0000000707400000| Untracked |  0
|  12|0x0000000707600000, 0x0000000707600000, 0x0000000707800000|  0%| F|  |TAMS 0x0000000707600000| PB 0x0000000707600000| Untracked |  0
|  13|0x0000000707800000, 0x0000000707800000, 0x0000000707a00000|  0%| F|  |TAMS 0x0000000707800000| PB 0x0000000707800000| Untracked |  0
|  14|0x0000000707a00000, 0x0000000707a00000, 0x0000000707c00000|  0%| F|  |TAMS 0x0000000707a00000| PB 0x0000000707a00000| Untracked |  0
|  15|0x0000000707c00000, 0x0000000707c00000, 0x0000000707e00000|  0%| F|  |TAMS 0x0000000707c00000| PB 0x0000000707c00000| Untracked |  0
|  16|0x0000000707e00000, 0x0000000707e00000, 0x0000000708000000|  0%| F|  |TAMS 0x0000000707e00000| PB 0x0000000707e00000| Untracked |  0
|  17|0x0000000708000000, 0x0000000708000000, 0x0000000708200000|  0%| F|  |TAMS 0x0000000708000000| PB 0x0000000708000000| Untracked |  0
|  18|0x0000000708200000, 0x0000000708200000, 0x0000000708400000|  0%| F|  |TAMS 0x0000000708200000| PB 0x0000000708200000| Untracked |  0
|  19|0x0000000708400000, 0x0000000708400000, 0x0000000708600000|  0%| F|  |TAMS 0x0000000708400000| PB 0x0000000708400000| Untracked |  0
|  20|0x0000000708600000, 0x0000000708600000, 0x0000000708800000|  0%| F|  |TAMS 0x0000000708600000| PB 0x0000000708600000| Untracked |  0
|  21|0x0000000708800000, 0x0000000708800000, 0x0000000708a00000|  0%| F|  |TAMS 0x0000000708800000| PB 0x0000000708800000| Untracked |  0
|  22|0x0000000708a00000, 0x0000000708a00000, 0x0000000708c00000|  0%| F|  |TAMS 0x0000000708a00000| PB 0x0000000708a00000| Untracked |  0
|  23|0x0000000708c00000, 0x0000000708c00000, 0x0000000708e00000|  0%| F|  |TAMS 0x0000000708c00000| PB 0x0000000708c00000| Untracked |  0
|  24|0x0000000708e00000, 0x0000000708e00000, 0x0000000709000000|  0%| F|  |TAMS 0x0000000708e00000| PB 0x0000000708e00000| Untracked |  0
|  25|0x0000000709000000, 0x0000000709000000, 0x0000000709200000|  0%| F|  |TAMS 0x0000000709000000| PB 0x0000000709000000| Untracked |  0
|  26|0x0000000709200000, 0x0000000709200000, 0x0000000709400000|  0%| F|  |TAMS 0x0000000709200000| PB 0x0000000709200000| Untracked |  0
|  27|0x0000000709400000, 0x0000000709400000, 0x0000000709600000|  0%| F|  |TAMS 0x0000000709400000| PB 0x0000000709400000| Untracked |  0
|  28|0x0000000709600000, 0x0000000709600000, 0x0000000709800000|  0%| F|  |TAMS 0x0000000709600000| PB 0x0000000709600000| Untracked |  0
|  29|0x0000000709800000, 0x0000000709800000, 0x0000000709a00000|  0%| F|  |TAMS 0x0000000709800000| PB 0x0000000709800000| Untracked |  0
|  30|0x0000000709a00000, 0x0000000709a00000, 0x0000000709c00000|  0%| F|  |TAMS 0x0000000709a00000| PB 0x0000000709a00000| Untracked |  0
|  31|0x0000000709c00000, 0x0000000709c00000, 0x0000000709e00000|  0%| F|  |TAMS 0x0000000709c00000| PB 0x0000000709c00000| Untracked |  0
|  32|0x0000000709e00000, 0x0000000709e00000, 0x000000070a000000|  0%| F|  |TAMS 0x0000000709e00000| PB 0x0000000709e00000| Untracked |  0
|  33|0x000000070a000000, 0x000000070a000000, 0x000000070a200000|  0%| F|  |TAMS 0x000000070a000000| PB 0x000000070a000000| Untracked |  0
|  34|0x000000070a200000, 0x000000070a200000, 0x000000070a400000|  0%| F|  |TAMS 0x000000070a200000| PB 0x000000070a200000| Untracked |  0
|  35|0x000000070a400000, 0x000000070a400000, 0x000000070a600000|  0%| F|  |TAMS 0x000000070a400000| PB 0x000000070a400000| Untracked |  0
|  36|0x000000070a600000, 0x000000070a600000, 0x000000070a800000|  0%| F|  |TAMS 0x000000070a600000| PB 0x000000070a600000| Untracked |  0
|  37|0x000000070a800000, 0x000000070a800000, 0x000000070aa00000|  0%| F|  |TAMS 0x000000070a800000| PB 0x000000070a800000| Untracked |  0
|  38|0x000000070aa00000, 0x000000070aa00000, 0x000000070ac00000|  0%| F|  |TAMS 0x000000070aa00000| PB 0x000000070aa00000| Untracked |  0
|  39|0x000000070ac00000, 0x000000070ac00000, 0x000000070ae00000|  0%| F|  |TAMS 0x000000070ac00000| PB 0x000000070ac00000| Untracked |  0
|  40|0x000000070ae00000, 0x000000070ae00000, 0x000000070b000000|  0%| F|  |TAMS 0x000000070ae00000| PB 0x000000070ae00000| Untracked |  0
|  41|0x000000070b000000, 0x000000070b000000, 0x000000070b200000|  0%| F|  |TAMS 0x000000070b000000| PB 0x000000070b000000| Untracked |  0
|  42|0x000000070b200000, 0x000000070b200000, 0x000000070b400000|  0%| F|  |TAMS 0x000000070b200000| PB 0x000000070b200000| Untracked |  0
|  43|0x000000070b400000, 0x000000070b400000, 0x000000070b600000|  0%| F|  |TAMS 0x000000070b400000| PB 0x000000070b400000| Untracked |  0
|  44|0x000000070b600000, 0x000000070b600000, 0x000000070b800000|  0%| F|  |TAMS 0x000000070b600000| PB 0x000000070b600000| Untracked |  0
|  45|0x000000070b800000, 0x000000070b800000, 0x000000070ba00000|  0%| F|  |TAMS 0x000000070b800000| PB 0x000000070b800000| Untracked |  0
|  46|0x000000070ba00000, 0x000000070ba00000, 0x000000070bc00000|  0%| F|  |TAMS 0x000000070ba00000| PB 0x000000070ba00000| Untracked |  0
|  47|0x000000070bc00000, 0x000000070bc00000, 0x000000070be00000|  0%| F|  |TAMS 0x000000070bc00000| PB 0x000000070bc00000| Untracked |  0
|  48|0x000000070be00000, 0x000000070be00000, 0x000000070c000000|  0%| F|  |TAMS 0x000000070be00000| PB 0x000000070be00000| Untracked |  0
|  49|0x000000070c000000, 0x000000070c000000, 0x000000070c200000|  0%| F|  |TAMS 0x000000070c000000| PB 0x000000070c000000| Untracked |  0
|  50|0x000000070c200000, 0x000000070c200000, 0x000000070c400000|  0%| F|  |TAMS 0x000000070c200000| PB 0x000000070c200000| Untracked |  0
|  51|0x000000070c400000, 0x000000070c400000, 0x000000070c600000|  0%| F|  |TAMS 0x000000070c400000| PB 0x000000070c400000| Untracked |  0
|  52|0x000000070c600000, 0x000000070c600000, 0x000000070c800000|  0%| F|  |TAMS 0x000000070c600000| PB 0x000000070c600000| Untracked |  0
|  53|0x000000070c800000, 0x000000070c800000, 0x000000070ca00000|  0%| F|  |TAMS 0x000000070c800000| PB 0x000000070c800000| Untracked |  0
|  54|0x000000070ca00000, 0x000000070ca00000, 0x000000070cc00000|  0%| F|  |TAMS 0x000000070ca00000| PB 0x000000070ca00000| Untracked |  0
|  55|0x000000070cc00000, 0x000000070cc00000, 0x000000070ce00000|  0%| F|  |TAMS 0x000000070cc00000| PB 0x000000070cc00000| Untracked |  0
|  56|0x000000070ce00000, 0x000000070ce00000, 0x000000070d000000|  0%| F|  |TAMS 0x000000070ce00000| PB 0x000000070ce00000| Untracked |  0
|  57|0x000000070d000000, 0x000000070d000000, 0x000000070d200000|  0%| F|  |TAMS 0x000000070d000000| PB 0x000000070d000000| Untracked |  0
|  58|0x000000070d200000, 0x000000070d200000, 0x000000070d400000|  0%| F|  |TAMS 0x000000070d200000| PB 0x000000070d200000| Untracked |  0
|  59|0x000000070d400000, 0x000000070d400000, 0x000000070d600000|  0%| F|  |TAMS 0x000000070d400000| PB 0x000000070d400000| Untracked |  0
|  60|0x000000070d600000, 0x000000070d600000, 0x000000070d800000|  0%| F|  |TAMS 0x000000070d600000| PB 0x000000070d600000| Untracked |  0
|  61|0x000000070d800000, 0x000000070d800000, 0x000000070da00000|  0%| F|  |TAMS 0x000000070d800000| PB 0x000000070d800000| Untracked |  0
|  62|0x000000070da00000, 0x000000070da00000, 0x000000070dc00000|  0%| F|  |TAMS 0x000000070da00000| PB 0x000000070da00000| Untracked |  0
|  63|0x000000070dc00000, 0x000000070dc00000, 0x000000070de00000|  0%| F|  |TAMS 0x000000070dc00000| PB 0x000000070dc00000| Untracked |  0
|  64|0x000000070de00000, 0x000000070de00000, 0x000000070e000000|  0%| F|  |TAMS 0x000000070de00000| PB 0x000000070de00000| Untracked |  0
|  65|0x000000070e000000, 0x000000070e000000, 0x000000070e200000|  0%| F|  |TAMS 0x000000070e000000| PB 0x000000070e000000| Untracked |  0
|  66|0x000000070e200000, 0x000000070e200000, 0x000000070e400000|  0%| F|  |TAMS 0x000000070e200000| PB 0x000000070e200000| Untracked |  0
|  67|0x000000070e400000, 0x000000070e400000, 0x000000070e600000|  0%| F|  |TAMS 0x000000070e400000| PB 0x000000070e400000| Untracked |  0
|  68|0x000000070e600000, 0x000000070e600000, 0x000000070e800000|  0%| F|  |TAMS 0x000000070e600000| PB 0x000000070e600000| Untracked |  0
|  69|0x000000070e800000, 0x000000070e800000, 0x000000070ea00000|  0%| F|  |TAMS 0x000000070e800000| PB 0x000000070e800000| Untracked |  0
|  70|0x000000070ea00000, 0x000000070ea00000, 0x000000070ec00000|  0%| F|  |TAMS 0x000000070ea00000| PB 0x000000070ea00000| Untracked |  0
|  71|0x000000070ec00000, 0x000000070ec00000, 0x000000070ee00000|  0%| F|  |TAMS 0x000000070ec00000| PB 0x000000070ec00000| Untracked |  0
|  72|0x000000070ee00000, 0x000000070ee00000, 0x000000070f000000|  0%| F|  |TAMS 0x000000070ee00000| PB 0x000000070ee00000| Untracked |  0
|  73|0x000000070f000000, 0x000000070f000000, 0x000000070f200000|  0%| F|  |TAMS 0x000000070f000000| PB 0x000000070f000000| Untracked |  0
|  74|0x000000070f200000, 0x000000070f200000, 0x000000070f400000|  0%| F|  |TAMS 0x000000070f200000| PB 0x000000070f200000| Untracked |  0
|  75|0x000000070f400000, 0x000000070f400000, 0x000000070f600000|  0%| F|  |TAMS 0x000000070f400000| PB 0x000000070f400000| Untracked |  0
|  76|0x000000070f600000, 0x000000070f600000, 0x000000070f800000|  0%| F|  |TAMS 0x000000070f600000| PB 0x000000070f600000| Untracked |  0
|  77|0x000000070f800000, 0x000000070f800000, 0x000000070fa00000|  0%| F|  |TAMS 0x000000070f800000| PB 0x000000070f800000| Untracked |  0
|  78|0x000000070fa00000, 0x000000070fa00000, 0x000000070fc00000|  0%| F|  |TAMS 0x000000070fa00000| PB 0x000000070fa00000| Untracked |  0
|  79|0x000000070fc00000, 0x000000070fc00000, 0x000000070fe00000|  0%| F|  |TAMS 0x000000070fc00000| PB 0x000000070fc00000| Untracked |  0
|  80|0x000000070fe00000, 0x000000070fe00000, 0x0000000710000000|  0%| F|  |TAMS 0x000000070fe00000| PB 0x000000070fe00000| Untracked |  0
|  81|0x0000000710000000, 0x0000000710000000, 0x0000000710200000|  0%| F|  |TAMS 0x0000000710000000| PB 0x0000000710000000| Untracked |  0
|  82|0x0000000710200000, 0x0000000710200000, 0x0000000710400000|  0%| F|  |TAMS 0x0000000710200000| PB 0x0000000710200000| Untracked |  0
|  83|0x0000000710400000, 0x0000000710400000, 0x0000000710600000|  0%| F|  |TAMS 0x0000000710400000| PB 0x0000000710400000| Untracked |  0
|  84|0x0000000710600000, 0x0000000710600000, 0x0000000710800000|  0%| F|  |TAMS 0x0000000710600000| PB 0x0000000710600000| Untracked |  0
|  85|0x0000000710800000, 0x0000000710800000, 0x0000000710a00000|  0%| F|  |TAMS 0x0000000710800000| PB 0x0000000710800000| Untracked |  0
|  86|0x0000000710a00000, 0x0000000710a00000, 0x0000000710c00000|  0%| F|  |TAMS 0x0000000710a00000| PB 0x0000000710a00000| Untracked |  0
|  87|0x0000000710c00000, 0x0000000710c00000, 0x0000000710e00000|  0%| F|  |TAMS 0x0000000710c00000| PB 0x0000000710c00000| Untracked |  0
|  88|0x0000000710e00000, 0x0000000710e00000, 0x0000000711000000|  0%| F|  |TAMS 0x0000000710e00000| PB 0x0000000710e00000| Untracked |  0
|  89|0x0000000711000000, 0x0000000711000000, 0x0000000711200000|  0%| F|  |TAMS 0x0000000711000000| PB 0x0000000711000000| Untracked |  0
|  90|0x0000000711200000, 0x0000000711200000, 0x0000000711400000|  0%| F|  |TAMS 0x0000000711200000| PB 0x0000000711200000| Untracked |  0
|  91|0x0000000711400000, 0x0000000711400000, 0x0000000711600000|  0%| F|  |TAMS 0x0000000711400000| PB 0x0000000711400000| Untracked |  0
|  92|0x0000000711600000, 0x0000000711600000, 0x0000000711800000|  0%| F|  |TAMS 0x0000000711600000| PB 0x0000000711600000| Untracked |  0
|  93|0x0000000711800000, 0x0000000711800000, 0x0000000711a00000|  0%| F|  |TAMS 0x0000000711800000| PB 0x0000000711800000| Untracked |  0
|  94|0x0000000711a00000, 0x0000000711a00000, 0x0000000711c00000|  0%| F|  |TAMS 0x0000000711a00000| PB 0x0000000711a00000| Untracked |  0
|  95|0x0000000711c00000, 0x0000000711c00000, 0x0000000711e00000|  0%| F|  |TAMS 0x0000000711c00000| PB 0x0000000711c00000| Untracked |  0
|  96|0x0000000711e00000, 0x0000000711e00000, 0x0000000712000000|  0%| F|  |TAMS 0x0000000711e00000| PB 0x0000000711e00000| Untracked |  0
|  97|0x0000000712000000, 0x0000000712000000, 0x0000000712200000|  0%| F|  |TAMS 0x0000000712000000| PB 0x0000000712000000| Untracked |  0
|  98|0x0000000712200000, 0x0000000712200000, 0x0000000712400000|  0%| F|  |TAMS 0x0000000712200000| PB 0x0000000712200000| Untracked |  0
|  99|0x0000000712400000, 0x0000000712400000, 0x0000000712600000|  0%| F|  |TAMS 0x0000000712400000| PB 0x0000000712400000| Untracked |  0
| 100|0x0000000712600000, 0x0000000712600000, 0x0000000712800000|  0%| F|  |TAMS 0x0000000712600000| PB 0x0000000712600000| Untracked |  0
| 101|0x0000000712800000, 0x0000000712800000, 0x0000000712a00000|  0%| F|  |TAMS 0x0000000712800000| PB 0x0000000712800000| Untracked |  0
| 102|0x0000000712a00000, 0x0000000712a00000, 0x0000000712c00000|  0%| F|  |TAMS 0x0000000712a00000| PB 0x0000000712a00000| Untracked |  0
| 103|0x0000000712c00000, 0x0000000712c00000, 0x0000000712e00000|  0%| F|  |TAMS 0x0000000712c00000| PB 0x0000000712c00000| Untracked |  0
| 104|0x0000000712e00000, 0x0000000712e00000, 0x0000000713000000|  0%| F|  |TAMS 0x0000000712e00000| PB 0x0000000712e00000| Untracked |  0
| 105|0x0000000713000000, 0x0000000713000000, 0x0000000713200000|  0%| F|  |TAMS 0x0000000713000000| PB 0x0000000713000000| Untracked |  0
| 106|0x0000000713200000, 0x0000000713200000, 0x0000000713400000|  0%| F|  |TAMS 0x0000000713200000| PB 0x0000000713200000| Untracked |  0
| 107|0x0000000713400000, 0x0000000713400000, 0x0000000713600000|  0%| F|  |TAMS 0x0000000713400000| PB 0x0000000713400000| Untracked |  0
| 108|0x0000000713600000, 0x0000000713600000, 0x0000000713800000|  0%| F|  |TAMS 0x0000000713600000| PB 0x0000000713600000| Untracked |  0
| 109|0x0000000713800000, 0x0000000713800000, 0x0000000713a00000|  0%| F|  |TAMS 0x0000000713800000| PB 0x0000000713800000| Untracked |  0
| 110|0x0000000713a00000, 0x0000000713a00000, 0x0000000713c00000|  0%| F|  |TAMS 0x0000000713a00000| PB 0x0000000713a00000| Untracked |  0
| 111|0x0000000713c00000, 0x0000000713c00000, 0x0000000713e00000|  0%| F|  |TAMS 0x0000000713c00000| PB 0x0000000713c00000| Untracked |  0
| 112|0x0000000713e00000, 0x0000000714000000, 0x0000000714000000|100%| E|  |TAMS 0x0000000713e00000| PB 0x0000000713e00000| Complete |  0
| 113|0x0000000714000000, 0x0000000714200000, 0x0000000714200000|100%| E|CS|TAMS 0x0000000714000000| PB 0x0000000714000000| Complete |  0
| 114|0x0000000714200000, 0x0000000714400000, 0x0000000714400000|100%| E|CS|TAMS 0x0000000714200000| PB 0x0000000714200000| Complete |  0
| 115|0x0000000714400000, 0x0000000714600000, 0x0000000714600000|100%| E|CS|TAMS 0x0000000714400000| PB 0x0000000714400000| Complete |  0
| 116|0x0000000714600000, 0x0000000714800000, 0x0000000714800000|100%| E|CS|TAMS 0x0000000714600000| PB 0x0000000714600000| Complete |  0
| 117|0x0000000714800000, 0x0000000714a00000, 0x0000000714a00000|100%| E|CS|TAMS 0x0000000714800000| PB 0x0000000714800000| Complete |  0
| 118|0x0000000714a00000, 0x0000000714c00000, 0x0000000714c00000|100%| E|CS|TAMS 0x0000000714a00000| PB 0x0000000714a00000| Complete |  0
| 119|0x0000000714c00000, 0x0000000714e00000, 0x0000000714e00000|100%| E|CS|TAMS 0x0000000714c00000| PB 0x0000000714c00000| Complete |  0
| 120|0x0000000714e00000, 0x0000000715000000, 0x0000000715000000|100%| E|CS|TAMS 0x0000000714e00000| PB 0x0000000714e00000| Complete |  0
| 121|0x0000000715000000, 0x0000000715200000, 0x0000000715200000|100%| E|CS|TAMS 0x0000000715000000| PB 0x0000000715000000| Complete |  0
| 122|0x0000000715200000, 0x0000000715400000, 0x0000000715400000|100%| E|CS|TAMS 0x0000000715200000| PB 0x0000000715200000| Complete |  0
| 123|0x0000000715400000, 0x0000000715600000, 0x0000000715600000|100%| E|CS|TAMS 0x0000000715400000| PB 0x0000000715400000| Complete |  0
| 124|0x0000000715600000, 0x0000000715800000, 0x0000000715800000|100%| E|CS|TAMS 0x0000000715600000| PB 0x0000000715600000| Complete |  0
| 125|0x0000000715800000, 0x0000000715a00000, 0x0000000715a00000|100%| E|CS|TAMS 0x0000000715800000| PB 0x0000000715800000| Complete |  0
|2000|0x00000007ffe00000, 0x00000007fff1c318, 0x0000000800000000| 55%| O|  |TAMS 0x00000007ffe00000| PB 0x00000007ffe00000| Untracked |  0

Card table byte_map: [0x000001afb5250000,0x000001afb5a30000] _byte_map_base: 0x000001afb1a21000

Marking Bits: (CMBitMap*) 0x000001af9c7417c0
 Bits: [0x000001afb5a30000, 0x000001afb98b8000)

Polling page: 0x000001af9beb0000

Metaspace:

Usage:
  Non-class:      9.90 MB used.
      Class:      1.06 MB used.
       Both:     10.95 MB used.

Virtual space:
  Non-class space:       64.00 MB reserved,      10.00 MB ( 16%) committed,  1 nodes.
      Class space:        1.00 GB reserved,       1.12 MB ( <1%) committed,  1 nodes.
             Both:        1.06 GB reserved,      11.12 MB (  1%) committed. 

Chunk freelists:
   Non-Class:  6.05 MB
       Class:  14.75 MB
        Both:  20.81 MB

MaxMetaspaceSize: unlimited
CompressedClassSpaceSize: 1.00 GB
Initial GC threshold: 21.00 MB
Current GC threshold: 21.00 MB
CDS: on
 - commit_granule_bytes: 65536.
 - commit_granule_words: 8192.
 - virtual_space_node_default_size: 8388608.
 - enlarge_chunks_in_place: 1.
UseCompressedClassPointers 1, UseCompactObjectHeaders 0
Narrow klass pointer bits 32, Max shift 3
Narrow klass base: 0x000001afbd000000, Narrow klass shift: 0
Encoding Range: [0x000001afbd000000 - 0x000001b0bd000000), (4294967296 bytes)
Klass Range:    [0x000001afbd000000 - 0x000001affe000000), (1090519040 bytes)
Klass ID Range:  [8 - 1090519033) (1090519025)


Internal statistics:

num_allocs_failed_limit: 0.
num_arena_births: 112.
num_arena_deaths: 0.
num_vsnodes_births: 2.
num_vsnodes_deaths: 0.
num_space_committed: 178.
num_space_uncommitted: 0.
num_chunks_returned_to_freelist: 0.
num_chunks_taken_from_freelist: 158.
num_chunk_merges: 0.
num_chunk_splits: 97.
num_chunks_enlarged: 55.
num_inconsistent_stats: 0.

CodeHeap 'non-profiled nmethods': size=119232Kb used=492Kb max_used=492Kb free=118739Kb
 bounds [0x000001afacd70000, 0x000001afacfe0000, 0x000001afb41e0000]
CodeHeap 'profiled nmethods': size=119104Kb used=2970Kb max_used=2970Kb free=116133Kb
 bounds [0x000001afa51e0000, 0x000001afa54d0000, 0x000001afac630000]
CodeHeap 'non-nmethods': size=7424Kb used=1522Kb max_used=3277Kb free=5901Kb
 bounds [0x000001afac630000, 0x000001afac970000, 0x000001afacd70000]
CodeCache: size=245760Kb, used=4984Kb, max_used=6739Kb, free=240773Kb
 total_blobs=2639, nmethods=1944, adapters=600, full_count=0
Compilation: enabled, stopped_count=0, restarted_count=0

Compilation events (20 events):
Event: 18953.654 Thread 0x000001afbc9519f0 1934  s    3       jdk.internal.ref.CleanerImpl$CleanableList::isEmpty (16 bytes)
Event: 18953.656 Thread 0x000001afbc9519f0 nmethod 1934 0x000001afa54c2908 code [0x000001afa54c2a20, 0x000001afa54c2cd0]
Event: 18953.656 Thread 0x000001afbc9519f0 1937       3       java.lang.ref.ReferenceQueue::remove0 (67 bytes)
Event: 18953.658 Thread 0x000001afbc9519f0 nmethod 1937 0x000001afa54c2d08 code [0x000001afa54c2e80, 0x000001afa54c32e0]
Event: 18953.659 Thread 0x000001afbc9519f0 1935       3       jdk.internal.misc.InnocuousThread::eraseThreadLocals (23 bytes)
Event: 18953.661 Thread 0x000001afbc9519f0 nmethod 1935 0x000001afa54c3308 code [0x000001afa54c3420, 0x000001afa54c3610]
Event: 18953.661 Thread 0x000001afbc9519f0 1936   !   3       java.lang.ref.ReferenceQueue::remove (49 bytes)
Event: 18953.667 Thread 0x000001afbc9519f0 nmethod 1936 0x000001afa54c3688 code [0x000001afa54c3820, 0x000001afa54c41d0]
Event: 23031.739 Thread 0x000001afbc9519f0 1939   !   3       java.awt.Toolkit::setDesktopProperty (81 bytes)
Event: 23031.740 Thread 0x000001afbc94d9b0 1938       4       java.util.HashMap$HashIterator::hasNext (13 bytes)
Event: 23031.744 Thread 0x000001afbc94d9b0 nmethod 1938 0x000001afacdeab08 code [0x000001afacdeac00, 0x000001afacdeac80]
Event: 23031.745 Thread 0x000001afbc9519f0 nmethod 1939 0x000001afa54c4208 code [0x000001afa54c43a0, 0x000001afa54c4cb0]
Event: 23031.745 Thread 0x000001afbc9519f0 1940   !   3       java.util.concurrent.locks.AbstractQueuedSynchronizer$ConditionObject::newConditionNode (78 bytes)
Event: 23031.749 Thread 0x000001afbc9519f0 nmethod 1940 0x000001afa54c4d08 code [0x000001afa54c4ee0, 0x000001afa54c5830]
Event: 23031.749 Thread 0x000001afbc9519f0 1941       3       java.util.concurrent.locks.AbstractQueuedSynchronizer$ConditionNode::<init> (5 bytes)
Event: 23031.749 Thread 0x000001afbc9519f0 nmethod 1941 0x000001afa54c5888 code [0x000001afa54c59a0, 0x000001afa54c5b60]
Event: 23031.749 Thread 0x000001afbc9519f0 1942       3       java.util.concurrent.locks.AbstractQueuedSynchronizer$ConditionObject::enableWait (84 bytes)
Event: 23031.750 Thread 0x000001afbc9519f0 nmethod 1942 0x000001afa54c5b88 code [0x000001afa54c5d20, 0x000001afa54c65f8]
Event: 23031.750 Thread 0x000001afbc9519f0 1943       3       java.util.concurrent.locks.AbstractQueuedSynchronizer$Node::setStatusRelaxed (12 bytes)
Event: 23031.751 Thread 0x000001afbc9519f0 nmethod 1943 0x000001afa54c6688 code [0x000001afa54c67a0, 0x000001afa54c68b0]

GC Heap History (0 events):
No events

Dll operation events (10 events):
Event: 0.009 Loaded shared library C:\Program Files\Apache NetBeans\jdk\bin\java.dll
Event: 0.039 Loaded shared library C:\Program Files\Apache NetBeans\jdk\bin\jsvml.dll
Event: 0.066 Loaded shared library C:\Program Files\Apache NetBeans\jdk\bin\net.dll
Event: 0.068 Loaded shared library C:\Program Files\Apache NetBeans\jdk\bin\nio.dll
Event: 0.097 Loaded shared library C:\Program Files\Apache NetBeans\jdk\bin\zip.dll
Event: 0.102 Loaded shared library C:\Program Files\Apache NetBeans\jdk\bin\jimage.dll
Event: 0.112 Loaded shared library C:\Program Files\Apache NetBeans\jdk\bin\awt.dll
Event: 0.335 Loaded shared library C:\Program Files\Apache NetBeans\jdk\bin\verify.dll
Event: 0.416 Loaded shared library C:\Program Files\Apache NetBeans\jdk\bin\freetype.dll
Event: 0.417 Loaded shared library C:\Program Files\Apache NetBeans\jdk\bin\fontmanager.dll

Deoptimization events (20 events):
Event: 0.929 Thread 0x000001affe53bbb0 Uncommon trap: trap_request=0xffffff4d fr.pc=0x000001afacdd7d3c relative=0x00000000000003dc
Event: 0.929 Thread 0x000001affe53bbb0 Uncommon trap: reason=unstable_if action=reinterpret pc=0x000001afacdd7d3c method=java.lang.Character.isSurrogate(C)Z @ 3 c2
Event: 0.929 Thread 0x000001affe53bbb0 DEOPT PACKING pc=0x000001afacdd7d3c sp=0x000000232b5fd0e0
Event: 0.929 Thread 0x000001affe53bbb0 DEOPT UNPACKING pc=0x000001afac747e02 sp=0x000000232b5fcff8 mode 2
Event: 0.929 Thread 0x000001affe53bbb0 Uncommon trap: trap_request=0xffffff4d fr.pc=0x000001afacdd7044 relative=0x0000000000000044
Event: 0.929 Thread 0x000001affe53bbb0 Uncommon trap: reason=unstable_if action=reinterpret pc=0x000001afacdd7044 method=java.lang.Character.isSurrogate(C)Z @ 3 c2
Event: 0.929 Thread 0x000001affe53bbb0 DEOPT PACKING pc=0x000001afacdd7044 sp=0x000000232b5fd060
Event: 0.929 Thread 0x000001affe53bbb0 DEOPT UNPACKING pc=0x000001afac747e02 sp=0x000000232b5fcff8 mode 2
Event: 0.960 Thread 0x000001affe53bbb0 Uncommon trap: trap_request=0xffffff5c fr.pc=0x000001afacdd1260 relative=0x0000000000000060
Event: 0.960 Thread 0x000001affe53bbb0 Uncommon trap: reason=speculate_null_check action=make_not_entrant pc=0x000001afacdd1260 method=jdk.internal.misc.Unsafe.getIntUnaligned(Ljava/lang/Object;JZ)I @ 5 c2
Event: 0.960 Thread 0x000001affe53bbb0 DEOPT PACKING pc=0x000001afacdd1260 sp=0x000000232b5fd1d0
Event: 0.960 Thread 0x000001affe53bbb0 DEOPT UNPACKING pc=0x000001afac747e02 sp=0x000000232b5fd128 mode 2
Event: 0.969 Thread 0x000001affe53bbb0 Uncommon trap: trap_request=0xffffff4d fr.pc=0x000001afacdd6a48 relative=0x0000000000000128
Event: 0.969 Thread 0x000001affe53bbb0 Uncommon trap: reason=unstable_if action=reinterpret pc=0x000001afacdd6a48 method=java.lang.ThreadLocal$ThreadLocalMap.getEntry(Ljava/lang/ThreadLocal;)Ljava/lang/ThreadLocal$ThreadLocalMap$Entry; @ 21 c2
Event: 0.969 Thread 0x000001affe53bbb0 DEOPT PACKING pc=0x000001afacdd6a48 sp=0x000000232b5fd8f0
Event: 0.969 Thread 0x000001affe53bbb0 DEOPT UNPACKING pc=0x000001afac747e02 sp=0x000000232b5fd810 mode 2
Event: 2.717 Thread 0x000001affe53bbb0 Uncommon trap: trap_request=0xffffff4d fr.pc=0x000001afacde7ac0 relative=0x00000000000000a0
Event: 2.717 Thread 0x000001affe53bbb0 Uncommon trap: reason=unstable_if action=reinterpret pc=0x000001afacde7ac0 method=java.awt.Component.inside(II)Z @ 13 c2
Event: 2.717 Thread 0x000001affe53bbb0 DEOPT PACKING pc=0x000001afacde7ac0 sp=0x000000232b5fec20
Event: 2.717 Thread 0x000001affe53bbb0 DEOPT UNPACKING pc=0x000001afac747e02 sp=0x000000232b5feab0 mode 2

Classes loaded (20 events):
Event: 1.861 Loading class java/awt/event/MouseEvent$1
Event: 1.862 Loading class sun/awt/AWTAccessor$MouseEventAccessor
Event: 1.862 Loading class sun/awt/AWTAccessor$MouseEventAccessor done
Event: 1.862 Loading class java/awt/event/MouseEvent$1 done
Event: 1.863 Loading class java/awt/Cursor$CursorDisposer
Event: 1.863 Loading class java/awt/Cursor$CursorDisposer done
Event: 1.864 Loading class java/awt/Container$MouseEventTargetFilter
Event: 1.864 Loading class java/awt/Container$EventTargetFilter
Event: 1.864 Loading class java/awt/Container$EventTargetFilter done
Event: 1.864 Loading class java/awt/Container$MouseEventTargetFilter done
Event: 1.864 Loading class java/awt/event/MouseWheelEvent
Event: 1.864 Loading class java/awt/event/MouseWheelEvent done
Event: 6.391 Loading class sun/awt/SunToolkit$1
Event: 6.391 Loading class sun/awt/SunToolkit$1 done
Event: 2703.624 Loading class java/util/WeakHashMap$KeyIterator
Event: 2703.624 Loading class java/util/WeakHashMap$HashIterator
Event: 2703.624 Loading class java/util/WeakHashMap$HashIterator done
Event: 2703.624 Loading class java/util/WeakHashMap$KeyIterator done
Event: 2703.625 Loading class javax/swing/RepaintManager$DisplayChangedRunnable
Event: 2703.625 Loading class javax/swing/RepaintManager$DisplayChangedRunnable done

Classes unloaded (0 events):
No events

Classes redefined (0 events):
No events

Internal exceptions (20 events):
Event: 0.213 Thread 0x000001af9a30f490 Exception <a 'java/lang/NoSuchMethodError'{0x00000007154709b8}: 'java.lang.Object java.lang.invoke.DirectMethodHandle$Holder.invokeStaticInit(java.lang.Object, long)'> (0x00000007154709b8) 
thrown [s\src\hotspot\share\interpreter\linkResolver.cpp, line 805]
Event: 0.239 Thread 0x000001af9a30f490 Exception <a 'java/lang/NoSuchMethodError'{0x00000007154a0d48}: 'void java.lang.invoke.DirectMethodHandle$Holder.invokeSpecial(java.lang.Object, java.lang.Object, java.lang.Object)'> (0x00000007154a0d48) 
thrown [s\src\hotspot\share\interpreter\linkResolver.cpp, line 805]
Event: 0.252 Thread 0x000001af9a30f490 Exception <a 'java/lang/NoSuchMethodError'{0x000000071521d648}: 'java.lang.Object java.lang.invoke.DirectMethodHandle$Holder.newInvokeSpecial(java.lang.Object, java.lang.Object, java.lang.Object, java.lang.Object, java.lang.Object)'> (0x000000071521d648) 
thrown [s\src\hotspot\share\interpreter\linkResolver.cpp, line 805]
Event: 0.260 Thread 0x000001af9a30f490 Exception <a 'java/lang/NoSuchMethodError'{0x0000000715285790}: 'java.lang.Object java.lang.invoke.DirectMethodHandle$Holder.invokeStatic(java.lang.Object, int, java.lang.Object)'> (0x0000000715285790) 
thrown [s\src\hotspot\share\interpreter\linkResolver.cpp, line 805]
Event: 0.296 Thread 0x000001af9a30f490 Exception <a 'java/lang/ClassNotFoundException'{0x00000007150b2e88}: com/sun/swing/internal/plaf/metal/resources/spi/metalProvider> (0x00000007150b2e88) 
thrown [s\src\hotspot\share\classfile\systemDictionary.cpp, line 327]
Event: 0.296 Thread 0x000001af9a30f490 Exception <a 'java/lang/ClassNotFoundException'{0x00000007150b6898}: com/sun/swing/internal/plaf/basic/resources/spi/basicProvider> (0x00000007150b6898) 
thrown [s\src\hotspot\share\classfile\systemDictionary.cpp, line 327]
Event: 0.308 Thread 0x000001af9a30f490 Exception <a 'java/lang/NoSuchMethodError'{0x00000007150e4350}: 'int java.lang.invoke.Invokers$Holder.invokeExact_MT(java.lang.Object, java.lang.Object)'> (0x00000007150e4350) 
thrown [s\src\hotspot\share\interpreter\linkResolver.cpp, line 805]
Event: 0.427 Thread 0x000001af9a30f490 Exception <a 'java/lang/NoSuchMethodError'{0x0000000714fad388}: 'long java.lang.invoke.DirectMethodHandle$Holder.invokeStaticInit(java.lang.Object, long, long, long, long)'> (0x0000000714fad388) 
thrown [s\src\hotspot\share\interpreter\linkResolver.cpp, line 805]
Event: 0.428 Thread 0x000001af9a30f490 Exception <a 'java/lang/NoSuchMethodError'{0x0000000714fb5d90}: 'java.lang.Object java.lang.invoke.DirectMethodHandle$Holder.invokeInterface(java.lang.Object, java.lang.Object, long, long)'> (0x0000000714fb5d90) 
thrown [s\src\hotspot\share\interpreter\linkResolver.cpp, line 805]
Event: 0.429 Thread 0x000001af9a30f490 Exception <a 'java/lang/NoSuchMethodError'{0x0000000714fce550}: 'void java.lang.invoke.DirectMethodHandle$Holder.invokeStaticInit(java.lang.Object, java.lang.Object, long, java.lang.Object)'> (0x0000000714fce550) 
thrown [s\src\hotspot\share\interpreter\linkResolver.cpp, line 805]
Event: 0.429 Thread 0x000001af9a30f490 Exception <a 'java/lang/NoSuchMethodError'{0x0000000714fd7138}: 'long java.lang.invoke.DirectMethodHandle$Holder.invokeStatic(java.lang.Object, long, long)'> (0x0000000714fd7138) 
thrown [s\src\hotspot\share\interpreter\linkResolver.cpp, line 805]
Event: 0.434 Thread 0x000001af9a30f490 Exception <a 'java/lang/NoSuchMethodError'{0x0000000714c06f90}: 'java.lang.Object java.lang.invoke.DirectMethodHandle$Holder.newInvokeSpecial(java.lang.Object, int, java.lang.Object)'> (0x0000000714c06f90) 
thrown [s\src\hotspot\share\interpreter\linkResolver.cpp, line 805]
Event: 0.469 Thread 0x000001af9a30f490 Exception <a 'java/lang/NoSuchMethodError'{0x0000000714c7a5d8}: 'void java.lang.invoke.DelegatingMethodHandle$Holder.reinvoke_L(java.lang.Object, java.lang.Object, java.lang.Object, java.lang.Object, long, long, float)'> (0x0000000714c7a5d8) 
thrown [s\src\hotspot\share\interpreter\linkResolver.cpp, line 805]
Event: 0.472 Thread 0x000001af9a30f490 Exception <a 'java/lang/NoSuchMethodError'{0x0000000714c9ac28}: 'java.lang.Object java.lang.invoke.DirectMethodHandle$Holder.invokeStatic(java.lang.Object, java.lang.Object, java.lang.Object, java.lang.Object, java.lang.Object, long)'> (0x0000000714c9ac28) 
thrown [s\src\hotspot\share\interpreter\linkResolver.cpp, line 805]
Event: 0.477 Thread 0x000001af9a30f490 Exception <a 'java/lang/NoSuchMethodError'{0x0000000714cde388}: 'float java.lang.invoke.DelegatingMethodHandle$Holder.reinvoke_L(java.lang.Object, java.lang.Object, java.lang.Object, java.lang.Object, long, long)'> (0x0000000714cde388) 
thrown [s\src\hotspot\share\interpreter\linkResolver.cpp, line 805]
Event: 0.625 Thread 0x000001affe0eee40 Exception <a 'java/lang/NoSuchMethodError'{0x0000000715505c08}: 'void java.lang.invoke.DirectMethodHandle$Holder.invokeVirtual(java.lang.Object, java.lang.Object)'> (0x0000000715505c08) 
thrown [s\src\hotspot\share\interpreter\linkResolver.cpp, line 805]
Event: 0.639 Thread 0x000001af9a30f490 Exception <a 'java/lang/NoSuchMethodError'{0x0000000714b71fe8}: 'void java.lang.invoke.DirectMethodHandle$Holder.invokeStaticInit(java.lang.Object)'> (0x0000000714b71fe8) 
thrown [s\src\hotspot\share\interpreter\linkResolver.cpp, line 805]
Event: 0.738 Thread 0x000001affe53bbb0 Exception <a 'java/io/FileNotFoundException'{0x0000000714660660}> (0x0000000714660660) 
thrown [s\src\hotspot\share\prims\jni.cpp, line 518]
Event: 0.743 Thread 0x000001affe53bbb0 Exception <a 'java/io/FileNotFoundException'{0x000000071467a018}> (0x000000071467a018) 
thrown [s\src\hotspot\share\prims\jni.cpp, line 518]
Event: 0.969 Thread 0x000001affe53bbb0 Implicit null exception at 0x000001afacdd6975 to 0x000001afacdd6a28

VM Operations (20 events):
Event: 0.628 Executing VM operation: HandshakeAllThreads (Deoptimize)
Event: 0.628 Executing VM operation: HandshakeAllThreads (Deoptimize) done
Event: 0.648 Executing VM operation: HandshakeAllThreads (Deoptimize)
Event: 0.648 Executing VM operation: HandshakeAllThreads (Deoptimize) done
Event: 0.691 Executing VM operation: HandshakeAllThreads (Deoptimize)
Event: 0.691 Executing VM operation: HandshakeAllThreads (Deoptimize) done
Event: 0.692 Executing VM operation: HandshakeAllThreads (Deoptimize)
Event: 0.692 Executing VM operation: HandshakeAllThreads (Deoptimize) done
Event: 60.167 Executing VM operation: HandshakeAllThreads (HandshakeForDeflation)
Event: 60.167 Executing VM operation: HandshakeAllThreads (HandshakeForDeflation) done
Event: 60.167 Executing VM operation: RendezvousGCThreads
Event: 60.167 Executing VM operation: RendezvousGCThreads done
Event: 2747.877 Executing VM operation: HandshakeAllThreads (HandshakeForDeflation)
Event: 2747.877 Executing VM operation: HandshakeAllThreads (HandshakeForDeflation) done
Event: 2747.877 Executing VM operation: RendezvousGCThreads
Event: 2747.877 Executing VM operation: RendezvousGCThreads done
Event: 8830.078 Executing VM operation: HandshakeAllThreads (HandshakeForDeflation)
Event: 8830.078 Executing VM operation: HandshakeAllThreads (HandshakeForDeflation) done
Event: 8830.079 Executing VM operation: RendezvousGCThreads
Event: 8830.079 Executing VM operation: RendezvousGCThreads done

Memory protections (0 events):
No events

Nmethod flushes (0 events):
No events

Events (20 events):
Event: 0.065 Thread 0x000001af9a30f490 Thread added: 0x000001afbca66b90
Event: 0.074 Thread 0x000001afbc95d870 Thread added: 0x000001afbca6d260
Event: 0.078 Thread 0x000001afbca6d260 Thread added: 0x000001afbcab2760
Event: 0.083 Thread 0x000001af9a30f490 Thread added: 0x000001afbcb04560
Event: 0.184 Thread 0x000001af9a30f490 Thread added: 0x000001affe0edfc0
Event: 0.185 Thread 0x000001af9a30f490 Thread added: 0x000001affe0ee700
Event: 0.185 Thread 0x000001af9a30f490 Thread added: 0x000001affe0eee40
Event: 0.366 Thread 0x000001afbc95d870 Thread added: 0x000001affe4d3cc0
Event: 0.485 Thread 0x000001af9a30f490 Thread added: 0x000001affe53bbb0
Event: 0.595 Thread 0x000001af9a30f490 Thread added: 0x000001affe5f8700
Event: 0.701 Thread 0x000001af9a30f490 Thread exited: 0x000001af9a30f490
Event: 0.701 Thread 0x000001af9a30f490 Thread added: 0x000001af9a30f490
Event: 0.737 Thread 0x000001afbcab2760 Thread exited: 0x000001afbcab2760
Event: 0.929 Thread 0x000001afbca6d260 Thread added: 0x000001affe65a6e0
Event: 1.025 Thread 0x000001affe53bbb0 Thread added: 0x000001affe68b6e0
Event: 1.528 Thread 0x000001affe65a6e0 Thread exited: 0x000001affe65a6e0
Event: 5.539 Thread 0x000001affe4d3cc0 Thread exited: 0x000001affe4d3cc0
Event: 5.605 Thread 0x000001affe5f8700 Thread exited: 0x000001affe5f8700
Event: 6.423 Thread 0x000001afbca6d260 Thread exited: 0x000001afbca6d260
Event: 11.426 Thread 0x000001afbc95d870 Thread exited: 0x000001afbc95d870


Dynamic libraries:
0x00007ff635500000 - 0x00007ff63550e000 	C:\Program Files\Apache NetBeans\jdk\bin\java.exe
0x00007ff9d5f00000 - 0x00007ff9d6169000 	C:\WINDOWS\SYSTEM32\ntdll.dll
0x00007ff9d5090000 - 0x00007ff9d5159000 	C:\WINDOWS\System32\KERNEL32.DLL
0x00007ff9d3370000 - 0x00007ff9d3763000 	C:\WINDOWS\System32\KERNELBASE.dll
0x00007ff9d3ad0000 - 0x00007ff9d3c1b000 	C:\WINDOWS\System32\ucrtbase.dll
0x00007ff9aca80000 - 0x00007ff9aca9e000 	C:\Program Files\Apache NetBeans\jdk\bin\VCRUNTIME140.dll
0x00007ff9a0910000 - 0x00007ff9a0926000 	C:\Program Files\Apache NetBeans\jdk\bin\jli.dll
0x00007ff9d4690000 - 0x00007ff9d4854000 	C:\WINDOWS\System32\USER32.dll
0x00007ff9d32b0000 - 0x00007ff9d32d7000 	C:\WINDOWS\System32\win32u.dll
0x00007ff9b99e0000 - 0x00007ff9b9c73000 	C:\WINDOWS\WinSxS\amd64_microsoft.windows.common-controls_6595b64144ccf1df_6.0.26100.5074_none_3e0d6f78e32fd63f\COMCTL32.dll
0x00007ff9d55f0000 - 0x00007ff9d561b000 	C:\WINDOWS\System32\GDI32.dll
0x00007ff9d5e10000 - 0x00007ff9d5eb9000 	C:\WINDOWS\System32\msvcrt.dll
0x00007ff9d3770000 - 0x00007ff9d389d000 	C:\WINDOWS\System32\gdi32full.dll
0x00007ff9d3c20000 - 0x00007ff9d3cc3000 	C:\WINDOWS\System32\msvcp_win.dll
0x00007ff9d4600000 - 0x00007ff9d462f000 	C:\WINDOWS\System32\IMM32.DLL
0x00007ff9ac280000 - 0x00007ff9ac28c000 	C:\Program Files\Apache NetBeans\jdk\bin\vcruntime140_1.dll
0x00007ff995080000 - 0x00007ff99510d000 	C:\Program Files\Apache NetBeans\jdk\bin\msvcp140.dll
0x00007ff8dde30000 - 0x00007ff8decac000 	C:\Program Files\Apache NetBeans\jdk\bin\server\jvm.dll
0x00007ff9d4860000 - 0x00007ff9d4914000 	C:\WINDOWS\System32\ADVAPI32.dll
0x00007ff9d5b00000 - 0x00007ff9d5ba6000 	C:\WINDOWS\System32\sechost.dll
0x00007ff9d5840000 - 0x00007ff9d5958000 	C:\WINDOWS\System32\RPCRT4.dll
0x00007ff9d5620000 - 0x00007ff9d5694000 	C:\WINDOWS\System32\WS2_32.dll
0x00007ff9d1ca0000 - 0x00007ff9d1cfe000 	C:\WINDOWS\SYSTEM32\POWRPROF.dll
0x00007ff9c8120000 - 0x00007ff9c8155000 	C:\WINDOWS\SYSTEM32\WINMM.dll
0x00007ff9cba50000 - 0x00007ff9cba5b000 	C:\WINDOWS\SYSTEM32\VERSION.dll
0x00007ff9d1c80000 - 0x00007ff9d1c94000 	C:\WINDOWS\SYSTEM32\UMPDC.dll
0x00007ff9d1f90000 - 0x00007ff9d1fab000 	C:\WINDOWS\SYSTEM32\kernel.appcore.dll
0x00007ff9ac270000 - 0x00007ff9ac27a000 	C:\Program Files\Apache NetBeans\jdk\bin\jimage.dll
0x00007ff9d08c0000 - 0x00007ff9d0b02000 	C:\WINDOWS\SYSTEM32\DBGHELP.DLL
0x00007ff9d4920000 - 0x00007ff9d4c9b000 	C:\WINDOWS\System32\combase.dll
0x00007ff9d4f10000 - 0x00007ff9d4fe7000 	C:\WINDOWS\System32\OLEAUT32.dll
0x00007ff9a1490000 - 0x00007ff9a14cd000 	C:\WINDOWS\SYSTEM32\dbgcore.DLL
0x00007ff9d3090000 - 0x00007ff9d3129000 	C:\WINDOWS\System32\bcryptPrimitives.dll
0x00007ff9a1d60000 - 0x00007ff9a1d7e000 	C:\Program Files\Apache NetBeans\jdk\bin\java.dll
0x00007ff9d56a0000 - 0x00007ff9d5838000 	C:\WINDOWS\System32\ole32.dll
0x00007ff9d3e30000 - 0x00007ff9d457d000 	C:\WINDOWS\System32\SHELL32.dll
0x00007ff9d38a0000 - 0x00007ff9d3a0c000 	C:\WINDOWS\System32\wintypes.dll
0x00007ff9d0cd0000 - 0x00007ff9d1529000 	C:\WINDOWS\SYSTEM32\windows.storage.dll
0x00007ff9d5960000 - 0x00007ff9d5a50000 	C:\WINDOWS\System32\SHCORE.dll
0x00007ff9d5bb0000 - 0x00007ff9d5c12000 	C:\WINDOWS\System32\shlwapi.dll
0x00007ff9d2fb0000 - 0x00007ff9d2fd9000 	C:\WINDOWS\SYSTEM32\profapi.dll
0x00007ff9433d0000 - 0x00007ff9434a7000 	C:\Program Files\Apache NetBeans\jdk\bin\jsvml.dll
0x00007ff9a1d50000 - 0x00007ff9a1d60000 	C:\Program Files\Apache NetBeans\jdk\bin\net.dll
0x00007ff9d2510000 - 0x00007ff9d257b000 	C:\WINDOWS\system32\mswsock.dll
0x00007ff99d250000 - 0x00007ff99d266000 	C:\Program Files\Apache NetBeans\jdk\bin\nio.dll
0x00007ff99e060000 - 0x00007ff99e077000 	C:\Program Files\Apache NetBeans\jdk\bin\zip.dll
0x00007ff92b200000 - 0x00007ff92b37e000 	C:\Program Files\Apache NetBeans\jdk\bin\awt.dll
0x00007ff9cf950000 - 0x00007ff9cf9ee000 	C:\WINDOWS\SYSTEM32\apphelp.dll
0x00007ff9cfb20000 - 0x00007ff9cfb4b000 	C:\WINDOWS\system32\DWMAPI.DLL
0x00007ff9cfa70000 - 0x00007ff9cfb18000 	C:\WINDOWS\system32\uxtheme.dll
0x00007ff92add0000 - 0x00007ff92aedc000 	C:\WINDOWS\system32\opengl32.dll
0x00007ff92ad80000 - 0x00007ff92adad000 	C:\WINDOWS\SYSTEM32\GLU32.dll
0x00007ff9d0130000 - 0x00007ff9d0174000 	C:\WINDOWS\SYSTEM32\dxcore.dll
0x00007ff9d3cd0000 - 0x00007ff9d3e28000 	C:\WINDOWS\System32\MSCTF.dll
0x00007ff9a0bd0000 - 0x00007ff9a0be0000 	C:\Program Files\Apache NetBeans\jdk\bin\verify.dll
0x00007ff988140000 - 0x00007ff9881c7000 	C:\Program Files\Apache NetBeans\jdk\bin\freetype.dll
0x00007ff938a40000 - 0x00007ff938b29000 	C:\Program Files\Apache NetBeans\jdk\bin\fontmanager.dll
0x00007ff9d5c20000 - 0x00007ff9d5cd1000 	C:\WINDOWS\System32\clbcatq.dll
0x00007ff9cde30000 - 0x00007ff9ce05f000 	C:\WINDOWS\SYSTEM32\WindowsCodecs.dll
0x00007ff99eca0000 - 0x00007ff99ecfa000 	C:\WINDOWS\system32\dataexchange.dll
0x00007ff9c30f0000 - 0x00007ff9c3329000 	C:\WINDOWS\system32\twinapi.appcore.dll
0x00007ff9ca660000 - 0x00007ff9ca7a9000 	C:\WINDOWS\SYSTEM32\textinputframework.dll
0x00007ff9cf690000 - 0x00007ff9cf7b5000 	C:\WINDOWS\SYSTEM32\CoreMessaging.dll
0x00007ff9cb4d0000 - 0x00007ff9cb7b3000 	C:\WINDOWS\SYSTEM32\CoreUIComponents.dll
0x00007ff9d27d0000 - 0x00007ff9d27dc000 	C:\WINDOWS\SYSTEM32\CRYPTBASE.DLL

JVMTI agents: none

dbghelp: loaded successfully - version: 4.0.5 - missing functions: none
symbol engine: initialized successfully - sym options: 0x614 - pdb path: .;C:\Program Files\Apache NetBeans\jdk\bin;C:\WINDOWS\SYSTEM32;C:\WINDOWS\WinSxS\amd64_microsoft.windows.common-controls_6595b64144ccf1df_6.0.26100.5074_none_3e0d6f78e32fd63f;C:\Program Files\Apache NetBeans\jdk\bin\server

VM Arguments:
jvm_args: -Dfile.encoding=UTF-8 --module-path=C:\Users\Istiak\Documents\NetBeansProjects\Bank Management System\build\classes 
java_command: bank.management.system.SignupOne
java_class_path (initial): C:\Users\Istiak\Downloads\jcalendar-1.4\lib\jcalendar-1.4.jar;C:\Users\Istiak\Documents\NetBeansProjects\Bank Management System\build\classes
Launcher Type: SUN_STANDARD

[Global flags]
     intx CICompilerCount                          = 12                                        {product} {ergonomic}
     uint ConcGCThreads                            = 3                                         {product} {ergonomic}
     uint G1ConcRefinementThreads                  = 13                                        {product} {ergonomic}
   size_t G1HeapRegionSize                         = 2097152                                   {product} {ergonomic}
   size_t InitialHeapSize                          = 264241152                                 {product} {ergonomic}
   size_t MarkStackSize                            = 4194304                                   {product} {ergonomic}
   size_t MarkStackSizeMax                         = 536870912                                 {product} {ergonomic}
   size_t MaxHeapSize                              = 4196401152                                {product} {ergonomic}
   size_t MaxNewSize                               = 2516582400                                {product} {ergonomic}
   size_t MinHeapDeltaBytes                        = 2097152                                   {product} {ergonomic}
   size_t MinHeapSize                              = 8388608                                   {product} {ergonomic}
    uintx NonNMethodCodeHeapSize                   = 7602176                                {pd product} {ergonomic}
    uintx NonProfiledCodeHeapSize                  = 122093568                              {pd product} {ergonomic}
     bool PerfDisableSharedMem                     = true                                      {product} {ergonomic}
    uintx ProfiledCodeHeapSize                     = 121962496                              {pd product} {ergonomic}
    uintx ReservedCodeCacheSize                    = 251658240                              {pd product} {ergonomic}
     bool SegmentedCodeCache                       = true                                      {product} {ergonomic}
   size_t SoftMaxHeapSize                          = 4196401152                             {manageable} {ergonomic}
     bool UseCompressedOops                        = true                           {product lp64_product} {ergonomic}
     bool UseG1GC                                  = true                                      {product} {ergonomic}
     bool UseLargePagesIndividualAllocation        = false                                  {pd product} {ergonomic}

Logging:
Log output configuration:
 #0: stdout all=warning uptime,level,tags foldmultilines=false
 #1: stderr all=off uptime,level,tags foldmultilines=false

Environment Variables:
JAVA_HOME=C:\Program Files\Eclipse Adoptium\jdk-17.0.15.6-hotspot\
PATH=C:\Program Files\Eclipse Adoptium\jdk-17.0.15.6-hotspot\bin;C:\Program Files (x86)\Common Files\Oracle\Java\java8path;C:\Program Files (x86)\Common Files\Oracle\Java\javapath;C:\Program Files (x86)\Common Files\Intel\Shared Libraries\redist\intel64\compiler;C:\Windows\system32;C:\Windows;C:\Windows\System32\Wbem;C:\Windows\System32\WindowsPowerShell\v1.0\;C:\Windows\System32\OpenSSH\;C:\Program Files (x86)\NVIDIA Corporation\PhysX\Common;C:\Program Files\steghide;C:\WINDOWS\system32;C:\WINDOWS;C:\WINDOWS\System32\Wbem;C:\WINDOWS\System32\WindowsPowerShell\v1.0\;C:\WINDOWS\System32\OpenSSH\;C:\Program Files\NVIDIA Corporation\NVIDIA app\NvDLISR;C:\Program Files\Git\cmd;C:\Program Files\dotnet\;C:\Users\Istiak\AppData\Local\Programs\Python\Python39\Scripts\;C:\Users\Istiak\AppData\Local\Programs\Python\Python39\;C:\Users\Istiak\AppData\Local\Microsoft\WindowsApps;C:\Users\Istiak\AppData\Local\Programs\Microsoft VS Code\bin;C:\msys64\ucrt64\bin;C:\Users\Istiak\AppData\Local\Programs\Microsoft VS Code\bin;C:\Users\Istiak\AppData\Local\GitHubDesktop\bin
USERNAME=Istiak
OS=Windows_NT
PROCESSOR_IDENTIFIER=Intel64 Family 6 Model 154 Stepping 3, GenuineIntel
TMP=C:\Users\Istiak\AppData\Local\Temp
TEMP=C:\Users\Istiak\AppData\Local\Temp




Periodic native trim disabled

---------------  S Y S T E M  ---------------

OS:
 Windows 11 , 64 bit Build 26100 (10.0.26100.5074)
OS uptime: 2 days 15:46 hours
Hyper-V role detected

CPU: total 16 (initial active 16) (8 cores per cpu, 2 threads per core) family 6 model 154 stepping 3 microcode 0x434, cx8, cmov, fxsr, ht, mmx, 3dnowpref, sse, sse2, sse3, ssse3, sse4.1, sse4.2, popcnt, lzcnt, tsc, tscinvbit, avx, avx2, aes, erms, clmul, bmi1, bmi2, adx, sha, fma, vzeroupper, clflush, clflushopt, clwb, hv, serialize, rdtscp, rdpid, fsrm, gfni, f16c, cet_ibt, cet_ss
Processor Information for the first 16 processors :
  Max Mhz: 2500, Current Mhz: 2500, Mhz Limit: 2500

Memory: 4k page, system-wide physical 16004M (4574M free)
TotalPageFile size 37239M (AvailPageFile size 7685M)
current process WorkingSet (physical memory assigned to process): 17M, peak: 104M
current process commit charge ("private bytes"): 373M, peak: 378M

vm_info: OpenJDK 64-Bit Server VM (24.0.2+12) for windows-amd64 JRE (24.0.2+12) (Zulu24.32+13-CA), built on 2025-07-11T12:45:44Z with MS VC++ 17.1 (VS2022)

END.
