#
# A fatal error has been detected by the Java Runtime Environment:
#
#  EXCEPTION_ACCESS_VIOLATION (0xc0000005) at pc=0x00007ff92b2dad89, pid=40472, tid=41112
#
# JRE version: OpenJDK Runtime Environment Zulu24.32+13-CA (24.0.2+12) (build 24.0.2+12)
# Java VM: OpenJDK 64-Bit Server VM Zulu24.32+13-CA (24.0.2+12, mixed mode, sharing, tiered, compressed oops, compressed class ptrs, g1 gc, windows-amd64)
# Problematic frame:
# C  [awt.dll+0xdad89]
#
# No core dump will be written. Minidumps are not enabled by default on client versions of Windows
#
# If you would like to submit a bug report, please visit:
#   http://www.azul.com/support/
# The crash happened outside the Java Virtual Machine in native code.
# See problematic frame for where to report the bug.
#

---------------  S U M M A R Y ------------

Command Line: -Dfile.encoding=UTF-8 --module-path=C:\Users\Istiak\Documents\NetBeansProjects\Bank Management System\build\classes bank.management.system.SignupOne

Host: 12th Gen Intel(R) Core(TM) i5-12500H, 16 cores, 15G,  Windows 11 , 64 bit Build 26100 (10.0.26100.5074)
Time: Sat Sep 13 06:20:48 2025 Bangladesh Standard Time elapsed time: 2138.259429 seconds (0d 0h 35m 38s)

---------------  T H R E A D  ---------------

Current thread (0x0000012e45a167e0):  JavaThread "AWT-EventQueue-0"        [_thread_in_native, id=41112, stack(0x0000001a24100000,0x0000001a24200000) (1024K)]

Stack: [0x0000001a24100000,0x0000001a24200000],  sp=0x0000001a241ff040,  free space=1020k
Native frames: (J=compiled Java code, j=interpreted, Vv=VM code, C=native code)
C  [awt.dll+0xdad89]  (no source info available)
C  [awt.dll+0xda148]  (no source info available)
C  0x0000012e5ddcce20  (no source info available)

The last pc belongs to native method entry point (kind = native) (printed below).
Java frames: (J=compiled Java code, j=interpreted, Vv=VM code)
j  sun.awt.Win32GraphicsConfig.getBounds(I)Ljava/awt/Rectangle;+0 java.desktop@24.0.2
j  sun.awt.Win32GraphicsConfig.getBounds()Ljava/awt/Rectangle;+8 java.desktop@24.0.2
j  sun.awt.Win32GraphicsDevice.displayChanged()V+23 java.desktop@24.0.2
j  sun.awt.Win32GraphicsEnvironment.displayChanged()V+271 java.desktop@24.0.2
j  sun.awt.windows.WToolkit.lambda$displayChanged$0()V+15 java.desktop@24.0.2
j  sun.awt.windows.WToolkit$$Lambda+0x0000012e011d9e58.run()V+0 java.desktop@24.0.2
J 1919 c1 java.awt.event.InvocationEvent.dispatch()V java.desktop@24.0.2 (69 bytes) @ 0x0000012e56c4aa9c [0x0000012e56c4a880+0x000000000000021c]
J 1880 c1 java.awt.EventQueue.dispatchEventImpl(Ljava/awt/AWTEvent;Ljava/lang/Object;)V java.desktop@24.0.2 (139 bytes) @ 0x0000012e56c3c71c [0x0000012e56c3ae20+0x00000000000018fc]
J 1890 c1 java.awt.EventQueue.dispatchEvent(Ljava/awt/AWTEvent;)V java.desktop@24.0.2 (48 bytes) @ 0x0000012e56c44b34 [0x0000012e56c448e0+0x0000000000000254]
J 1366 c1 java.awt.EventDispatchThread.pumpOneEventForFilters(I)V java.desktop@24.0.2 (106 bytes) @ 0x0000012e56b6af54 [0x0000012e56b6a740+0x0000000000000814]
j  java.awt.EventDispatchThread.pumpEventsForFilter(ILjava/awt/Conditional;Ljava/awt/EventFilter;)V+35 java.desktop@24.0.2
j  java.awt.EventDispatchThread.pumpEventsForHierarchy(ILjava/awt/Conditional;Ljava/awt/Component;)V+11 java.desktop@24.0.2
j  java.awt.EventDispatchThread.pumpEvents(ILjava/awt/Conditional;)V+4 java.desktop@24.0.2
j  java.awt.EventDispatchThread.pumpEvents(Ljava/awt/Conditional;)V+3 java.desktop@24.0.2
j  java.awt.EventDispatchThread.run()V+9 java.desktop@24.0.2
v  ~StubRoutines::call_stub 0x0000012e5ddc0fcd

siginfo: EXCEPTION_ACCESS_VIOLATION (0xc0000005), reading address 0x0000000000000028


Registers:
RAX=0x0000000000000000, RBX=0x0000012e451a8a90, RCX=0x0000000000000000, RDX=0x0000000000000000
RSP=0x0000001a241ff040, RBP=0x0000000000000000, RSI=0x0000000000000000, RDI=0x0000000000000000
R8 =0x0000000000000001, R9 =0x0000001a222f0000, R10=0x0000012e45ad1cc0, R11=0x0000012e412ad118
R12=0x0000000000000000, R13=0x0000012e458ae500, R14=0x0000012e45719e80, R15=0x0000000000000000
RIP=0x00007ff92b2dad89, EFLAGS=0x0000000000010246

XMM[0]=0x0000000000000000 0x0000000000000000
XMM[1]=0x0000000000000000 0x0000001a241ff110
XMM[2]=0x0000001a241feb04 0x0000001a241feb00
XMM[3]=0x0000001a241feb14 0x0000001a241feb10
XMM[4]=0x0000000000000000 0x0000012e45716958
XMM[5]=0x0000012e45a167e0 0x0000012e01057e01
XMM[6]=0xc1e833f5f8abb63f 0x8fc30fe66c9d5dfb
XMM[7]=0x7c4ccb6eef2a6bf1 0xb76c25743618890c
XMM[8]=0x03da6d46c43d4f6d 0x97058b370aa274b1
XMM[9]=0x9e932d089e932d08 0x9e932d087ee8b7e0
XMM[10]=0x0000000000000000 0x00000000e0558ad8
XMM[11]=0x69f3b40d69f3b40d 0x69f3b40de8dc6bed
XMM[12]=0x0000000000000000 0x000000007ee8b7e0
XMM[13]=0x0000000000000000 0x0000000000000005
XMM[14]=0x0000000000000000 0x1fbb4ce7c3d80000
XMM[15]=0x0000000000000000 0x0000000000000000
  MXCSR=0x00001fa2


Register to memory mapping:

RAX=0x0 is null
RBX=0x0000012e451a8a90 points into unknown readable memory: 0x0000012e45112cc0 | c0 2c 11 45 2e 01 00 00
RCX=0x0 is null
RDX=0x0 is null
RSP=0x0000001a241ff040 is pointing into the stack for thread: 0x0000012e45a167e0
RBP=0x0 is null
RSI=0x0 is null
RDI=0x0 is null
R8 =0x0000000000000001 is an unknown value
R9 =0x0000001a222f0000 points into unknown readable memory: 0x0000000000000000 | 00 00 00 00 00 00 00 00
R10=0x0000012e45ad1cc0 points into unknown readable memory: 0x0000004000000003 | 03 00 00 00 40 00 00 00
R11={method} {0x0000012e412ad120} '<init>' '(IIII)V' in 'java/awt/Rectangle'
R12=0x0 is null
R13=0x0000012e458ae500 points into unknown readable memory: 0x0000012e412ad118 | 18 d1 2a 41 2e 01 00 00
R14=0x0000012e45719e80 points into unknown readable memory: 0x000000071549f080 | 80 f0 49 15 07 00 00 00
R15=0x0 is null

Top of Stack: (sp=0x0000001a241ff040)
0x0000001a241ff040:   00007ff92b337838 0000012e451a8a90   8x3+.......E....
0x0000001a241ff050:   0000012e45a16ba8 0000012e451a8a90   .k.E.......E....
0x0000001a241ff060:   0000012e45a16ba8 00007ff92b2da148   .k.E....H.-+....
0x0000001a241ff070:   0000012e451a8a90 0000012e451a8a90   ...E.......E....
0x0000001a241ff080:   00000000000000a1 0000012e45a16ba8   .........k.E....
0x0000001a241ff090:   000000071544e030 0000012e41248dd8   0.D.......$A....
0x0000001a241ff0a0:   0000000000000000 0000001a241ff0c0   ...........$....
0x0000001a241ff0b0:   0000000000000000 0000000000000000   ................
0x0000001a241ff0c0:   000075fe67088822 000000071549d508   "..g.u....I.....
0x0000001a241ff0d0:   0000012e45a167e0 0000001a241ff1b8   .g.E.......$....
0x0000001a241ff0e0:   0000012e412a5630 0000000000000000   0V*A............
0x0000001a241ff0f0:   0000000000000120 00000000000000a1    ...............
0x0000001a241ff100:   0000001a241ff190 0000012e5ddcce20   ...$.... ..]....
0x0000001a241ff110:   0000001a241ff128 0000012e412a5630   (..$....0V*A....
0x0000001a241ff120:   0000012e5ddc8800 0000000000000000   ...]............
0x0000001a241ff130:   000000071549d508 0000000712ba0d78   ..I.....x.......
0x0000001a241ff140:   0000000712ba0d78 fffffffffffffff7   x...............
0x0000001a241ff150:   0000000000000000 0000000000000005   ................
0x0000001a241ff160:   0000012e412a80b8 0000000000000000   ..*A............
0x0000001a241ff170:   000000071549e7f8 0000012e412a5630   ..I.....0V*A....
0x0000001a241ff180:   0000000000000000 0000001a241ff1b0   ...........$....
0x0000001a241ff190:   0000001a241ff208 0000012e5ddc899a   ...$.......]....
0x0000001a241ff1a0:   0000000000000000 0000012e5ddca43a   ........:..]....
0x0000001a241ff1b0:   0000000000000000 0000000712ba0d78   ........x.......
0x0000001a241ff1c0:   fffffffffffffff7 0000012e412a56d8   .........V*A....
0x0000001a241ff1d0:   0000000000000002 0000012e412a80b8   ..........*A....
0x0000001a241ff1e0:   0000000000000000 000000071549e7f8   ..........I.....
0x0000001a241ff1f0:   0000012e412a56f0 fffffffffffffff5   .V*A............
0x0000001a241ff200:   0000001a241ff218 0000001a241ff268   ...$....h..$....
0x0000001a241ff210:   0000012e5ddc899a 0000000712ba0d78   ...]....x.......
0x0000001a241ff220:   fffffffffffffff7 0000012e41248c2f   ......../.$A....
0x0000001a241ff230:   0000000000000003 0000012e4124a3b0   ..........$A....

Instructions: (pc=0x00007ff92b2dad89)
  0x00007ff92b2dac89:   cc cc cc cc cc cc cc 48 89 5c 24 08 48 89 6c 24
  0x00007ff92b2dac99:   10 48 89 74 24 18 57 48 83 ec 20 41 8b f8 0f b6
  0x00007ff92b2daca9:   f2 48 8b e9 e8 1e d3 f4 ff 48 8b d8 48 89 44 24
  0x00007ff92b2dacb9:   48 41 b8 01 00 00 00 8b d7 48 8b c8 e8 86 d2 f4
  0x00007ff92b2dacc9:   ff 48 8b c8 44 0f b6 c6 48 8b d5 e8 97 fa ff ff
  0x00007ff92b2dacd9:   48 8b f8 48 8b cb e8 ac d4 f4 ff 90 48 8b c7 48
  0x00007ff92b2dace9:   8b 5c 24 30 48 8b 6c 24 38 48 8b 74 24 40 48 83
  0x00007ff92b2dacf9:   c4 20 5f c3 cc cc cc 48 8b 49 28 e9 07 07 00 00
  0x00007ff92b2dad09:   cc cc cc cc cc cc cc 48 89 5c 24 08 57 48 83 ec
  0x00007ff92b2dad19:   20 8b f9 e8 af d2 f4 ff 48 8b d8 48 89 44 24 38
  0x00007ff92b2dad29:   41 b8 01 00 00 00 8b d7 48 8b c8 e8 17 d2 f4 ff
  0x00007ff92b2dad39:   48 8b 08 8b 39 48 8b cb e8 4a d4 f4 ff 90 8b c7
  0x00007ff92b2dad49:   48 8b 5c 24 30 48 83 c4 20 5f c3 cc cc cc cc cc
  0x00007ff92b2dad59:   cc cc cc cc cc cc cc 48 89 5c 24 08 57 48 83 ec
  0x00007ff92b2dad69:   20 8b f9 e8 5f d2 f4 ff 48 8b d8 48 89 44 24 38
  0x00007ff92b2dad79:   41 b8 01 00 00 00 8b d7 48 8b c8 e8 c7 d1 f4 ff
=>0x00007ff92b2dad89:   48 8b 78 28 48 8b cb e8 fb d3 f4 ff 90 48 8b c7
  0x00007ff92b2dad99:   48 8b 5c 24 30 48 83 c4 20 5f c3 cc cc cc cc cc
  0x00007ff92b2dada9:   cc cc cc cc cc cc cc 48 89 5c 24 08 57 48 83 ec
  0x00007ff92b2dadb9:   20 8b f9 e8 0f d2 f4 ff 48 8b d8 48 89 44 24 38
  0x00007ff92b2dadc9:   41 b8 01 00 00 00 8b d7 48 8b c8 e8 77 d1 f4 ff
  0x00007ff92b2dadd9:   48 8b 78 30 48 8b cb e8 ab d3 f4 ff 90 48 8b c7
  0x00007ff92b2dade9:   48 8b 5c 24 30 48 83 c4 20 5f c3 cc cc cc cc cc
  0x00007ff92b2dadf9:   cc cc cc cc cc cc cc 48 89 5c 24 08 57 48 83 ec
  0x00007ff92b2dae09:   20 8b f9 e8 bf d1 f4 ff 48 8b d8 48 89 44 24 38
  0x00007ff92b2dae19:   41 b8 01 00 00 00 8b d7 48 8b c8 e8 27 d1 f4 ff
  0x00007ff92b2dae29:   48 8b 78 08 48 85 ff 74 07 48 8b bf 08 0c 00 00
  0x00007ff92b2dae39:   48 8b cb e8 4f d3 f4 ff 90 48 8b c7 48 8b 5c 24
  0x00007ff92b2dae49:   30 48 83 c4 20 5f c3 f3 0f 10 41 48 c3 cc cc cc
  0x00007ff92b2dae59:   cc cc cc cc cc cc cc f3 0f 10 41 4c c3 cc cc cc
  0x00007ff92b2dae69:   cc cc cc cc cc cc cc 48 89 5c 24 10 48 89 74 24
  0x00007ff92b2dae79:   18 55 57 41 56 48 8d 6c 24 e0 48 81 ec 20 01 00


Stack slot to memory mapping:

stack at sp + 0 slots: 0x00007ff92b337838 awt.dll
stack at sp + 1 slots: 0x0000012e451a8a90 points into unknown readable memory: 0x0000012e45112cc0 | c0 2c 11 45 2e 01 00 00
stack at sp + 2 slots: 0x0000012e45a16ba8 points into unknown readable memory: 0x00007ff8deb2c9d0 | d0 c9 b2 de f8 7f 00 00
stack at sp + 3 slots: 0x0000012e451a8a90 points into unknown readable memory: 0x0000012e45112cc0 | c0 2c 11 45 2e 01 00 00
stack at sp + 4 slots: 0x0000012e45a16ba8 points into unknown readable memory: 0x00007ff8deb2c9d0 | d0 c9 b2 de f8 7f 00 00
stack at sp + 5 slots: 0x00007ff92b2da148 awt.dll
stack at sp + 6 slots: 0x0000012e451a8a90 points into unknown readable memory: 0x0000012e45112cc0 | c0 2c 11 45 2e 01 00 00
stack at sp + 7 slots: 0x0000012e451a8a90 points into unknown readable memory: 0x0000012e45112cc0 | c0 2c 11 45 2e 01 00 00

Lock stack of current Java thread (top to bottom):

native method entry point (kind = native)  [0x0000012e5ddcca40, 0x0000012e5ddcd478]  2616 bytes
[MachCode]
  0x0000012e5ddcca40: 488b 4b08 | 0fb7 492e | 584c 8d74 | ccf8 6800 | 0000 0068 | 0000 0000 | 5055 488b | ec41 5568 
  0x0000012e5ddcca60: 0000 0000 | 4c8b 6b08 | 4d8d 6d38 | 5348 8b53 | 0848 8b52 | 0848 8b52 | 1848 8b52 | 7048 8b12 
  0x0000012e5ddcca80: 5248 8b53 | 1048 85d2 | 0f84 0700 | 0000 4881 | c208 0100 | 0052 488b | 5308 488b | 5208 488b 
  0x0000012e5ddccaa0: 5210 5249 | 8bc6 482b | c548 c1e8 | 0350 6800 | 0000 0068 | f7ff ffff | 41c6 8771 | 0400 0001 
  0x0000012e5ddccac0: 488b 4310 | 4885 c074 | 208b 88cc | 0000 0083 | c102 8988 | cc00 0000 | 2388 e000 | 0000 0f84 
  0x0000012e5ddccae0: e408 0000 | e9cd 0000 | 0048 8b43 | 1848 85c0 | 0f85 b000 | 0000 e805 | 0000 00e9 | 9900 0000 
  0x0000012e5ddccb00: 488b d348 | 8d44 2408 | 4c89 6dc0 | 498b cfc5 | f877 4989 | afb8 0300 | 0049 8987 | a803 0000 
  0x0000012e5ddccb20: 4883 ec20 | 40f6 c40f | 0f84 1900 | 0000 4883 | ec08 48b8 | e016 25de | f87f 0000 | ffd0 4883 
  0x0000012e5ddccb40: c408 e90c | 0000 0048 | b8e0 1625 | def8 7f00 | 00ff d048 | 83c4 2049 | c787 a803 | 0000 0000 
  0x0000012e5ddccb60: 0000 49c7 | 87b8 0300 | 0000 0000 | 0049 c787 | b003 0000 | 0000 0000 | c5f8 7749 | 837f 0800 
  0x0000012e5ddccb80: 0f84 0500 | 0000 e935 | 43ff ff4c | 8b6d c04c | 8b75 c84e | 8d74 f500 | c348 8b43 | 1848 85c0 
  0x0000012e5ddccba0: 0f84 1000 | 0000 8b08 | 83c1 0289 | 0823 4814 | 0f84 1208 | 0000 493b | a7f0 0400 | 000f 8748 
  0x0000012e5ddccbc0: 0000 0089 | 8424 00f0 | ffff 8984 | 2400 e0ff | ff89 8424 | 00d0 ffff | 8984 2400 | c0ff ff89 
  0x0000012e5ddccbe0: 8424 00b0 | ffff 8984 | 2400 a0ff | ff89 8424 | 0090 ffff | 8984 2400 | 80ff ff49 | 3ba7 e804 
  0x0000012e5ddccc00: 0000 7607 | 4989 a7f0 | 0400 0041 | c687 7104 | 0000 0048 | 8b5d e84c | 8b5b 0845 | 0fb7 5b2e 
  0x0000012e5ddccc20: 41c1 e303 | 492b e348 | 83ec 2048 | 83e4 f04c | 8b5b 604d | 85db 0f85 | ab00 0000 | e805 0000 
  0x0000012e5ddccc40: 00e9 9900 | 0000 488b | d348 8d44 | 2408 4c89 | 6dc0 498b | cfc5 f877 | 4989 afb8 | 0300 0049 
  0x0000012e5ddccc60: 8987 a803 | 0000 4883 | ec20 40f6 | c40f 0f84 | 1900 0000 | 4883 ec08 | 48b8 0041 | 25de f87f 
  0x0000012e5ddccc80: 0000 ffd0 | 4883 c408 | e90c 0000 | 0048 b800 | 4125 def8 | 7f00 00ff | d048 83c4 | 2049 c787 
  0x0000012e5ddccca0: a803 0000 | 0000 0000 | 49c7 87b8 | 0300 0000 | 0000 0049 | c787 b003 | 0000 0000 | 0000 c5f8 
  0x0000012e5ddcccc0: 7749 837f | 0800 0f84 | 0500 0000 | e9ef 41ff | ff4c 8b6d | c04c 8b75 | c84e 8d74 | f500 c348 
  0x0000012e5ddccce0: 8b5d e84c | 8b5b 6041 | ffd3 488b | 5de8 4889 | 4518 448b | 5b28 41f6 | c308 0f84 | 1b00 0000 
  0x0000012e5ddccd00: 4c8b 5b08 | 4d8b 5b08 | 4d8b 5b18 | 4d8b 5b70 | 4d8b 1b4c | 895d 1048 | 8d55 1048 | 8b43 5849 
  0x0000012e5ddccd20: ba70 8c5e | def8 7f00 | 0049 3bc2 | 0f85 ab00 | 0000 e805 | 0000 00e9 | 9900 0000 | 488b d348 
  0x0000012e5ddccd40: 8d44 2408 | 4c89 6dc0 | 498b cfc5 | f877 4989 | afb8 0300 | 0049 8987 | a803 0000 | 4883 ec20 
  0x0000012e5ddccd60: 40f6 c40f | 0f84 1900 | 0000 4883 | ec08 48b8 | 0041 25de | f87f 0000 | ffd0 4883 | c408 e90c 
  0x0000012e5ddccd80: 0000 0048 | b800 4125 | def8 7f00 | 00ff d048 | 83c4 2049 | c787 a803 | 0000 0000 | 0000 49c7 
  0x0000012e5ddccda0: 87b8 0300 | 0000 0000 | 0049 c787 | b003 0000 | 0000 0000 | c5f8 7749 | 837f 0800 | 0f84 0500 
  0x0000012e5ddccdc0: 0000 e9f9 | 40ff ff4c | 8b6d c04c | 8b75 c84e | 8d74 f500 | c348 8b5d | e848 8b43 | 5849 8d8f 
  0x0000012e5ddccde0: c803 0000 | 4c8d 15d5 | 0000 004d | 8997 b003 | 0000 c5f8 | 7749 89af | b803 0000 | 4989 a7a8 
  0x0000012e5ddcce00: 0300 0041 | c787 5404 | 0000 0400 | 0000 493b | a748 0500 | 0076 0749 | 89a7 4805 | 0000 ffd0 
  0x0000012e5ddcce20: 493b a748 | 0500 0072 | 0b49 c787 | 4805 0000 | 0000 0000 | c5f8 7748 | 83ec 10c5 | fb11 0424 
  0x0000012e5ddcce40: 4883 ec10 | 4889 0424 | 48c7 4424 | 0800 0000 | 0041 c787 | 5404 0000 | 0500 0000 | f083 4424 
  0x0000012e5ddcce60: c000 493b | 6f28 0f87 | 0e00 0000 | 4183 bf50 | 0400 0000 | 0f84 2000 | 0000 498b | cf4c 8be4 
  0x0000012e5ddcce80: 4883 ec20 | 4883 e4f0 | 48b8 f0a5 | 26de f87f | 0000 ffd0 | 498b e44d | 33e4 41c7 | 8754 0400 
  0x0000012e5ddccea0: 0008 0000 | 004d 8b97 | 7005 0000 | 4983 fa00 | 7435 49c7 | 8770 0500 | 0000 0000 | 0041 ffe2 
  0x0000012e5ddccec0: 49ba 00bb | dc5d 2e01 | 0000 41ff | d248 83ec | 10c5 fb11 | 0424 4883 | ec10 4889 | 0424 48c7 
  0x0000012e5ddccee0: 4424 0800 | 0000 0049 | c787 a803 | 0000 0000 | 0000 49c7 | 87b8 0300 | 0000 0000 | 0049 c787 
  0x0000012e5ddccf00: b003 0000 | 0000 0000 | c5f8 774d | 8b9f 3804 | 0000 41c7 | 8300 0100 | 0000 0000 | 0049 bb3a 
  0x0000012e5ddccf20: a4dc 5d2e | 0100 004c | 3b5d 180f | 8555 0100 | 0048 8b04 | 2448 83c4 | 1048 85c0 | 0f84 2f01 
  0x0000012e5ddccf40: 0000 a803 | 0f85 0800 | 0000 488b | 00e9 1f01 | 0000 a801 | 0f85 0900 | 0000 488b | 40fe e90e 
  0x0000012e5ddccf60: 0100 0048 | 8b40 ff41 | 807f 4800 | 0f84 ff00 | 0000 4883 | f800 0f84 | f500 0000 | 4d8b 5f38 
  0x0000012e5ddccf80: 4d85 db0f | 8414 0000 | 0049 83eb | 084d 895f | 384d 035f | 4049 8903 | e9d4 0000 | 0048 83ec 
  0x0000012e5ddccfa0: 7048 8904 | 2448 894c | 2408 4889 | 5424 104c | 8944 2418 | 4c89 4c24 | 204c 8954 | 2428 4c89 
  0x0000012e5ddccfc0: 5c24 30c5 | fb11 4424 | 40c5 fb11 | 4c24 48c5 | fb11 5424 | 50c5 fb11 | 5c24 58c5 | fb11 6424 
  0x0000012e5ddccfe0: 60c5 fb11 | 6c24 6849 | 8bd7 488b | c848 83ec | 2040 f6c4 | 0f0f 8419 | 0000 0048 | 83ec 0848 
  0x0000012e5ddcd000: b8e0 1819 | def8 7f00 | 00ff d048 | 83c4 08e9 | 0c00 0000 | 48b8 e018 | 19de f87f | 0000 ffd0 
  0x0000012e5ddcd020: 4883 c420 | c5fb 106c | 2468 c5fb | 1064 2460 | c5fb 105c | 2458 c5fb | 1054 2450 | c5fb 104c 
  0x0000012e5ddcd040: 2448 c5fb | 1044 2440 | 4c8b 5c24 | 304c 8b54 | 2428 4c8b | 4c24 204c | 8b44 2418 | 488b 5424 
  0x0000012e5ddcd060: 1048 8b4c | 2408 488b | 0424 4883 | c470 c5f8 | 7748 8945 | 1048 83ec | 1048 8904 | 2448 c744 
  0x0000012e5ddcd080: 2408 0000 | 0000 4183 | bfd0 0400 | 0002 0f85 | bf00 0000 | 4881 ec80 | 0000 0048 | 8944 2478 
  0x0000012e5ddcd0a0: 4889 4c24 | 7048 8954 | 2468 4889 | 5c24 6048 | 896c 2450 | 4889 7424 | 4848 897c | 2440 4c89 
  0x0000012e5ddcd0c0: 4424 384c | 894c 2430 | 4c89 5424 | 284c 895c | 2420 4c89 | 6424 184c | 896c 2410 | 4c89 7424 
  0x0000012e5ddcd0e0: 084c 893c | 244c 8be4 | 4883 ec20 | 4883 e4f0 | 48b8 6074 | 5ede f87f | 0000 ffd0 | 498b e44c 
  0x0000012e5ddcd100: 8b3c 244c | 8b74 2408 | 4c8b 6c24 | 104c 8b64 | 2418 4c8b | 5c24 204c | 8b54 2428 | 4c8b 4c24 
  0x0000012e5ddcd120: 304c 8b44 | 2438 488b | 7c24 4048 | 8b74 2448 | 488b 6c24 | 5048 8b5c | 2460 488b | 5424 6848 
  0x0000012e5ddcd140: 8b4c 2470 | 488b 4424 | 7848 81c4 | 8000 0000 | 4d33 e448 | 8b5d e84c | 8b6b 084d | 8d6d 3849 
  0x0000012e5ddcd160: 837f 0800 | 0f84 bb00 | 0000 e805 | 0000 00e9 | 9600 0000 | 488d 4424 | 084c 896d | c049 8bcf 
  0x0000012e5ddcd180: c5f8 7749 | 89af b803 | 0000 4989 | 87a8 0300 | 0048 83ec | 2040 f6c4 | 0f0f 8419 | 0000 0048 
  0x0000012e5ddcd1a0: 83ec 0848 | b8a0 5f25 | def8 7f00 | 00ff d048 | 83c4 08e9 | 0c00 0000 | 48b8 a05f | 25de f87f 
  0x0000012e5ddcd1c0: 0000 ffd0 | 4883 c420 | 49c7 87a8 | 0300 0000 | 0000 0049 | c787 b803 | 0000 0000 | 0000 49c7 
  0x0000012e5ddcd1e0: 87b0 0300 | 0000 0000 | 00c5 f877 | 4983 7f08 | 000f 8405 | 0000 00e9 | c43c ffff | 4c8b 6dc0 
  0x0000012e5ddcd200: 4c8b 75c8 | 4e8d 74f5 | 00c3 48b9 | e034 8ede | f87f 0000 | 4883 e4f0 | 48b8 1090 | 4bde f87f 
  0x0000012e5ddcd220: 0000 ffd0 | f444 8b5b | 2841 f6c3 | 200f 8472 | 0100 0048 | 8d55 a84c | 8b5a 084d | 85db 0f85 
  0x0000012e5ddcd240: bb00 0000 | e805 0000 | 00e9 9600 | 0000 488d | 4424 084c | 896d c049 | 8bcf c5f8 | 7749 89af 
  0x0000012e5ddcd260: b803 0000 | 4989 87a8 | 0300 0048 | 83ec 2040 | f6c4 0f0f | 8419 0000 | 0048 83ec | 0848 b8d0 
  0x0000012e5ddcd280: 5e25 def8 | 7f00 00ff | d048 83c4 | 08e9 0c00 | 0000 48b8 | d05e 25de | f87f 0000 | ffd0 4883 
  0x0000012e5ddcd2a0: c420 49c7 | 87a8 0300 | 0000 0000 | 0049 c787 | b803 0000 | 0000 0000 | 49c7 87b0 | 0300 0000 
  0x0000012e5ddcd2c0: 0000 00c5 | f877 4983 | 7f08 000f | 8405 0000 | 00e9 ea3b | ffff 4c8b | 6dc0 4c8b | 75c8 4e8d 
  0x0000012e5ddcd2e0: 74f5 00c3 | 48b9 e034 | 8ede f87f | 0000 4883 | e4f0 48b8 | 1090 4bde | f87f 0000 | ffd0 f44c 
  0x0000012e5ddcd300: 896d c04c | 8b4a 0848 | c742 0800 | 0000 0045 | 8b87 5806 | 0000 4f3b | 4c07 f80f | 8542 0000 
  0x0000012e5ddcd320: 0041 83af | 5806 0000 | 084f 3b4c | 07f0 0f84 | 2a00 0000 | 498b 01a8 | 020f 8512 | 0000 004c 
  0x0000012e5ddcd340: 8bc0 4983 | c801 f04d | 0fb1 010f | 840d 0000 | 0041 8387 | 5806 0000 | 08e9 0500 | 0000 e93e 
  0x0000012e5ddcd360: 0000 004c | 894a 0848 | 8bca 4883 | ec20 40f6 | c40f 0f84 | 1900 0000 | 4883 ec08 | 48b8 f030 
  0x0000012e5ddcd380: 25de f87f | 0000 ffd0 | 4883 c408 | e90c 0000 | 0048 b8f0 | 3025 def8 | 7f00 00ff | d048 83c4 
  0x0000012e5ddcd3a0: 204c 8b6d | c048 8b04 | 2448 83c4 | 10c5 fb10 | 0424 4883 | c410 4c8b | 5d18 41ff | d34c 8b5d 
  0x0000012e5ddcd3c0: f8c9 5f49 | 8be3 ffe7 | ba00 0000 | 00e8 0500 | 0000 e996 | 0000 0048 | 8d44 2408 | 4c89 6dc0 
  0x0000012e5ddcd3e0: 498b cfc5 | f877 4989 | afb8 0300 | 0049 8987 | a803 0000 | 4883 ec20 | 40f6 c40f | 0f84 1900 
  0x0000012e5ddcd400: 0000 4883 | ec08 48b8 | a025 25de | f87f 0000 | ffd0 4883 | c408 e90c | 0000 0048 | b8a0 2525 
  0x0000012e5ddcd420: def8 7f00 | 00ff d048 | 83c4 2049 | c787 a803 | 0000 0000 | 0000 49c7 | 87b8 0300 | 0000 0000 
  0x0000012e5ddcd440: 0049 c787 | b003 0000 | 0000 0000 | c5f8 7749 | 837f 0800 | 0f84 0500 | 0000 e961 | 3aff ff4c 
  0x0000012e5ddcd460: 8b6d c04c | 8b75 c84e | 8d74 f500 | c348 8b5d | e8e9 40f7 | ffff 6690 
[/MachCode]

Compiled method (c1) 2138451 1919   !   3       java.awt.event.InvocationEvent::dispatch (69 bytes)
 total in heap  [0x0000012e56c4a708,0x0000012e56c4af00] = 2040
 relocation     [0x0000012e56c4a7e0,0x0000012e56c4a868] = 136
 main code      [0x0000012e56c4a880,0x0000012e56c4ae90] = 1552
 stub code      [0x0000012e56c4ae90,0x0000012e56c4aef8] = 104
 metadata       [0x0000012e56c4aef8,0x0000012e56c4af00] = 8
 immutable data [0x0000012e45bbb5d0,0x0000012e45bbb778] = 424
 dependencies   [0x0000012e45bbb5d0,0x0000012e45bbb5d8] = 8
 nul chk table  [0x0000012e45bbb5d8,0x0000012e45bbb5f0] = 24
 handler table  [0x0000012e45bbb5f0,0x0000012e45bbb680] = 144
 scopes pcs     [0x0000012e45bbb680,0x0000012e45bbb720] = 160
 scopes data    [0x0000012e45bbb720,0x0000012e45bbb778] = 88

[Constant Pool (empty)]

[MachCode]
[Instructions begin]
  0x0000012e56c4a880: 6666 660f | 1f84 0000 | 0000 0066 | 6666 9066 | 6690 448b | 5208 443b 

  0x0000012e56c4a898: ;   {runtime_call Shared Runtime ic_miss_blob}
  0x0000012e56c4a898: 5008 0f85 | c03e 1c07 
[Verified Entry Point]
  0x0000012e56c4a8a0: 8984 2400 | 80ff ff55 | 4883 ec30 | 4181 7f20 | 0100 0000 

  0x0000012e56c4a8b4: ;   {runtime_call StubRoutines (final stubs)}
  0x0000012e56c4a8b4: 7405 e845 | b01a 0748 | 8954 2418 

  0x0000012e56c4a8c0: ;   {metadata(method data for {method} {0x0000012e4169d5f0} 'dispatch' '()V' in 'java/awt/event/InvocationEvent')}
  0x0000012e56c4a8c0: 48be 285c | 9041 2e01 | 0000 8bbe | cc00 0000 | 83c7 0289 | becc 0000 | 0081 e7fe | 0700 0085 
  0x0000012e56c4a8e0: ff0f 84c7 | 0400 000f | be72 1d85 

  0x0000012e56c4a8ec: ;   {metadata(method data for {method} {0x0000012e4169d5f0} 'dispatch' '()V' in 'java/awt/event/InvocationEvent')}
  0x0000012e56c4a8ec: f648 be28 | 5c90 412e | 0100 00bf | 1001 0000 | 7405 bf20 | 0100 0048 | 8b1c 3e48 | 8d5b 0148 
  0x0000012e56c4a90c: 891c 3e0f | 84d1 0000 | 008b 7228 | 48c1 e603 

  0x0000012e56c4a91c: ; implicit exception: dispatches to 0x0000012e56c4adcf
  0x0000012e56c4a91c: 483b 0648 

  0x0000012e56c4a920: ;   {metadata(method data for {method} {0x0000012e4169d5f0} 'dispatch' '()V' in 'java/awt/event/InvocationEvent')}
  0x0000012e56c4a920: 8bfe 48bb | 285c 9041 | 2e01 0000 | 8b7f 0849 | ba00 0000 | 002e 0100 | 0049 03fa | 483b bb38 
  0x0000012e56c4a940: 0100 0075 | 0d48 8383 | 4001 0000 | 01e9 6000 | 0000 483b | bb48 0100 | 0075 0d48 | 8383 5001 
  0x0000012e56c4a960: 0000 01e9 | 4a00 0000 | 4883 bb38 | 0100 0000 | 7517 4889 | bb38 0100 | 0048 c783 | 4001 0000 
  0x0000012e56c4a980: 0100 0000 | e929 0000 | 0048 83bb | 4801 0000 | 0075 1748 | 89bb 4801 | 0000 48c7 | 8350 0100 
  0x0000012e56c4a9a0: 0001 0000 | 00e9 0800 | 0000 4883 | 8330 0100 | 0001 488b | d648 b8f0 | feb0 452e 

  0x0000012e56c4a9bc: ;   {virtual_call}
  0x0000012e56c4a9bc: 0100 00e8 

  0x0000012e56c4a9c0: ; ImmutableOopMap {[24]=Oop }
                      ;*invokeinterface run {reexecute=0 rethrow=0 return_oop=0}
                      ; - java.awt.event.InvocationEvent::dispatch@11 (line 308)
  0x0000012e56c4a9c0: 9c43 1c07 

  0x0000012e56c4a9c4: ;   {post_call_nop}
  0x0000012e56c4a9c4: 0f1f 8400 | bc02 0000 

  0x0000012e56c4a9cc: ;   {metadata(method data for {method} {0x0000012e4169d5f0} 'dispatch' '()V' in 'java/awt/event/InvocationEvent')}
  0x0000012e56c4a9cc: 48ba 285c | 9041 2e01 | 0000 ff82 | 6001 0000 | 488b 5424 | 18e9 1f03 | 0000 8b72 | 2848 c1e6 
  0x0000012e56c4a9ec: 0348 3b06 

  0x0000012e56c4a9f0: ;   {metadata(method data for {method} {0x0000012e4169d5f0} 'dispatch' '()V' in 'java/awt/event/InvocationEvent')}
  0x0000012e56c4a9f0: 488b fe48 | bb28 5c90 | 412e 0100 | 008b 7f08 | 49ba 0000 | 0000 2e01 | 0000 4903 | fa48 3bbb 
  0x0000012e56c4aa10: 1802 0000 | 750d 4883 | 8320 0200 | 0001 e960 | 0000 0048 | 3bbb 2802 | 0000 750d | 4883 8330 
  0x0000012e56c4aa30: 0200 0001 | e94a 0000 | 0048 83bb | 1802 0000 | 0075 1748 | 89bb 1802 | 0000 48c7 | 8320 0200 
  0x0000012e56c4aa50: 0001 0000 | 00e9 2900 | 0000 4883 | bb28 0200 | 0000 7517 | 4889 bb28 | 0200 0048 | c783 3002 
  0x0000012e56c4aa70: 0000 0100 | 0000 e908 | 0000 0048 | 8383 1002 | 0000 0148 | 8bd6 0f1f | 8000 0000 | 0048 b818 
  0x0000012e56c4aa90: ffb0 452e 

  0x0000012e56c4aa94: ;   {virtual_call}
  0x0000012e56c4aa94: 0100 00e8 

  0x0000012e56c4aa98: ; ImmutableOopMap {[24]=Oop }
                      ;*invokeinterface run {reexecute=0 rethrow=0 return_oop=0}
                      ; - java.awt.event.InvocationEvent::dispatch@47 (line 318)
  0x0000012e56c4aa98: b4f0 2807 

  0x0000012e56c4aa9c: ;   {post_call_nop}
  0x0000012e56c4aa9c: 0f1f 8400 | 9403 0001 | 488b 5424 | 18e9 5702 | 0000 498b | 8708 0500 | 004d 33d2 | 4d89 9708 
  0x0000012e56c4aabc: 0500 004d | 33d2 4d89 | 9710 0500 | 0048 85c0 

  0x0000012e56c4aacc: ;   {metadata(method data for {method} {0x0000012e4169d5f0} 'dispatch' '()V' in 'java/awt/event/InvocationEvent')}
  0x0000012e56c4aacc: 48be 285c | 9041 2e01 | 0000 750c | 808e 7101 | 0000 01e9 | af00 0000 | 8b78 0849 | ba00 0000 
  0x0000012e56c4aaec: 002e 0100 | 0049 03fa | 483b be80 | 0100 0075 | 0d48 8386 | 8801 0000 | 01e9 6000 | 0000 483b 
  0x0000012e56c4ab0c: be90 0100 | 0075 0d48 | 8386 9801 | 0000 01e9 | 4a00 0000 | 4883 be80 | 0100 0000 | 7517 4889 
  0x0000012e56c4ab2c: be80 0100 | 0048 c786 | 8801 0000 | 0100 0000 | e929 0000 | 0048 83be | 9001 0000 | 0075 1748 
  0x0000012e56c4ab4c: 89be 9001 | 0000 48c7 | 8698 0100 | 0001 0000 | 00e9 0800 | 0000 4883 | 8678 0100 

  0x0000012e56c4ab68: ;   {metadata('java/lang/Exception')}
  0x0000012e56c4ab68: 0001 48bf | e8f4 1b00 | 2e01 0000 | 8b70 0849 | ba00 0000 | 002e 0100 | 0049 03f2 | 483b 7e40 
  0x0000012e56c4ab88: 0f85 0500 | 0000 e905 | 0000 004d | 33c0 eb06 | 41b8 0100 | 0000 4585 

  0x0000012e56c4aba0: ;   {metadata(method data for {method} {0x0000012e4169d5f0} 'dispatch' '()V' in 'java/awt/event/InvocationEvent')}
  0x0000012e56c4aba0: c049 b828 | 5c90 412e | 0100 00ba | a801 0000 | 7405 bab8 | 0100 0049 | 8b34 1048 | 8d76 0149 
  0x0000012e56c4abc0: 8934 1048 | 8b54 2418 | 0f84 f900 | 0000 4885 

  0x0000012e56c4abd0: ;   {metadata(method data for {method} {0x0000012e4169d5f0} 'dispatch' '()V' in 'java/awt/event/InvocationEvent')}
  0x0000012e56c4abd0: c048 bf28 | 5c90 412e | 0100 0075 | 0c80 8fc1 | 0100 0001 | e9af 0000 | 008b 5808 | 49ba 0000 
  0x0000012e56c4abf0: 0000 2e01 | 0000 4903 | da48 3b9f | d001 0000 | 750d 4883 | 87d8 0100 | 0001 e960 | 0000 0048 
  0x0000012e56c4ac10: 3b9f e001 | 0000 750d | 4883 87e8 | 0100 0001 | e94a 0000 | 0048 83bf | d001 0000 | 0075 1748 
  0x0000012e56c4ac30: 899f d001 | 0000 48c7 | 87d8 0100 | 0001 0000 | 00e9 2900 | 0000 4883 | bfe0 0100 | 0000 7517 
  0x0000012e56c4ac50: 4889 9fe0 | 0100 0048 | c787 e801 | 0000 0100 | 0000 e908 | 0000 0048 | 8387 c801 

  0x0000012e56c4ac6c: ;   {metadata('java/lang/Exception')}
  0x0000012e56c4ac6c: 0000 0148 | bbe8 f41b | 002e 0100 | 008b 7808 | 49ba 0000 | 0000 2e01 | 0000 4903 | fa48 3b5f 
  0x0000012e56c4ac8c: 400f 8546 | 0100 00e9 | 0000 0000 | 4c8b c041 | 0fbe 7748 | 85f6 0f85 | 3a01 0000 | 4d8b d049 
  0x0000012e56c4acac: c1ea 0344 | 8952 3448 | 8bf2 4933 | f048 c1ee | 1548 83fe | 000f 853a | 0100 0045 | 0fbe 4748 
  0x0000012e56c4accc: 4585 c00f | 8544 0100 | 004c 8bd0 | 49c1 ea03 | 4489 5238 | 4c8b c24c | 33c0 49c1 | e815 4983 
  0x0000012e56c4acec: f800 0f85 | 4501 0000 

  0x0000012e56c4acf4: ;   {metadata(method data for {method} {0x0000012e4169d5f0} 'dispatch' '()V' in 'java/awt/event/InvocationEvent')}
  0x0000012e56c4acf4: 49b8 285c | 9041 2e01 | 0000 41ff | 80f8 0100 | 004c 8bc2 

  0x0000012e56c4ad08: ;   {metadata(method data for {method} {0x0000012e4169d5f0} 'dispatch' '()V' in 'java/awt/event/InvocationEvent')}
  0x0000012e56c4ad08: 48be 285c | 9041 2e01 | 0000 4883 | 8640 0200 | 0001 41b8 | 0100 0000 | 0f1f 8000 

  0x0000012e56c4ad24: ;   {optimized virtual_call}
  0x0000012e56c4ad24: 0000 00e8 

  0x0000012e56c4ad28: ; ImmutableOopMap {}
                      ;*invokevirtual finishedDispatching {reexecute=0 rethrow=0 return_oop=0}
                      ; - java.awt.event.InvocationEvent::dispatch@54 (line 321)
  0x0000012e56c4ad28: 3473 0300 

  0x0000012e56c4ad2c: ;   {post_call_nop}
  0x0000012e56c4ad2c: 0f1f 8400 | 2406 0002 

  0x0000012e56c4ad34: ;   {metadata(method data for {method} {0x0000012e4169d5f0} 'dispatch' '()V' in 'java/awt/event/InvocationEvent')}
  0x0000012e56c4ad34: 48b8 285c | 9041 2e01 | 0000 ff80 | 7002 0000 | 4883 c430 

  0x0000012e56c4ad48: ;   {poll_return}
  0x0000012e56c4ad48: 5d49 3b67 | 280f 87fe | 0000 00c3 | 488b 5424 | 1849 8b87 | 0805 0000 | 4d33 d24d | 8997 0805 
  0x0000012e56c4ad68: 0000 4d33 | d24d 8997 | 1005 0000 

  0x0000012e56c4ad74: ;   {metadata(method data for {method} {0x0000012e4169d5f0} 'dispatch' '()V' in 'java/awt/event/InvocationEvent')}
  0x0000012e56c4ad74: 4c8b c248 | be28 5c90 | 412e 0100 | 0048 8386 | 8802 0000 | 0141 b801 | 0000 0048 | 8944 2420 
  0x0000012e56c4ad94: ;   {optimized virtual_call}
  0x0000012e56c4ad94: 6666 90e8 

  0x0000012e56c4ad98: ; ImmutableOopMap {[32]=Oop }
                      ;*invokevirtual finishedDispatching {reexecute=0 rethrow=0 return_oop=0}
                      ; - java.awt.event.InvocationEvent::dispatch@63 (line 321)
  0x0000012e56c4ad98: c43c 1c07 

  0x0000012e56c4ad9c: ;   {post_call_nop}
  0x0000012e56c4ad9c: 0f1f 8400 | 9406 0003 | 488b 4424 | 20e9 d600 

  0x0000012e56c4adac: ;   {metadata({method} {0x0000012e4169d5f0} 'dispatch' '()V' in 'java/awt/event/InvocationEvent')}
  0x0000012e56c4adac: 0000 49ba | e8d5 6941 | 2e01 0000 | 4c89 5424 | 0848 c704 | 24ff ffff 

  0x0000012e56c4adc4: ;   {runtime_call C1 Runtime counter_overflow_blob}
  0x0000012e56c4adc4: ffe8 969f 

  0x0000012e56c4adc8: ; ImmutableOopMap {rdx=Oop [24]=Oop }
                      ;*synchronization entry
                      ; - java.awt.event.InvocationEvent::dispatch@-1 (line 306)
  0x0000012e56c4adc8: 2807 e918 

  0x0000012e56c4adcc: ;   {runtime_call C1 Runtime throw_null_pointer_exception_blob}
  0x0000012e56c4adcc: fbff ffe8 

  0x0000012e56c4add0: ; ImmutableOopMap {rdx=Oop rsi=Oop [24]=Oop }
                      ;*invokeinterface run {reexecute=0 rethrow=0 return_oop=0}
                      ; - java.awt.event.InvocationEvent::dispatch@11 (line 308)
  0x0000012e56c4add0: 8c3e 2807 

  0x0000012e56c4add4: ;   {runtime_call C1 Runtime throw_null_pointer_exception_blob}
  0x0000012e56c4add4: e887 3e28 

  0x0000012e56c4add8: ; ImmutableOopMap {rdx=Oop rsi=Oop [24]=Oop }
                      ;*invokeinterface run {reexecute=0 rethrow=0 return_oop=0}
                      ; - java.awt.event.InvocationEvent::dispatch@47 (line 318)
  0x0000012e56c4add8: 0748 8904 

  0x0000012e56c4addc: ;   {runtime_call C1 Runtime throw_class_cast_exception_blob}
  0x0000012e56c4addc: 24e8 7e72 

  0x0000012e56c4ade0: ; ImmutableOopMap {rax=Oop rdx=Oop [24]=Oop }
                      ;*checkcast {reexecute=0 rethrow=0 return_oop=0}
                      ; - java.awt.event.InvocationEvent::dispatch@29 (line 312)
  0x0000012e56c4ade0: 2807 8b72 | 3448 c1e6 | 0348 83fe | 000f 84b5 | feff ff48 

  0x0000012e56c4adf4: ;   {runtime_call g1_pre_barrier_slow}
  0x0000012e56c4adf4: 8934 24e8 | 64a5 2807 | e9a7 feff | ff49 83f8 | 000f 84bc | feff ff48 

  0x0000012e56c4ae0c: ;   {runtime_call g1_post_barrier_slow}
  0x0000012e56c4ae0c: 8914 24e8 | 4ca8 2807 | e9ae feff | ff44 8b42 | 3849 c1e0 | 0349 83f8 | 000f 84aa | feff ff4c 
  0x0000012e56c4ae2c: ;   {runtime_call g1_pre_barrier_slow}
  0x0000012e56c4ae2c: 8904 24e8 | 2ca5 2807 | e99c feff | ff48 83f8 | 000f 84b1 | feff ff48 

  0x0000012e56c4ae44: ;   {runtime_call g1_post_barrier_slow}
  0x0000012e56c4ae44: 8914 24e8 | 14a8 2807 | e9a3 feff 

  0x0000012e56c4ae50: ;   {internal_word}
  0x0000012e56c4ae50: ff49 ba49 | adc4 562e | 0100 004d | 8997 6004 

  0x0000012e56c4ae60: ;   {runtime_call SafepointBlob}
  0x0000012e56c4ae60: 0000 e979 | ae1c 0749 | 8b87 0805 | 0000 49c7 | 8708 0500 | 0000 0000 | 0049 c787 | 1005 0000 
  0x0000012e56c4ae80: 0000 0000 | 4883 c430 

  0x0000012e56c4ae88: ;   {runtime_call C1 Runtime unwind_exception_blob}
  0x0000012e56c4ae88: 5de9 d227 | 2807 f4f4 
[Stub Code]
  0x0000012e56c4ae90: ;   {no_reloc}
  0x0000012e56c4ae90: 0f1f 4400 

  0x0000012e56c4ae94: ;   {static_stub}
  0x0000012e56c4ae94: 0048 bb00 | 0000 0000 

  0x0000012e56c4ae9c: ;   {runtime_call nmethod}
  0x0000012e56c4ae9c: 0000 00e9 | fbff ffff 

  0x0000012e56c4aea4: ;   {static_stub}
  0x0000012e56c4aea4: 9048 bb00 | 0000 0000 

  0x0000012e56c4aeac: ;   {runtime_call nmethod}
  0x0000012e56c4aeac: 0000 00e9 | fbff ffff 

  0x0000012e56c4aeb4: ;   {static_stub}
  0x0000012e56c4aeb4: 48bb e8d9 | 6941 2e01 

  0x0000012e56c4aebc: ;   {runtime_call I2C/C2I adapters}
  0x0000012e56c4aebc: 0000 e9f3 

  0x0000012e56c4aec0: ;   {runtime_call C1 Runtime handle_exception_from_callee_blob}
  0x0000012e56c4aec0: 981c 07e8 | 986b 2807 

  0x0000012e56c4aec8: ;   {external_word}
  0x0000012e56c4aec8: 48b9 e034 | 8ede f87f | 0000 4883 

  0x0000012e56c4aed4: ;   {runtime_call}
  0x0000012e56c4aed4: e4f0 48b8 | 1090 4bde | f87f 0000 

  0x0000012e56c4aee0: ;   {section_word}
  0x0000012e56c4aee0: ffd0 f449 | bae3 aec4 | 562e 0100 

  0x0000012e56c4aeec: ;   {runtime_call DeoptimizationBlob}
  0x0000012e56c4aeec: 0041 52e9 | 8ca3 1c07 | f4f4 f4f4 
[/MachCode]


Compiled method (c1) 2138468 1880       3       java.awt.EventQueue::dispatchEventImpl (139 bytes)
 total in heap  [0x0000012e56c3aa88,0x0000012e56c3cfc0] = 9528
 relocation     [0x0000012e56c3ab60,0x0000012e56c3ae08] = 680
 main code      [0x0000012e56c3ae20,0x0000012e56c3cdd8] = 8120
 stub code      [0x0000012e56c3cdd8,0x0000012e56c3cee8] = 272
 oops           [0x0000012e56c3cee8,0x0000012e56c3cef8] = 16
 metadata       [0x0000012e56c3cef8,0x0000012e56c3cfc0] = 200
 immutable data [0x0000012e450d0780,0x0000012e450d0f08] = 1928
 dependencies   [0x0000012e450d0780,0x0000012e450d07b8] = 56
 nul chk table  [0x0000012e450d07b8,0x0000012e450d0838] = 128
 handler table  [0x0000012e450d0838,0x0000012e450d08f8] = 192
 scopes pcs     [0x0000012e450d08f8,0x0000012e450d0cd8] = 992
 scopes data    [0x0000012e450d0cd8,0x0000012e450d0f08] = 560

[Constant Pool (empty)]

[MachCode]
[Instructions begin]
  0x0000012e56c3ae20: 6666 660f | 1f84 0000 | 0000 0066 | 6666 9066 | 6690 448b | 5208 443b 

  0x0000012e56c3ae38: ;   {runtime_call Shared Runtime ic_miss_blob}
  0x0000012e56c3ae38: 5008 0f85 | 2039 1d07 
[Verified Entry Point]
  0x0000012e56c3ae40: 8984 2400 | 80ff ff55 | 4881 ecd0 | 0000 0090 | 4181 7f20 | 0100 0000 

  0x0000012e56c3ae58: ;   {runtime_call StubRoutines (final stubs)}
  0x0000012e56c3ae58: 7405 e8a1 | aa1b 074c | 8984 24a8 

  0x0000012e56c3ae64: ;   {metadata(method data for {method} {0x0000012e4118a580} 'dispatchEventImpl' '(Ljava/awt/AWTEvent;Ljava/lang/Object;)V' in 'java/awt/EventQueue')}
  0x0000012e56c3ae64: 0000 0048 | bea0 1391 | 412e 0100 | 008b becc | 0000 0083 | c702 89be | cc00 0000 | 81e7 fe07 
  0x0000012e56c3ae84: 0000 85ff | 0f84 121b | 0000 41c6 | 4016 014d 

  0x0000012e56c3ae94: ;   {metadata(method data for {method} {0x0000012e4118a580} 'dispatchEventImpl' '(Ljava/awt/AWTEvent;Ljava/lang/Object;)V' in 'java/awt/EventQueue')}
  0x0000012e56c3ae94: 85c0 48bb | a013 9141 | 2e01 0000 | 750c 808b | 0901 0000 | 01e9 cb00 | 0000 418b | 4008 49ba 
  0x0000012e56c3aeb4: 0000 0000 | 2e01 0000 | 4903 c248 | 3b83 1801 | 0000 750d | 4883 8320 | 0100 0001 | e960 0000 
  0x0000012e56c3aed4: 0048 3b83 | 2801 0000 | 750d 4883 | 8330 0100 | 0001 e94a | 0000 0048 | 83bb 1801 | 0000 0075 
  0x0000012e56c3aef4: 1748 8983 | 1801 0000 | 48c7 8320 | 0100 0001 | 0000 00e9 | 2900 0000 | 4883 bb28 | 0100 0000 
  0x0000012e56c3af14: 7517 4889 | 8328 0100 | 0048 c783 | 3001 0000 | 0100 0000 | e908 0000 | 0048 8383 | 1001 0000 
  0x0000012e56c3af34: ;   {metadata('java/awt/ActiveEvent')}
  0x0000012e56c3af34: 0148 b8f0 | cd69 412e | 0100 0041 | 8b58 0849 | ba00 0000 | 002e 0100 | 0049 03da | 483b 4320 
  0x0000012e56c3af54: 0f84 2400 | 0000 483b | d80f 841b | 0000 0053 

  0x0000012e56c3af64: ;   {runtime_call C1 Runtime slow_subtype_check_blob}
  0x0000012e56c3af64: 50e8 d676 | 2907 5b5b | 85db 0f84 | 0500 0000 | e905 0000 | 0048 33f6 | eb05 be01 | 0000 0085 
  0x0000012e56c3af84: ;   {metadata(method data for {method} {0x0000012e4118a580} 'dispatchEventImpl' '(Ljava/awt/AWTEvent;Ljava/lang/Object;)V' in 'java/awt/EventQueue')}
  0x0000012e56c3af84: f648 bea0 | 1391 412e | 0100 00bf | 5001 0000 | 7505 bf40 | 0100 0048 | 8b1c 3e48 | 8d5b 0148 
  0x0000012e56c3afa4: 891c 3e0f | 85ab 1500 | 004d 85c9 

  0x0000012e56c3afb0: ;   {metadata(method data for {method} {0x0000012e4118a580} 'dispatchEventImpl' '(Ljava/awt/AWTEvent;Ljava/lang/Object;)V' in 'java/awt/EventQueue')}
  0x0000012e56c3afb0: 48bb a013 | 9141 2e01 | 0000 750c | 808b 0102 | 0000 01e9 | b100 0000 | 418b 4108 | 49ba 0000 
  0x0000012e56c3afd0: 0000 2e01 | 0000 4903 | c248 3b83 | 1002 0000 | 750d 4883 | 8318 0200 | 0001 e960 | 0000 0048 
  0x0000012e56c3aff0: 3b83 2002 | 0000 750d | 4883 8328 | 0200 0001 | e94a 0000 | 0048 83bb | 1002 0000 | 0075 1748 
  0x0000012e56c3b010: 8983 1002 | 0000 48c7 | 8318 0200 | 0001 0000 | 00e9 2900 | 0000 4883 | bb20 0200 | 0000 7517 
  0x0000012e56c3b030: 4889 8320 | 0200 0048 | c783 2802 | 0000 0100 | 0000 e908 | 0000 0048 | 8383 0802 

  0x0000012e56c3b04c: ;   {metadata('java/awt/Component')}
  0x0000012e56c3b04c: 0000 0148 | b878 5609 | 412e 0100 | 0041 8b59 | 0849 ba00 | 0000 002e | 0100 0049 | 03da 483b 
  0x0000012e56c3b06c: 4338 0f85 | 0500 0000 | e905 0000 | 0048 33f6 | eb05 be01 | 0000 0085 

  0x0000012e56c3b084: ;   {metadata(method data for {method} {0x0000012e4118a580} 'dispatchEventImpl' '(Ljava/awt/AWTEvent;Ljava/lang/Object;)V' in 'java/awt/EventQueue')}
  0x0000012e56c3b084: f648 bea0 | 1391 412e | 0100 00bf | 3802 0000 | 7405 bf48 | 0200 0048 | 8b1c 3e48 | 8d5b 0148 
  0x0000012e56c3b0a4: 891c 3e0f | 84e4 0600 | 004d 85c9 

  0x0000012e56c3b0b0: ;   {metadata(method data for {method} {0x0000012e4118a580} 'dispatchEventImpl' '(Ljava/awt/AWTEvent;Ljava/lang/Object;)V' in 'java/awt/EventQueue')}
  0x0000012e56c3b0b0: 48bf a013 | 9141 2e01 | 0000 750c | 808f 5102 | 0000 01e9 | b100 0000 | 418b 5908 | 49ba 0000 
  0x0000012e56c3b0d0: 0000 2e01 | 0000 4903 | da48 3b9f | 6002 0000 | 750d 4883 | 8768 0200 | 0001 e960 | 0000 0048 
  0x0000012e56c3b0f0: 3b9f 7002 | 0000 750d | 4883 8778 | 0200 0001 | e94a 0000 | 0048 83bf | 6002 0000 | 0075 1748 
  0x0000012e56c3b110: 899f 6002 | 0000 48c7 | 8768 0200 | 0001 0000 | 00e9 2900 | 0000 4883 | bf70 0200 | 0000 7517 
  0x0000012e56c3b130: 4889 9f70 | 0200 0048 | c787 7802 | 0000 0100 | 0000 e908 | 0000 0048 | 8387 5802 

  0x0000012e56c3b14c: ;   {metadata('java/awt/Component')}
  0x0000012e56c3b14c: 0000 0148 | bb78 5609 | 412e 0100 | 0041 8b79 | 0849 ba00 | 0000 002e | 0100 0049 | 03fa 483b 
  0x0000012e56c3b16c: 5f38 0f85 | 5218 0000 | e900 0000 | 0049 8bd1 

  0x0000012e56c3b17c: ; implicit exception: dispatches to 0x0000012e56c3c9cf
  0x0000012e56c3b17c: 483b 0248 

  0x0000012e56c3b180: ;   {metadata(method data for {method} {0x0000012e4118a580} 'dispatchEventImpl' '(Ljava/awt/AWTEvent;Ljava/lang/Object;)V' in 'java/awt/EventQueue')}
  0x0000012e56c3b180: 8bf2 48bf | a013 9141 | 2e01 0000 | 8b76 0849 | ba00 0000 | 002e 0100 | 0049 03f2 | 483b b790 
  0x0000012e56c3b1a0: 0200 0075 | 0d48 8387 | 9802 0000 | 01e9 6000 | 0000 483b | b7a0 0200 | 0075 0d48 | 8387 a802 
  0x0000012e56c3b1c0: 0000 01e9 | 4a00 0000 | 4883 bf90 | 0200 0000 | 7517 4889 | b790 0200 | 0048 c787 | 9802 0000 
  0x0000012e56c3b1e0: 0100 0000 | e929 0000 | 0048 83bf | a002 0000 | 0075 1748 | 89b7 a002 | 0000 48c7 | 87a8 0200 
  0x0000012e56c3b200: 0001 0000 | 00e9 0800 | 0000 4883 | 8788 0200 

  0x0000012e56c3b210: ;   {metadata(method data for {method} {0x0000012e41088b08} 'dispatchEvent' '(Ljava/awt/AWTEvent;)V' in 'java/awt/Component')}
  0x0000012e56c3b210: 0001 48be | 481a 9141 | 2e01 0000 | 8bbe cc00 | 0000 83c7 | 0289 becc | 0000 0081 | e7fe ff1f 
  0x0000012e56c3b230: 0085 ff0f | 849b 1700 | 0048 8bf2 

  0x0000012e56c3b23c: ;   {metadata(method data for {method} {0x0000012e41088b08} 'dispatchEvent' '(Ljava/awt/AWTEvent;)V' in 'java/awt/Component')}
  0x0000012e56c3b23c: 48bf 481a | 9141 2e01 | 0000 8b76 | 0849 ba00 | 0000 002e | 0100 0049 | 03f2 483b | b718 0100 
  0x0000012e56c3b25c: 0075 0d48 | 8387 2001 | 0000 01e9 | 6000 0000 | 483b b728 | 0100 0075 | 0d48 8387 | 3001 0000 
  0x0000012e56c3b27c: 01e9 4a00 | 0000 4883 | bf18 0100 | 0000 7517 | 4889 b718 | 0100 0048 | c787 2001 | 0000 0100 
  0x0000012e56c3b29c: 0000 e929 | 0000 0048 | 83bf 2801 | 0000 0075 | 1748 89b7 | 2801 0000 | 48c7 8730 | 0100 0001 
  0x0000012e56c3b2bc: 0000 00e9 | 0800 0000 | 4883 8710 | 0100 0001 | 498b f04c | 8bc6 6666 | 9048 b890 | c8b4 452e 
  0x0000012e56c3b2dc: ;   {virtual_call}
  0x0000012e56c3b2dc: 0100 00e8 

  0x0000012e56c3b2e0: ; ImmutableOopMap {[168]=Oop }
                      ;*invokevirtual dispatchEventImpl {reexecute=0 rethrow=0 return_oop=0}
                      ; - java.awt.Component::dispatchEvent@2 (line 4790)
                      ; - java.awt.EventQueue::dispatchEventImpl@41 (line 725)
  0x0000012e56c3b2e0: 1c20 4907 

  0x0000012e56c3b2e4: ;   {post_call_nop}
  0x0000012e56c3b2e4: 0f1f 8400 | 5c08 0000 | 4c8b 8424 | a800 0000 

  0x0000012e56c3b2f4: ;   {metadata(method data for {method} {0x0000012e4118a580} 'dispatchEventImpl' '(Ljava/awt/AWTEvent;Ljava/lang/Object;)V' in 'java/awt/EventQueue')}
  0x0000012e56c3b2f4: 48be a013 | 9141 2e01 | 0000 458b | 4008 49ba | 0000 0000 | 2e01 0000 | 4d03 c24c | 3b86 c002 
  0x0000012e56c3b314: 0000 750d | 4883 86c8 | 0200 0001 | e960 0000 | 004c 3b86 | d002 0000 | 750d 4883 | 86d8 0200 
  0x0000012e56c3b334: 0001 e94a | 0000 0048 | 83be c002 | 0000 0075 | 174c 8986 | c002 0000 | 48c7 86c8 | 0200 0001 
  0x0000012e56c3b354: 0000 00e9 | 2900 0000 | 4883 bed0 | 0200 0000 | 7517 4c89 | 86d0 0200 | 0048 c786 | d802 0000 
  0x0000012e56c3b374: 0100 0000 | e908 0000 | 0048 8386 | b802 0000 

  0x0000012e56c3b384: ;   {metadata(method data for {method} {0x0000012e410db960} 'dispatched' '()V' in 'java/awt/AWTEvent')}
  0x0000012e56c3b384: 0148 bed0 | 1b91 412e | 0100 008b | becc 0000 | 0083 c702 | 89be cc00 | 0000 81e7 | feff 1f00 
  0x0000012e56c3b3a4: 85ff 0f84 | 4916 0000 | 4c8b 8424 | a800 0000 

  0x0000012e56c3b3b4: ;   {metadata(method data for {method} {0x0000012e410db960} 'dispatched' '()V' in 'java/awt/AWTEvent')}
  0x0000012e56c3b3b4: 4d85 c048 | bbd0 1b91 | 412e 0100 | 0075 0c80 | 8b09 0100 | 0001 e9b1 | 0000 0041 | 8b40 0849 
  0x0000012e56c3b3d4: ba00 0000 | 002e 0100 | 0049 03c2 | 483b 8318 | 0100 0075 | 0d48 8383 | 2001 0000 | 01e9 6000 
  0x0000012e56c3b3f4: 0000 483b | 8328 0100 | 0075 0d48 | 8383 3001 | 0000 01e9 | 4a00 0000 | 4883 bb18 | 0100 0000 
  0x0000012e56c3b414: 7517 4889 | 8318 0100 | 0048 c783 | 2001 0000 | 0100 0000 | e929 0000 | 0048 83bb | 2801 0000 
  0x0000012e56c3b434: 0075 1748 | 8983 2801 | 0000 48c7 | 8330 0100 | 0001 0000 | 00e9 0800 | 0000 4883 | 8310 0100 
  0x0000012e56c3b454: ;   {metadata('java/awt/event/InputEvent')}
  0x0000012e56c3b454: 0001 48b8 | b8f4 1041 | 2e01 0000 | 418b 5808 | 49ba 0000 | 0000 2e01 | 0000 4903 | da48 3b43 
  0x0000012e56c3b474: 500f 8505 | 0000 00e9 | 0500 0000 | 4833 f6eb | 05be 0100 | 0000 85f6 

  0x0000012e56c3b48c: ;   {metadata(method data for {method} {0x0000012e410db960} 'dispatched' '()V' in 'java/awt/AWTEvent')}
  0x0000012e56c3b48c: 48be d01b | 9141 2e01 | 0000 bf40 | 0100 0074 | 05bf 5001 | 0000 488b | 1c3e 488d | 5b01 4889 
  0x0000012e56c3b4ac: 1c3e 0f84 | c914 0000 

  0x0000012e56c3b4b4: ;   {metadata(method data for {method} {0x0000012e410db960} 'dispatched' '()V' in 'java/awt/AWTEvent')}
  0x0000012e56c3b4b4: 48be d01b | 9141 2e01 | 0000 4883 | 8660 0100 

  0x0000012e56c3b4c4: ;   {metadata(method data for {method} {0x0000012e410f5940} 'getInputEventAccessor' '()Lsun/awt/AWTAccessor$InputEventAccessor;' in 'sun/awt/AWTAccessor')}
  0x0000012e56c3b4c4: 0001 48be | e01d 9141 | 2e01 0000 | 8bbe cc00 | 0000 83c7 | 0289 becc | 0000 0081 | e7fe ff1f 
  0x0000012e56c3b4e4: 0085 ff0f | 8429 1500 

  0x0000012e56c3b4ec: ;   {oop(a 'java/lang/Class'{0x00000007157a5840} = 'sun/awt/AWTAccessor')}
  0x0000012e56c3b4ec: 0048 be40 | 587a 1507 | 0000 008b | b684 0000 | 0048 c1e6 | 0348 85f6 

  0x0000012e56c3b504: ;   {metadata(method data for {method} {0x0000012e410f5940} 'getInputEventAccessor' '()Lsun/awt/AWTAccessor$InputEventAccessor;' in 'sun/awt/AWTAccessor')}
  0x0000012e56c3b504: 48bf e01d | 9141 2e01 | 0000 bb10 | 0100 0075 | 05bb 2001 | 0000 488b | 041f 488d | 4001 4889 
  0x0000012e56c3b524: 041f 0f85 | f412 0000 

  0x0000012e56c3b52c: ;   {metadata(method data for {method} {0x0000012e410f5940} 'getInputEventAccessor' '()Lsun/awt/AWTAccessor$InputEventAccessor;' in 'sun/awt/AWTAccessor')}
  0x0000012e56c3b52c: 48be e01d | 9141 2e01 | 0000 4883 | 8630 0100 

  0x0000012e56c3b53c: ;   {metadata(method data for {method} {0x0000012e410f8100} 'ensureClassInitialized' '(Ljava/lang/Class;)V' in 'sun/awt/AWTAccessor')}
  0x0000012e56c3b53c: 0001 48be | a081 6b41 | 2e01 0000 | 8bbe cc00 | 0000 83c7 | 0289 becc | 0000 0081 | e7fe ff1f 
  0x0000012e56c3b55c: 0085 ff0f | 84d2 1400 

  0x0000012e56c3b564: ;   {metadata(method data for {method} {0x0000012e410f8100} 'ensureClassInitialized' '(Ljava/lang/Class;)V' in 'sun/awt/AWTAccessor')}
  0x0000012e56c3b564: 0048 bea0 | 816b 412e | 0100 0048 | 8386 1001 

  0x0000012e56c3b574: ;   {metadata(method data for {method} {0x0000012e0044ab28} 'lookup' '()Ljava/lang/invoke/MethodHandles$Lookup;' in 'java/lang/invoke/MethodHandles')}
  0x0000012e56c3b574: 0000 0148 | be50 836b | 412e 0100 | 008b becc | 0000 0083 | c702 89be | cc00 0000 | 81e7 feff 
  0x0000012e56c3b594: 1f00 85ff | 0f84 ba14 

  0x0000012e56c3b59c: ;   {metadata(method data for {method} {0x0000012e0044ab28} 'lookup' '()Ljava/lang/invoke/MethodHandles$Lookup;' in 'java/lang/invoke/MethodHandles')}
  0x0000012e56c3b59c: 0000 48be | 5083 6b41 | 2e01 0000 | 4883 8610 | 0100 0001 | 0f1f 8000 

  0x0000012e56c3b5b4: ;   {static_call}
  0x0000012e56c3b5b4: 0000 00e8 

  0x0000012e56c3b5b8: ; ImmutableOopMap {[168]=Oop }
                      ;*invokestatic getCallerClass {reexecute=0 rethrow=0 return_oop=0}
                      ; - java.lang.invoke.MethodHandles::lookup@0 (line 126)
                      ; - sun.awt.AWTAccessor::ensureClassInitialized@0 (line 1464)
                      ; - sun.awt.AWTAccessor::getInputEventAccessor@10 (line 963)
                      ; - java.awt.AWTEvent::dispatched@7 (line 571)
                      ; - java.awt.EventQueue::dispatchEventImpl@45 (line 726)
  0x0000012e56c3b5b8: a43a 1d07 

  0x0000012e56c3b5bc: ;   {post_call_nop}
  0x0000012e56c3b5bc: 0f1f 8400 | 340b 0001 | 4c8b c04d 

  0x0000012e56c3b5c8: ;   {metadata(method data for {method} {0x0000012e0044ab28} 'lookup' '()Ljava/lang/invoke/MethodHandles$Lookup;' in 'java/lang/invoke/MethodHandles')}
  0x0000012e56c3b5c8: 85c0 48ba | 5083 6b41 | 2e01 0000 | be30 0100 | 0074 05be | 2001 0000 | 488b 3c32 | 488d 7f01 
  0x0000012e56c3b5e8: 4889 3c32 | 0f84 5511 

  0x0000012e56c3b5f0: ;   {metadata('java/lang/invoke/MethodHandles$Lookup')}
  0x0000012e56c3b5f0: 0000 48ba | b8a5 1e00 | 2e01 0000 | 498b 87c8 | 0100 0048 | 8d78 2049 | 3bbf d801 | 0000 0f87 
  0x0000012e56c3b610: 6514 0000 | 4989 bfc8 | 0100 0048 | c700 0100 | 0000 488b | ca49 ba00 | 0000 002e | 0100 0049 
  0x0000012e56c3b630: 2bca 8948 | 0848 33c9 | 8948 0c48 | 33c9 4889 | 4810 4889 | 4818 4c8b 

  0x0000012e56c3b648: ;   {metadata(method data for {method} {0x0000012e0044ab28} 'lookup' '()Ljava/lang/invoke/MethodHandles$Lookup;' in 'java/lang/invoke/MethodHandles')}
  0x0000012e56c3b648: c848 bf50 | 836b 412e | 0100 0048 | 8387 5001 

  0x0000012e56c3b658: ;   {metadata(method data for {method} {0x0000012e0044edd8} '<init>' '(Ljava/lang/Class;)V' in 'java/lang/invoke/MethodHandles$Lookup')}
  0x0000012e56c3b658: 0000 0149 | b988 8d6b | 412e 0100 | 0041 8bb9 | cc00 0000 | 83c7 0241 | 89b9 cc00 | 0000 81e7 
  0x0000012e56c3b678: feff 1f00 | 85ff 0f84 | 0214 0000 

  0x0000012e56c3b684: ;   {metadata(method data for {method} {0x0000012e0044edd8} '<init>' '(Ljava/lang/Class;)V' in 'java/lang/invoke/MethodHandles$Lookup')}
  0x0000012e56c3b684: 4c8b c848 | bf88 8d6b | 412e 0100 | 0048 8387 | 1001 0000 

  0x0000012e56c3b698: ;   {oop(nullptr)}
  0x0000012e56c3b698: 0149 b900 | 0000 0000 | 0000 00bf | 5f00 0000 | 488b d048 | 8984 24b0 | 0000 000f 

  0x0000012e56c3b6b4: ;   {optimized virtual_call}
  0x0000012e56c3b6b4: 1f40 00e8 

  0x0000012e56c3b6b8: ; ImmutableOopMap {[168]=Oop [176]=Oop }
                      ;*invokespecial <init> {reexecute=0 rethrow=0 return_oop=0}
                      ; - java.lang.invoke.MethodHandles$Lookup::<init>@5 (line 1534)
                      ; - java.lang.invoke.MethodHandles::lookup@23 (line 130)
                      ; - sun.awt.AWTAccessor::ensureClassInitialized@0 (line 1464)
                      ; - sun.awt.AWTAccessor::getInputEventAccessor@10 (line 963)
                      ; - java.awt.AWTEvent::dispatched@7 (line 571)
                      ; - java.awt.EventQueue::dispatchEventImpl@45 (line 726)
  0x0000012e56c3b6b8: a433 1d07 

  0x0000012e56c3b6bc: ;   {post_call_nop}
  0x0000012e56c3b6bc: 0f1f 8400 | 340c 0002 | 488b 8424 | b000 0000 

  0x0000012e56c3b6cc: ;   {metadata(method data for {method} {0x0000012e410f8100} 'ensureClassInitialized' '(Ljava/lang/Class;)V' in 'sun/awt/AWTAccessor')}
  0x0000012e56c3b6cc: 4c8b c048 | baa0 816b | 412e 0100 | 0045 8b40 | 0849 ba00 | 0000 002e | 0100 004d | 03c2 4c3b 
  0x0000012e56c3b6ec: 8228 0100 | 0075 0d48 | 8382 3001 | 0000 01e9 | 6000 0000 | 4c3b 8238 | 0100 0075 | 0d48 8382 
  0x0000012e56c3b70c: 4001 0000 | 01e9 4a00 | 0000 4883 | ba28 0100 | 0000 7517 | 4c89 8228 | 0100 0048 | c782 3001 
  0x0000012e56c3b72c: 0000 0100 | 0000 e929 | 0000 0048 | 83ba 3801 | 0000 0075 | 174c 8982 | 3801 0000 | 48c7 8240 
  0x0000012e56c3b74c: 0100 0001 | 0000 00e9 | 0800 0000 | 4883 8220 | 0100 0001 

  0x0000012e56c3b760: ;   {oop(a 'java/lang/Class'{0x00000007157e5d10} = 'java/awt/event/InputEvent')}
  0x0000012e56c3b760: 49b8 105d | 7e15 0700 | 0000 488b 

  0x0000012e56c3b76c: ;   {optimized virtual_call}
  0x0000012e56c3b76c: d066 90e8 

  0x0000012e56c3b770: ; ImmutableOopMap {[168]=Oop }
                      ;*invokevirtual ensureInitialized {reexecute=0 rethrow=0 return_oop=0}
                      ; - sun.awt.AWTAccessor::ensureClassInitialized@4 (line 1464)
                      ; - sun.awt.AWTAccessor::getInputEventAccessor@10 (line 963)
                      ; - java.awt.AWTEvent::dispatched@7 (line 571)
                      ; - java.awt.EventQueue::dispatchEventImpl@45 (line 726)
  0x0000012e56c3b770: ec32 1d07 

  0x0000012e56c3b774: ;   {post_call_nop}
  0x0000012e56c3b774: 0f1f 8400 | ec0c 0003 

  0x0000012e56c3b77c: ;   {metadata(method data for {method} {0x0000012e410f8100} 'ensureClassInitialized' '(Ljava/lang/Class;)V' in 'sun/awt/AWTAccessor')}
  0x0000012e56c3b77c: 48ba a081 | 6b41 2e01 | 0000 ff82 | 5001 0000 | e97b 1000 | 004d 85c9 

  0x0000012e56c3b794: ;   {metadata(method data for {method} {0x0000012e4118a580} 'dispatchEventImpl' '(Ljava/awt/AWTEvent;Ljava/lang/Object;)V' in 'java/awt/EventQueue')}
  0x0000012e56c3b794: 48bb a013 | 9141 2e01 | 0000 750c | 808b f902 | 0000 01e9 | b000 0000 | 418b 4108 | 49ba 0000 
  0x0000012e56c3b7b4: 0000 2e01 | 0000 4903 | c248 3b83 | 0803 0000 | 750d 4883 | 8310 0300 | 0001 e960 | 0000 0048 
  0x0000012e56c3b7d4: 3b83 1803 | 0000 750d | 4883 8320 | 0300 0001 | e94a 0000 | 0048 83bb | 0803 0000 | 0075 1748 
  0x0000012e56c3b7f4: 8983 0803 | 0000 48c7 | 8310 0300 | 0001 0000 | 00e9 2900 | 0000 4883 | bb18 0300 | 0000 7517 
  0x0000012e56c3b814: 4889 8318 | 0300 0048 | c783 2003 | 0000 0100 | 0000 e908 | 0000 0048 | 8383 0003 

  0x0000012e56c3b830: ;   {metadata('java/awt/MenuComponent')}
  0x0000012e56c3b830: 0000 0148 | b810 c48e | 412e 0100 | 0041 8b79 | 0849 ba00 | 0000 002e | 0100 0049 | 03fa 483b 
  0x0000012e56c3b850: c70f 8505 | 0000 00e9 | 0500 0000 | 4833 f6eb | 05be 0100 | 0000 85f6 

  0x0000012e56c3b868: ;   {metadata(method data for {method} {0x0000012e4118a580} 'dispatchEventImpl' '(Ljava/awt/AWTEvent;Ljava/lang/Object;)V' in 'java/awt/EventQueue')}
  0x0000012e56c3b868: 48be a013 | 9141 2e01 | 0000 bf40 | 0300 0075 | 05bf 3003 | 0000 488b | 1c3e 488d | 5b01 4889 
  0x0000012e56c3b888: 1c3e 0f85 | 280b 0000 

  0x0000012e56c3b890: ;   {metadata(method data for {method} {0x0000012e4118a580} 'dispatchEventImpl' '(Ljava/awt/AWTEvent;Ljava/lang/Object;)V' in 'java/awt/EventQueue')}
  0x0000012e56c3b890: 4d85 c948 | bba0 1391 | 412e 0100 | 0075 0c80 | 8bc1 0300 | 0001 e9dd | 0000 0041 | 8b41 0849 
  0x0000012e56c3b8b0: ba00 0000 | 002e 0100 | 0049 03c2 | 483b 83d0 | 0300 0075 | 0d48 8383 | d803 0000 | 01e9 6000 
  0x0000012e56c3b8d0: 0000 483b | 83e0 0300 | 0075 0d48 | 8383 e803 | 0000 01e9 | 4a00 0000 | 4883 bbd0 | 0300 0000 
  0x0000012e56c3b8f0: 7517 4889 | 83d0 0300 | 0048 c783 | d803 0000 | 0100 0000 | e929 0000 | 0048 83bb | e003 0000 
  0x0000012e56c3b910: 0075 1748 | 8983 e003 | 0000 48c7 | 83e8 0300 | 0001 0000 | 00e9 0800 | 0000 4883 | 83c8 0300 
  0x0000012e56c3b930: 0001 660f | 1f44 0000 

  0x0000012e56c3b938: ;   {no_reloc}
  0x0000012e56c3b938: e979 1100 | 0000 0000 | 0000 418b | 5908 49ba | 0000 0000 | 2e01 0000 | 4903 da48 | 3bd8 0f84 
  0x0000012e56c3b958: 3100 0000 | 8b78 1448 | 3b04 3b0f | 8424 0000 | 0083 ff20 | 0f85 1600 | 0000 5350 

  0x0000012e56c3b974: ;   {runtime_call C1 Runtime slow_subtype_check_blob}
  0x0000012e56c3b974: e8c7 6c29 | 075b 5885 | c00f 8405 | 0000 00e9 | 0500 0000 | 4833 f6eb | 05be 0100 | 0000 85f6 
  0x0000012e56c3b994: ;   {metadata(method data for {method} {0x0000012e4118a580} 'dispatchEventImpl' '(Ljava/awt/AWTEvent;Ljava/lang/Object;)V' in 'java/awt/EventQueue')}
  0x0000012e56c3b994: 48be a013 | 9141 2e01 | 0000 bf08 | 0400 0075 | 05bf f803 | 0000 488b | 1c3e 488d | 5b01 4889 
  0x0000012e56c3b9b4: 1c3e 0f85 | be08 0000 

  0x0000012e56c3b9bc: ;   {metadata(method data for {method} {0x0000012e4118a580} 'dispatchEventImpl' '(Ljava/awt/AWTEvent;Ljava/lang/Object;)V' in 'java/awt/EventQueue')}
  0x0000012e56c3b9bc: 4d85 c948 | bba0 1391 | 412e 0100 | 0075 0c80 | 8b89 0400 | 0001 e9b0 | 0000 0041 | 8b41 0849 
  0x0000012e56c3b9dc: ba00 0000 | 002e 0100 | 0049 03c2 | 483b 8398 | 0400 0075 | 0d48 8383 | a004 0000 | 01e9 6000 
  0x0000012e56c3b9fc: 0000 483b | 83a8 0400 | 0075 0d48 | 8383 b004 | 0000 01e9 | 4a00 0000 | 4883 bb98 | 0400 0000 
  0x0000012e56c3ba1c: 7517 4889 | 8398 0400 | 0048 c783 | a004 0000 | 0100 0000 | e929 0000 | 0048 83bb | a804 0000 
  0x0000012e56c3ba3c: 0075 1748 | 8983 a804 | 0000 48c7 | 83b0 0400 | 0001 0000 | 00e9 0800 | 0000 4883 | 8390 0400 
  0x0000012e56c3ba5c: ;   {metadata('sun/awt/AWTAutoShutdown')}
  0x0000012e56c3ba5c: 0001 48b8 | 18c2 0601 | 2e01 0000 | 418b 7908 | 49ba 0000 | 0000 2e01 | 0000 4903 | fa48 3bc7 
  0x0000012e56c3ba7c: 0f85 0500 | 0000 e905 | 0000 0048 | 33f6 eb05 | be01 0000 

  0x0000012e56c3ba90: ;   {metadata(method data for {method} {0x0000012e4118a580} 'dispatchEventImpl' '(Ljava/awt/AWTEvent;Ljava/lang/Object;)V' in 'java/awt/EventQueue')}
  0x0000012e56c3ba90: 0085 f648 | bea0 1391 | 412e 0100 | 00bf c004 | 0000 7405 | bfd0 0400 | 0048 8b1c | 3e48 8d5b 
  0x0000012e56c3bab0: 0148 891c | 3e0f 8448 | 0100 0048 

  0x0000012e56c3babc: ;   {metadata(method data for {method} {0x0000012e4118a580} 'dispatchEventImpl' '(Ljava/awt/AWTEvent;Ljava/lang/Object;)V' in 'java/awt/EventQueue')}
  0x0000012e56c3babc: 8bf2 48bf | a013 9141 | 2e01 0000 | 4883 87e0 | 0400 0001 

  0x0000012e56c3bad0: ;   {metadata(method data for {method} {0x0000012e41189bb8} 'noEvents' '()Z' in 'java/awt/EventQueue')}
  0x0000012e56c3bad0: 48be 38c3 | 9341 2e01 | 0000 8bbe | cc00 0000 | 83c7 0289 | becc 0000 | 0081 e7fe | ff1f 0085 
  0x0000012e56c3baf0: ff0f 84c9 | 0f00 00be | 0000 0000 | e994 0000 | 000f 1f80 | 0000 0000 | 8b7a 2048 | c1e7 033b 
  0x0000012e56c3bb10: 770c 0f83 | d30f 0000 | 4863 de8b | 7c9f 1048 | c1e7 038b | 7f0c 48c1 | e703 4885 

  0x0000012e56c3bb2c: ;   {metadata(method data for {method} {0x0000012e41189bb8} 'noEvents' '()Z' in 'java/awt/EventQueue')}
  0x0000012e56c3bb2c: ff48 bf38 | c393 412e | 0100 00bb | 4001 0000 | 7505 bb30 | 0100 0048 | 8b04 1f48 | 8d40 0148 
  0x0000012e56c3bb4c: 8904 1f0f | 8570 0000 

  0x0000012e56c3bb54: ;   {metadata(method data for {method} {0x0000012e41189bb8} 'noEvents' '()Z' in 'java/awt/EventQueue')}
  0x0000012e56c3bb54: 00ff c648 | bf38 c393 | 412e 0100 | 008b 9fd0 | 0000 0083 | c302 899f | d000 0000 | 81e3 fe3f 
  0x0000012e56c3bb74: 0000 85db | 0f84 800f | 0000 4d8b 

  0x0000012e56c3bb80: ; ImmutableOopMap {rdx=Oop }
                      ;*goto {reexecute=1 rethrow=0 return_oop=0}
                      ; - (reexecute) java.awt.EventQueue::noEvents@24 (line 520)
                      ; - java.awt.EventQueue::dispatchEventImpl@95 (line 732)
                      ;   {poll}
  0x0000012e56c3bb80: 5730 4185 

  0x0000012e56c3bb84: ;   {metadata(method data for {method} {0x0000012e41189bb8} 'noEvents' '()Z' in 'java/awt/EventQueue')}
  0x0000012e56c3bb84: 0248 bf38 | c393 412e | 0100 00ff | 8750 0100 | 0083 fe04 

  0x0000012e56c3bb98: ;   {metadata(method data for {method} {0x0000012e41189bb8} 'noEvents' '()Z' in 'java/awt/EventQueue')}
  0x0000012e56c3bb98: 48bf 38c3 | 9341 2e01 | 0000 bb10 | 0100 007d | 05bb 2001 | 0000 488b | 041f 488d | 4001 4889 
  0x0000012e56c3bbb8: 041f 0f8d | 0f00 0000 | e943 ffff | ffbe 0000 | 0000 e905 | 0000 00be | 0100 0000 

  0x0000012e56c3bbd4: ;   {metadata(method data for {method} {0x0000012e4118a580} 'dispatchEventImpl' '(Ljava/awt/AWTEvent;Ljava/lang/Object;)V' in 'java/awt/EventQueue')}
  0x0000012e56c3bbd4: 85f6 48be | a013 9141 | 2e01 0000 | bf10 0500 | 0074 05bf | 2005 0000 | 488b 1c3e | 488d 5b01 
  0x0000012e56c3bbf4: 4889 1c3e | 0f84 8f0d | 0000 e9ec 

  0x0000012e56c3bc00: ;   {metadata(method data for {method} {0x0000012e4118a580} 'dispatchEventImpl' '(Ljava/awt/AWTEvent;Ljava/lang/Object;)V' in 'java/awt/EventQueue')}
  0x0000012e56c3bc00: 0500 0048 | baa0 1391 | 412e 0100 | 0048 8382 | 7805 0000 

  0x0000012e56c3bc14: ;   {metadata(method data for {method} {0x0000012e41188988} 'getEventLog' '()Lsun/util/logging/PlatformLogger;' in 'java/awt/EventQueue')}
  0x0000012e56c3bc14: 0148 bad0 | 2191 412e | 0100 008b | b2cc 0000 | 0083 c602 | 89b2 cc00 | 0000 81e6 | feff 1f00 
  0x0000012e56c3bc34: 85f6 0f84 | e30e 0000 

  0x0000012e56c3bc3c: ;   {oop(a 'java/lang/Class'{0x000000071540d278} = 'java/awt/EventQueue')}
  0x0000012e56c3bc3c: 48ba 78d2 | 4015 0700 | 0000 8b52 | 7848 c1e2 | 0348 85d2 

  0x0000012e56c3bc50: ;   {metadata(method data for {method} {0x0000012e41188988} 'getEventLog' '()Lsun/util/logging/PlatformLogger;' in 'java/awt/EventQueue')}
  0x0000012e56c3bc50: 48ba d021 | 9141 2e01 | 0000 be10 | 0100 0075 | 05be 2001 | 0000 488b | 3c32 488d | 7f01 4889 
  0x0000012e56c3bc70: 3c32 0f85 | 6800 0000 

  0x0000012e56c3bc78: ;   {metadata(method data for {method} {0x0000012e41188988} 'getEventLog' '()Lsun/util/logging/PlatformLogger;' in 'java/awt/EventQueue')}
  0x0000012e56c3bc78: 48ba d021 | 9141 2e01 | 0000 4883 | 8230 0100 

  0x0000012e56c3bc88: ;   {oop("java.awt.event.EventQueue"{0x0000000714a00168})}
  0x0000012e56c3bc88: 0001 48ba | 6801 a014 | 0700 0000 

  0x0000012e56c3bc94: ;   {static_call}
  0x0000012e56c3bc94: 6666 90e8 

  0x0000012e56c3bc98: ; ImmutableOopMap {[168]=Oop }
                      ;*invokestatic getLogger {reexecute=0 rethrow=0 return_oop=0}
                      ; - java.awt.EventQueue::getEventLog@8 (line 181)
                      ; - java.awt.EventQueue::dispatchEventImpl@111 (line 736)
  0x0000012e56c3bc98: c433 1d07 

  0x0000012e56c3bc9c: ;   {post_call_nop}
  0x0000012e56c3bc9c: 0f1f 8400 | 1412 0005 

  0x0000012e56c3bca4: ;   {oop(a 'java/lang/Class'{0x000000071540d278} = 'java/awt/EventQueue')}
  0x0000012e56c3bca4: 49b8 78d2 | 4015 0700 | 0000 410f | be57 4885 | d20f 8585 | 0e00 004c | 8bd0 49c1 | ea03 4589 
  0x0000012e56c3bcc4: 5078 f083 | 4424 c000 | 498b d048 | 33d0 48c1 | ea15 4883 | fa00 0f85 | 800e 0000 

  0x0000012e56c3bce0: ;   {oop(a 'java/lang/Class'{0x000000071540d278} = 'java/awt/EventQueue')}
  0x0000012e56c3bce0: 49b8 78d2 | 4015 0700 | 0000 458b | 4078 49c1 | e003 493b | 0049 8bd0 

  0x0000012e56c3bcf8: ;   {metadata(method data for {method} {0x0000012e4118a580} 'dispatchEventImpl' '(Ljava/awt/AWTEvent;Ljava/lang/Object;)V' in 'java/awt/EventQueue')}
  0x0000012e56c3bcf8: 48be a013 | 9141 2e01 

  0x0000012e56c3bd00: ;   {metadata('sun/util/logging/PlatformLogger')}
  0x0000012e56c3bd00: 0000 49ba | 30f2 0401 | 2e01 0000 | 4c89 9690 | 0500 0048 | 8386 9805 

  0x0000012e56c3bd18: ;   {metadata(method data for {method} {0x0000012e410dd170} 'isLoggable' '(Lsun/util/logging/PlatformLogger$Level;)Z' in 'sun/util/logging/PlatformLogger')}
  0x0000012e56c3bd18: 0000 0148 | ba78 393e | 412e 0100 | 008b b2cc | 0000 0083 | c602 89b2 | cc00 0000 | 81e6 feff 
  0x0000012e56c3bd38: 1f00 85f6 | 0f84 3b0e 

  0x0000012e56c3bd40: ;   {metadata(method data for {method} {0x0000012e410dd170} 'isLoggable' '(Lsun/util/logging/PlatformLogger$Level;)Z' in 'sun/util/logging/PlatformLogger')}
  0x0000012e56c3bd40: 0000 48ba | 7839 3e41 | 2e01 0000 | ff82 1001 | 0000 418b | 500c 48c1 | e203 483b | 024c 8bc2 
  0x0000012e56c3bd60: ;   {metadata(method data for {method} {0x0000012e410dd170} 'isLoggable' '(Lsun/util/logging/PlatformLogger$Level;)Z' in 'sun/util/logging/PlatformLogger')}
  0x0000012e56c3bd60: 48be 7839 | 3e41 2e01 | 0000 458b | 4008 49ba | 0000 0000 | 2e01 0000 | 4d03 c24c | 3b86 4801 
  0x0000012e56c3bd80: 0000 750d | 4883 8650 | 0100 0001 | e960 0000 | 004c 3b86 | 5801 0000 | 750d 4883 | 8660 0100 
  0x0000012e56c3bda0: 0001 e94a | 0000 0048 | 83be 4801 | 0000 0075 | 174c 8986 | 4801 0000 | 48c7 8650 | 0100 0001 
  0x0000012e56c3bdc0: 0000 00e9 | 2900 0000 | 4883 be58 | 0100 0000 | 7517 4c89 | 8658 0100 | 0048 c786 | 6001 0000 
  0x0000012e56c3bde0: 0100 0000 | e908 0000 | 0048 8386 | 4001 0000 

  0x0000012e56c3bdf0: ;   {oop(a 'sun/util/logging/PlatformLogger$Level'{0x000000071579df58})}
  0x0000012e56c3bdf0: 0149 b858 | df79 1507 | 0000 0066 | 9048 b8b8 | c8b4 452e 

  0x0000012e56c3be04: ;   {virtual_call}
  0x0000012e56c3be04: 0100 00e8 

  0x0000012e56c3be08: ; ImmutableOopMap {[168]=Oop }
                      ;*invokeinterface isLoggable {reexecute=0 rethrow=0 return_oop=0}
                      ; - sun.util.logging.PlatformLogger::isLoggable@17 (line 340)
                      ; - java.awt.EventQueue::dispatchEventImpl@117 (line 736)
  0x0000012e56c3be08: 542f 1d07 

  0x0000012e56c3be0c: ;   {post_call_nop}
  0x0000012e56c3be0c: 0f1f 8400 | 8413 0006 | 83e0 0185 

  0x0000012e56c3be18: ;   {metadata(method data for {method} {0x0000012e4118a580} 'dispatchEventImpl' '(Ljava/awt/AWTEvent;Ljava/lang/Object;)V' in 'java/awt/EventQueue')}
  0x0000012e56c3be18: c048 baa0 | 1391 412e | 0100 00be | b805 0000 | 7405 bec8 | 0500 0048 | 8b3c 3248 | 8d7f 0148 
  0x0000012e56c3be38: 893c 320f | 844c 0b00 

  0x0000012e56c3be40: ;   {metadata(method data for {method} {0x0000012e4118a580} 'dispatchEventImpl' '(Ljava/awt/AWTEvent;Ljava/lang/Object;)V' in 'java/awt/EventQueue')}
  0x0000012e56c3be40: 0048 baa0 | 1391 412e | 0100 0048 | 8382 d805 

  0x0000012e56c3be50: ;   {metadata(method data for {method} {0x0000012e41188988} 'getEventLog' '()Lsun/util/logging/PlatformLogger;' in 'java/awt/EventQueue')}
  0x0000012e56c3be50: 0000 0148 | bad0 2191 | 412e 0100 | 008b b2cc | 0000 0083 | c602 89b2 | cc00 0000 | 81e6 feff 
  0x0000012e56c3be70: 1f00 85f6 | 0f84 290d 

  0x0000012e56c3be78: ;   {oop(a 'java/lang/Class'{0x000000071540d278} = 'java/awt/EventQueue')}
  0x0000012e56c3be78: 0000 48ba | 78d2 4015 | 0700 0000 | 8b52 7848 | c1e2 0348 

  0x0000012e56c3be8c: ;   {metadata(method data for {method} {0x0000012e41188988} 'getEventLog' '()Lsun/util/logging/PlatformLogger;' in 'java/awt/EventQueue')}
  0x0000012e56c3be8c: 85d2 48ba | d021 9141 | 2e01 0000 | be10 0100 | 0075 05be | 2001 0000 | 488b 3c32 | 488d 7f01 
  0x0000012e56c3beac: 4889 3c32 | 0f85 6a00 

  0x0000012e56c3beb4: ;   {metadata(method data for {method} {0x0000012e41188988} 'getEventLog' '()Lsun/util/logging/PlatformLogger;' in 'java/awt/EventQueue')}
  0x0000012e56c3beb4: 0000 48ba | d021 9141 | 2e01 0000 | 4883 8230 | 0100 0001 

  0x0000012e56c3bec8: ;   {oop("java.awt.event.EventQueue"{0x0000000714a00168})}
  0x0000012e56c3bec8: 48ba 6801 | a014 0700 | 0000 0f1f 

  0x0000012e56c3bed4: ;   {static_call}
  0x0000012e56c3bed4: 4400 00e8 

  0x0000012e56c3bed8: ; ImmutableOopMap {[168]=Oop }
                      ;*invokestatic getLogger {reexecute=0 rethrow=0 return_oop=0}
                      ; - java.awt.EventQueue::getEventLog@8 (line 181)
                      ; - java.awt.EventQueue::dispatchEventImpl@123 (line 737)
  0x0000012e56c3bed8: 8431 1d07 

  0x0000012e56c3bedc: ;   {post_call_nop}
  0x0000012e56c3bedc: 0f1f 8400 | 5414 0007 

  0x0000012e56c3bee4: ;   {oop(a 'java/lang/Class'{0x000000071540d278} = 'java/awt/EventQueue')}
  0x0000012e56c3bee4: 48ba 78d2 | 4015 0700 | 0000 410f | be77 4885 | f60f 85c9 | 0c00 004c | 8bd0 49c1 | ea03 4489 
  0x0000012e56c3bf04: 5278 f083 | 4424 c000 | 488b f248 | 33f0 48c1 | ee15 4883 | fe00 0f85 | c30c 0000 

  0x0000012e56c3bf20: ;   {oop(a 'java/lang/Class'{0x000000071540d278} = 'java/awt/EventQueue')}
  0x0000012e56c3bf20: 48ba 78d2 | 4015 0700 | 0000 8b72 | 7848 c1e6 | 0348 89b4 | 24b8 0000 | 004c 8b84 | 24a8 0000 
  0x0000012e56c3bf40: ;   {metadata(method data for {method} {0x0000012e4118a580} 'dispatchEventImpl' '(Ljava/awt/AWTEvent;Ljava/lang/Object;)V' in 'java/awt/EventQueue')}
  0x0000012e56c3bf40: 0048 baa0 | 1391 412e | 0100 0048 | 8382 e805 

  0x0000012e56c3bf50: ;   {metadata(method data for {method} {0x0000012e0047e890} 'valueOf' '(Ljava/lang/Object;)Ljava/lang/String;' in 'java/lang/String')}
  0x0000012e56c3bf50: 0000 0148 | bab8 7420 | 412e 0100 | 008b bacc | 0000 0083 | c702 89ba | cc00 0000 | 81e7 feff 
  0x0000012e56c3bf70: 1f00 85ff | 0f84 810c | 0000 4d85 

  0x0000012e56c3bf7c: ;   {metadata(method data for {method} {0x0000012e0047e890} 'valueOf' '(Ljava/lang/Object;)Ljava/lang/String;' in 'java/lang/String')}
  0x0000012e56c3bf7c: c048 bab8 | 7420 412e | 0100 00bf | 1001 0000 | 7505 bf20 | 0100 0048 | 8b1c 3a48 | 8d5b 0148 
  0x0000012e56c3bf9c: 891c 3a0f | 851f 0000 

  0x0000012e56c3bfa4: ;   {metadata(method data for {method} {0x0000012e0047e890} 'valueOf' '(Ljava/lang/Object;)Ljava/lang/String;' in 'java/lang/String')}
  0x0000012e56c3bfa4: 0048 bab8 | 7420 412e | 0100 00ff | 8230 0100 

  0x0000012e56c3bfb4: ;   {oop("null"{0x00000007ffe1c918})}
  0x0000012e56c3bfb4: 0048 bf18 | c9e1 ff07 | 0000 00e9 | ab00 0000 

  0x0000012e56c3bfc4: ;   {metadata(method data for {method} {0x0000012e0047e890} 'valueOf' '(Ljava/lang/Object;)Ljava/lang/String;' in 'java/lang/String')}
  0x0000012e56c3bfc4: 498b d048 | bfb8 7420 | 412e 0100 | 008b 5208 | 49ba 0000 | 0000 2e01 | 0000 4903 | d248 3b97 
  0x0000012e56c3bfe4: 5001 0000 | 750d 4883 | 8758 0100 | 0001 e960 | 0000 0048 | 3b97 6001 | 0000 750d | 4883 8768 
  0x0000012e56c3c004: 0100 0001 | e94a 0000 | 0048 83bf | 5001 0000 | 0075 1748 | 8997 5001 | 0000 48c7 | 8758 0100 
  0x0000012e56c3c024: 0001 0000 | 00e9 2900 | 0000 4883 | bf60 0100 | 0000 7517 | 4889 9760 | 0100 0048 | c787 6801 
  0x0000012e56c3c044: 0000 0100 | 0000 e908 | 0000 0048 | 8387 4801 | 0000 0149 | 8bd0 0f1f 

  0x0000012e56c3c05c: ;   {optimized virtual_call}
  0x0000012e56c3c05c: 4400 00e8 

  0x0000012e56c3c060: ; ImmutableOopMap {[184]=Oop }
                      ;*invokevirtual toString {reexecute=0 rethrow=0 return_oop=0}
                      ; - java.lang.String::valueOf@11 (line 4543)
                      ; - java.awt.EventQueue::dispatchEventImpl@127 (line 737)
  0x0000012e56c3c060: fc29 1d07 

  0x0000012e56c3c064: ;   {post_call_nop}
  0x0000012e56c3c064: 0f1f 8400 | dc15 0008 | 488b f890 

  0x0000012e56c3c070: ;   {no_reloc}
  0x0000012e56c3c070: e9b6 0b00 | 0090 9090 | 9090 488b 

  0x0000012e56c3c07c: ;   {static_call}
  0x0000012e56c3c07c: d766 90e8 

  0x0000012e56c3c080: ; ImmutableOopMap {[184]=Oop }
                      ;*invokedynamic {reexecute=0 rethrow=0 return_oop=0}
                      ; - java.awt.EventQueue::dispatchEventImpl@130 (line 737)
  0x0000012e56c3c080: dc2f 1d07 

  0x0000012e56c3c084: ;   {post_call_nop}
  0x0000012e56c3c084: 0f1f 8400 | fc15 0009 

  0x0000012e56c3c08c: ;   {metadata(method data for {method} {0x0000012e4118a580} 'dispatchEventImpl' '(Ljava/awt/AWTEvent;Ljava/lang/Object;)V' in 'java/awt/EventQueue')}
  0x0000012e56c3c08c: 49b8 a013 | 9141 2e01 | 0000 4d8d | 8018 0600 | 0048 85c0 | 750b 41f6 | 0001 7505 | f049 8308 
  0x0000012e56c3c0ac: 0148 8bb4 | 24b8 0000 | 0048 3b06 

  0x0000012e56c3c0b8: ;   {metadata(method data for {method} {0x0000012e4118a580} 'dispatchEventImpl' '(Ljava/awt/AWTEvent;Ljava/lang/Object;)V' in 'java/awt/EventQueue')}
  0x0000012e56c3c0b8: 4c8b c649 | b9a0 1391 | 412e 0100 

  0x0000012e56c3c0c4: ;   {metadata('sun/util/logging/PlatformLogger')}
  0x0000012e56c3c0c4: 0049 ba30 | f204 012e | 0100 004d | 8991 3006 | 0000 4983 | 8138 0600 

  0x0000012e56c3c0dc: ;   {metadata(method data for {method} {0x0000012e410dddc8} 'fine' '(Ljava/lang/String;)V' in 'sun/util/logging/PlatformLogger')}
  0x0000012e56c3c0dc: 0001 49b8 | 90c5 8441 | 2e01 0000 | 458b 88cc | 0000 0041 | 83c1 0245 | 8988 cc00 | 0000 4181 
  0x0000012e56c3c0fc: e1fe ff1f | 0045 85c9 | 0f84 300b | 0000 8b56 | 0c48 c1e2 | 0348 3b02 

  0x0000012e56c3c114: ;   {metadata(method data for {method} {0x0000012e410dddc8} 'fine' '(Ljava/lang/String;)V' in 'sun/util/logging/PlatformLogger')}
  0x0000012e56c3c114: 4c8b c249 | b990 c584 | 412e 0100 | 0045 8b40 | 0849 ba00 | 0000 002e | 0100 004d | 03c2 4d3b 
  0x0000012e56c3c134: 8148 0100 | 0075 0d49 | 8381 5001 | 0000 01e9 | 6000 0000 | 4d3b 8158 | 0100 0075 | 0d49 8381 
  0x0000012e56c3c154: 6001 0000 | 01e9 4a00 | 0000 4983 | b948 0100 | 0000 7517 | 4d89 8148 | 0100 0049 | c781 5001 
  0x0000012e56c3c174: 0000 0100 | 0000 e929 | 0000 0049 | 83b9 5801 | 0000 0075 | 174d 8981 | 5801 0000 | 49c7 8160 
  0x0000012e56c3c194: 0100 0001 | 0000 00e9 | 0800 0000 | 4983 8140 | 0100 0001 

  0x0000012e56c3c1a8: ;   {oop(a 'sun/util/logging/PlatformLogger$Level'{0x000000071579df58})}
  0x0000012e56c3c1a8: 49b8 58df | 7915 0700 | 0000 4c8b 

  0x0000012e56c3c1b4: ;   {oop(nullptr)}
  0x0000012e56c3c1b4: c848 bf00 | 0000 0000 | 0000 0066 | 0f1f 4400 | 0048 b8e0 | c8b4 452e 

  0x0000012e56c3c1cc: ;   {virtual_call}
  0x0000012e56c3c1cc: 0100 00e8 

  0x0000012e56c3c1d0: ; ImmutableOopMap {}
                      ;*invokeinterface log {reexecute=0 rethrow=0 return_oop=0}
                      ; - sun.util.logging.PlatformLogger::fine@12 (line 449)
                      ; - java.awt.EventQueue::dispatchEventImpl@135 (line 737)
  0x0000012e56c3c1d0: 8c2b 1d07 

  0x0000012e56c3c1d4: ;   {post_call_nop}
  0x0000012e56c3c1d4: 0f1f 8400 | 4c17 000a | 4881 c4d0 | 0000 005d 

  0x0000012e56c3c1e4: ;   {poll_return}
  0x0000012e56c3c1e4: 493b 6728 | 0f87 720a | 0000 c344 | 8b42 3449 | c1e0 0349 | 3b00 498b 

  0x0000012e56c3c1fc: ;   {metadata(method data for {method} {0x0000012e4118a580} 'dispatchEventImpl' '(Ljava/awt/AWTEvent;Ljava/lang/Object;)V' in 'java/awt/EventQueue')}
  0x0000012e56c3c1fc: d048 bea0 | 1391 412e 

  0x0000012e56c3c204: ;   {metadata('java/awt/EventDispatchThread')}
  0x0000012e56c3c204: 0100 0049 | bad8 690e | 012e 0100 | 004c 8996 | 3805 0000 | 4883 8640 | 0500 0001 

  0x0000012e56c3c220: ;   {metadata(method data for {method} {0x0000012e416a2710} 'stopDispatching' '()V' in 'java/awt/EventDispatchThread')}
  0x0000012e56c3c220: 48ba 9820 | 9141 2e01 | 0000 8bb2 | cc00 0000 | 83c6 0289 | b2cc 0000 | 0081 e6fe | ff1f 0085 
  0x0000012e56c3c240: f60f 8434 | 0a00 00ba | 0000 0000 | 4188 5070 | f083 4424 

  0x0000012e56c3c254: ;   {metadata(method data for {method} {0x0000012e4118a580} 'dispatchEventImpl' '(Ljava/awt/AWTEvent;Ljava/lang/Object;)V' in 'java/awt/EventQueue')}
  0x0000012e56c3c254: c000 49b8 | a013 9141 | 2e01 0000 | 41ff 8060 | 0500 0048 | 81c4 d000 

  0x0000012e56c3c26c: ;   {poll_return}
  0x0000012e56c3c26c: 0000 5d49 | 3b67 280f | 8723 0a00 | 00c3 4c8b | 8424 a800 | 0000 4d85 

  0x0000012e56c3c284: ;   {metadata(method data for {method} {0x0000012e4118a580} 'dispatchEventImpl' '(Ljava/awt/AWTEvent;Ljava/lang/Object;)V' in 'java/awt/EventQueue')}
  0x0000012e56c3c284: c948 bfa0 | 1391 412e | 0100 0075 | 0c80 8f11 | 0400 0001 | e9db 0000 | 0041 8b59 | 0849 ba00 
  0x0000012e56c3c2a4: 0000 002e | 0100 0049 | 03da 483b | 9f20 0400 | 0075 0d48 | 8387 2804 | 0000 01e9 | 6000 0000 
  0x0000012e56c3c2c4: 483b 9f30 | 0400 0075 | 0d48 8387 | 3804 0000 | 01e9 4a00 | 0000 4883 | bf20 0400 | 0000 7517 
  0x0000012e56c3c2e4: 4889 9f20 | 0400 0048 | c787 2804 | 0000 0100 | 0000 e929 | 0000 0048 | 83bf 3004 | 0000 0075 
  0x0000012e56c3c304: 1748 899f | 3004 0000 | 48c7 8738 | 0400 0001 | 0000 00e9 | 0800 0000 | 4883 8718 | 0400 0001 
  0x0000012e56c3c324: 0f1f 4000 

  0x0000012e56c3c328: ;   {no_reloc}
  0x0000012e56c3c328: e994 0900 | 0000 0000 | 0000 418b | 7908 49ba | 0000 0000 | 2e01 0000 | 4903 fa48 | 3bfb 0f84 
  0x0000012e56c3c348: 2c00 0000 | 8b73 1448 | 3b1c 370f | 841f 0000 | 0083 fe20 | 0f85 6909 | 0000 5753 

  0x0000012e56c3c364: ;   {runtime_call C1 Runtime slow_subtype_check_blob}
  0x0000012e56c3c364: e8d7 6229 | 075f 5b85 | db0f 8458 | 0900 00e9 | 0000 0000 | 498b d166 | 9048 b808 | c9b4 452e 
  0x0000012e56c3c384: ;   {virtual_call}
  0x0000012e56c3c384: 0100 00e8 

  0x0000012e56c3c388: ; ImmutableOopMap {}
                      ;*invokevirtual dispatchEvent {reexecute=0 rethrow=0 return_oop=0}
                      ; - java.awt.EventQueue::dispatchEventImpl@81 (line 730)
  0x0000012e56c3c388: d429 1d07 

  0x0000012e56c3c38c: ;   {post_call_nop}
  0x0000012e56c3c38c: 0f1f 8400 | 0419 000b 

  0x0000012e56c3c394: ;   {metadata(method data for {method} {0x0000012e4118a580} 'dispatchEventImpl' '(Ljava/awt/AWTEvent;Ljava/lang/Object;)V' in 'java/awt/EventQueue')}
  0x0000012e56c3c394: 49b8 a013 | 9141 2e01 | 0000 41ff | 8078 0400 | 0048 81c4 | d000 0000 

  0x0000012e56c3c3ac: ;   {poll_return}
  0x0000012e56c3c3ac: 5d49 3b67 | 280f 871d | 0900 00c3 | 4c8b 8424 | a800 0000 

  0x0000012e56c3c3c0: ;   {metadata(method data for {method} {0x0000012e4118a580} 'dispatchEventImpl' '(Ljava/awt/AWTEvent;Ljava/lang/Object;)V' in 'java/awt/EventQueue')}
  0x0000012e56c3c3c0: 4d85 c948 | bfa0 1391 | 412e 0100 | 0075 0c80 | 8f49 0300 | 0001 e9b0 | 0000 0041 | 8b59 0849 
  0x0000012e56c3c3e0: ba00 0000 | 002e 0100 | 0049 03da | 483b 9f58 | 0300 0075 | 0d48 8387 | 6003 0000 | 01e9 6000 
  0x0000012e56c3c400: 0000 483b | 9f68 0300 | 0075 0d48 | 8387 7003 | 0000 01e9 | 4a00 0000 | 4883 bf58 | 0300 0000 
  0x0000012e56c3c420: 7517 4889 | 9f58 0300 | 0048 c787 | 6003 0000 | 0100 0000 | e929 0000 | 0048 83bf | 6803 0000 
  0x0000012e56c3c440: 0075 1748 | 899f 6803 | 0000 48c7 | 8770 0300 | 0001 0000 | 00e9 0800 | 0000 4883 | 8750 0300 
  0x0000012e56c3c460: ;   {metadata('java/awt/MenuComponent')}
  0x0000012e56c3c460: 0001 48bb | 10c4 8e41 | 2e01 0000 | 418b 7108 | 49ba 0000 | 0000 2e01 | 0000 4903 | f248 3bde 
  0x0000012e56c3c480: 0f85 6408 | 0000 e900 | 0000 0049 | 8bd1 483b | 0248 8bf2 

  0x0000012e56c3c494: ;   {metadata(method data for {method} {0x0000012e4118a580} 'dispatchEventImpl' '(Ljava/awt/AWTEvent;Ljava/lang/Object;)V' in 'java/awt/EventQueue')}
  0x0000012e56c3c494: 48bf a013 | 9141 2e01 | 0000 8b76 | 0849 ba00 | 0000 002e | 0100 0049 | 03f2 483b | b788 0300 
  0x0000012e56c3c4b4: 0075 0d48 | 8387 9003 | 0000 01e9 | 6000 0000 | 483b b798 | 0300 0075 | 0d48 8387 | a003 0000 
  0x0000012e56c3c4d4: 01e9 4a00 | 0000 4883 | bf88 0300 | 0000 7517 | 4889 b788 | 0300 0048 | c787 9003 | 0000 0100 
  0x0000012e56c3c4f4: 0000 e929 | 0000 0048 | 83bf 9803 | 0000 0075 | 1748 89b7 | 9803 0000 | 48c7 87a0 | 0300 0001 
  0x0000012e56c3c514: 0000 00e9 | 0800 0000 | 4883 8780 | 0300 0001 

  0x0000012e56c3c524: ;   {optimized virtual_call}
  0x0000012e56c3c524: 6666 90e8 

  0x0000012e56c3c528: ; ImmutableOopMap {}
                      ;*invokevirtual dispatchEvent {reexecute=0 rethrow=0 return_oop=0}
                      ; - java.awt.EventQueue::dispatchEventImpl@63 (line 728)
  0x0000012e56c3c528: 3425 1d07 

  0x0000012e56c3c52c: ;   {post_call_nop}
  0x0000012e56c3c52c: 0f1f 8400 | a41a 000c 

  0x0000012e56c3c534: ;   {metadata(method data for {method} {0x0000012e4118a580} 'dispatchEventImpl' '(Ljava/awt/AWTEvent;Ljava/lang/Object;)V' in 'java/awt/EventQueue')}
  0x0000012e56c3c534: 49b8 a013 | 9141 2e01 | 0000 41ff | 80b0 0300 | 0048 81c4 | d000 0000 

  0x0000012e56c3c54c: ;   {poll_return}
  0x0000012e56c3c54c: 5d49 3b67 | 280f 87a1 | 0700 00c3 

  0x0000012e56c3c558: ;   {metadata(method data for {method} {0x0000012e4118a580} 'dispatchEventImpl' '(Ljava/awt/AWTEvent;Ljava/lang/Object;)V' in 'java/awt/EventQueue')}
  0x0000012e56c3c558: 488b f248 | bfa0 1391 | 412e 0100 | 0048 8387 | 6001 0000 | 0149 8bf0 | 4c8b c60f 

  0x0000012e56c3c574: ;   {optimized virtual_call}
  0x0000012e56c3c574: 1f40 00e8 

  0x0000012e56c3c578: ; ImmutableOopMap {[168]=Oop }
                      ;*invokevirtual setCurrentEventAndMostRecentTimeImpl {reexecute=0 rethrow=0 return_oop=0}
                      ; - java.awt.EventQueue::dispatchEventImpl@14 (line 722)
  0x0000012e56c3c578: c4c7 ffff 

  0x0000012e56c3c57c: ;   {post_call_nop}
  0x0000012e56c3c57c: 0f1f 8400 | f41a 000d | 4c8b 8424 | a800 0000 

  0x0000012e56c3c58c: ;   {metadata(method data for {method} {0x0000012e4118a580} 'dispatchEventImpl' '(Ljava/awt/AWTEvent;Ljava/lang/Object;)V' in 'java/awt/EventQueue')}
  0x0000012e56c3c58c: 4d85 c048 | bfa0 1391 | 412e 0100 | 0075 0c80 | 8f89 0100 | 0001 e9cb | 0000 0041 | 8b58 0849 
  0x0000012e56c3c5ac: ba00 0000 | 002e 0100 | 0049 03da | 483b 9f98 | 0100 0075 | 0d48 8387 | a001 0000 | 01e9 6000 
  0x0000012e56c3c5cc: 0000 483b | 9fa8 0100 | 0075 0d48 | 8387 b001 | 0000 01e9 | 4a00 0000 | 4883 bf98 | 0100 0000 
  0x0000012e56c3c5ec: 7517 4889 | 9f98 0100 | 0048 c787 | a001 0000 | 0100 0000 | e929 0000 | 0048 83bf | a801 0000 
  0x0000012e56c3c60c: 0075 1748 | 899f a801 | 0000 48c7 | 87b0 0100 | 0001 0000 | 00e9 0800 | 0000 4883 | 8790 0100 
  0x0000012e56c3c62c: ;   {metadata('java/awt/ActiveEvent')}
  0x0000012e56c3c62c: 0001 48bb | f0cd 6941 | 2e01 0000 | 418b 7808 | 49ba 0000 | 0000 2e01 | 0000 4903 | fa48 3b5f 
  0x0000012e56c3c64c: 200f 841f | 0000 0048 | 3bfb 0f84 | 1600 0000 

  0x0000012e56c3c65c: ;   {runtime_call C1 Runtime slow_subtype_check_blob}
  0x0000012e56c3c65c: 5753 e8dd | 5f29 075f | 5f85 ff0f | 84a1 0600 | 00e9 0000 | 0000 498b | d048 3b02 

  0x0000012e56c3c678: ;   {metadata(method data for {method} {0x0000012e4118a580} 'dispatchEventImpl' '(Ljava/awt/AWTEvent;Ljava/lang/Object;)V' in 'java/awt/EventQueue')}
  0x0000012e56c3c678: 488b f248 | bfa0 1391 | 412e 0100 | 008b 7608 | 49ba 0000 | 0000 2e01 | 0000 4903 | f248 3bb7 
  0x0000012e56c3c698: c801 0000 | 750d 4883 | 87d0 0100 | 0001 e960 | 0000 0048 | 3bb7 d801 | 0000 750d | 4883 87e0 
  0x0000012e56c3c6b8: 0100 0001 | e94a 0000 | 0048 83bf | c801 0000 | 0075 1748 | 89b7 c801 | 0000 48c7 | 87d0 0100 
  0x0000012e56c3c6d8: 0001 0000 | 00e9 2900 | 0000 4883 | bfd8 0100 | 0000 7517 | 4889 b7d8 | 0100 0048 | c787 e001 
  0x0000012e56c3c6f8: 0000 0100 | 0000 e908 | 0000 0048 | 8387 c001 | 0000 0166 | 9048 b830 | c9b4 452e 

  0x0000012e56c3c714: ;   {virtual_call}
  0x0000012e56c3c714: 0100 00e8 

  0x0000012e56c3c718: ; ImmutableOopMap {}
                      ;*invokeinterface dispatch {reexecute=0 rethrow=0 return_oop=0}
                      ; - java.awt.EventQueue::dispatchEventImpl@21 (line 723)
  0x0000012e56c3c718: 34d4 2907 

  0x0000012e56c3c71c: ;   {post_call_nop}
  0x0000012e56c3c71c: 0f1f 8400 | 941c 000e 

  0x0000012e56c3c724: ;   {metadata(method data for {method} {0x0000012e4118a580} 'dispatchEventImpl' '(Ljava/awt/AWTEvent;Ljava/lang/Object;)V' in 'java/awt/EventQueue')}
  0x0000012e56c3c724: 48ba a013 | 9141 2e01 | 0000 ff82 | f001 0000 | 4881 c4d0 | 0000 005d 

  0x0000012e56c3c73c: ;   {poll_return}
  0x0000012e56c3c73c: 493b 6728 | 0f87 d605 | 0000 c390 

  0x0000012e56c3c748: ;   {no_reloc}
  0x0000012e56c3c748: e9f4 0500 | 0000 0000 | 0000 80ba | 4001 0000 | 040f 85f1 | 0500 0049 | 8b87 c801 | 0000 488d 
  0x0000012e56c3c768: 7828 493b | bfd8 0100 | 000f 87d9 | 0500 0049 | 89bf c801 | 0000 48c7 | 0001 0000 | 0048 8bca 
  0x0000012e56c3c788: 49ba 0000 | 0000 2e01 | 0000 492b | ca89 4808 | 4833 c989 | 480c 4833 | c948 8948 | 1048 8948 
  0x0000012e56c3c7a8: 1848 8948 | 2048 8bd0 

  0x0000012e56c3c7b0: ;   {metadata(method data for {method} {0x0000012e0044ab28} 'lookup' '()Ljava/lang/invoke/MethodHandles$Lookup;' in 'java/lang/invoke/MethodHandles')}
  0x0000012e56c3c7b0: 48be 5083 | 6b41 2e01 | 0000 4883 | 8640 0100 

  0x0000012e56c3c7c0: ;   {oop("no caller frame"{0x00000007ffe27160})}
  0x0000012e56c3c7c0: 0001 49b8 | 6071 e2ff | 0700 0000 | 488b d048 | 8984 24c0 

  0x0000012e56c3c7d4: ;   {optimized virtual_call}
  0x0000012e56c3c7d4: 0000 00e8 

  0x0000012e56c3c7d8: ; ImmutableOopMap {[168]=Oop [192]=Oop }
                      ;*invokespecial <init> {reexecute=0 rethrow=0 return_oop=0}
                      ; - java.lang.invoke.MethodHandles::lookup@14 (line 128)
                      ; - sun.awt.AWTAccessor::ensureClassInitialized@0 (line 1464)
                      ; - sun.awt.AWTAccessor::getInputEventAccessor@10 (line 963)
                      ; - java.awt.AWTEvent::dispatched@7 (line 571)
                      ; - java.awt.EventQueue::dispatchEventImpl@45 (line 726)
  0x0000012e56c3c7d8: 8422 1d07 

  0x0000012e56c3c7dc: ;   {post_call_nop}
  0x0000012e56c3c7dc: 0f1f 8400 | 541d 000f | 488b 8424 | c000 0000 | e9d8 0500 | 0049 8b87 | 0805 0000 | 4d33 d24d 
  0x0000012e56c3c7fc: 8997 0805 | 0000 4d33 | d24d 8997 | 1005 0000 

  0x0000012e56c3c80c: ;   {oop(a 'java/lang/Class'{0x00000007157a5840} = 'sun/awt/AWTAccessor')}
  0x0000012e56c3c80c: 48be 4058 | 7a15 0700 | 0000 8bb6 | 8400 0000 | 48c1 e603 | 4c8b 8424 | a800 0000 

  0x0000012e56c3c828: ;   {metadata(method data for {method} {0x0000012e410db960} 'dispatched' '()V' in 'java/awt/AWTEvent')}
  0x0000012e56c3c828: 4d85 c048 | b8d0 1b91 | 412e 0100 | 0075 0c80 | 8869 0100 | 0001 e9b1 | 0000 0041 | 8b50 0849 
  0x0000012e56c3c848: ba00 0000 | 002e 0100 | 0049 03d2 | 483b 9078 | 0100 0075 | 0d48 8380 | 8001 0000 | 01e9 6000 
  0x0000012e56c3c868: 0000 483b | 9088 0100 | 0075 0d48 | 8380 9001 | 0000 01e9 | 4a00 0000 | 4883 b878 | 0100 0000 
  0x0000012e56c3c888: 7517 4889 | 9078 0100 | 0048 c780 | 8001 0000 | 0100 0000 | e929 0000 | 0048 83b8 | 8801 0000 
  0x0000012e56c3c8a8: 0075 1748 | 8990 8801 | 0000 48c7 | 8090 0100 | 0001 0000 | 00e9 0800 | 0000 4883 | 8070 0100 
  0x0000012e56c3c8c8: ;   {metadata('java/awt/event/InputEvent')}
  0x0000012e56c3c8c8: 0001 48ba | b8f4 1041 | 2e01 0000 | 418b 4008 | 49ba 0000 | 0000 2e01 | 0000 4903 | c248 3b50 
  0x0000012e56c3c8e8: 500f 856e | 0400 00e9 | 0000 0000 | 498b f848 | 85f6 0f84 | 2900 0000 

  0x0000012e56c3c900: ;   {metadata('java/awt/event/InputEvent$1')}
  0x0000012e56c3c900: 48b9 1837 | 0501 2e01 | 0000 8b56 | 0849 ba00 | 0000 002e | 0100 0049 | 03d2 483b | 4a38 0f85 
  0x0000012e56c3c920: 4204 0000 | e900 0000 | 0048 8bde 

  0x0000012e56c3c92c: ; implicit exception: dispatches to 0x0000012e56c3cd6b
                      ;   {metadata(method data for {method} {0x0000012e410db960} 'dispatched' '()V' in 'java/awt/AWTEvent')}
  0x0000012e56c3c92c: 483b 0648 | bbd0 1b91 | 412e 0100 

  0x0000012e56c3c938: ;   {metadata('java/awt/event/InputEvent$1')}
  0x0000012e56c3c938: 0049 ba18 | 3705 012e | 0100 004c | 8993 a801 | 0000 4883 | 83b0 0100 

  0x0000012e56c3c950: ;   {metadata(method data for {method} {0x0000012e41111f30} 'setCanAccessSystemClipboard' '(Ljava/awt/event/InputEvent;Z)V' in 'java/awt/event/InputEvent$1')}
  0x0000012e56c3c950: 0001 48be | 581f 9141 | 2e01 0000 | 8b9e cc00 | 0000 83c3 | 0289 9ecc | 0000 0081 | e3fe ff1f 
  0x0000012e56c3c970: 0085 db0f | 84f7 0300 | 00c6 4728 

  0x0000012e56c3c97c: ;   {metadata(method data for {method} {0x0000012e4118a580} 'dispatchEventImpl' '(Ljava/awt/AWTEvent;Ljava/lang/Object;)V' in 'java/awt/EventQueue')}
  0x0000012e56c3c97c: 0048 bea0 | 1391 412e | 0100 00ff | 86e8 0200 | 0048 81c4 | d000 0000 

  0x0000012e56c3c994: ;   {poll_return}
  0x0000012e56c3c994: 5d49 3b67 | 280f 87f7 | 0300 00c3 

  0x0000012e56c3c9a0: ;   {metadata({method} {0x0000012e4118a580} 'dispatchEventImpl' '(Ljava/awt/AWTEvent;Ljava/lang/Object;)V' in 'java/awt/EventQueue')}
  0x0000012e56c3c9a0: 49ba 78a5 | 1841 2e01 | 0000 4c89 | 5424 0848 | c704 24ff 

  0x0000012e56c3c9b4: ;   {runtime_call C1 Runtime counter_overflow_blob}
  0x0000012e56c3c9b4: ffff ffe8 

  0x0000012e56c3c9b8: ; ImmutableOopMap {rdx=Oop r8=Oop r9=Oop [168]=Oop }
                      ;*synchronization entry
                      ; - java.awt.EventQueue::dispatchEventImpl@-1 (line 719)
  0x0000012e56c3c9b8: a483 2907 | e9cd e4ff 

  0x0000012e56c3c9c0: ;   {runtime_call C1 Runtime throw_null_pointer_exception_blob}
  0x0000012e56c3c9c0: ffe8 9a22 

  0x0000012e56c3c9c4: ; ImmutableOopMap {rdx=Oop r8=Oop r9=Oop [168]=Oop }
                      ;*putfield isPosted {reexecute=1 rethrow=0 return_oop=0}
                      ; - (reexecute) java.awt.EventQueue::dispatchEventImpl@2 (line 719)
  0x0000012e56c3c9c4: 2907 4c89 

  0x0000012e56c3c9c8: ;   {runtime_call C1 Runtime throw_class_cast_exception_blob}
  0x0000012e56c3c9c8: 0c24 e891 

  0x0000012e56c3c9cc: ; ImmutableOopMap {r8=Oop [168]=Oop }
                      ;*checkcast {reexecute=0 rethrow=0 return_oop=0}
                      ; - java.awt.EventQueue::dispatchEventImpl@37 (line 725)
                      ;   {runtime_call C1 Runtime throw_null_pointer_exception_blob}
  0x0000012e56c3c9cc: 5629 07e8 

  0x0000012e56c3c9d0: ; ImmutableOopMap {r8=Oop rdx=Oop [168]=Oop }
                      ;*invokevirtual dispatchEvent {reexecute=0 rethrow=0 return_oop=0}
                      ; - java.awt.EventQueue::dispatchEventImpl@41 (line 725)
  0x0000012e56c3c9d0: 8c22 2907 

  0x0000012e56c3c9d4: ;   {metadata({method} {0x0000012e41088b08} 'dispatchEvent' '(Ljava/awt/AWTEvent;)V' in 'java/awt/Component')}
  0x0000012e56c3c9d4: 49ba 008b | 0841 2e01 | 0000 4c89 | 5424 0848 | c704 24ff 

  0x0000012e56c3c9e8: ;   {runtime_call C1 Runtime counter_overflow_blob}
  0x0000012e56c3c9e8: ffff ffe8 

  0x0000012e56c3c9ec: ; ImmutableOopMap {r8=Oop rdx=Oop [168]=Oop }
                      ;*synchronization entry
                      ; - java.awt.Component::dispatchEvent@-1 (line 4790)
                      ; - java.awt.EventQueue::dispatchEventImpl@41 (line 725)
  0x0000012e56c3c9ec: 7083 2907 | e944 e8ff 

  0x0000012e56c3c9f4: ;   {metadata({method} {0x0000012e410db960} 'dispatched' '()V' in 'java/awt/AWTEvent')}
  0x0000012e56c3c9f4: ff49 ba58 | b90d 412e | 0100 004c | 8954 2408 | 48c7 0424 | ffff ffff 

  0x0000012e56c3ca0c: ;   {runtime_call C1 Runtime counter_overflow_blob}
  0x0000012e56c3ca0c: e84f 8329 

  0x0000012e56c3ca10: ; ImmutableOopMap {[168]=Oop }
                      ;*synchronization entry
                      ; - java.awt.AWTEvent::dispatched@-1 (line 570)
                      ; - java.awt.EventQueue::dispatchEventImpl@45 (line 726)
  0x0000012e56c3ca10: 07e9 96e9 

  0x0000012e56c3ca14: ;   {metadata({method} {0x0000012e410f5940} 'getInputEventAccessor' '()Lsun/awt/AWTAccessor$InputEventAccessor;' in 'sun/awt/AWTAccessor')}
  0x0000012e56c3ca14: ffff 49ba | 3859 0f41 | 2e01 0000 | 4c89 5424 | 0848 c704 | 24ff ffff 

  0x0000012e56c3ca2c: ;   {runtime_call C1 Runtime counter_overflow_blob}
  0x0000012e56c3ca2c: ffe8 2e83 

  0x0000012e56c3ca30: ; ImmutableOopMap {r8=Oop [168]=Oop }
                      ;*synchronization entry
                      ; - sun.awt.AWTAccessor::getInputEventAccessor@-1 (line 961)
                      ; - java.awt.AWTEvent::dispatched@7 (line 571)
                      ; - java.awt.EventQueue::dispatchEventImpl@45 (line 726)
  0x0000012e56c3ca30: 2907 e9b6 

  0x0000012e56c3ca34: ;   {metadata({method} {0x0000012e410f8100} 'ensureClassInitialized' '(Ljava/lang/Class;)V' in 'sun/awt/AWTAccessor')}
  0x0000012e56c3ca34: eaff ff49 | baf8 800f | 412e 0100 | 004c 8954 | 2408 48c7 | 0424 ffff 

  0x0000012e56c3ca4c: ;   {runtime_call C1 Runtime counter_overflow_blob}
  0x0000012e56c3ca4c: ffff e80d 

  0x0000012e56c3ca50: ; ImmutableOopMap {[168]=Oop }
                      ;*synchronization entry
                      ; - sun.awt.AWTAccessor::ensureClassInitialized@-1 (line 1464)
                      ; - sun.awt.AWTAccessor::getInputEventAccessor@10 (line 963)
                      ; - java.awt.AWTEvent::dispatched@7 (line 571)
                      ; - java.awt.EventQueue::dispatchEventImpl@45 (line 726)
  0x0000012e56c3ca50: 8329 07e9 | 0deb ffff 

  0x0000012e56c3ca58: ;   {metadata({method} {0x0000012e0044ab28} 'lookup' '()Ljava/lang/invoke/MethodHandles$Lookup;' in 'java/lang/invoke/MethodHandles')}
  0x0000012e56c3ca58: 49ba 20ab | 4400 2e01 | 0000 4c89 | 5424 0848 | c704 24ff 

  0x0000012e56c3ca6c: ;   {runtime_call C1 Runtime counter_overflow_blob}
  0x0000012e56c3ca6c: ffff ffe8 

  0x0000012e56c3ca70: ; ImmutableOopMap {[168]=Oop }
                      ;*synchronization entry
                      ; - java.lang.invoke.MethodHandles::lookup@-1 (line 126)
                      ; - sun.awt.AWTAccessor::ensureClassInitialized@0 (line 1464)
                      ; - sun.awt.AWTAccessor::getInputEventAccessor@10 (line 963)
                      ; - java.awt.AWTEvent::dispatched@7 (line 571)
                      ; - java.awt.EventQueue::dispatchEventImpl@45 (line 726)
  0x0000012e56c3ca70: ec82 2907 | e925 ebff | ff48 8bd2 

  0x0000012e56c3ca7c: ;   {runtime_call C1 Runtime fast_new_instance_blob}
  0x0000012e56c3ca7c: e8df 2a29 

  0x0000012e56c3ca80: ; ImmutableOopMap {r8=Oop [168]=Oop }
                      ;*new {reexecute=0 rethrow=0 return_oop=0}
                      ; - java.lang.invoke.MethodHandles::lookup@18 (line 130)
                      ; - sun.awt.AWTAccessor::ensureClassInitialized@0 (line 1464)
                      ; - sun.awt.AWTAccessor::getInputEventAccessor@10 (line 963)
                      ; - java.awt.AWTEvent::dispatched@7 (line 571)
                      ; - java.awt.EventQueue::dispatchEventImpl@45 (line 726)
  0x0000012e56c3ca80: 07e9 c0eb 

  0x0000012e56c3ca84: ;   {metadata({method} {0x0000012e0044edd8} '<init>' '(Ljava/lang/Class;)V' in 'java/lang/invoke/MethodHandles$Lookup')}
  0x0000012e56c3ca84: ffff 49ba | d0ed 4400 | 2e01 0000 | 4c89 5424 | 0848 c704 | 24ff ffff 

  0x0000012e56c3ca9c: ;   {runtime_call C1 Runtime counter_overflow_blob}
  0x0000012e56c3ca9c: ffe8 be82 

  0x0000012e56c3caa0: ; ImmutableOopMap {r8=Oop rax=Oop [168]=Oop }
                      ;*synchronization entry
                      ; - java.lang.invoke.MethodHandles$Lookup::<init>@-1 (line 1534)
                      ; - java.lang.invoke.MethodHandles::lookup@23 (line 130)
                      ; - sun.awt.AWTAccessor::ensureClassInitialized@0 (line 1464)
                      ; - sun.awt.AWTAccessor::getInputEventAccessor@10 (line 963)
                      ; - java.awt.AWTEvent::dispatched@7 (line 571)
                      ; - java.awt.EventQueue::dispatchEventImpl@45 (line 726)
  0x0000012e56c3caa0: 2907 e9dd 

  0x0000012e56c3caa4: ;   {metadata(nullptr)}
  0x0000012e56c3caa4: ebff ff48 | b800 0000 | 0000 0000 | 00b8 000f 

  0x0000012e56c3cab4: ;   {runtime_call C1 Runtime load_klass_patching_blob}
  0x0000012e56c3cab4: 050a e825 

  0x0000012e56c3cab8: ; ImmutableOopMap {rdx=Oop r9=Oop [168]=Oop }
                      ;*instanceof {reexecute=1 rethrow=0 return_oop=0}
                      ; - (reexecute) java.awt.EventQueue::dispatchEventImpl@70 (line 729)
  0x0000012e56c3cab8: 7229 07e9 | 78ee ffff 

  0x0000012e56c3cac0: ;   {metadata({method} {0x0000012e41189bb8} 'noEvents' '()Z' in 'java/awt/EventQueue')}
  0x0000012e56c3cac0: 49ba b09b | 1841 2e01 | 0000 4c89 | 5424 0848 | c704 24ff 

  0x0000012e56c3cad4: ;   {runtime_call C1 Runtime counter_overflow_blob}
  0x0000012e56c3cad4: ffff ffe8 

  0x0000012e56c3cad8: ; ImmutableOopMap {rdx=Oop }
                      ;*synchronization entry
                      ; - java.awt.EventQueue::noEvents@-1 (line 520)
                      ; - java.awt.EventQueue::dispatchEventImpl@95 (line 732)
  0x0000012e56c3cad8: 8482 2907 | e916 f0ff 

  0x0000012e56c3cae0: ;   {runtime_call C1 Runtime throw_null_pointer_exception_blob}
  0x0000012e56c3cae0: ffe8 7a21 

  0x0000012e56c3cae4: ; ImmutableOopMap {rdx=Oop rdi=Oop }
                      ;*aaload {reexecute=0 rethrow=0 return_oop=0}
                      ; - java.awt.EventQueue::noEvents@12 (line 521)
                      ; - java.awt.EventQueue::dispatchEventImpl@95 (line 732)
                      ;   {runtime_call C1 Runtime throw_null_pointer_exception_blob}
  0x0000012e56c3cae4: 2907 e875 

  0x0000012e56c3cae8: ; ImmutableOopMap {rdx=Oop rdi=Oop }
                      ;*aaload {reexecute=0 rethrow=0 return_oop=0}
                      ; - java.awt.EventQueue::noEvents@12 (line 521)
                      ; - java.awt.EventQueue::dispatchEventImpl@95 (line 732)
  0x0000012e56c3cae8: 2129 0748 | 8934 2448 | 897c 2408 

  0x0000012e56c3caf4: ;   {runtime_call C1 Runtime throw_range_check_failed_blob}
  0x0000012e56c3caf4: e867 1129 

  0x0000012e56c3caf8: ; ImmutableOopMap {rdx=Oop rdi=Oop }
                      ;*aaload {reexecute=0 rethrow=0 return_oop=0}
                      ; - java.awt.EventQueue::noEvents@12 (line 521)
                      ; - java.awt.EventQueue::dispatchEventImpl@95 (line 732)
                      ;   {runtime_call C1 Runtime throw_null_pointer_exception_blob}
  0x0000012e56c3caf8: 07e8 6221 

  0x0000012e56c3cafc: ; ImmutableOopMap {rdx=Oop }
                      ;*getfield head {reexecute=1 rethrow=0 return_oop=0}
                      ; - (reexecute) java.awt.EventQueue::noEvents@13 (line 521)
                      ; - java.awt.EventQueue::dispatchEventImpl@95 (line 732)
                      ;   {metadata({method} {0x0000012e41189bb8} 'noEvents' '()Z' in 'java/awt/EventQueue')}
  0x0000012e56c3cafc: 2907 49ba | b09b 1841 | 2e01 0000 | 4c89 5424 | 0848 c704 | 2418 0000 

  0x0000012e56c3cb14: ;   {runtime_call C1 Runtime counter_overflow_blob}
  0x0000012e56c3cb14: 00e8 4682 

  0x0000012e56c3cb18: ; ImmutableOopMap {rdx=Oop }
                      ;*goto {reexecute=1 rethrow=0 return_oop=0}
                      ; - (reexecute) java.awt.EventQueue::noEvents@24 (line 520)
                      ; - java.awt.EventQueue::dispatchEventImpl@95 (line 732)
  0x0000012e56c3cb18: 2907 e95f 

  0x0000012e56c3cb1c: ;   {metadata({method} {0x0000012e41188988} 'getEventLog' '()Lsun/util/logging/PlatformLogger;' in 'java/awt/EventQueue')}
  0x0000012e56c3cb1c: f0ff ff49 | ba80 8918 | 412e 0100 | 004c 8954 | 2408 48c7 | 0424 ffff 

  0x0000012e56c3cb34: ;   {runtime_call C1 Runtime counter_overflow_blob}
  0x0000012e56c3cb34: ffff e825 

  0x0000012e56c3cb38: ; ImmutableOopMap {[168]=Oop }
                      ;*synchronization entry
                      ; - java.awt.EventQueue::getEventLog@-1 (line 180)
                      ; - java.awt.EventQueue::dispatchEventImpl@111 (line 736)
  0x0000012e56c3cb38: 8229 07e9 | fcf0 ffff | 418b 5078 | 48c1 e203 | 4883 fa00 | 0f84 69f1 | ffff 4889 

  0x0000012e56c3cb54: ;   {runtime_call g1_pre_barrier_slow}
  0x0000012e56c3cb54: 1424 e805 | 8829 07e9 | 5bf1 ffff | 4883 f800 | 0f84 76f1 | ffff 4c89 

  0x0000012e56c3cb6c: ;   {runtime_call g1_post_barrier_slow}
  0x0000012e56c3cb6c: 0424 e8ed | 8a29 07e9 | 68f1 ffff 

  0x0000012e56c3cb78: ;   {runtime_call C1 Runtime throw_null_pointer_exception_blob}
  0x0000012e56c3cb78: e8e3 2029 

  0x0000012e56c3cb7c: ; ImmutableOopMap {r8=Oop [168]=Oop }
                      ;*invokevirtual isLoggable {reexecute=0 rethrow=0 return_oop=0}
                      ; - java.awt.EventQueue::dispatchEventImpl@117 (line 736)
                      ;   {metadata({method} {0x0000012e410dd170} 'isLoggable' '(Lsun/util/logging/PlatformLogger$Level;)Z' in 'sun/util/logging/PlatformLogger')}
  0x0000012e56c3cb7c: 0749 ba68 | d10d 412e | 0100 004c | 8954 2408 | 48c7 0424 | ffff ffff 

  0x0000012e56c3cb94: ;   {runtime_call C1 Runtime counter_overflow_blob}
  0x0000012e56c3cb94: e8c7 8129 

  0x0000012e56c3cb98: ; ImmutableOopMap {r8=Oop [168]=Oop }
                      ;*synchronization entry
                      ; - sun.util.logging.PlatformLogger::isLoggable@-1 (line 336)
                      ; - java.awt.EventQueue::dispatchEventImpl@117 (line 736)
  0x0000012e56c3cb98: 07e9 a4f1 

  0x0000012e56c3cb9c: ;   {runtime_call C1 Runtime throw_null_pointer_exception_blob}
  0x0000012e56c3cb9c: ffff e8bd 

  0x0000012e56c3cba0: ; ImmutableOopMap {rdx=Oop [168]=Oop }
                      ;*invokeinterface isLoggable {reexecute=0 rethrow=0 return_oop=0}
                      ; - sun.util.logging.PlatformLogger::isLoggable@17 (line 340)
                      ; - java.awt.EventQueue::dispatchEventImpl@117 (line 736)
                      ;   {metadata({method} {0x0000012e41188988} 'getEventLog' '()Lsun/util/logging/PlatformLogger;' in 'java/awt/EventQueue')}
  0x0000012e56c3cba0: 2029 0749 | ba80 8918 | 412e 0100 | 004c 8954 | 2408 48c7 | 0424 ffff 

  0x0000012e56c3cbb8: ;   {runtime_call C1 Runtime counter_overflow_blob}
  0x0000012e56c3cbb8: ffff e8a1 

  0x0000012e56c3cbbc: ; ImmutableOopMap {[168]=Oop }
                      ;*synchronization entry
                      ; - java.awt.EventQueue::getEventLog@-1 (line 180)
                      ; - java.awt.EventQueue::dispatchEventImpl@123 (line 737)
  0x0000012e56c3cbbc: 8129 07e9 | b6f2 ffff | 8b72 7848 | c1e6 0348 | 83fe 000f | 8426 f3ff | ff48 8934 

  0x0000012e56c3cbd8: ;   {runtime_call g1_pre_barrier_slow}
  0x0000012e56c3cbd8: 24e8 8287 | 2907 e918 | f3ff ff48 | 83f8 000f | 8433 f3ff | ff48 8914 

  0x0000012e56c3cbf0: ;   {runtime_call g1_post_barrier_slow}
  0x0000012e56c3cbf0: 24e8 6a8a | 2907 e925 

  0x0000012e56c3cbf8: ;   {metadata({method} {0x0000012e0047e890} 'valueOf' '(Ljava/lang/Object;)Ljava/lang/String;' in 'java/lang/String')}
  0x0000012e56c3cbf8: f3ff ff49 | ba88 e847 | 002e 0100 | 004c 8954 | 2408 48c7 | 0424 ffff 

  0x0000012e56c3cc10: ;   {runtime_call C1 Runtime counter_overflow_blob}
  0x0000012e56c3cc10: ffff e849 

  0x0000012e56c3cc14: ; ImmutableOopMap {rsi=Oop r8=Oop [168]=Oop [184]=Oop }
                      ;*synchronization entry
                      ; - java.lang.String::valueOf@-1 (line 4543)
                      ; - java.awt.EventQueue::dispatchEventImpl@127 (line 737)
  0x0000012e56c3cc14: 8129 07e9 | 5ef3 ffff | 49b8 0000 | 0000 0000 | 0000 b800 

  0x0000012e56c3cc28: ;   {runtime_call C1 Runtime load_appendix_patching_blob}
  0x0000012e56c3cc28: 0f05 0ae8 

  0x0000012e56c3cc2c: ; ImmutableOopMap {rdi=Oop [184]=Oop }
                      ;*invokedynamic {reexecute=1 rethrow=0 return_oop=0}
                      ; - (reexecute) java.awt.EventQueue::dispatchEventImpl@130 (line 737)
  0x0000012e56c3cc2c: b079 2907 | e93b f4ff 

  0x0000012e56c3cc34: ;   {runtime_call C1 Runtime throw_null_pointer_exception_blob}
  0x0000012e56c3cc34: ffe8 2620 

  0x0000012e56c3cc38: ; ImmutableOopMap {rax=Oop rsi=Oop [184]=Oop }
                      ;*invokevirtual fine {reexecute=0 rethrow=0 return_oop=0}
                      ; - java.awt.EventQueue::dispatchEventImpl@135 (line 737)
                      ;   {metadata({method} {0x0000012e410dddc8} 'fine' '(Ljava/lang/String;)V' in 'sun/util/logging/PlatformLogger')}
  0x0000012e56c3cc38: 2907 49ba | c0dd 0d41 | 2e01 0000 | 4c89 5424 | 0848 c704 | 24ff ffff 

  0x0000012e56c3cc50: ;   {runtime_call C1 Runtime counter_overflow_blob}
  0x0000012e56c3cc50: ffe8 0a81 

  0x0000012e56c3cc54: ; ImmutableOopMap {rax=Oop rsi=Oop [184]=Oop }
                      ;*synchronization entry
                      ; - sun.util.logging.PlatformLogger::fine@-1 (line 449)
                      ; - java.awt.EventQueue::dispatchEventImpl@135 (line 737)
  0x0000012e56c3cc54: 2907 e9af 

  0x0000012e56c3cc58: ;   {runtime_call C1 Runtime throw_null_pointer_exception_blob}
  0x0000012e56c3cc58: f4ff ffe8 

  0x0000012e56c3cc5c: ; ImmutableOopMap {rax=Oop rdx=Oop }
                      ;*invokeinterface log {reexecute=0 rethrow=0 return_oop=0}
                      ; - sun.util.logging.PlatformLogger::fine@12 (line 449)
                      ; - java.awt.EventQueue::dispatchEventImpl@135 (line 737)
  0x0000012e56c3cc5c: 0020 2907 

  0x0000012e56c3cc60: ;   {internal_word}
  0x0000012e56c3cc60: 49ba e4c1 | c356 2e01 | 0000 4d89 | 9760 0400 

  0x0000012e56c3cc70: ;   {runtime_call SafepointBlob}
  0x0000012e56c3cc70: 00e9 6a90 

  0x0000012e56c3cc74: ;   {runtime_call C1 Runtime throw_null_pointer_exception_blob}
  0x0000012e56c3cc74: 1d07 e8e5 

  0x0000012e56c3cc78: ; ImmutableOopMap {r8=Oop }
                      ;*invokevirtual stopDispatching {reexecute=0 rethrow=0 return_oop=0}
                      ; - java.awt.EventQueue::dispatchEventImpl@105 (line 733)
                      ;   {metadata({method} {0x0000012e416a2710} 'stopDispatching' '()V' in 'java/awt/EventDispatchThread')}
  0x0000012e56c3cc78: 1f29 0749 | ba08 276a | 412e 0100 | 004c 8954 | 2408 48c7 | 0424 ffff 

  0x0000012e56c3cc90: ;   {runtime_call C1 Runtime counter_overflow_blob}
  0x0000012e56c3cc90: ffff e8c9 

  0x0000012e56c3cc94: ; ImmutableOopMap {r8=Oop }
                      ;*synchronization entry
                      ; - java.awt.EventDispatchThread::stopDispatching@-1 (line 85)
                      ; - java.awt.EventQueue::dispatchEventImpl@105 (line 733)
  0x0000012e56c3cc94: 8029 07e9 | abf5 ffff 

  0x0000012e56c3cc9c: ;   {internal_word}
  0x0000012e56c3cc9c: 49ba 6fc2 | c356 2e01 | 0000 4d89 | 9760 0400 

  0x0000012e56c3ccac: ;   {runtime_call SafepointBlob}
  0x0000012e56c3ccac: 00e9 2e90 

  0x0000012e56c3ccb0: ;   {metadata(nullptr)}
  0x0000012e56c3ccb0: 1d07 48bb | 0000 0000 | 0000 0000 | b800 0f05 

  0x0000012e56c3ccc0: ;   {runtime_call C1 Runtime load_klass_patching_blob}
  0x0000012e56c3ccc0: 0ae8 1a70 

  0x0000012e56c3ccc4: ; ImmutableOopMap {r9=Oop r8=Oop [168]=Oop }
                      ;*checkcast {reexecute=1 rethrow=0 return_oop=0}
                      ; - (reexecute) java.awt.EventQueue::dispatchEventImpl@77 (line 730)
  0x0000012e56c3ccc4: 2907 e95d | f6ff ff4c 

  0x0000012e56c3cccc: ;   {runtime_call C1 Runtime throw_class_cast_exception_blob}
  0x0000012e56c3cccc: 890c 24e8 

  0x0000012e56c3ccd0: ; ImmutableOopMap {r9=Oop r8=Oop [168]=Oop }
                      ;*checkcast {reexecute=0 rethrow=0 return_oop=0}
                      ; - java.awt.EventQueue::dispatchEventImpl@77 (line 730)
  0x0000012e56c3ccd0: 8c53 2907 

  0x0000012e56c3ccd4: ;   {internal_word}
  0x0000012e56c3ccd4: 49ba adc3 | c356 2e01 | 0000 4d89 | 9760 0400 

  0x0000012e56c3cce4: ;   {runtime_call SafepointBlob}
  0x0000012e56c3cce4: 00e9 f68f | 1d07 4c89 

  0x0000012e56c3ccec: ;   {runtime_call C1 Runtime throw_class_cast_exception_blob}
  0x0000012e56c3ccec: 0c24 e86d 

  0x0000012e56c3ccf0: ; ImmutableOopMap {r8=Oop [168]=Oop }
                      ;*checkcast {reexecute=0 rethrow=0 return_oop=0}
                      ; - java.awt.EventQueue::dispatchEventImpl@59 (line 728)
                      ;   {runtime_call C1 Runtime throw_null_pointer_exception_blob}
  0x0000012e56c3ccf0: 5329 07e8 

  0x0000012e56c3ccf4: ; ImmutableOopMap {r8=Oop rdx=Oop [168]=Oop }
                      ;*invokevirtual dispatchEvent {reexecute=0 rethrow=0 return_oop=0}
                      ; - java.awt.EventQueue::dispatchEventImpl@63 (line 728)
  0x0000012e56c3ccf4: 681f 2907 

  0x0000012e56c3ccf8: ;   {internal_word}
  0x0000012e56c3ccf8: 49ba 4dc5 | c356 2e01 | 0000 4d89 | 9760 0400 

  0x0000012e56c3cd08: ;   {runtime_call SafepointBlob}
  0x0000012e56c3cd08: 00e9 d28f | 1d07 4c89 

  0x0000012e56c3cd10: ;   {runtime_call C1 Runtime throw_class_cast_exception_blob}
  0x0000012e56c3cd10: 0424 e849 

  0x0000012e56c3cd14: ; ImmutableOopMap {}
                      ;*checkcast {reexecute=0 rethrow=0 return_oop=0}
                      ; - java.awt.EventQueue::dispatchEventImpl@18 (line 723)
                      ;   {runtime_call C1 Runtime throw_null_pointer_exception_blob}
  0x0000012e56c3cd14: 5329 07e8 

  0x0000012e56c3cd18: ; ImmutableOopMap {rdx=Oop }
                      ;*invokeinterface dispatch {reexecute=0 rethrow=0 return_oop=0}
                      ; - java.awt.EventQueue::dispatchEventImpl@21 (line 723)
  0x0000012e56c3cd18: 441f 2907 

  0x0000012e56c3cd1c: ;   {internal_word}
  0x0000012e56c3cd1c: 49ba 3cc7 | c356 2e01 | 0000 4d89 | 9760 0400 

  0x0000012e56c3cd2c: ;   {runtime_call SafepointBlob}
  0x0000012e56c3cd2c: 00e9 ae8f 

  0x0000012e56c3cd30: ;   {metadata(nullptr)}
  0x0000012e56c3cd30: 1d07 48ba | 0000 0000 | 0000 0000 | b800 0f05 

  0x0000012e56c3cd40: ;   {runtime_call C1 Runtime load_klass_patching_blob}
  0x0000012e56c3cd40: 0ae8 9a6f 

  0x0000012e56c3cd44: ; ImmutableOopMap {[168]=Oop }
                      ;*new {reexecute=1 rethrow=0 return_oop=0}
                      ; - (reexecute) java.lang.invoke.MethodHandles::lookup@8 (line 128)
                      ; - sun.awt.AWTAccessor::ensureClassInitialized@0 (line 1464)
                      ; - sun.awt.AWTAccessor::getInputEventAccessor@10 (line 963)
                      ; - java.awt.AWTEvent::dispatched@7 (line 571)
                      ; - java.awt.EventQueue::dispatchEventImpl@45 (line 726)
  0x0000012e56c3cd44: 2907 e9fd 

  0x0000012e56c3cd48: ;   {runtime_call C1 Runtime throw_null_pointer_exception_blob}
  0x0000012e56c3cd48: f9ff ffe8 

  0x0000012e56c3cd4c: ; ImmutableOopMap {[168]=Oop }
                      ;*new {reexecute=0 rethrow=0 return_oop=0}
                      ; - java.lang.invoke.MethodHandles::lookup@8 (line 128)
                      ; - sun.awt.AWTAccessor::ensureClassInitialized@0 (line 1464)
                      ; - sun.awt.AWTAccessor::getInputEventAccessor@10 (line 963)
                      ; - java.awt.AWTEvent::dispatched@7 (line 571)
                      ; - java.awt.EventQueue::dispatchEventImpl@45 (line 726)
  0x0000012e56c3cd4c: 101f 2907 

  0x0000012e56c3cd50: ;   {runtime_call C1 Runtime fast_new_instance_init_check_blob}
  0x0000012e56c3cd50: 488b d2e8 

  0x0000012e56c3cd54: ; ImmutableOopMap {[168]=Oop }
                      ;*new {reexecute=0 rethrow=0 return_oop=0}
                      ; - java.lang.invoke.MethodHandles::lookup@8 (line 128)
                      ; - sun.awt.AWTAccessor::ensureClassInitialized@0 (line 1464)
                      ; - sun.awt.AWTAccessor::getInputEventAccessor@10 (line 963)
                      ; - java.awt.AWTEvent::dispatched@7 (line 571)
                      ; - java.awt.EventQueue::dispatchEventImpl@45 (line 726)
  0x0000012e56c3cd54: 082f 2907 | e950 faff | ff4c 8904 

  0x0000012e56c3cd60: ;   {runtime_call C1 Runtime throw_class_cast_exception_blob}
  0x0000012e56c3cd60: 24e8 fa52 

  0x0000012e56c3cd64: ; ImmutableOopMap {rsi=Oop }
                      ;*checkcast {reexecute=0 rethrow=0 return_oop=0}
                      ; - java.awt.AWTEvent::dispatched@11 (line 571)
                      ; - java.awt.EventQueue::dispatchEventImpl@45 (line 726)
                      ;   {runtime_call C1 Runtime throw_incompatible_class_change_error_blob}
  0x0000012e56c3cd64: 2907 e8f5 

  0x0000012e56c3cd68: ; ImmutableOopMap {rsi=Oop rdi=Oop }
                      ;*invokeinterface setCanAccessSystemClipboard {reexecute=0 rethrow=0 return_oop=0}
                      ; - java.awt.AWTEvent::dispatched@15 (line 572)
                      ; - java.awt.EventQueue::dispatchEventImpl@45 (line 726)
                      ;   {runtime_call C1 Runtime throw_null_pointer_exception_blob}
  0x0000012e56c3cd68: 5529 07e8 

  0x0000012e56c3cd6c: ; ImmutableOopMap {rsi=Oop rdi=Oop }
                      ;*invokeinterface setCanAccessSystemClipboard {reexecute=0 rethrow=0 return_oop=0}
                      ; - java.awt.AWTEvent::dispatched@15 (line 572)
                      ; - java.awt.EventQueue::dispatchEventImpl@45 (line 726)
  0x0000012e56c3cd6c: f01e 2907 

  0x0000012e56c3cd70: ;   {metadata({method} {0x0000012e41111f30} 'setCanAccessSystemClipboard' '(Ljava/awt/event/InputEvent;Z)V' in 'java/awt/event/InputEvent$1')}
  0x0000012e56c3cd70: 49ba 281f | 1141 2e01 | 0000 4c89 | 5424 0848 | c704 24ff 

  0x0000012e56c3cd84: ;   {runtime_call C1 Runtime counter_overflow_blob}
  0x0000012e56c3cd84: ffff ffe8 

  0x0000012e56c3cd88: ; ImmutableOopMap {rdi=Oop }
                      ;*synchronization entry
                      ; - java.awt.event.InputEvent$1::setCanAccessSystemClipboard@-1 (line 338)
                      ; - java.awt.AWTEvent::dispatched@15 (line 572)
                      ; - java.awt.EventQueue::dispatchEventImpl@45 (line 726)
  0x0000012e56c3cd88: d47f 2907 | e9e8 fbff 

  0x0000012e56c3cd90: ;   {runtime_call C1 Runtime throw_null_pointer_exception_blob}
  0x0000012e56c3cd90: ffe8 ca1e 

  0x0000012e56c3cd94: ; ImmutableOopMap {}
                      ;*putfield canAccessSystemClipboard {reexecute=1 rethrow=0 return_oop=0}
                      ; - (reexecute) java.awt.event.InputEvent$1::setCanAccessSystemClipboard@2 (line 338)
                      ; - java.awt.AWTEvent::dispatched@15 (line 572)
                      ; - java.awt.EventQueue::dispatchEventImpl@45 (line 726)
                      ;   {internal_word}
  0x0000012e56c3cd94: 2907 49ba | 95c9 c356 | 2e01 0000 | 4d89 9760 

  0x0000012e56c3cda4: ;   {runtime_call SafepointBlob}
  0x0000012e56c3cda4: 0400 00e9 | 348f 1d07 | 498b 8708 | 0500 0049 | c787 0805 | 0000 0000 | 0000 49c7 | 8710 0500 
  0x0000012e56c3cdc4: 0000 0000 | 0048 81c4 | d000 0000 

  0x0000012e56c3cdd0: ;   {runtime_call C1 Runtime unwind_exception_blob}
  0x0000012e56c3cdd0: 5de9 8a08 | 2907 f4f4 
[Stub Code]
  0x0000012e56c3cdd8: ;   {no_reloc}
  0x0000012e56c3cdd8: 0f1f 4400 

  0x0000012e56c3cddc: ;   {static_stub}
  0x0000012e56c3cddc: 0048 bb00 | 0000 0000 

  0x0000012e56c3cde4: ;   {runtime_call nmethod}
  0x0000012e56c3cde4: 0000 00e9 | fbff ffff 

  0x0000012e56c3cdec: ;   {static_stub}
  0x0000012e56c3cdec: 9048 bb00 | 0000 0000 

  0x0000012e56c3cdf4: ;   {runtime_call nmethod}
  0x0000012e56c3cdf4: 0000 00e9 | fbff ffff 

  0x0000012e56c3cdfc: ;   {static_stub}
  0x0000012e56c3cdfc: 9048 bb00 | 0000 0000 

  0x0000012e56c3ce04: ;   {runtime_call nmethod}
  0x0000012e56c3ce04: 0000 00e9 | fbff ffff 

  0x0000012e56c3ce0c: ;   {static_stub}
  0x0000012e56c3ce0c: 9048 bb00 | 0000 0000 

  0x0000012e56c3ce14: ;   {runtime_call nmethod}
  0x0000012e56c3ce14: 0000 00e9 | fbff ffff 

  0x0000012e56c3ce1c: ;   {static_stub}
  0x0000012e56c3ce1c: 9048 bb00 | 0000 0000 

  0x0000012e56c3ce24: ;   {runtime_call nmethod}
  0x0000012e56c3ce24: 0000 00e9 | fbff ffff 

  0x0000012e56c3ce2c: ;   {static_stub}
  0x0000012e56c3ce2c: 9048 bb00 | 0000 0000 

  0x0000012e56c3ce34: ;   {runtime_call nmethod}
  0x0000012e56c3ce34: 0000 00e9 | fbff ffff 

  0x0000012e56c3ce3c: ;   {static_stub}
  0x0000012e56c3ce3c: 9048 bb00 | 0000 0000 

  0x0000012e56c3ce44: ;   {runtime_call nmethod}
  0x0000012e56c3ce44: 0000 00e9 | fbff ffff 

  0x0000012e56c3ce4c: ;   {static_stub}
  0x0000012e56c3ce4c: 9048 bb00 | 0000 0000 

  0x0000012e56c3ce54: ;   {runtime_call nmethod}
  0x0000012e56c3ce54: 0000 00e9 | fbff ffff 

  0x0000012e56c3ce5c: ;   {static_stub}
  0x0000012e56c3ce5c: 9048 bb00 | 0000 0000 

  0x0000012e56c3ce64: ;   {runtime_call nmethod}
  0x0000012e56c3ce64: 0000 00e9 | fbff ffff 

  0x0000012e56c3ce6c: ;   {static_stub}
  0x0000012e56c3ce6c: 48bb 0000 | 0000 0000 

  0x0000012e56c3ce74: ;   {runtime_call nmethod}
  0x0000012e56c3ce74: 0000 e9fb 

  0x0000012e56c3ce78: ;   {static_stub}
  0x0000012e56c3ce78: ffff ff48 | bb00 0000 | 0000 0000 

  0x0000012e56c3ce84: ;   {runtime_call nmethod}
  0x0000012e56c3ce84: 00e9 fbff 

  0x0000012e56c3ce88: ;   {static_stub}
  0x0000012e56c3ce88: ffff 48bb | 0000 0000 | 0000 0000 

  0x0000012e56c3ce94: ;   {runtime_call nmethod}
  0x0000012e56c3ce94: e9fb ffff 

  0x0000012e56c3ce98: ;   {static_stub}
  0x0000012e56c3ce98: ff48 bb00 | 0000 0000 

  0x0000012e56c3cea0: ;   {runtime_call nmethod}
  0x0000012e56c3cea0: 0000 00e9 | fbff ffff 

  0x0000012e56c3cea8: ;   {static_stub}
  0x0000012e56c3cea8: 48bb 0000 | 0000 0000 

  0x0000012e56c3ceb0: ;   {runtime_call nmethod}
  0x0000012e56c3ceb0: 0000 e9fb 

  0x0000012e56c3ceb4: ;   {runtime_call C1 Runtime handle_exception_from_callee_blob}
  0x0000012e56c3ceb4: ffff ffe8 | a44b 2907 

  0x0000012e56c3cebc: ;   {external_word}
  0x0000012e56c3cebc: 48b9 e034 | 8ede f87f | 0000 4883 

  0x0000012e56c3cec8: ;   {runtime_call}
  0x0000012e56c3cec8: e4f0 48b8 | 1090 4bde | f87f 0000 

  0x0000012e56c3ced4: ;   {section_word}
  0x0000012e56c3ced4: ffd0 f449 | bad7 cec3 | 562e 0100 

  0x0000012e56c3cee0: ;   {runtime_call DeoptimizationBlob}
  0x0000012e56c3cee0: 0041 52e9 | 9883 1d07 
[/MachCode]


---------------  P R O C E S S  ---------------

Threads class SMR info:
_java_thread_list=0x0000012e45c86060, length=17, elements={
0x0000012e6d46eab0, 0x0000012e6d46f1f0, 0x0000012e6d46f930, 0x0000012e6d470460,
0x0000012e6d470f90, 0x0000012e6d471ac0, 0x0000012e6d473d30, 0x0000012e45020090,
0x0000012e45130220, 0x0000012e4522a7c0, 0x0000012e458b4840, 0x0000012e456cb490,
0x0000012e456cfbe0, 0x0000012e45a167e0, 0x0000012e4bb701d0, 0x0000012e45b881e0,
0x0000012e45772180
}

Java Threads: ( => current thread )
  0x0000012e6d46eab0 JavaThread "Reference Handler"          daemon [_thread_blocked, id=33592, stack(0x0000001a23000000,0x0000001a23100000) (1024K)]
  0x0000012e6d46f1f0 JavaThread "Finalizer"                  daemon [_thread_blocked, id=37676, stack(0x0000001a23100000,0x0000001a23200000) (1024K)]
  0x0000012e6d46f930 JavaThread "Signal Dispatcher"          daemon [_thread_blocked, id=41912, stack(0x0000001a23200000,0x0000001a23300000) (1024K)]
  0x0000012e6d470460 JavaThread "Attach Listener"            daemon [_thread_blocked, id=41980, stack(0x0000001a23300000,0x0000001a23400000) (1024K)]
  0x0000012e6d470f90 JavaThread "Service Thread"             daemon [_thread_blocked, id=39228, stack(0x0000001a23400000,0x0000001a23500000) (1024K)]
  0x0000012e6d471ac0 JavaThread "Monitor Deflation Thread"   daemon [_thread_blocked, id=40824, stack(0x0000001a23500000,0x0000001a23600000) (1024K)]
  0x0000012e6d473d30 JavaThread "C2 CompilerThread0"         daemon [_thread_blocked, id=16884, stack(0x0000001a23600000,0x0000001a23700000) (1024K)]
  0x0000012e45020090 JavaThread "C1 CompilerThread0"         daemon [_thread_blocked, id=39672, stack(0x0000001a23700000,0x0000001a23800000) (1024K)]
  0x0000012e45130220 JavaThread "Common-Cleaner"             daemon [_thread_blocked, id=17172, stack(0x0000001a23900000,0x0000001a23a00000) (1024K)]
  0x0000012e4522a7c0 JavaThread "Notification Thread"        daemon [_thread_blocked, id=36136, stack(0x0000001a23a00000,0x0000001a23b00000) (1024K)]
  0x0000012e458b4840 JavaThread "Java2D Disposer"            daemon [_thread_blocked, id=30084, stack(0x0000001a23d00000,0x0000001a23e00000) (1024K)]
  0x0000012e456cb490 JavaThread "AWT-Shutdown"                      [_thread_blocked, id=2120, stack(0x0000001a23e00000,0x0000001a23f00000) (1024K)]
  0x0000012e456cfbe0 JavaThread "AWT-Windows"                daemon [_thread_in_native, id=10056, stack(0x0000001a23f00000,0x0000001a24000000) (1024K)]
=>0x0000012e45a167e0 JavaThread "AWT-EventQueue-0"                  [_thread_in_native, id=41112, stack(0x0000001a24100000,0x0000001a24200000) (1024K)]
  0x0000012e4bb701d0 JavaThread "DestroyJavaVM"                     [_thread_blocked, id=39896, stack(0x0000001a22800000,0x0000001a22900000) (1024K)]
  0x0000012e45b881e0 JavaThread "TimerQueue"                 daemon [_thread_blocked, id=30108, stack(0x0000001a24600000,0x0000001a24700000) (1024K)]
  0x0000012e45772180 JavaThread "mysql-cj-abandoned-connection-cleanup" daemon [_thread_blocked, id=37056, stack(0x0000001a23800000,0x0000001a23900000) (1024K)]
Total: 17

Other Threads:
  0x0000012e6d45fc10 VMThread "VM Thread"                           [id=32248, stack(0x0000001a22f00000,0x0000001a23000000) (1024K)]
  0x0000012e6d318af0 WatcherThread "VM Periodic Task Thread"        [id=39368, stack(0x0000001a22e00000,0x0000001a22f00000) (1024K)]
  0x0000012e4ded2d80 WorkerThread "GC Thread#0"                     [id=36124, stack(0x0000001a22900000,0x0000001a22a00000) (1024K)]
  0x0000012e4dee7570 ConcurrentGCThread "G1 Main Marker"            [id=21848, stack(0x0000001a22a00000,0x0000001a22b00000) (1024K)]
  0x0000012e4dee8e80 WorkerThread "G1 Conc#0"                       [id=33392, stack(0x0000001a22b00000,0x0000001a22c00000) (1024K)]
  0x0000012e6d3080a0 ConcurrentGCThread "G1 Refine#0"               [id=40540, stack(0x0000001a22c00000,0x0000001a22d00000) (1024K)]
  0x0000012e6d3088d0 ConcurrentGCThread "G1 Service"                [id=40188, stack(0x0000001a22d00000,0x0000001a22e00000) (1024K)]
Total: 7

Threads with active compile tasks:
Total: 0

VM state: not at safepoint (normal execution)

VM Mutex/Monitor currently owned by a thread: None

Heap address: 0x0000000705e00000, size: 4002 MB, Compressed Oops mode: Zero based, Oop shift amount: 3

CDS archive(s) mapped at: [0x0000012e00000000-0x0000012e00d40000-0x0000012e00d40000), size 13893632, SharedBaseAddress: 0x0000012e00000000, ArchiveRelocationMode: 1.
Compressed class space mapped at: 0x0000012e01000000-0x0000012e41000000, reserved size: 1073741824
UseCompressedClassPointers 1, UseCompactObjectHeaders 0
Narrow klass pointer bits 32, Max shift 3
Narrow klass base: 0x0000012e00000000, Narrow klass shift: 0
Encoding Range: [0x0000012e00000000 - 0x0000012f00000000), (4294967296 bytes)
Klass Range:    [0x0000012e00000000 - 0x0000012e41000000), (1090519040 bytes)
Klass ID Range:  [8 - 1090519033) (1090519025)

GC Precious Log:
 CardTable entry size: 512
 Card Set container configuration: InlinePtr #cards 4 size 8 Array Of Cards #cards 16 size 48 Howl #buckets 8 coarsen threshold 3686 Howl Bitmap #cards 512 size 80 coarsen threshold 460 Card regions per heap region 1 cards per card region 4096
 CPUs: 16 total, 16 available
 Memory: 16004M
 Large Page Support: Disabled
 NUMA Support: Disabled
 Compressed Oops: Enabled (Zero based)
 Heap Region Size: 2M
 Heap Min Capacity: 8M
 Heap Initial Capacity: 252M
 Heap Max Capacity: 4002M
 Pre-touch: Disabled
 Parallel Workers: 13
 Concurrent Workers: 3
 Concurrent Refinement Workers: 13
 Periodic GC: Disabled

Heap:
 garbage-first heap   total reserved 4098048K, committed 260096K, used 52336K [0x0000000705e00000, 0x0000000800000000)
  region size 2048K, 24 young (49152K), 0 survivors (0K)
 Metaspace       used 20676K, committed 20864K, reserved 1114112K
  class space    used 1972K, committed 2048K, reserved 1048576K

Heap Regions: E=young(eden), S=young(survivor), O=old, HS=humongous(starts), HC=humongous(continues), CS=collection set, F=free, TAMS=top-at-mark-start, PB=parsable bottom
|   0|0x0000000705e00000, 0x0000000706000000, 0x0000000706000000|100%|HS|  |TAMS 0x0000000705e00000| PB 0x0000000705e00000| Complete |  0
|   1|0x0000000706000000, 0x0000000706200000, 0x0000000706200000|100%|HC|  |TAMS 0x0000000706000000| PB 0x0000000706000000| Complete |  0
|   2|0x0000000706200000, 0x0000000706200000, 0x0000000706400000|  0%| F|  |TAMS 0x0000000706200000| PB 0x0000000706200000| Untracked |  0
|   3|0x0000000706400000, 0x0000000706400000, 0x0000000706600000|  0%| F|  |TAMS 0x0000000706400000| PB 0x0000000706400000| Untracked |  0
|   4|0x0000000706600000, 0x0000000706600000, 0x0000000706800000|  0%| F|  |TAMS 0x0000000706600000| PB 0x0000000706600000| Untracked |  0
|   5|0x0000000706800000, 0x0000000706800000, 0x0000000706a00000|  0%| F|  |TAMS 0x0000000706800000| PB 0x0000000706800000| Untracked |  0
|   6|0x0000000706a00000, 0x0000000706a00000, 0x0000000706c00000|  0%| F|  |TAMS 0x0000000706a00000| PB 0x0000000706a00000| Untracked |  0
|   7|0x0000000706c00000, 0x0000000706c00000, 0x0000000706e00000|  0%| F|  |TAMS 0x0000000706c00000| PB 0x0000000706c00000| Untracked |  0
|   8|0x0000000706e00000, 0x0000000706e00000, 0x0000000707000000|  0%| F|  |TAMS 0x0000000706e00000| PB 0x0000000706e00000| Untracked |  0
|   9|0x0000000707000000, 0x0000000707000000, 0x0000000707200000|  0%| F|  |TAMS 0x0000000707000000| PB 0x0000000707000000| Untracked |  0
|  10|0x0000000707200000, 0x0000000707200000, 0x0000000707400000|  0%| F|  |TAMS 0x0000000707200000| PB 0x0000000707200000| Untracked |  0
|  11|0x0000000707400000, 0x0000000707400000, 0x0000000707600000|  0%| F|  |TAMS 0x0000000707400000| PB 0x0000000707400000| Untracked |  0
|  12|0x0000000707600000, 0x0000000707600000, 0x0000000707800000|  0%| F|  |TAMS 0x0000000707600000| PB 0x0000000707600000| Untracked |  0
|  13|0x0000000707800000, 0x0000000707800000, 0x0000000707a00000|  0%| F|  |TAMS 0x0000000707800000| PB 0x0000000707800000| Untracked |  0
|  14|0x0000000707a00000, 0x0000000707a00000, 0x0000000707c00000|  0%| F|  |TAMS 0x0000000707a00000| PB 0x0000000707a00000| Untracked |  0
|  15|0x0000000707c00000, 0x0000000707c00000, 0x0000000707e00000|  0%| F|  |TAMS 0x0000000707c00000| PB 0x0000000707c00000| Untracked |  0
|  16|0x0000000707e00000, 0x0000000707e00000, 0x0000000708000000|  0%| F|  |TAMS 0x0000000707e00000| PB 0x0000000707e00000| Untracked |  0
|  17|0x0000000708000000, 0x0000000708000000, 0x0000000708200000|  0%| F|  |TAMS 0x0000000708000000| PB 0x0000000708000000| Untracked |  0
|  18|0x0000000708200000, 0x0000000708200000, 0x0000000708400000|  0%| F|  |TAMS 0x0000000708200000| PB 0x0000000708200000| Untracked |  0
|  19|0x0000000708400000, 0x0000000708400000, 0x0000000708600000|  0%| F|  |TAMS 0x0000000708400000| PB 0x0000000708400000| Untracked |  0
|  20|0x0000000708600000, 0x0000000708600000, 0x0000000708800000|  0%| F|  |TAMS 0x0000000708600000| PB 0x0000000708600000| Untracked |  0
|  21|0x0000000708800000, 0x0000000708800000, 0x0000000708a00000|  0%| F|  |TAMS 0x0000000708800000| PB 0x0000000708800000| Untracked |  0
|  22|0x0000000708a00000, 0x0000000708a00000, 0x0000000708c00000|  0%| F|  |TAMS 0x0000000708a00000| PB 0x0000000708a00000| Untracked |  0
|  23|0x0000000708c00000, 0x0000000708c00000, 0x0000000708e00000|  0%| F|  |TAMS 0x0000000708c00000| PB 0x0000000708c00000| Untracked |  0
|  24|0x0000000708e00000, 0x0000000708e00000, 0x0000000709000000|  0%| F|  |TAMS 0x0000000708e00000| PB 0x0000000708e00000| Untracked |  0
|  25|0x0000000709000000, 0x0000000709000000, 0x0000000709200000|  0%| F|  |TAMS 0x0000000709000000| PB 0x0000000709000000| Untracked |  0
|  26|0x0000000709200000, 0x0000000709200000, 0x0000000709400000|  0%| F|  |TAMS 0x0000000709200000| PB 0x0000000709200000| Untracked |  0
|  27|0x0000000709400000, 0x0000000709400000, 0x0000000709600000|  0%| F|  |TAMS 0x0000000709400000| PB 0x0000000709400000| Untracked |  0
|  28|0x0000000709600000, 0x0000000709600000, 0x0000000709800000|  0%| F|  |TAMS 0x0000000709600000| PB 0x0000000709600000| Untracked |  0
|  29|0x0000000709800000, 0x0000000709800000, 0x0000000709a00000|  0%| F|  |TAMS 0x0000000709800000| PB 0x0000000709800000| Untracked |  0
|  30|0x0000000709a00000, 0x0000000709a00000, 0x0000000709c00000|  0%| F|  |TAMS 0x0000000709a00000| PB 0x0000000709a00000| Untracked |  0
|  31|0x0000000709c00000, 0x0000000709c00000, 0x0000000709e00000|  0%| F|  |TAMS 0x0000000709c00000| PB 0x0000000709c00000| Untracked |  0
|  32|0x0000000709e00000, 0x0000000709e00000, 0x000000070a000000|  0%| F|  |TAMS 0x0000000709e00000| PB 0x0000000709e00000| Untracked |  0
|  33|0x000000070a000000, 0x000000070a000000, 0x000000070a200000|  0%| F|  |TAMS 0x000000070a000000| PB 0x000000070a000000| Untracked |  0
|  34|0x000000070a200000, 0x000000070a200000, 0x000000070a400000|  0%| F|  |TAMS 0x000000070a200000| PB 0x000000070a200000| Untracked |  0
|  35|0x000000070a400000, 0x000000070a400000, 0x000000070a600000|  0%| F|  |TAMS 0x000000070a400000| PB 0x000000070a400000| Untracked |  0
|  36|0x000000070a600000, 0x000000070a600000, 0x000000070a800000|  0%| F|  |TAMS 0x000000070a600000| PB 0x000000070a600000| Untracked |  0
|  37|0x000000070a800000, 0x000000070a800000, 0x000000070aa00000|  0%| F|  |TAMS 0x000000070a800000| PB 0x000000070a800000| Untracked |  0
|  38|0x000000070aa00000, 0x000000070aa00000, 0x000000070ac00000|  0%| F|  |TAMS 0x000000070aa00000| PB 0x000000070aa00000| Untracked |  0
|  39|0x000000070ac00000, 0x000000070ac00000, 0x000000070ae00000|  0%| F|  |TAMS 0x000000070ac00000| PB 0x000000070ac00000| Untracked |  0
|  40|0x000000070ae00000, 0x000000070ae00000, 0x000000070b000000|  0%| F|  |TAMS 0x000000070ae00000| PB 0x000000070ae00000| Untracked |  0
|  41|0x000000070b000000, 0x000000070b000000, 0x000000070b200000|  0%| F|  |TAMS 0x000000070b000000| PB 0x000000070b000000| Untracked |  0
|  42|0x000000070b200000, 0x000000070b200000, 0x000000070b400000|  0%| F|  |TAMS 0x000000070b200000| PB 0x000000070b200000| Untracked |  0
|  43|0x000000070b400000, 0x000000070b400000, 0x000000070b600000|  0%| F|  |TAMS 0x000000070b400000| PB 0x000000070b400000| Untracked |  0
|  44|0x000000070b600000, 0x000000070b600000, 0x000000070b800000|  0%| F|  |TAMS 0x000000070b600000| PB 0x000000070b600000| Untracked |  0
|  45|0x000000070b800000, 0x000000070b800000, 0x000000070ba00000|  0%| F|  |TAMS 0x000000070b800000| PB 0x000000070b800000| Untracked |  0
|  46|0x000000070ba00000, 0x000000070ba00000, 0x000000070bc00000|  0%| F|  |TAMS 0x000000070ba00000| PB 0x000000070ba00000| Untracked |  0
|  47|0x000000070bc00000, 0x000000070bc00000, 0x000000070be00000|  0%| F|  |TAMS 0x000000070bc00000| PB 0x000000070bc00000| Untracked |  0
|  48|0x000000070be00000, 0x000000070be00000, 0x000000070c000000|  0%| F|  |TAMS 0x000000070be00000| PB 0x000000070be00000| Untracked |  0
|  49|0x000000070c000000, 0x000000070c000000, 0x000000070c200000|  0%| F|  |TAMS 0x000000070c000000| PB 0x000000070c000000| Untracked |  0
|  50|0x000000070c200000, 0x000000070c200000, 0x000000070c400000|  0%| F|  |TAMS 0x000000070c200000| PB 0x000000070c200000| Untracked |  0
|  51|0x000000070c400000, 0x000000070c400000, 0x000000070c600000|  0%| F|  |TAMS 0x000000070c400000| PB 0x000000070c400000| Untracked |  0
|  52|0x000000070c600000, 0x000000070c600000, 0x000000070c800000|  0%| F|  |TAMS 0x000000070c600000| PB 0x000000070c600000| Untracked |  0
|  53|0x000000070c800000, 0x000000070c800000, 0x000000070ca00000|  0%| F|  |TAMS 0x000000070c800000| PB 0x000000070c800000| Untracked |  0
|  54|0x000000070ca00000, 0x000000070ca00000, 0x000000070cc00000|  0%| F|  |TAMS 0x000000070ca00000| PB 0x000000070ca00000| Untracked |  0
|  55|0x000000070cc00000, 0x000000070cc00000, 0x000000070ce00000|  0%| F|  |TAMS 0x000000070cc00000| PB 0x000000070cc00000| Untracked |  0
|  56|0x000000070ce00000, 0x000000070ce00000, 0x000000070d000000|  0%| F|  |TAMS 0x000000070ce00000| PB 0x000000070ce00000| Untracked |  0
|  57|0x000000070d000000, 0x000000070d000000, 0x000000070d200000|  0%| F|  |TAMS 0x000000070d000000| PB 0x000000070d000000| Untracked |  0
|  58|0x000000070d200000, 0x000000070d200000, 0x000000070d400000|  0%| F|  |TAMS 0x000000070d200000| PB 0x000000070d200000| Untracked |  0
|  59|0x000000070d400000, 0x000000070d400000, 0x000000070d600000|  0%| F|  |TAMS 0x000000070d400000| PB 0x000000070d400000| Untracked |  0
|  60|0x000000070d600000, 0x000000070d600000, 0x000000070d800000|  0%| F|  |TAMS 0x000000070d600000| PB 0x000000070d600000| Untracked |  0
|  61|0x000000070d800000, 0x000000070d800000, 0x000000070da00000|  0%| F|  |TAMS 0x000000070d800000| PB 0x000000070d800000| Untracked |  0
|  62|0x000000070da00000, 0x000000070da00000, 0x000000070dc00000|  0%| F|  |TAMS 0x000000070da00000| PB 0x000000070da00000| Untracked |  0
|  63|0x000000070dc00000, 0x000000070dc00000, 0x000000070de00000|  0%| F|  |TAMS 0x000000070dc00000| PB 0x000000070dc00000| Untracked |  0
|  64|0x000000070de00000, 0x000000070de00000, 0x000000070e000000|  0%| F|  |TAMS 0x000000070de00000| PB 0x000000070de00000| Untracked |  0
|  65|0x000000070e000000, 0x000000070e000000, 0x000000070e200000|  0%| F|  |TAMS 0x000000070e000000| PB 0x000000070e000000| Untracked |  0
|  66|0x000000070e200000, 0x000000070e200000, 0x000000070e400000|  0%| F|  |TAMS 0x000000070e200000| PB 0x000000070e200000| Untracked |  0
|  67|0x000000070e400000, 0x000000070e400000, 0x000000070e600000|  0%| F|  |TAMS 0x000000070e400000| PB 0x000000070e400000| Untracked |  0
|  68|0x000000070e600000, 0x000000070e600000, 0x000000070e800000|  0%| F|  |TAMS 0x000000070e600000| PB 0x000000070e600000| Untracked |  0
|  69|0x000000070e800000, 0x000000070e800000, 0x000000070ea00000|  0%| F|  |TAMS 0x000000070e800000| PB 0x000000070e800000| Untracked |  0
|  70|0x000000070ea00000, 0x000000070ea00000, 0x000000070ec00000|  0%| F|  |TAMS 0x000000070ea00000| PB 0x000000070ea00000| Untracked |  0
|  71|0x000000070ec00000, 0x000000070ec00000, 0x000000070ee00000|  0%| F|  |TAMS 0x000000070ec00000| PB 0x000000070ec00000| Untracked |  0
|  72|0x000000070ee00000, 0x000000070ee00000, 0x000000070f000000|  0%| F|  |TAMS 0x000000070ee00000| PB 0x000000070ee00000| Untracked |  0
|  73|0x000000070f000000, 0x000000070f000000, 0x000000070f200000|  0%| F|  |TAMS 0x000000070f000000| PB 0x000000070f000000| Untracked |  0
|  74|0x000000070f200000, 0x000000070f200000, 0x000000070f400000|  0%| F|  |TAMS 0x000000070f200000| PB 0x000000070f200000| Untracked |  0
|  75|0x000000070f400000, 0x000000070f400000, 0x000000070f600000|  0%| F|  |TAMS 0x000000070f400000| PB 0x000000070f400000| Untracked |  0
|  76|0x000000070f600000, 0x000000070f600000, 0x000000070f800000|  0%| F|  |TAMS 0x000000070f600000| PB 0x000000070f600000| Untracked |  0
|  77|0x000000070f800000, 0x000000070f800000, 0x000000070fa00000|  0%| F|  |TAMS 0x000000070f800000| PB 0x000000070f800000| Untracked |  0
|  78|0x000000070fa00000, 0x000000070fa00000, 0x000000070fc00000|  0%| F|  |TAMS 0x000000070fa00000| PB 0x000000070fa00000| Untracked |  0
|  79|0x000000070fc00000, 0x000000070fc00000, 0x000000070fe00000|  0%| F|  |TAMS 0x000000070fc00000| PB 0x000000070fc00000| Untracked |  0
|  80|0x000000070fe00000, 0x000000070fe00000, 0x0000000710000000|  0%| F|  |TAMS 0x000000070fe00000| PB 0x000000070fe00000| Untracked |  0
|  81|0x0000000710000000, 0x0000000710000000, 0x0000000710200000|  0%| F|  |TAMS 0x0000000710000000| PB 0x0000000710000000| Untracked |  0
|  82|0x0000000710200000, 0x0000000710200000, 0x0000000710400000|  0%| F|  |TAMS 0x0000000710200000| PB 0x0000000710200000| Untracked |  0
|  83|0x0000000710400000, 0x0000000710400000, 0x0000000710600000|  0%| F|  |TAMS 0x0000000710400000| PB 0x0000000710400000| Untracked |  0
|  84|0x0000000710600000, 0x0000000710600000, 0x0000000710800000|  0%| F|  |TAMS 0x0000000710600000| PB 0x0000000710600000| Untracked |  0
|  85|0x0000000710800000, 0x0000000710800000, 0x0000000710a00000|  0%| F|  |TAMS 0x0000000710800000| PB 0x0000000710800000| Untracked |  0
|  86|0x0000000710a00000, 0x0000000710a00000, 0x0000000710c00000|  0%| F|  |TAMS 0x0000000710a00000| PB 0x0000000710a00000| Untracked |  0
|  87|0x0000000710c00000, 0x0000000710c00000, 0x0000000710e00000|  0%| F|  |TAMS 0x0000000710c00000| PB 0x0000000710c00000| Untracked |  0
|  88|0x0000000710e00000, 0x0000000710e00000, 0x0000000711000000|  0%| F|  |TAMS 0x0000000710e00000| PB 0x0000000710e00000| Untracked |  0
|  89|0x0000000711000000, 0x0000000711000000, 0x0000000711200000|  0%| F|  |TAMS 0x0000000711000000| PB 0x0000000711000000| Untracked |  0
|  90|0x0000000711200000, 0x0000000711200000, 0x0000000711400000|  0%| F|  |TAMS 0x0000000711200000| PB 0x0000000711200000| Untracked |  0
|  91|0x0000000711400000, 0x0000000711400000, 0x0000000711600000|  0%| F|  |TAMS 0x0000000711400000| PB 0x0000000711400000| Untracked |  0
|  92|0x0000000711600000, 0x0000000711600000, 0x0000000711800000|  0%| F|  |TAMS 0x0000000711600000| PB 0x0000000711600000| Untracked |  0
|  93|0x0000000711800000, 0x0000000711800000, 0x0000000711a00000|  0%| F|  |TAMS 0x0000000711800000| PB 0x0000000711800000| Untracked |  0
|  94|0x0000000711a00000, 0x0000000711a00000, 0x0000000711c00000|  0%| F|  |TAMS 0x0000000711a00000| PB 0x0000000711a00000| Untracked |  0
|  95|0x0000000711c00000, 0x0000000711c00000, 0x0000000711e00000|  0%| F|  |TAMS 0x0000000711c00000| PB 0x0000000711c00000| Untracked |  0
|  96|0x0000000711e00000, 0x0000000711e00000, 0x0000000712000000|  0%| F|  |TAMS 0x0000000711e00000| PB 0x0000000711e00000| Untracked |  0
|  97|0x0000000712000000, 0x0000000712000000, 0x0000000712200000|  0%| F|  |TAMS 0x0000000712000000| PB 0x0000000712000000| Untracked |  0
|  98|0x0000000712200000, 0x0000000712200000, 0x0000000712400000|  0%| F|  |TAMS 0x0000000712200000| PB 0x0000000712200000| Untracked |  0
|  99|0x0000000712400000, 0x0000000712400000, 0x0000000712600000|  0%| F|  |TAMS 0x0000000712400000| PB 0x0000000712400000| Untracked |  0
| 100|0x0000000712600000, 0x0000000712600000, 0x0000000712800000|  0%| F|  |TAMS 0x0000000712600000| PB 0x0000000712600000| Untracked |  0
| 101|0x0000000712800000, 0x0000000712800000, 0x0000000712a00000|  0%| F|  |TAMS 0x0000000712800000| PB 0x0000000712800000| Untracked |  0
| 102|0x0000000712a00000, 0x0000000712beeb40, 0x0000000712c00000| 96%| E|  |TAMS 0x0000000712a00000| PB 0x0000000712a00000| Complete |  0
| 103|0x0000000712c00000, 0x0000000712e00000, 0x0000000712e00000|100%| E|CS|TAMS 0x0000000712c00000| PB 0x0000000712c00000| Complete |  0
| 104|0x0000000712e00000, 0x0000000713000000, 0x0000000713000000|100%| E|CS|TAMS 0x0000000712e00000| PB 0x0000000712e00000| Complete |  0
| 105|0x0000000713000000, 0x0000000713200000, 0x0000000713200000|100%| E|CS|TAMS 0x0000000713000000| PB 0x0000000713000000| Complete |  0
| 106|0x0000000713200000, 0x0000000713400000, 0x0000000713400000|100%| E|CS|TAMS 0x0000000713200000| PB 0x0000000713200000| Complete |  0
| 107|0x0000000713400000, 0x0000000713600000, 0x0000000713600000|100%| E|CS|TAMS 0x0000000713400000| PB 0x0000000713400000| Complete |  0
| 108|0x0000000713600000, 0x0000000713800000, 0x0000000713800000|100%| E|CS|TAMS 0x0000000713600000| PB 0x0000000713600000| Complete |  0
| 109|0x0000000713800000, 0x0000000713a00000, 0x0000000713a00000|100%| E|CS|TAMS 0x0000000713800000| PB 0x0000000713800000| Complete |  0
| 110|0x0000000713a00000, 0x0000000713c00000, 0x0000000713c00000|100%| E|CS|TAMS 0x0000000713a00000| PB 0x0000000713a00000| Complete |  0
| 111|0x0000000713c00000, 0x0000000713e00000, 0x0000000713e00000|100%| E|CS|TAMS 0x0000000713c00000| PB 0x0000000713c00000| Complete |  0
| 112|0x0000000713e00000, 0x0000000714000000, 0x0000000714000000|100%| E|CS|TAMS 0x0000000713e00000| PB 0x0000000713e00000| Complete |  0
| 113|0x0000000714000000, 0x0000000714200000, 0x0000000714200000|100%| E|CS|TAMS 0x0000000714000000| PB 0x0000000714000000| Complete |  0
| 114|0x0000000714200000, 0x0000000714400000, 0x0000000714400000|100%| E|CS|TAMS 0x0000000714200000| PB 0x0000000714200000| Complete |  0
| 115|0x0000000714400000, 0x0000000714600000, 0x0000000714600000|100%| E|CS|TAMS 0x0000000714400000| PB 0x0000000714400000| Complete |  0
| 116|0x0000000714600000, 0x0000000714800000, 0x0000000714800000|100%| E|CS|TAMS 0x0000000714600000| PB 0x0000000714600000| Complete |  0
| 117|0x0000000714800000, 0x0000000714a00000, 0x0000000714a00000|100%| E|CS|TAMS 0x0000000714800000| PB 0x0000000714800000| Complete |  0
| 118|0x0000000714a00000, 0x0000000714c00000, 0x0000000714c00000|100%| E|CS|TAMS 0x0000000714a00000| PB 0x0000000714a00000| Complete |  0
| 119|0x0000000714c00000, 0x0000000714e00000, 0x0000000714e00000|100%| E|CS|TAMS 0x0000000714c00000| PB 0x0000000714c00000| Complete |  0
| 120|0x0000000714e00000, 0x0000000715000000, 0x0000000715000000|100%| E|CS|TAMS 0x0000000714e00000| PB 0x0000000714e00000| Complete |  0
| 121|0x0000000715000000, 0x0000000715200000, 0x0000000715200000|100%| E|CS|TAMS 0x0000000715000000| PB 0x0000000715000000| Complete |  0
| 122|0x0000000715200000, 0x0000000715400000, 0x0000000715400000|100%| E|CS|TAMS 0x0000000715200000| PB 0x0000000715200000| Complete |  0
| 123|0x0000000715400000, 0x0000000715600000, 0x0000000715600000|100%| E|CS|TAMS 0x0000000715400000| PB 0x0000000715400000| Complete |  0
| 124|0x0000000715600000, 0x0000000715800000, 0x0000000715800000|100%| E|CS|TAMS 0x0000000715600000| PB 0x0000000715600000| Complete |  0
| 125|0x0000000715800000, 0x0000000715a00000, 0x0000000715a00000|100%| E|CS|TAMS 0x0000000715800000| PB 0x0000000715800000| Complete |  0
|2000|0x00000007ffe00000, 0x00000007fff1c318, 0x0000000800000000| 55%| O|  |TAMS 0x00000007ffe00000| PB 0x00000007ffe00000| Untracked |  0

Card table byte_map: [0x0000012e669f0000,0x0000012e671d0000] _byte_map_base: 0x0000012e631c1000

Marking Bits: (CMBitMap*) 0x0000012e4ded33a0
 Bits: [0x0000012e671d0000, 0x0000012e6b058000)

Polling page: 0x0000012e4bd10000

Metaspace:

Usage:
  Non-class:     18.27 MB used.
      Class:      1.93 MB used.
       Both:     20.19 MB used.

Virtual space:
  Non-class space:       64.00 MB reserved,      18.38 MB ( 29%) committed,  1 nodes.
      Class space:        1.00 GB reserved,       2.00 MB ( <1%) committed,  1 nodes.
             Both:        1.06 GB reserved,      20.38 MB (  2%) committed. 

Chunk freelists:
   Non-Class:  12.77 MB
       Class:  14.01 MB
        Both:  26.77 MB

MaxMetaspaceSize: unlimited
CompressedClassSpaceSize: 1.00 GB
Initial GC threshold: 21.00 MB
Current GC threshold: 21.00 MB
CDS: on
 - commit_granule_bytes: 65536.
 - commit_granule_words: 8192.
 - virtual_space_node_default_size: 8388608.
 - enlarge_chunks_in_place: 1.
UseCompressedClassPointers 1, UseCompactObjectHeaders 0
Narrow klass pointer bits 32, Max shift 3
Narrow klass base: 0x0000012e00000000, Narrow klass shift: 0
Encoding Range: [0x0000012e00000000 - 0x0000012f00000000), (4294967296 bytes)
Klass Range:    [0x0000012e00000000 - 0x0000012e41000000), (1090519040 bytes)
Klass ID Range:  [8 - 1090519033) (1090519025)


Internal statistics:

num_allocs_failed_limit: 0.
num_arena_births: 178.
num_arena_deaths: 0.
num_vsnodes_births: 2.
num_vsnodes_deaths: 0.
num_space_committed: 326.
num_space_uncommitted: 0.
num_chunks_returned_to_freelist: 0.
num_chunks_taken_from_freelist: 381.
num_chunk_merges: 0.
num_chunk_splits: 224.
num_chunks_enlarged: 138.
num_inconsistent_stats: 0.

CodeHeap 'non-profiled nmethods': size=119232Kb used=974Kb max_used=974Kb free=118258Kb
 bounds [0x0000012e5e500000, 0x0000012e5e770000, 0x0000012e65970000]
CodeHeap 'profiled nmethods': size=119104Kb used=5818Kb max_used=5818Kb free=113285Kb
 bounds [0x0000012e56970000, 0x0000012e56f20000, 0x0000012e5ddc0000]
CodeHeap 'non-nmethods': size=7424Kb used=1649Kb max_used=3284Kb free=5774Kb
 bounds [0x0000012e5ddc0000, 0x0000012e5e100000, 0x0000012e5e500000]
CodeCache: size=245760Kb, used=8441Kb, max_used=10076Kb, free=237317Kb
 total_blobs=4306, nmethods=3492, adapters=717, full_count=0
Compilation: enabled, stopped_count=0, restarted_count=0

Compilation events (20 events):
Event: 1200.148 Thread 0x0000012e45020090 3482   !   3       java.lang.ref.ReferenceQueue::remove (49 bytes)
Event: 1200.149 Thread 0x0000012e45020090 nmethod 3482 0x0000012e56f07188 code [0x0000012e56f07320, 0x0000012e56f07cd0]
Event: 1206.231 Thread 0x0000012e45020090 3484       3       java.net.URLStreamHandler::parseURL (1124 bytes)
Event: 1206.244 Thread 0x0000012e45020090 nmethod 3484 0x0000012e56f07d08 code [0x0000012e56f08dc0, 0x0000012e56f193f8]
Event: 1211.231 Thread 0x0000012e45020090 3485       3       sun.net.www.protocol.file.Handler::parseURL (18 bytes)
Event: 1211.232 Thread 0x0000012e45020090 nmethod 3485 0x0000012e56f19588 code [0x0000012e56f196c0, 0x0000012e56f198f8]
Event: 1236.243 Thread 0x0000012e45020090 3486   !   3       jdk.internal.loader.URLClassPath$FileLoader::getResource (143 bytes)
Event: 1236.244 Thread 0x0000012e45020090 nmethod 3486 0x0000012e56f19988 code [0x0000012e56f19c20, 0x0000012e56f1b240]
Event: 1261.258 Thread 0x0000012e45020090 3487       3       jdk.internal.loader.URLClassPath$FileLoader::findResource (17 bytes)
Event: 1261.259 Thread 0x0000012e45020090 nmethod 3487 0x0000012e56f1b308 code [0x0000012e56f1b440, 0x0000012e56f1b6b8]
Event: 1301.268 Thread 0x0000012e45020090 3488   !   3       com.mysql.cj.jdbc.AbandonedConnectionCleanupThread::checkThreadContextClassLoader (20 bytes)
Event: 1301.269 Thread 0x0000012e45020090 nmethod 3488 0x0000012e56f1b708 code [0x0000012e56f1b880, 0x0000012e56f1beb8]
Event: 1306.270 Thread 0x0000012e45020090 3489       3       sun.net.util.IPAddressUtil::checkAuth (45 bytes)
Event: 1306.270 Thread 0x0000012e45020090 nmethod 3489 0x0000012e56f1bf88 code [0x0000012e56f1c1a0, 0x0000012e56f1cf40]
Event: 1306.270 Thread 0x0000012e45020090 3490       3       sun.net.util.IPAddressUtil::scan (62 bytes)
Event: 1306.271 Thread 0x0000012e45020090 nmethod 3490 0x0000012e56f1d008 code [0x0000012e56f1d1c0, 0x0000012e56f1dc60]
Event: 2138.077 Thread 0x0000012e45020090 3491       3       java.lang.invoke.BoundMethodHandle::bindArgumentL (11 bytes)
Event: 2138.078 Thread 0x0000012e45020090 nmethod 3491 0x0000012e56f1dd08 code [0x0000012e56f1de60, 0x0000012e56f1e360]
Event: 2138.078 Thread 0x0000012e45020090 3492       3       java.lang.invoke.LambdaFormEditor::bindArgumentL (59 bytes)
Event: 2138.078 Thread 0x0000012e45020090 nmethod 3492 0x0000012e56f1e408 code [0x0000012e56f1e540, 0x0000012e56f1e7f8]

GC Heap History (0 events):
No events

Dll operation events (12 events):
Event: 0.008 Loaded shared library C:\Program Files\Apache NetBeans\jdk\bin\java.dll
Event: 0.032 Loaded shared library C:\Program Files\Apache NetBeans\jdk\bin\jsvml.dll
Event: 0.053 Loaded shared library C:\Program Files\Apache NetBeans\jdk\bin\net.dll
Event: 0.055 Loaded shared library C:\Program Files\Apache NetBeans\jdk\bin\nio.dll
Event: 0.073 Loaded shared library C:\Program Files\Apache NetBeans\jdk\bin\zip.dll
Event: 0.084 Loaded shared library C:\Program Files\Apache NetBeans\jdk\bin\jimage.dll
Event: 0.091 Loaded shared library C:\Program Files\Apache NetBeans\jdk\bin\awt.dll
Event: 0.240 Loaded shared library C:\Program Files\Apache NetBeans\jdk\bin\verify.dll
Event: 0.298 Loaded shared library C:\Program Files\Apache NetBeans\jdk\bin\freetype.dll
Event: 0.298 Loaded shared library C:\Program Files\Apache NetBeans\jdk\bin\fontmanager.dll
Event: 25.385 Loaded shared library C:\Program Files\Apache NetBeans\jdk\bin\extnet.dll
Event: 25.537 Loaded shared library C:\Program Files\Apache NetBeans\jdk\bin\sunmscapi.dll

Deoptimization events (20 events):
Event: 25.600 Thread 0x0000012e45a167e0 DEOPT PACKING pc=0x0000012e56e70e16 sp=0x0000001a241fc730
Event: 25.600 Thread 0x0000012e45a167e0 DEOPT UNPACKING pc=0x0000012e5de15722 sp=0x0000001a241fbb58 mode 0
Event: 25.601 Thread 0x0000012e45a167e0 DEOPT PACKING pc=0x0000012e56e70e16 sp=0x0000001a241fc730
Event: 25.601 Thread 0x0000012e45a167e0 DEOPT UNPACKING pc=0x0000012e5de15722 sp=0x0000001a241fbb58 mode 0
Event: 25.626 Thread 0x0000012e45a167e0 Uncommon trap: trap_request=0xffffff4d fr.pc=0x0000012e5e56c338 relative=0x0000000000000198
Event: 25.626 Thread 0x0000012e45a167e0 Uncommon trap: reason=unstable_if action=reinterpret pc=0x0000012e5e56c338 method=java.nio.Buffer.<init>(IIIILjava/lang/foreign/MemorySegment;)V @ 50 c2
Event: 25.626 Thread 0x0000012e45a167e0 DEOPT PACKING pc=0x0000012e5e56c338 sp=0x0000001a241fdab0
Event: 25.626 Thread 0x0000012e45a167e0 DEOPT UNPACKING pc=0x0000012e5ded7e02 sp=0x0000001a241fd9c8 mode 2
Event: 25.629 Thread 0x0000012e45a167e0 Uncommon trap: trap_request=0xffffff4d fr.pc=0x0000012e5e5a90b4 relative=0x0000000000000114
Event: 25.629 Thread 0x0000012e45a167e0 Uncommon trap: reason=unstable_if action=reinterpret pc=0x0000012e5e5a90b4 method=java.math.BigInteger.addOne([IIII)I @ 55 c2
Event: 25.629 Thread 0x0000012e45a167e0 DEOPT PACKING pc=0x0000012e5e5a90b4 sp=0x0000001a241fd430
Event: 25.629 Thread 0x0000012e45a167e0 DEOPT UNPACKING pc=0x0000012e5ded7e02 sp=0x0000001a241fd3d0 mode 2
Event: 25.630 Thread 0x0000012e45a167e0 Uncommon trap: trap_request=0xffffff66 fr.pc=0x0000012e5e5d723c relative=0x00000000000001fc
Event: 25.630 Thread 0x0000012e45a167e0 Uncommon trap: reason=speculate_class_check action=maybe_recompile pc=0x0000012e5e5d723c method=sun.security.util.math.intpoly.IntegerPolynomial.multByInt([JJ)V @ 26 c2
Event: 25.630 Thread 0x0000012e45a167e0 DEOPT PACKING pc=0x0000012e5e5d723c sp=0x0000001a241fd7a0
Event: 25.630 Thread 0x0000012e45a167e0 DEOPT UNPACKING pc=0x0000012e5ded7e02 sp=0x0000001a241fd6b0 mode 2
Event: 150.919 Thread 0x0000012e45a167e0 Uncommon trap: trap_request=0xffffff4d fr.pc=0x0000012e5e5eede0 relative=0x0000000000004100
Event: 150.919 Thread 0x0000012e45a167e0 Uncommon trap: reason=unstable_if action=reinterpret pc=0x0000012e5e5eede0 method=java.awt.EventQueue.getPriority(Ljava/awt/AWTEvent;)I @ 22 c2
Event: 150.919 Thread 0x0000012e45a167e0 DEOPT PACKING pc=0x0000012e5e5eede0 sp=0x0000001a241ff420
Event: 150.919 Thread 0x0000012e45a167e0 DEOPT UNPACKING pc=0x0000012e5ded7e02 sp=0x0000001a241ff308 mode 2

Classes loaded (20 events):
Event: 25.668 Loading class java/lang/invoke/MethodHandleImpl$ArrayAccess
Event: 25.668 Loading class java/lang/invoke/MethodHandleImpl$ArrayAccess done
Event: 25.695 Loading class java/util/TimerTask
Event: 25.695 Loading class java/util/TimerTask done
Event: 25.702 Loading class java/util/NoSuchElementException
Event: 25.702 Loading class java/util/NoSuchElementException done
Event: 25.729 Loading class java/lang/StringIndexOutOfBoundsException
Event: 25.729 Loading class java/lang/StringIndexOutOfBoundsException done
Event: 25.730 Loading class java/util/concurrent/atomic/AtomicReferenceFieldUpdater
Event: 25.730 Loading class java/util/concurrent/atomic/AtomicReferenceFieldUpdater done
Event: 25.731 Loading class java/util/concurrent/atomic/AtomicReferenceFieldUpdater$AtomicReferenceFieldUpdaterImpl
Event: 25.731 Loading class java/util/concurrent/atomic/AtomicReferenceFieldUpdater$AtomicReferenceFieldUpdaterImpl done
Event: 25.731 Loading class sun/reflect/misc/ReflectUtil
Event: 25.731 Loading class sun/reflect/misc/ReflectUtil done
Event: 92.434 Loading class java/awt/Canvas
Event: 92.435 Loading class java/awt/Canvas done
Event: 92.435 Loading class java/awt/Scrollbar
Event: 92.435 Loading class java/awt/Scrollbar done
Event: 150.900 Loading class sun/awt/SunToolkit$1
Event: 150.900 Loading class sun/awt/SunToolkit$1 done

Classes unloaded (0 events):
No events

Classes redefined (0 events):
No events

Internal exceptions (20 events):
Event: 0.338 Thread 0x0000012e4bb701d0 Exception <a 'java/lang/NoSuchMethodError'{0x0000000714cbb5b0}: 'java.lang.Object java.lang.invoke.DirectMethodHandle$Holder.invokeStatic(java.lang.Object, java.lang.Object, java.lang.Object, java.lang.Object, java.lang.Object, long)'> (0x0000000714cbb5b0) 
thrown [s\src\hotspot\share\interpreter\linkResolver.cpp, line 805]
Event: 0.342 Thread 0x0000012e4bb701d0 Exception <a 'java/lang/NoSuchMethodError'{0x0000000714d00700}: 'float java.lang.invoke.DelegatingMethodHandle$Holder.reinvoke_L(java.lang.Object, java.lang.Object, java.lang.Object, java.lang.Object, long, long)'> (0x0000000714d00700) 
thrown [s\src\hotspot\share\interpreter\linkResolver.cpp, line 805]
Event: 0.445 Thread 0x0000012e456cfbe0 Exception <a 'java/lang/NoSuchMethodError'{0x0000000715505c18}: 'void java.lang.invoke.DirectMethodHandle$Holder.invokeVirtual(java.lang.Object, java.lang.Object)'> (0x0000000715505c18) 
thrown [s\src\hotspot\share\interpreter\linkResolver.cpp, line 805]
Event: 0.457 Thread 0x0000012e4bb701d0 Exception <a 'java/lang/NoSuchMethodError'{0x00000007148859d0}: 'void java.lang.invoke.DirectMethodHandle$Holder.invokeStaticInit(java.lang.Object)'> (0x00000007148859d0) 
thrown [s\src\hotspot\share\interpreter\linkResolver.cpp, line 805]
Event: 0.527 Thread 0x0000012e45a167e0 Exception <a 'java/io/FileNotFoundException'{0x0000000714738340}> (0x0000000714738340) 
thrown [s\src\hotspot\share\prims\jni.cpp, line 518]
Event: 0.532 Thread 0x0000012e45a167e0 Exception <a 'java/io/FileNotFoundException'{0x0000000714751cf8}> (0x0000000714751cf8) 
thrown [s\src\hotspot\share\prims\jni.cpp, line 518]
Event: 0.718 Thread 0x0000012e45a167e0 Implicit null exception at 0x0000012e5e568cf5 to 0x0000012e5e568da8
Event: 8.283 Thread 0x0000012e45a167e0 Exception <a 'java/lang/NoSuchMethodError'{0x0000000713d71c40}: 'int java.lang.invoke.DelegatingMethodHandle$Holder.reinvoke_L(java.lang.Object, java.lang.Object, java.lang.Object, java.lang.Object, long, long)'> (0x0000000713d71c40) 
thrown [s\src\hotspot\share\interpreter\linkResolver.cpp, line 805]
Event: 8.305 Thread 0x0000012e45a167e0 Exception <a 'java/lang/NoSuchMethodError'{0x0000000713dddce8}: 'void java.lang.invoke.DirectMethodHandle$Holder.invokeStatic(java.lang.Object, java.lang.Object)'> (0x0000000713dddce8) 
thrown [s\src\hotspot\share\interpreter\linkResolver.cpp, line 805]
Event: 25.277 Thread 0x0000012e45a167e0 Exception <a 'java/lang/NoSuchMethodError'{0x00000007136192e8}: 'java.lang.Object java.lang.invoke.DirectMethodHandle$Holder.invokeInterface(java.lang.Object, java.lang.Object)'> (0x00000007136192e8) 
thrown [s\src\hotspot\share\interpreter\linkResolver.cpp, line 805]
Event: 25.313 Thread 0x0000012e45a167e0 Exception <a 'java/lang/NoSuchMethodError'{0x00000007134bf898}: 'void java.lang.invoke.DirectMethodHandle$Holder.invokeStatic(java.lang.Object, java.lang.Object, java.lang.Object)'> (0x00000007134bf898) 
thrown [s\src\hotspot\share\interpreter\linkResolver.cpp, line 805]
Event: 25.315 Thread 0x0000012e45a167e0 Exception <a 'java/lang/NoSuchMethodError'{0x00000007134d7268}: 'java.lang.Object java.lang.invoke.DirectMethodHandle$Holder.invokeVirtual(java.lang.Object, java.lang.Object, java.lang.Object)'> (0x00000007134d7268) 
thrown [s\src\hotspot\share\interpreter\linkResolver.cpp, line 805]
Event: 25.424 Thread 0x0000012e45a167e0 Exception <a 'java/lang/NoSuchMethodError'{0x000000071318f4c0}: 'void java.lang.invoke.DirectMethodHandle$Holder.invokeStaticInit(java.lang.Object, java.lang.Object)'> (0x000000071318f4c0) 
thrown [s\src\hotspot\share\interpreter\linkResolver.cpp, line 805]
Event: 25.478 Thread 0x0000012e45a167e0 Exception <a 'sun/nio/fs/WindowsException'{0x0000000712ee0458}> (0x0000000712ee0458) 
thrown [s\src\hotspot\share\prims\jni.cpp, line 518]
Event: 25.506 Thread 0x0000012e45a167e0 Exception <a 'java/lang/NoSuchMethodError'{0x0000000712f89bc8}: 'java.lang.Object java.lang.invoke.DirectMethodHandle$Holder.invokeStaticInit(java.lang.Object, int, int, int, int)'> (0x0000000712f89bc8) 
thrown [s\src\hotspot\share\interpreter\linkResolver.cpp, line 805]
Event: 25.523 Thread 0x0000012e45a167e0 Exception <a 'java/lang/NoSuchMethodError'{0x0000000712c66f08}: 'java.lang.Object java.lang.invoke.DirectMethodHandle$Holder.invokeStaticInit(java.lang.Object, java.lang.Object, int, int, int, int)'> (0x0000000712c66f08) 
thrown [s\src\hotspot\share\interpreter\linkResolver.cpp, line 805]
Event: 25.666 Thread 0x0000012e45a167e0 Exception <a 'java/lang/NoSuchMethodError'{0x0000000712a2ed80}: 'java.lang.Object java.lang.invoke.Invokers$Holder.invoke_MT(java.lang.Object, java.lang.Object, java.lang.Object, java.lang.Object, java.lang.Object, java.lang.Object)'> (0x0000000712a2ed80) 
thrown [s\src\hotspot\share\interpreter\linkResolver.cpp, line 805]
Event: 25.667 Thread 0x0000012e45a167e0 Exception <a 'java/lang/NoSuchMethodError'{0x0000000712a37d00}: 'java.lang.Object java.lang.invoke.DirectMethodHandle$Holder.invokeStatic(java.lang.Object, java.lang.Object, int)'> (0x0000000712a37d00) 
thrown [s\src\hotspot\share\interpreter\linkResolver.cpp, line 805]
Event: 25.669 Thread 0x0000012e45a167e0 Exception <a 'java/lang/NoSuchMethodError'{0x0000000712a59610}: 'void java.lang.invoke.DelegatingMethodHandle$Holder.delegate(java.lang.Object, java.lang.Object, int, java.lang.Object)'> (0x0000000712a59610) 
thrown [s\src\hotspot\share\interpreter\linkResolver.cpp, line 805]
Event: 25.670 Thread 0x0000012e45a167e0 Exception <a 'java/lang/NoSuchMethodError'{0x0000000712a62160}: 'int java.lang.invoke.DirectMethodHandle$Holder.invokeSpecial(java.lang.Object, java.lang.Object, java.lang.Object)'> (0x0000000712a62160) 
thrown [s\src\hotspot\share\interpreter\linkResolver.cpp, line 805]

VM Operations (20 events):
Event: 25.380 Executing VM operation: HandshakeAllThreads (Deoptimize)
Event: 25.380 Executing VM operation: HandshakeAllThreads (Deoptimize) done
Event: 25.410 Executing VM operation: HandshakeAllThreads (Deoptimize)
Event: 25.410 Executing VM operation: HandshakeAllThreads (Deoptimize) done
Event: 25.668 Executing VM operation: HandshakeAllThreads (Deoptimize)
Event: 25.668 Executing VM operation: HandshakeAllThreads (Deoptimize) done
Event: 25.679 Executing VM operation: HandshakeAllThreads (Deoptimize)
Event: 25.679 Executing VM operation: HandshakeAllThreads (Deoptimize) done
Event: 60.182 Executing VM operation: HandshakeAllThreads (HandshakeForDeflation)
Event: 60.182 Executing VM operation: HandshakeAllThreads (HandshakeForDeflation) done
Event: 60.182 Executing VM operation: RendezvousGCThreads
Event: 60.182 Executing VM operation: RendezvousGCThreads done
Event: 120.359 Executing VM operation: HandshakeAllThreads (HandshakeForDeflation)
Event: 120.359 Executing VM operation: HandshakeAllThreads (HandshakeForDeflation) done
Event: 120.359 Executing VM operation: RendezvousGCThreads
Event: 120.359 Executing VM operation: RendezvousGCThreads done
Event: 180.528 Executing VM operation: HandshakeAllThreads (HandshakeForDeflation)
Event: 180.528 Executing VM operation: HandshakeAllThreads (HandshakeForDeflation) done
Event: 180.529 Executing VM operation: RendezvousGCThreads
Event: 180.529 Executing VM operation: RendezvousGCThreads done

Memory protections (0 events):
No events

Nmethod flushes (0 events):
No events

Events (20 events):
Event: 0.838 Thread 0x0000012e450d16a0 Thread exited: 0x0000012e450d16a0
Event: 4.912 Thread 0x0000012e450d34e0 Thread exited: 0x0000012e450d34e0
Event: 5.430 Thread 0x0000012e45cd3830 Thread exited: 0x0000012e45cd3830
Event: 5.709 Thread 0x0000012e450cfff0 Thread exited: 0x0000012e450cfff0
Event: 8.284 Thread 0x0000012e45020090 Thread added: 0x0000012e450d34e0
Event: 8.284 Thread 0x0000012e45020090 Thread added: 0x0000012e450cfff0
Event: 14.133 Thread 0x0000012e450cfff0 Thread exited: 0x0000012e450cfff0
Event: 14.133 Thread 0x0000012e450d34e0 Thread exited: 0x0000012e450d34e0
Event: 17.051 Thread 0x0000012e450d2d50 Thread exited: 0x0000012e450d2d50
Event: 21.233 Thread 0x0000012e45020090 Thread added: 0x0000012e450cfff0
Event: 22.823 Thread 0x0000012e450cfff0 Thread exited: 0x0000012e450cfff0
Event: 25.257 Thread 0x0000012e45a167e0 Thread added: 0x0000012e45772180
Event: 25.286 Thread 0x0000012e6d473d30 Thread added: 0x0000012e450d0f10
Event: 25.291 Thread 0x0000012e45020090 Thread added: 0x0000012e450d2d50
Event: 25.298 Thread 0x0000012e45020090 Thread added: 0x0000012e450cfff0
Event: 25.346 Thread 0x0000012e45020090 Thread added: 0x0000012e450d34e0
Event: 30.732 Thread 0x0000012e450cfff0 Thread exited: 0x0000012e450cfff0
Event: 30.732 Thread 0x0000012e450d34e0 Thread exited: 0x0000012e450d34e0
Event: 35.732 Thread 0x0000012e450d2d50 Thread exited: 0x0000012e450d2d50
Event: 35.732 Thread 0x0000012e450d0f10 Thread exited: 0x0000012e450d0f10


Dynamic libraries:
0x00007ff635500000 - 0x00007ff63550e000 	C:\Program Files\Apache NetBeans\jdk\bin\java.exe
0x00007ff9d5f00000 - 0x00007ff9d6169000 	C:\WINDOWS\SYSTEM32\ntdll.dll
0x00007ff9d5090000 - 0x00007ff9d5159000 	C:\WINDOWS\System32\KERNEL32.DLL
0x00007ff9d3370000 - 0x00007ff9d3763000 	C:\WINDOWS\System32\KERNELBASE.dll
0x00007ff9d3ad0000 - 0x00007ff9d3c1b000 	C:\WINDOWS\System32\ucrtbase.dll
0x00007ff9aca80000 - 0x00007ff9aca9e000 	C:\Program Files\Apache NetBeans\jdk\bin\VCRUNTIME140.dll
0x00007ff9a0910000 - 0x00007ff9a0926000 	C:\Program Files\Apache NetBeans\jdk\bin\jli.dll
0x00007ff9d4690000 - 0x00007ff9d4854000 	C:\WINDOWS\System32\USER32.dll
0x00007ff9b99e0000 - 0x00007ff9b9c73000 	C:\WINDOWS\WinSxS\amd64_microsoft.windows.common-controls_6595b64144ccf1df_6.0.26100.5074_none_3e0d6f78e32fd63f\COMCTL32.dll
0x00007ff9d32b0000 - 0x00007ff9d32d7000 	C:\WINDOWS\System32\win32u.dll
0x00007ff9d5e10000 - 0x00007ff9d5eb9000 	C:\WINDOWS\System32\msvcrt.dll
0x00007ff9d55f0000 - 0x00007ff9d561b000 	C:\WINDOWS\System32\GDI32.dll
0x00007ff9d3770000 - 0x00007ff9d389d000 	C:\WINDOWS\System32\gdi32full.dll
0x00007ff9d3c20000 - 0x00007ff9d3cc3000 	C:\WINDOWS\System32\msvcp_win.dll
0x00007ff9d4600000 - 0x00007ff9d462f000 	C:\WINDOWS\System32\IMM32.DLL
0x00007ff9ac280000 - 0x00007ff9ac28c000 	C:\Program Files\Apache NetBeans\jdk\bin\vcruntime140_1.dll
0x00007ff995080000 - 0x00007ff99510d000 	C:\Program Files\Apache NetBeans\jdk\bin\msvcp140.dll
0x00007ff8dde30000 - 0x00007ff8decac000 	C:\Program Files\Apache NetBeans\jdk\bin\server\jvm.dll
0x00007ff9d4860000 - 0x00007ff9d4914000 	C:\WINDOWS\System32\ADVAPI32.dll
0x00007ff9d5b00000 - 0x00007ff9d5ba6000 	C:\WINDOWS\System32\sechost.dll
0x00007ff9d5840000 - 0x00007ff9d5958000 	C:\WINDOWS\System32\RPCRT4.dll
0x00007ff9d5620000 - 0x00007ff9d5694000 	C:\WINDOWS\System32\WS2_32.dll
0x00007ff9c8120000 - 0x00007ff9c8155000 	C:\WINDOWS\SYSTEM32\WINMM.dll
0x00007ff9d1ca0000 - 0x00007ff9d1cfe000 	C:\WINDOWS\SYSTEM32\POWRPROF.dll
0x00007ff9cba50000 - 0x00007ff9cba5b000 	C:\WINDOWS\SYSTEM32\VERSION.dll
0x00007ff9d1c80000 - 0x00007ff9d1c94000 	C:\WINDOWS\SYSTEM32\UMPDC.dll
0x00007ff9d1f90000 - 0x00007ff9d1fab000 	C:\WINDOWS\SYSTEM32\kernel.appcore.dll
0x00007ff9ac270000 - 0x00007ff9ac27a000 	C:\Program Files\Apache NetBeans\jdk\bin\jimage.dll
0x00007ff9d08c0000 - 0x00007ff9d0b02000 	C:\WINDOWS\SYSTEM32\DBGHELP.DLL
0x00007ff9d4920000 - 0x00007ff9d4c9b000 	C:\WINDOWS\System32\combase.dll
0x00007ff9d4f10000 - 0x00007ff9d4fe7000 	C:\WINDOWS\System32\OLEAUT32.dll
0x00007ff9a1490000 - 0x00007ff9a14cd000 	C:\WINDOWS\SYSTEM32\dbgcore.DLL
0x00007ff9d3090000 - 0x00007ff9d3129000 	C:\WINDOWS\System32\bcryptPrimitives.dll
0x00007ff9a1d60000 - 0x00007ff9a1d7e000 	C:\Program Files\Apache NetBeans\jdk\bin\java.dll
0x00007ff9d56a0000 - 0x00007ff9d5838000 	C:\WINDOWS\System32\ole32.dll
0x00007ff9d3e30000 - 0x00007ff9d457d000 	C:\WINDOWS\System32\SHELL32.dll
0x00007ff9d38a0000 - 0x00007ff9d3a0c000 	C:\WINDOWS\System32\wintypes.dll
0x00007ff9d0cd0000 - 0x00007ff9d1529000 	C:\WINDOWS\SYSTEM32\windows.storage.dll
0x00007ff9d5960000 - 0x00007ff9d5a50000 	C:\WINDOWS\System32\SHCORE.dll
0x00007ff9d5bb0000 - 0x00007ff9d5c12000 	C:\WINDOWS\System32\shlwapi.dll
0x00007ff9d2fb0000 - 0x00007ff9d2fd9000 	C:\WINDOWS\SYSTEM32\profapi.dll
0x00007ff9433d0000 - 0x00007ff9434a7000 	C:\Program Files\Apache NetBeans\jdk\bin\jsvml.dll
0x00007ff9a1d50000 - 0x00007ff9a1d60000 	C:\Program Files\Apache NetBeans\jdk\bin\net.dll
0x00007ff9d2510000 - 0x00007ff9d257b000 	C:\WINDOWS\system32\mswsock.dll
0x00007ff99d250000 - 0x00007ff99d266000 	C:\Program Files\Apache NetBeans\jdk\bin\nio.dll
0x00007ff99e060000 - 0x00007ff99e077000 	C:\Program Files\Apache NetBeans\jdk\bin\zip.dll
0x00007ff92b200000 - 0x00007ff92b37e000 	C:\Program Files\Apache NetBeans\jdk\bin\awt.dll
0x00007ff9cf950000 - 0x00007ff9cf9ee000 	C:\WINDOWS\SYSTEM32\apphelp.dll
0x00007ff9cfb20000 - 0x00007ff9cfb4b000 	C:\WINDOWS\system32\DWMAPI.DLL
0x00007ff9cfa70000 - 0x00007ff9cfb18000 	C:\WINDOWS\system32\uxtheme.dll
0x00007ff92add0000 - 0x00007ff92aedc000 	C:\WINDOWS\system32\opengl32.dll
0x00007ff92ad80000 - 0x00007ff92adad000 	C:\WINDOWS\SYSTEM32\GLU32.dll
0x00007ff9d0130000 - 0x00007ff9d0174000 	C:\WINDOWS\SYSTEM32\dxcore.dll
0x00007ff9d3cd0000 - 0x00007ff9d3e28000 	C:\WINDOWS\System32\MSCTF.dll
0x00007ff9a0bd0000 - 0x00007ff9a0be0000 	C:\Program Files\Apache NetBeans\jdk\bin\verify.dll
0x00007ff988140000 - 0x00007ff9881c7000 	C:\Program Files\Apache NetBeans\jdk\bin\freetype.dll
0x00007ff938a40000 - 0x00007ff938b29000 	C:\Program Files\Apache NetBeans\jdk\bin\fontmanager.dll
0x00007ff9d5c20000 - 0x00007ff9d5cd1000 	C:\WINDOWS\System32\clbcatq.dll
0x00007ff9cde30000 - 0x00007ff9ce05f000 	C:\WINDOWS\SYSTEM32\WindowsCodecs.dll
0x00007ff99eca0000 - 0x00007ff99ecfa000 	C:\WINDOWS\system32\dataexchange.dll
0x00007ff9c30f0000 - 0x00007ff9c3329000 	C:\WINDOWS\system32\twinapi.appcore.dll
0x00007ff9ca660000 - 0x00007ff9ca7a9000 	C:\WINDOWS\SYSTEM32\textinputframework.dll
0x00007ff9cf690000 - 0x00007ff9cf7b5000 	C:\WINDOWS\SYSTEM32\CoreMessaging.dll
0x00007ff9cb4d0000 - 0x00007ff9cb7b3000 	C:\WINDOWS\SYSTEM32\CoreUIComponents.dll
0x00007ff9d27d0000 - 0x00007ff9d27dc000 	C:\WINDOWS\SYSTEM32\CRYPTBASE.DLL
0x00007ff9d19c0000 - 0x00007ff9d1ae6000 	C:\WINDOWS\SYSTEM32\DNSAPI.dll
0x00007ff9d18d0000 - 0x00007ff9d1904000 	C:\WINDOWS\SYSTEM32\IPHLPAPI.DLL
0x00007ff9d5080000 - 0x00007ff9d508a000 	C:\WINDOWS\System32\NSI.dll
0x00007ff9cc060000 - 0x00007ff9cc06b000 	C:\Windows\System32\rasadhlp.dll
0x00007ff9cd700000 - 0x00007ff9cd786000 	C:\WINDOWS\System32\fwpuclnt.dll
0x00007ff9a0900000 - 0x00007ff9a0909000 	C:\Program Files\Apache NetBeans\jdk\bin\extnet.dll
0x00007ff9d27b0000 - 0x00007ff9d27cb000 	C:\WINDOWS\SYSTEM32\CRYPTSP.dll
0x00007ff9d1ef0000 - 0x00007ff9d1f2b000 	C:\WINDOWS\system32\rsaenh.dll
0x00007ff9d25b0000 - 0x00007ff9d25db000 	C:\WINDOWS\SYSTEM32\USERENV.dll
0x00007ff9d2f80000 - 0x00007ff9d2fa6000 	C:\WINDOWS\SYSTEM32\bcrypt.dll
0x00007ff9cb9f0000 - 0x00007ff9cb9fe000 	C:\Program Files\Apache NetBeans\jdk\bin\sunmscapi.dll
0x00007ff9d3130000 - 0x00007ff9d32a7000 	C:\WINDOWS\System32\CRYPT32.dll
0x00007ff9d29d0000 - 0x00007ff9d2a00000 	C:\WINDOWS\SYSTEM32\ncrypt.dll
0x00007ff9d2980000 - 0x00007ff9d29bf000 	C:\WINDOWS\SYSTEM32\NTASN1.dll

JVMTI agents: none

dbghelp: loaded successfully - version: 4.0.5 - missing functions: none
symbol engine: initialized successfully - sym options: 0x614 - pdb path: .;C:\Program Files\Apache NetBeans\jdk\bin;C:\WINDOWS\SYSTEM32;C:\WINDOWS\WinSxS\amd64_microsoft.windows.common-controls_6595b64144ccf1df_6.0.26100.5074_none_3e0d6f78e32fd63f;C:\Program Files\Apache NetBeans\jdk\bin\server

VM Arguments:
jvm_args: -Dfile.encoding=UTF-8 --module-path=C:\Users\Istiak\Documents\NetBeansProjects\Bank Management System\build\classes 
java_command: bank.management.system.SignupOne
java_class_path (initial): C:\Users\Istiak\Downloads\jcalendar-1.4\lib\jcalendar-1.4.jar;C:\Users\Istiak\Downloads\mysql-connector-java-8.0.28.jar;C:\Users\Istiak\Documents\NetBeansProjects\Bank Management System\build\classes
Launcher Type: SUN_STANDARD

[Global flags]
     intx CICompilerCount                          = 12                                        {product} {ergonomic}
     uint ConcGCThreads                            = 3                                         {product} {ergonomic}
     uint G1ConcRefinementThreads                  = 13                                        {product} {ergonomic}
   size_t G1HeapRegionSize                         = 2097152                                   {product} {ergonomic}
   size_t InitialHeapSize                          = 264241152                                 {product} {ergonomic}
   size_t MarkStackSize                            = 4194304                                   {product} {ergonomic}
   size_t MarkStackSizeMax                         = 536870912                                 {product} {ergonomic}
   size_t MaxHeapSize                              = 4196401152                                {product} {ergonomic}
   size_t MaxNewSize                               = 2516582400                                {product} {ergonomic}
   size_t MinHeapDeltaBytes                        = 2097152                                   {product} {ergonomic}
   size_t MinHeapSize                              = 8388608                                   {product} {ergonomic}
    uintx NonNMethodCodeHeapSize                   = 7602176                                {pd product} {ergonomic}
    uintx NonProfiledCodeHeapSize                  = 122093568                              {pd product} {ergonomic}
     bool PerfDisableSharedMem                     = true                                      {product} {ergonomic}
    uintx ProfiledCodeHeapSize                     = 121962496                              {pd product} {ergonomic}
    uintx ReservedCodeCacheSize                    = 251658240                              {pd product} {ergonomic}
     bool SegmentedCodeCache                       = true                                      {product} {ergonomic}
   size_t SoftMaxHeapSize                          = 4196401152                             {manageable} {ergonomic}
     bool UseCompressedOops                        = true                           {product lp64_product} {ergonomic}
     bool UseG1GC                                  = true                                      {product} {ergonomic}
     bool UseLargePagesIndividualAllocation        = false                                  {pd product} {ergonomic}

Logging:
Log output configuration:
 #0: stdout all=warning uptime,level,tags foldmultilines=false
 #1: stderr all=off uptime,level,tags foldmultilines=false

Environment Variables:
JAVA_HOME=C:\Program Files\Eclipse Adoptium\jdk-17.0.15.6-hotspot\
PATH=C:\Program Files\Eclipse Adoptium\jdk-17.0.15.6-hotspot\bin;C:\Program Files (x86)\Common Files\Oracle\Java\java8path;C:\Program Files (x86)\Common Files\Oracle\Java\javapath;C:\Program Files (x86)\Common Files\Intel\Shared Libraries\redist\intel64\compiler;C:\Windows\system32;C:\Windows;C:\Windows\System32\Wbem;C:\Windows\System32\WindowsPowerShell\v1.0\;C:\Windows\System32\OpenSSH\;C:\Program Files (x86)\NVIDIA Corporation\PhysX\Common;C:\Program Files\steghide;C:\WINDOWS\system32;C:\WINDOWS;C:\WINDOWS\System32\Wbem;C:\WINDOWS\System32\WindowsPowerShell\v1.0\;C:\WINDOWS\System32\OpenSSH\;C:\Program Files\NVIDIA Corporation\NVIDIA app\NvDLISR;C:\Program Files\Git\cmd;C:\Program Files\dotnet\;C:\Users\Istiak\AppData\Local\Programs\Python\Python39\Scripts\;C:\Users\Istiak\AppData\Local\Programs\Python\Python39\;C:\Users\Istiak\AppData\Local\Microsoft\WindowsApps;C:\Users\Istiak\AppData\Local\Programs\Microsoft VS Code\bin;C:\msys64\ucrt64\bin;C:\Users\Istiak\AppData\Local\Programs\Microsoft VS Code\bin;C:\Users\Istiak\AppData\Local\GitHubDesktop\bin
USERNAME=Istiak
OS=Windows_NT
PROCESSOR_IDENTIFIER=Intel64 Family 6 Model 154 Stepping 3, GenuineIntel
TMP=C:\Users\Istiak\AppData\Local\Temp
TEMP=C:\Users\Istiak\AppData\Local\Temp




Periodic native trim disabled

---------------  S Y S T E M  ---------------

OS:
 Windows 11 , 64 bit Build 26100 (10.0.26100.5074)
OS uptime: 2 days 15:46 hours
Hyper-V role detected

CPU: total 16 (initial active 16) (8 cores per cpu, 2 threads per core) family 6 model 154 stepping 3 microcode 0x434, cx8, cmov, fxsr, ht, mmx, 3dnowpref, sse, sse2, sse3, ssse3, sse4.1, sse4.2, popcnt, lzcnt, tsc, tscinvbit, avx, avx2, aes, erms, clmul, bmi1, bmi2, adx, sha, fma, vzeroupper, clflush, clflushopt, clwb, hv, serialize, rdtscp, rdpid, fsrm, gfni, f16c, cet_ibt, cet_ss
Processor Information for the first 16 processors :
  Max Mhz: 2500, Current Mhz: 2500, Mhz Limit: 2500

Memory: 4k page, system-wide physical 16004M (2918M free)
TotalPageFile size 48550M (AvailPageFile size 762M)
current process WorkingSet (physical memory assigned to process): 136M, peak: 149M
current process commit charge ("private bytes"): 389M, peak: 412M

vm_info: OpenJDK 64-Bit Server VM (24.0.2+12) for windows-amd64 JRE (24.0.2+12) (Zulu24.32+13-CA), built on 2025-07-11T12:45:44Z with MS VC++ 17.1 (VS2022)

END.
