#
# A fatal error has been detected by the Java Runtime Environment:
#
#  EXCEPTION_ACCESS_VIOLATION (0xc0000005) at pc=0x00007ff92b2dad89, pid=10300, tid=34076
#
# JRE version: OpenJDK Runtime Environment Zulu24.32+13-CA (24.0.2+12) (build 24.0.2+12)
# Java VM: OpenJDK 64-Bit Server VM Zulu24.32+13-CA (24.0.2+12, mixed mode, sharing, tiered, compressed oops, compressed class ptrs, g1 gc, windows-amd64)
# Problematic frame:
# C  [awt.dll+0xdad89]
#
# No core dump will be written. Minidumps are not enabled by default on client versions of Windows
#
# If you would like to submit a bug report, please visit:
#   http://www.azul.com/support/
# The crash happened outside the Java Virtual Machine in native code.
# See problematic frame for where to report the bug.
#

---------------  S U M M A R Y ------------

Command Line: -Dfile.encoding=UTF-8 --module-path=C:\Users\Istiak\Documents\NetBeansProjects\Bank Management System\build\classes bank.management.system.SignupOne

Host: 12th Gen Intel(R) Core(TM) i5-12500H, 16 cores, 15G,  Windows 11 , 64 bit Build 26100 (10.0.26100.5074)
Time: Sat Sep 13 06:20:53 2025 Bangladesh Standard Time elapsed time: 25008.895798 seconds (0d 6h 56m 48s)

---------------  T H R E A D  ---------------

Current thread (0x000001a6235e5120):  JavaThread "AWT-EventQueue-0"        [_thread_in_native, id=34076, stack(0x00000099ba000000,0x00000099ba100000) (1024K)]

Stack: [0x00000099ba000000,0x00000099ba100000],  sp=0x00000099ba0feb20,  free space=1018k
Native frames: (J=compiled Java code, j=interpreted, Vv=VM code, C=native code)
C  [awt.dll+0xdad89]  (no source info available)
C  [awt.dll+0xda148]  (no source info available)
C  0x000001a5cd16ce20  (no source info available)

The last pc belongs to native method entry point (kind = native) (printed below).
Java frames: (J=compiled Java code, j=interpreted, Vv=VM code)
j  sun.awt.Win32GraphicsConfig.getBounds(I)Ljava/awt/Rectangle;+0 java.desktop@24.0.2
j  sun.awt.Win32GraphicsConfig.getBounds()Ljava/awt/Rectangle;+8 java.desktop@24.0.2
j  sun.awt.Win32GraphicsDevice.displayChanged()V+23 java.desktop@24.0.2
j  sun.awt.Win32GraphicsEnvironment.displayChanged()V+271 java.desktop@24.0.2
j  sun.awt.windows.WToolkit.lambda$displayChanged$0()V+15 java.desktop@24.0.2
j  sun.awt.windows.WToolkit$$Lambda+0x000001a5df117e60.run()V+0 java.desktop@24.0.2
J 1842 c1 java.awt.event.InvocationEvent.dispatch()V java.desktop@24.0.2 (69 bytes) @ 0x000001a5c5fbf69c [0x000001a5c5fbf480+0x000000000000021c]
J 1798 c1 java.awt.EventQueue.dispatchEventImpl(Ljava/awt/AWTEvent;Ljava/lang/Object;)V java.desktop@24.0.2 (139 bytes) @ 0x000001a5c5facc9c [0x000001a5c5fab3a0+0x00000000000018fc]
J 1813 c1 java.awt.EventQueue.dispatchEvent(Ljava/awt/AWTEvent;)V java.desktop@24.0.2 (48 bytes) @ 0x000001a5c5fb4e34 [0x000001a5c5fb4be0+0x0000000000000254]
J 1337 c1 java.awt.EventDispatchThread.pumpOneEventForFilters(I)V java.desktop@24.0.2 (106 bytes) @ 0x000001a5c5efc054 [0x000001a5c5efb840+0x0000000000000814]
j  java.awt.EventDispatchThread.pumpEventsForFilter(ILjava/awt/Conditional;Ljava/awt/EventFilter;)V+35 java.desktop@24.0.2
j  java.awt.EventDispatchThread.pumpEventsForHierarchy(ILjava/awt/Conditional;Ljava/awt/Component;)V+11 java.desktop@24.0.2
j  java.awt.EventDispatchThread.pumpEvents(ILjava/awt/Conditional;)V+4 java.desktop@24.0.2
j  java.awt.EventDispatchThread.pumpEvents(Ljava/awt/Conditional;)V+3 java.desktop@24.0.2
j  java.awt.EventDispatchThread.run()V+9 java.desktop@24.0.2
v  ~StubRoutines::call_stub 0x000001a5cd160fcd

siginfo: EXCEPTION_ACCESS_VIOLATION (0xc0000005), reading address 0x0000000000000028


Registers:
RAX=0x0000000000000000, RBX=0x000001a5baedc8a0, RCX=0x0000000000000000, RDX=0x0000000000000000
RSP=0x00000099ba0feb20, RBP=0x0000000000000000, RSI=0x0000000000000000, RDI=0x0000000000000000
R8 =0x0000000000000001, R9 =0x00000099b8004000, R10=0x000001a6235994d0, R11=0x000001a61f2a9050
R12=0x0000000000000000, R13=0x000001a6230dce20, R14=0x000001a5dd741d20, R15=0x0000000000000000
RIP=0x00007ff92b2dad89, EFLAGS=0x0000000000010246

XMM[0]=0x0000000000000000 0x0000000000000000
XMM[1]=0x0000000000000000 0x00000099ba0febf0
XMM[2]=0x00007ff8de55cb11 0x0000000000000141
XMM[3]=0x00000099ba0fe234 0x00000099ba0fe230
XMM[4]=0x0000000000000000 0x0000003e0000003c
XMM[5]=0x000001a6235e5120 0x00000099ba0fe101
XMM[6]=0x0000000000000000 0x2b81732f30b4bd0c
XMM[7]=0x0000000000000000 0xe890d36c17aa66eb
XMM[8]=0x0000000000000000 0x76f433c6a2c147d2
XMM[9]=0x0000000000000000 0xcd473aff6cfbbc5c
XMM[10]=0x0000000000000000 0x000000009fb4815d
XMM[11]=0x0000000000000000 0xdd441a944a3fd6f0
XMM[12]=0x0000000000000000 0x000000006cfbbc5c
XMM[13]=0x0000000000000000 0x0000000000000000
XMM[14]=0x0000000000000000 0x0000000000000000
XMM[15]=0x0000000000000000 0x0000000000000000
  MXCSR=0x00001fa2


Register to memory mapping:

RAX=0x0 is null
RBX=0x000001a5baedc8a0 points into unknown readable memory: 0x000001a623630f60 | 60 0f 63 23 a6 01 00 00
RCX=0x0 is null
RDX=0x0 is null
RSP=0x00000099ba0feb20 is pointing into the stack for thread: 0x000001a6235e5120
RBP=0x0 is null
RSI=0x0 is null
RDI=0x0 is null
R8 =0x0000000000000001 is an unknown value
R9 =0x00000099b8004000 points into unknown readable memory: 0x0000000000000000 | 00 00 00 00 00 00 00 00
R10=0x000001a6235994d0 points into unknown readable memory: 0x0000001e00000003 | 03 00 00 00 1e 00 00 00
R11={method} {0x000001a61f2a9058} '<init>' '(IIII)V' in 'java/awt/Rectangle'
R12=0x0 is null
R13=0x000001a6230dce20 points into unknown readable memory: 0x000001a61f2a9050 | 50 90 2a 1f a6 01 00 00
R14=0x000001a5dd741d20 points into unknown readable memory: 0x000000071547c700 | 00 c7 47 15 07 00 00 00
R15=0x0 is null

Top of Stack: (sp=0x00000099ba0feb20)
0x00000099ba0feb20:   00007ff92b337838 000001a5baedc8a0   8x3+............
0x00000099ba0feb30:   000001a6235e54e8 000001a5baedc8a0   .T^#............
0x00000099ba0feb40:   000001a6235e54e8 00007ff92b2da148   .T^#....H.-+....
0x00000099ba0feb50:   000001a5baedc8a0 000001a5baedc8a0   ................
0x00000099ba0feb60:   000000000000004a 000001a6235e54e8   J........T^#....
0x00000099ba0feb70:   000000071542b6b0 000001a61f244b88   ..B......K$.....
0x00000099ba0feb80:   0000000000000000 00000099ba0feba0   ................
0x00000099ba0feb90:   0000000000000000 0000000000000000   ................
0x00000099ba0feba0:   0000cbaaefd97271 0000000713e4f2d8   qr..............
0x00000099ba0febb0:   000001a6235e5120 00000099ba0fec98    Q^#............
0x00000099ba0febc0:   000001a61f2a1230 0000000000000000   0.*.............
0x00000099ba0febd0:   000001a61f74f948 000000000000004a   H.t.....J.......
0x00000099ba0febe0:   00000099ba0fec70 000001a5cd16ce20   p....... .......
0x00000099ba0febf0:   00000099ba0fec08 000001a61f2a1230   ........0.*.....
0x00000099ba0fec00:   000001a5cd168800 0000000000000000   ................
0x00000099ba0fec10:   0000000713e4f2d8 0000000713e4feb8   ................
0x00000099ba0fec20:   0000000713e4feb8 fffffffffffffff7   ................
0x00000099ba0fec30:   0000000000000000 0000000000000005   ................
0x00000099ba0fec40:   000001a61f2a3cb8 0000000000000000   .<*.............
0x00000099ba0fec50:   000000071547be78 000001a61f2a1230   x.G.....0.*.....
0x00000099ba0fec60:   0000000000000000 00000099ba0fec90   ................
0x00000099ba0fec70:   00000099ba0fece8 000001a5cd16899a   ................
0x00000099ba0fec80:   0000000000000000 000001a5cd16a43a   ........:.......
0x00000099ba0fec90:   0000000000000000 0000000713e4feb8   ................
0x00000099ba0feca0:   fffffffffffffff7 000001a61f2a12d8   ..........*.....
0x00000099ba0fecb0:   0000000000000002 000001a61f2a3cb8   .........<*.....
0x00000099ba0fecc0:   0000000000000000 000000071547be78   ........x.G.....
0x00000099ba0fecd0:   000001a61f2a12f0 fffffffffffffff5   ..*.............
0x00000099ba0fece0:   00000099ba0fecf8 00000099ba0fed48   ........H.......
0x00000099ba0fecf0:   000001a5cd16899a 0000000713e4feb8   ................
0x00000099ba0fed00:   fffffffffffffff7 000001a61f2449df   .........I$.....
0x00000099ba0fed10:   0000000000000003 000001a61f246160   ........`a$.....

Instructions: (pc=0x00007ff92b2dad89)
  0x00007ff92b2dac89:   cc cc cc cc cc cc cc 48 89 5c 24 08 48 89 6c 24
  0x00007ff92b2dac99:   10 48 89 74 24 18 57 48 83 ec 20 41 8b f8 0f b6
  0x00007ff92b2daca9:   f2 48 8b e9 e8 1e d3 f4 ff 48 8b d8 48 89 44 24
  0x00007ff92b2dacb9:   48 41 b8 01 00 00 00 8b d7 48 8b c8 e8 86 d2 f4
  0x00007ff92b2dacc9:   ff 48 8b c8 44 0f b6 c6 48 8b d5 e8 97 fa ff ff
  0x00007ff92b2dacd9:   48 8b f8 48 8b cb e8 ac d4 f4 ff 90 48 8b c7 48
  0x00007ff92b2dace9:   8b 5c 24 30 48 8b 6c 24 38 48 8b 74 24 40 48 83
  0x00007ff92b2dacf9:   c4 20 5f c3 cc cc cc 48 8b 49 28 e9 07 07 00 00
  0x00007ff92b2dad09:   cc cc cc cc cc cc cc 48 89 5c 24 08 57 48 83 ec
  0x00007ff92b2dad19:   20 8b f9 e8 af d2 f4 ff 48 8b d8 48 89 44 24 38
  0x00007ff92b2dad29:   41 b8 01 00 00 00 8b d7 48 8b c8 e8 17 d2 f4 ff
  0x00007ff92b2dad39:   48 8b 08 8b 39 48 8b cb e8 4a d4 f4 ff 90 8b c7
  0x00007ff92b2dad49:   48 8b 5c 24 30 48 83 c4 20 5f c3 cc cc cc cc cc
  0x00007ff92b2dad59:   cc cc cc cc cc cc cc 48 89 5c 24 08 57 48 83 ec
  0x00007ff92b2dad69:   20 8b f9 e8 5f d2 f4 ff 48 8b d8 48 89 44 24 38
  0x00007ff92b2dad79:   41 b8 01 00 00 00 8b d7 48 8b c8 e8 c7 d1 f4 ff
=>0x00007ff92b2dad89:   48 8b 78 28 48 8b cb e8 fb d3 f4 ff 90 48 8b c7
  0x00007ff92b2dad99:   48 8b 5c 24 30 48 83 c4 20 5f c3 cc cc cc cc cc
  0x00007ff92b2dada9:   cc cc cc cc cc cc cc 48 89 5c 24 08 57 48 83 ec
  0x00007ff92b2dadb9:   20 8b f9 e8 0f d2 f4 ff 48 8b d8 48 89 44 24 38
  0x00007ff92b2dadc9:   41 b8 01 00 00 00 8b d7 48 8b c8 e8 77 d1 f4 ff
  0x00007ff92b2dadd9:   48 8b 78 30 48 8b cb e8 ab d3 f4 ff 90 48 8b c7
  0x00007ff92b2dade9:   48 8b 5c 24 30 48 83 c4 20 5f c3 cc cc cc cc cc
  0x00007ff92b2dadf9:   cc cc cc cc cc cc cc 48 89 5c 24 08 57 48 83 ec
  0x00007ff92b2dae09:   20 8b f9 e8 bf d1 f4 ff 48 8b d8 48 89 44 24 38
  0x00007ff92b2dae19:   41 b8 01 00 00 00 8b d7 48 8b c8 e8 27 d1 f4 ff
  0x00007ff92b2dae29:   48 8b 78 08 48 85 ff 74 07 48 8b bf 08 0c 00 00
  0x00007ff92b2dae39:   48 8b cb e8 4f d3 f4 ff 90 48 8b c7 48 8b 5c 24
  0x00007ff92b2dae49:   30 48 83 c4 20 5f c3 f3 0f 10 41 48 c3 cc cc cc
  0x00007ff92b2dae59:   cc cc cc cc cc cc cc f3 0f 10 41 4c c3 cc cc cc
  0x00007ff92b2dae69:   cc cc cc cc cc cc cc 48 89 5c 24 10 48 89 74 24
  0x00007ff92b2dae79:   18 55 57 41 56 48 8d 6c 24 e0 48 81 ec 20 01 00


Stack slot to memory mapping:

stack at sp + 0 slots: 0x00007ff92b337838 awt.dll
stack at sp + 1 slots: 0x000001a5baedc8a0 points into unknown readable memory: 0x000001a623630f60 | 60 0f 63 23 a6 01 00 00
stack at sp + 2 slots: 0x000001a6235e54e8 points into unknown readable memory: 0x00007ff8deb2c9d0 | d0 c9 b2 de f8 7f 00 00
stack at sp + 3 slots: 0x000001a5baedc8a0 points into unknown readable memory: 0x000001a623630f60 | 60 0f 63 23 a6 01 00 00
stack at sp + 4 slots: 0x000001a6235e54e8 points into unknown readable memory: 0x00007ff8deb2c9d0 | d0 c9 b2 de f8 7f 00 00
stack at sp + 5 slots: 0x00007ff92b2da148 awt.dll
stack at sp + 6 slots: 0x000001a5baedc8a0 points into unknown readable memory: 0x000001a623630f60 | 60 0f 63 23 a6 01 00 00
stack at sp + 7 slots: 0x000001a5baedc8a0 points into unknown readable memory: 0x000001a623630f60 | 60 0f 63 23 a6 01 00 00

Lock stack of current Java thread (top to bottom):

native method entry point (kind = native)  [0x000001a5cd16ca40, 0x000001a5cd16d478]  2616 bytes
[MachCode]
  0x000001a5cd16ca40: 488b 4b08 | 0fb7 492e | 584c 8d74 | ccf8 6800 | 0000 0068 | 0000 0000 | 5055 488b | ec41 5568 
  0x000001a5cd16ca60: 0000 0000 | 4c8b 6b08 | 4d8d 6d38 | 5348 8b53 | 0848 8b52 | 0848 8b52 | 1848 8b52 | 7048 8b12 
  0x000001a5cd16ca80: 5248 8b53 | 1048 85d2 | 0f84 0700 | 0000 4881 | c208 0100 | 0052 488b | 5308 488b | 5208 488b 
  0x000001a5cd16caa0: 5210 5249 | 8bc6 482b | c548 c1e8 | 0350 6800 | 0000 0068 | f7ff ffff | 41c6 8771 | 0400 0001 
  0x000001a5cd16cac0: 488b 4310 | 4885 c074 | 208b 88cc | 0000 0083 | c102 8988 | cc00 0000 | 2388 e000 | 0000 0f84 
  0x000001a5cd16cae0: e408 0000 | e9cd 0000 | 0048 8b43 | 1848 85c0 | 0f85 b000 | 0000 e805 | 0000 00e9 | 9900 0000 
  0x000001a5cd16cb00: 488b d348 | 8d44 2408 | 4c89 6dc0 | 498b cfc5 | f877 4989 | afb8 0300 | 0049 8987 | a803 0000 
  0x000001a5cd16cb20: 4883 ec20 | 40f6 c40f | 0f84 1900 | 0000 4883 | ec08 48b8 | e016 25de | f87f 0000 | ffd0 4883 
  0x000001a5cd16cb40: c408 e90c | 0000 0048 | b8e0 1625 | def8 7f00 | 00ff d048 | 83c4 2049 | c787 a803 | 0000 0000 
  0x000001a5cd16cb60: 0000 49c7 | 87b8 0300 | 0000 0000 | 0049 c787 | b003 0000 | 0000 0000 | c5f8 7749 | 837f 0800 
  0x000001a5cd16cb80: 0f84 0500 | 0000 e935 | 43ff ff4c | 8b6d c04c | 8b75 c84e | 8d74 f500 | c348 8b43 | 1848 85c0 
  0x000001a5cd16cba0: 0f84 1000 | 0000 8b08 | 83c1 0289 | 0823 4814 | 0f84 1208 | 0000 493b | a7f0 0400 | 000f 8748 
  0x000001a5cd16cbc0: 0000 0089 | 8424 00f0 | ffff 8984 | 2400 e0ff | ff89 8424 | 00d0 ffff | 8984 2400 | c0ff ff89 
  0x000001a5cd16cbe0: 8424 00b0 | ffff 8984 | 2400 a0ff | ff89 8424 | 0090 ffff | 8984 2400 | 80ff ff49 | 3ba7 e804 
  0x000001a5cd16cc00: 0000 7607 | 4989 a7f0 | 0400 0041 | c687 7104 | 0000 0048 | 8b5d e84c | 8b5b 0845 | 0fb7 5b2e 
  0x000001a5cd16cc20: 41c1 e303 | 492b e348 | 83ec 2048 | 83e4 f04c | 8b5b 604d | 85db 0f85 | ab00 0000 | e805 0000 
  0x000001a5cd16cc40: 00e9 9900 | 0000 488b | d348 8d44 | 2408 4c89 | 6dc0 498b | cfc5 f877 | 4989 afb8 | 0300 0049 
  0x000001a5cd16cc60: 8987 a803 | 0000 4883 | ec20 40f6 | c40f 0f84 | 1900 0000 | 4883 ec08 | 48b8 0041 | 25de f87f 
  0x000001a5cd16cc80: 0000 ffd0 | 4883 c408 | e90c 0000 | 0048 b800 | 4125 def8 | 7f00 00ff | d048 83c4 | 2049 c787 
  0x000001a5cd16cca0: a803 0000 | 0000 0000 | 49c7 87b8 | 0300 0000 | 0000 0049 | c787 b003 | 0000 0000 | 0000 c5f8 
  0x000001a5cd16ccc0: 7749 837f | 0800 0f84 | 0500 0000 | e9ef 41ff | ff4c 8b6d | c04c 8b75 | c84e 8d74 | f500 c348 
  0x000001a5cd16cce0: 8b5d e84c | 8b5b 6041 | ffd3 488b | 5de8 4889 | 4518 448b | 5b28 41f6 | c308 0f84 | 1b00 0000 
  0x000001a5cd16cd00: 4c8b 5b08 | 4d8b 5b08 | 4d8b 5b18 | 4d8b 5b70 | 4d8b 1b4c | 895d 1048 | 8d55 1048 | 8b43 5849 
  0x000001a5cd16cd20: ba70 8c5e | def8 7f00 | 0049 3bc2 | 0f85 ab00 | 0000 e805 | 0000 00e9 | 9900 0000 | 488b d348 
  0x000001a5cd16cd40: 8d44 2408 | 4c89 6dc0 | 498b cfc5 | f877 4989 | afb8 0300 | 0049 8987 | a803 0000 | 4883 ec20 
  0x000001a5cd16cd60: 40f6 c40f | 0f84 1900 | 0000 4883 | ec08 48b8 | 0041 25de | f87f 0000 | ffd0 4883 | c408 e90c 
  0x000001a5cd16cd80: 0000 0048 | b800 4125 | def8 7f00 | 00ff d048 | 83c4 2049 | c787 a803 | 0000 0000 | 0000 49c7 
  0x000001a5cd16cda0: 87b8 0300 | 0000 0000 | 0049 c787 | b003 0000 | 0000 0000 | c5f8 7749 | 837f 0800 | 0f84 0500 
  0x000001a5cd16cdc0: 0000 e9f9 | 40ff ff4c | 8b6d c04c | 8b75 c84e | 8d74 f500 | c348 8b5d | e848 8b43 | 5849 8d8f 
  0x000001a5cd16cde0: c803 0000 | 4c8d 15d5 | 0000 004d | 8997 b003 | 0000 c5f8 | 7749 89af | b803 0000 | 4989 a7a8 
  0x000001a5cd16ce00: 0300 0041 | c787 5404 | 0000 0400 | 0000 493b | a748 0500 | 0076 0749 | 89a7 4805 | 0000 ffd0 
  0x000001a5cd16ce20: 493b a748 | 0500 0072 | 0b49 c787 | 4805 0000 | 0000 0000 | c5f8 7748 | 83ec 10c5 | fb11 0424 
  0x000001a5cd16ce40: 4883 ec10 | 4889 0424 | 48c7 4424 | 0800 0000 | 0041 c787 | 5404 0000 | 0500 0000 | f083 4424 
  0x000001a5cd16ce60: c000 493b | 6f28 0f87 | 0e00 0000 | 4183 bf50 | 0400 0000 | 0f84 2000 | 0000 498b | cf4c 8be4 
  0x000001a5cd16ce80: 4883 ec20 | 4883 e4f0 | 48b8 f0a5 | 26de f87f | 0000 ffd0 | 498b e44d | 33e4 41c7 | 8754 0400 
  0x000001a5cd16cea0: 0008 0000 | 004d 8b97 | 7005 0000 | 4983 fa00 | 7435 49c7 | 8770 0500 | 0000 0000 | 0041 ffe2 
  0x000001a5cd16cec0: 49ba 00bb | 16cd a501 | 0000 41ff | d248 83ec | 10c5 fb11 | 0424 4883 | ec10 4889 | 0424 48c7 
  0x000001a5cd16cee0: 4424 0800 | 0000 0049 | c787 a803 | 0000 0000 | 0000 49c7 | 87b8 0300 | 0000 0000 | 0049 c787 
  0x000001a5cd16cf00: b003 0000 | 0000 0000 | c5f8 774d | 8b9f 3804 | 0000 41c7 | 8300 0100 | 0000 0000 | 0049 bb3a 
  0x000001a5cd16cf20: a416 cda5 | 0100 004c | 3b5d 180f | 8555 0100 | 0048 8b04 | 2448 83c4 | 1048 85c0 | 0f84 2f01 
  0x000001a5cd16cf40: 0000 a803 | 0f85 0800 | 0000 488b | 00e9 1f01 | 0000 a801 | 0f85 0900 | 0000 488b | 40fe e90e 
  0x000001a5cd16cf60: 0100 0048 | 8b40 ff41 | 807f 4800 | 0f84 ff00 | 0000 4883 | f800 0f84 | f500 0000 | 4d8b 5f38 
  0x000001a5cd16cf80: 4d85 db0f | 8414 0000 | 0049 83eb | 084d 895f | 384d 035f | 4049 8903 | e9d4 0000 | 0048 83ec 
  0x000001a5cd16cfa0: 7048 8904 | 2448 894c | 2408 4889 | 5424 104c | 8944 2418 | 4c89 4c24 | 204c 8954 | 2428 4c89 
  0x000001a5cd16cfc0: 5c24 30c5 | fb11 4424 | 40c5 fb11 | 4c24 48c5 | fb11 5424 | 50c5 fb11 | 5c24 58c5 | fb11 6424 
  0x000001a5cd16cfe0: 60c5 fb11 | 6c24 6849 | 8bd7 488b | c848 83ec | 2040 f6c4 | 0f0f 8419 | 0000 0048 | 83ec 0848 
  0x000001a5cd16d000: b8e0 1819 | def8 7f00 | 00ff d048 | 83c4 08e9 | 0c00 0000 | 48b8 e018 | 19de f87f | 0000 ffd0 
  0x000001a5cd16d020: 4883 c420 | c5fb 106c | 2468 c5fb | 1064 2460 | c5fb 105c | 2458 c5fb | 1054 2450 | c5fb 104c 
  0x000001a5cd16d040: 2448 c5fb | 1044 2440 | 4c8b 5c24 | 304c 8b54 | 2428 4c8b | 4c24 204c | 8b44 2418 | 488b 5424 
  0x000001a5cd16d060: 1048 8b4c | 2408 488b | 0424 4883 | c470 c5f8 | 7748 8945 | 1048 83ec | 1048 8904 | 2448 c744 
  0x000001a5cd16d080: 2408 0000 | 0000 4183 | bfd0 0400 | 0002 0f85 | bf00 0000 | 4881 ec80 | 0000 0048 | 8944 2478 
  0x000001a5cd16d0a0: 4889 4c24 | 7048 8954 | 2468 4889 | 5c24 6048 | 896c 2450 | 4889 7424 | 4848 897c | 2440 4c89 
  0x000001a5cd16d0c0: 4424 384c | 894c 2430 | 4c89 5424 | 284c 895c | 2420 4c89 | 6424 184c | 896c 2410 | 4c89 7424 
  0x000001a5cd16d0e0: 084c 893c | 244c 8be4 | 4883 ec20 | 4883 e4f0 | 48b8 6074 | 5ede f87f | 0000 ffd0 | 498b e44c 
  0x000001a5cd16d100: 8b3c 244c | 8b74 2408 | 4c8b 6c24 | 104c 8b64 | 2418 4c8b | 5c24 204c | 8b54 2428 | 4c8b 4c24 
  0x000001a5cd16d120: 304c 8b44 | 2438 488b | 7c24 4048 | 8b74 2448 | 488b 6c24 | 5048 8b5c | 2460 488b | 5424 6848 
  0x000001a5cd16d140: 8b4c 2470 | 488b 4424 | 7848 81c4 | 8000 0000 | 4d33 e448 | 8b5d e84c | 8b6b 084d | 8d6d 3849 
  0x000001a5cd16d160: 837f 0800 | 0f84 bb00 | 0000 e805 | 0000 00e9 | 9600 0000 | 488d 4424 | 084c 896d | c049 8bcf 
  0x000001a5cd16d180: c5f8 7749 | 89af b803 | 0000 4989 | 87a8 0300 | 0048 83ec | 2040 f6c4 | 0f0f 8419 | 0000 0048 
  0x000001a5cd16d1a0: 83ec 0848 | b8a0 5f25 | def8 7f00 | 00ff d048 | 83c4 08e9 | 0c00 0000 | 48b8 a05f | 25de f87f 
  0x000001a5cd16d1c0: 0000 ffd0 | 4883 c420 | 49c7 87a8 | 0300 0000 | 0000 0049 | c787 b803 | 0000 0000 | 0000 49c7 
  0x000001a5cd16d1e0: 87b0 0300 | 0000 0000 | 00c5 f877 | 4983 7f08 | 000f 8405 | 0000 00e9 | c43c ffff | 4c8b 6dc0 
  0x000001a5cd16d200: 4c8b 75c8 | 4e8d 74f5 | 00c3 48b9 | e034 8ede | f87f 0000 | 4883 e4f0 | 48b8 1090 | 4bde f87f 
  0x000001a5cd16d220: 0000 ffd0 | f444 8b5b | 2841 f6c3 | 200f 8472 | 0100 0048 | 8d55 a84c | 8b5a 084d | 85db 0f85 
  0x000001a5cd16d240: bb00 0000 | e805 0000 | 00e9 9600 | 0000 488d | 4424 084c | 896d c049 | 8bcf c5f8 | 7749 89af 
  0x000001a5cd16d260: b803 0000 | 4989 87a8 | 0300 0048 | 83ec 2040 | f6c4 0f0f | 8419 0000 | 0048 83ec | 0848 b8d0 
  0x000001a5cd16d280: 5e25 def8 | 7f00 00ff | d048 83c4 | 08e9 0c00 | 0000 48b8 | d05e 25de | f87f 0000 | ffd0 4883 
  0x000001a5cd16d2a0: c420 49c7 | 87a8 0300 | 0000 0000 | 0049 c787 | b803 0000 | 0000 0000 | 49c7 87b0 | 0300 0000 
  0x000001a5cd16d2c0: 0000 00c5 | f877 4983 | 7f08 000f | 8405 0000 | 00e9 ea3b | ffff 4c8b | 6dc0 4c8b | 75c8 4e8d 
  0x000001a5cd16d2e0: 74f5 00c3 | 48b9 e034 | 8ede f87f | 0000 4883 | e4f0 48b8 | 1090 4bde | f87f 0000 | ffd0 f44c 
  0x000001a5cd16d300: 896d c04c | 8b4a 0848 | c742 0800 | 0000 0045 | 8b87 5806 | 0000 4f3b | 4c07 f80f | 8542 0000 
  0x000001a5cd16d320: 0041 83af | 5806 0000 | 084f 3b4c | 07f0 0f84 | 2a00 0000 | 498b 01a8 | 020f 8512 | 0000 004c 
  0x000001a5cd16d340: 8bc0 4983 | c801 f04d | 0fb1 010f | 840d 0000 | 0041 8387 | 5806 0000 | 08e9 0500 | 0000 e93e 
  0x000001a5cd16d360: 0000 004c | 894a 0848 | 8bca 4883 | ec20 40f6 | c40f 0f84 | 1900 0000 | 4883 ec08 | 48b8 f030 
  0x000001a5cd16d380: 25de f87f | 0000 ffd0 | 4883 c408 | e90c 0000 | 0048 b8f0 | 3025 def8 | 7f00 00ff | d048 83c4 
  0x000001a5cd16d3a0: 204c 8b6d | c048 8b04 | 2448 83c4 | 10c5 fb10 | 0424 4883 | c410 4c8b | 5d18 41ff | d34c 8b5d 
  0x000001a5cd16d3c0: f8c9 5f49 | 8be3 ffe7 | ba00 0000 | 00e8 0500 | 0000 e996 | 0000 0048 | 8d44 2408 | 4c89 6dc0 
  0x000001a5cd16d3e0: 498b cfc5 | f877 4989 | afb8 0300 | 0049 8987 | a803 0000 | 4883 ec20 | 40f6 c40f | 0f84 1900 
  0x000001a5cd16d400: 0000 4883 | ec08 48b8 | a025 25de | f87f 0000 | ffd0 4883 | c408 e90c | 0000 0048 | b8a0 2525 
  0x000001a5cd16d420: def8 7f00 | 00ff d048 | 83c4 2049 | c787 a803 | 0000 0000 | 0000 49c7 | 87b8 0300 | 0000 0000 
  0x000001a5cd16d440: 0049 c787 | b003 0000 | 0000 0000 | c5f8 7749 | 837f 0800 | 0f84 0500 | 0000 e961 | 3aff ff4c 
  0x000001a5cd16d460: 8b6d c04c | 8b75 c84e | 8d74 f500 | c348 8b5d | e8e9 40f7 | ffff 6690 
[/MachCode]

Compiled method (c1) 25010206 1842   !   3       java.awt.event.InvocationEvent::dispatch (69 bytes)
 total in heap  [0x000001a5c5fbf308,0x000001a5c5fbfb00] = 2040
 relocation     [0x000001a5c5fbf3e0,0x000001a5c5fbf468] = 136
 main code      [0x000001a5c5fbf480,0x000001a5c5fbfa90] = 1552
 stub code      [0x000001a5c5fbfa90,0x000001a5c5fbfaf8] = 104
 metadata       [0x000001a5c5fbfaf8,0x000001a5c5fbfb00] = 8
 immutable data [0x000001a6240f9bf0,0x000001a6240f9d98] = 424
 dependencies   [0x000001a6240f9bf0,0x000001a6240f9bf8] = 8
 nul chk table  [0x000001a6240f9bf8,0x000001a6240f9c10] = 24
 handler table  [0x000001a6240f9c10,0x000001a6240f9ca0] = 144
 scopes pcs     [0x000001a6240f9ca0,0x000001a6240f9d40] = 160
 scopes data    [0x000001a6240f9d40,0x000001a6240f9d98] = 88

[Constant Pool (empty)]

[MachCode]
[Instructions begin]
  0x000001a5c5fbf480: 6666 660f | 1f84 0000 | 0000 0066 | 6666 9066 | 6690 448b | 5208 443b 

  0x000001a5c5fbf498: ;   {runtime_call Shared Runtime ic_miss_blob}
  0x000001a5c5fbf498: 5008 0f85 | c0f2 1e07 
[Verified Entry Point]
  0x000001a5c5fbf4a0: 8984 2400 | 80ff ff55 | 4883 ec30 | 4181 7f20 | 0100 0000 

  0x000001a5c5fbf4b4: ;   {runtime_call StubRoutines (final stubs)}
  0x000001a5c5fbf4b4: 7405 e845 | 641d 0748 | 8954 2418 

  0x000001a5c5fbf4c0: ;   {metadata(method data for {method} {0x000001a61f69bfe0} 'dispatch' '()V' in 'java/awt/event/InvocationEvent')}
  0x000001a5c5fbf4c0: 48be 809a | 931f a601 | 0000 8bbe | cc00 0000 | 83c7 0289 | becc 0000 | 0081 e7fe | 0700 0085 
  0x000001a5c5fbf4e0: ff0f 84c7 | 0400 000f | be72 1d85 

  0x000001a5c5fbf4ec: ;   {metadata(method data for {method} {0x000001a61f69bfe0} 'dispatch' '()V' in 'java/awt/event/InvocationEvent')}
  0x000001a5c5fbf4ec: f648 be80 | 9a93 1fa6 | 0100 00bf | 1001 0000 | 7405 bf20 | 0100 0048 | 8b1c 3e48 | 8d5b 0148 
  0x000001a5c5fbf50c: 891c 3e0f | 84d1 0000 | 008b 7228 | 48c1 e603 

  0x000001a5c5fbf51c: ; implicit exception: dispatches to 0x000001a5c5fbf9cf
  0x000001a5c5fbf51c: 483b 0648 

  0x000001a5c5fbf520: ;   {metadata(method data for {method} {0x000001a61f69bfe0} 'dispatch' '()V' in 'java/awt/event/InvocationEvent')}
  0x000001a5c5fbf520: 8bfe 48bb | 809a 931f | a601 0000 | 8b7f 0849 | ba00 0000 | dea5 0100 | 0049 03fa | 483b bb38 
  0x000001a5c5fbf540: 0100 0075 | 0d48 8383 | 4001 0000 | 01e9 6000 | 0000 483b | bb48 0100 | 0075 0d48 | 8383 5001 
  0x000001a5c5fbf560: 0000 01e9 | 4a00 0000 | 4883 bb38 | 0100 0000 | 7517 4889 | bb38 0100 | 0048 c783 | 4001 0000 
  0x000001a5c5fbf580: 0100 0000 | e929 0000 | 0048 83bb | 4801 0000 | 0075 1748 | 89bb 4801 | 0000 48c7 | 8350 0100 
  0x000001a5c5fbf5a0: 0001 0000 | 00e9 0800 | 0000 4883 | 8330 0100 | 0001 488b | d648 b8e0 | f05e 23a6 

  0x000001a5c5fbf5bc: ;   {virtual_call}
  0x000001a5c5fbf5bc: 0100 00e8 

  0x000001a5c5fbf5c0: ; ImmutableOopMap {[24]=Oop }
                      ;*invokeinterface run {reexecute=0 rethrow=0 return_oop=0}
                      ; - java.awt.event.InvocationEvent::dispatch@11 (line 308)
  0x000001a5c5fbf5c0: 9cf7 1e07 

  0x000001a5c5fbf5c4: ;   {post_call_nop}
  0x000001a5c5fbf5c4: 0f1f 8400 | bc02 0000 

  0x000001a5c5fbf5cc: ;   {metadata(method data for {method} {0x000001a61f69bfe0} 'dispatch' '()V' in 'java/awt/event/InvocationEvent')}
  0x000001a5c5fbf5cc: 48ba 809a | 931f a601 | 0000 ff82 | 6001 0000 | 488b 5424 | 18e9 1f03 | 0000 8b72 | 2848 c1e6 
  0x000001a5c5fbf5ec: 0348 3b06 

  0x000001a5c5fbf5f0: ;   {metadata(method data for {method} {0x000001a61f69bfe0} 'dispatch' '()V' in 'java/awt/event/InvocationEvent')}
  0x000001a5c5fbf5f0: 488b fe48 | bb80 9a93 | 1fa6 0100 | 008b 7f08 | 49ba 0000 | 00de a501 | 0000 4903 | fa48 3bbb 
  0x000001a5c5fbf610: 1802 0000 | 750d 4883 | 8320 0200 | 0001 e960 | 0000 0048 | 3bbb 2802 | 0000 750d | 4883 8330 
  0x000001a5c5fbf630: 0200 0001 | e94a 0000 | 0048 83bb | 1802 0000 | 0075 1748 | 89bb 1802 | 0000 48c7 | 8320 0200 
  0x000001a5c5fbf650: 0001 0000 | 00e9 2900 | 0000 4883 | bb28 0200 | 0000 7517 | 4889 bb28 | 0200 0048 | c783 3002 
  0x000001a5c5fbf670: 0000 0100 | 0000 e908 | 0000 0048 | 8383 1002 | 0000 0148 | 8bd6 0f1f | 8000 0000 | 0048 b808 
  0x000001a5c5fbf690: f15e 23a6 

  0x000001a5c5fbf694: ;   {virtual_call}
  0x000001a5c5fbf694: 0100 00e8 

  0x000001a5c5fbf698: ; ImmutableOopMap {[24]=Oop }
                      ;*invokeinterface run {reexecute=0 rethrow=0 return_oop=0}
                      ; - java.awt.event.InvocationEvent::dispatch@47 (line 318)
  0x000001a5c5fbf698: 84f1 2b07 

  0x000001a5c5fbf69c: ;   {post_call_nop}
  0x000001a5c5fbf69c: 0f1f 8400 | 9403 0001 | 488b 5424 | 18e9 5702 | 0000 498b | 8708 0500 | 004d 33d2 | 4d89 9708 
  0x000001a5c5fbf6bc: 0500 004d | 33d2 4d89 | 9710 0500 | 0048 85c0 

  0x000001a5c5fbf6cc: ;   {metadata(method data for {method} {0x000001a61f69bfe0} 'dispatch' '()V' in 'java/awt/event/InvocationEvent')}
  0x000001a5c5fbf6cc: 48be 809a | 931f a601 | 0000 750c | 808e 7101 | 0000 01e9 | af00 0000 | 8b78 0849 | ba00 0000 
  0x000001a5c5fbf6ec: dea5 0100 | 0049 03fa | 483b be80 | 0100 0075 | 0d48 8386 | 8801 0000 | 01e9 6000 | 0000 483b 
  0x000001a5c5fbf70c: be90 0100 | 0075 0d48 | 8386 9801 | 0000 01e9 | 4a00 0000 | 4883 be80 | 0100 0000 | 7517 4889 
  0x000001a5c5fbf72c: be80 0100 | 0048 c786 | 8801 0000 | 0100 0000 | e929 0000 | 0048 83be | 9001 0000 | 0075 1748 
  0x000001a5c5fbf74c: 89be 9001 | 0000 48c7 | 8698 0100 | 0001 0000 | 00e9 0800 | 0000 4883 | 8678 0100 

  0x000001a5c5fbf768: ;   {metadata('java/lang/Exception')}
  0x000001a5c5fbf768: 0001 48bf | e8f4 1bde | a501 0000 | 8b70 0849 | ba00 0000 | dea5 0100 | 0049 03f2 | 483b 7e40 
  0x000001a5c5fbf788: 0f85 0500 | 0000 e905 | 0000 004d | 33c0 eb06 | 41b8 0100 | 0000 4585 

  0x000001a5c5fbf7a0: ;   {metadata(method data for {method} {0x000001a61f69bfe0} 'dispatch' '()V' in 'java/awt/event/InvocationEvent')}
  0x000001a5c5fbf7a0: c049 b880 | 9a93 1fa6 | 0100 00ba | a801 0000 | 7405 bab8 | 0100 0049 | 8b34 1048 | 8d76 0149 
  0x000001a5c5fbf7c0: 8934 1048 | 8b54 2418 | 0f84 f900 | 0000 4885 

  0x000001a5c5fbf7d0: ;   {metadata(method data for {method} {0x000001a61f69bfe0} 'dispatch' '()V' in 'java/awt/event/InvocationEvent')}
  0x000001a5c5fbf7d0: c048 bf80 | 9a93 1fa6 | 0100 0075 | 0c80 8fc1 | 0100 0001 | e9af 0000 | 008b 5808 | 49ba 0000 
  0x000001a5c5fbf7f0: 00de a501 | 0000 4903 | da48 3b9f | d001 0000 | 750d 4883 | 87d8 0100 | 0001 e960 | 0000 0048 
  0x000001a5c5fbf810: 3b9f e001 | 0000 750d | 4883 87e8 | 0100 0001 | e94a 0000 | 0048 83bf | d001 0000 | 0075 1748 
  0x000001a5c5fbf830: 899f d001 | 0000 48c7 | 87d8 0100 | 0001 0000 | 00e9 2900 | 0000 4883 | bfe0 0100 | 0000 7517 
  0x000001a5c5fbf850: 4889 9fe0 | 0100 0048 | c787 e801 | 0000 0100 | 0000 e908 | 0000 0048 | 8387 c801 

  0x000001a5c5fbf86c: ;   {metadata('java/lang/Exception')}
  0x000001a5c5fbf86c: 0000 0148 | bbe8 f41b | dea5 0100 | 008b 7808 | 49ba 0000 | 00de a501 | 0000 4903 | fa48 3b5f 
  0x000001a5c5fbf88c: 400f 8546 | 0100 00e9 | 0000 0000 | 4c8b c041 | 0fbe 7748 | 85f6 0f85 | 3a01 0000 | 4d8b d049 
  0x000001a5c5fbf8ac: c1ea 0344 | 8952 3448 | 8bf2 4933 | f048 c1ee | 1548 83fe | 000f 853a | 0100 0045 | 0fbe 4748 
  0x000001a5c5fbf8cc: 4585 c00f | 8544 0100 | 004c 8bd0 | 49c1 ea03 | 4489 5238 | 4c8b c24c | 33c0 49c1 | e815 4983 
  0x000001a5c5fbf8ec: f800 0f85 | 4501 0000 

  0x000001a5c5fbf8f4: ;   {metadata(method data for {method} {0x000001a61f69bfe0} 'dispatch' '()V' in 'java/awt/event/InvocationEvent')}
  0x000001a5c5fbf8f4: 49b8 809a | 931f a601 | 0000 41ff | 80f8 0100 | 004c 8bc2 

  0x000001a5c5fbf908: ;   {metadata(method data for {method} {0x000001a61f69bfe0} 'dispatch' '()V' in 'java/awt/event/InvocationEvent')}
  0x000001a5c5fbf908: 48be 809a | 931f a601 | 0000 4883 | 8640 0200 | 0001 41b8 | 0100 0000 | 0f1f 8000 

  0x000001a5c5fbf924: ;   {optimized virtual_call}
  0x000001a5c5fbf924: 0000 00e8 

  0x000001a5c5fbf928: ; ImmutableOopMap {}
                      ;*invokevirtual finishedDispatching {reexecute=0 rethrow=0 return_oop=0}
                      ; - java.awt.event.InvocationEvent::dispatch@54 (line 321)
  0x000001a5c5fbf928: 34e2 0100 

  0x000001a5c5fbf92c: ;   {post_call_nop}
  0x000001a5c5fbf92c: 0f1f 8400 | 2406 0002 

  0x000001a5c5fbf934: ;   {metadata(method data for {method} {0x000001a61f69bfe0} 'dispatch' '()V' in 'java/awt/event/InvocationEvent')}
  0x000001a5c5fbf934: 48b8 809a | 931f a601 | 0000 ff80 | 7002 0000 | 4883 c430 

  0x000001a5c5fbf948: ;   {poll_return}
  0x000001a5c5fbf948: 5d49 3b67 | 280f 87fe | 0000 00c3 | 488b 5424 | 1849 8b87 | 0805 0000 | 4d33 d24d | 8997 0805 
  0x000001a5c5fbf968: 0000 4d33 | d24d 8997 | 1005 0000 

  0x000001a5c5fbf974: ;   {metadata(method data for {method} {0x000001a61f69bfe0} 'dispatch' '()V' in 'java/awt/event/InvocationEvent')}
  0x000001a5c5fbf974: 4c8b c248 | be80 9a93 | 1fa6 0100 | 0048 8386 | 8802 0000 | 0141 b801 | 0000 0048 | 8944 2420 
  0x000001a5c5fbf994: ;   {optimized virtual_call}
  0x000001a5c5fbf994: 6666 90e8 

  0x000001a5c5fbf998: ; ImmutableOopMap {[32]=Oop }
                      ;*invokevirtual finishedDispatching {reexecute=0 rethrow=0 return_oop=0}
                      ; - java.awt.event.InvocationEvent::dispatch@63 (line 321)
  0x000001a5c5fbf998: c4f0 1e07 

  0x000001a5c5fbf99c: ;   {post_call_nop}
  0x000001a5c5fbf99c: 0f1f 8400 | 9406 0003 | 488b 4424 | 20e9 d600 

  0x000001a5c5fbf9ac: ;   {metadata({method} {0x000001a61f69bfe0} 'dispatch' '()V' in 'java/awt/event/InvocationEvent')}
  0x000001a5c5fbf9ac: 0000 49ba | d8bf 691f | a601 0000 | 4c89 5424 | 0848 c704 | 24ff ffff 

  0x000001a5c5fbf9c4: ;   {runtime_call C1 Runtime counter_overflow_blob}
  0x000001a5c5fbf9c4: ffe8 963c 

  0x000001a5c5fbf9c8: ; ImmutableOopMap {rdx=Oop [24]=Oop }
                      ;*synchronization entry
                      ; - java.awt.event.InvocationEvent::dispatch@-1 (line 306)
  0x000001a5c5fbf9c8: 2b07 e918 

  0x000001a5c5fbf9cc: ;   {runtime_call C1 Runtime throw_null_pointer_exception_blob}
  0x000001a5c5fbf9cc: fbff ffe8 

  0x000001a5c5fbf9d0: ; ImmutableOopMap {rdx=Oop rsi=Oop [24]=Oop }
                      ;*invokeinterface run {reexecute=0 rethrow=0 return_oop=0}
                      ; - java.awt.event.InvocationEvent::dispatch@11 (line 308)
  0x000001a5c5fbf9d0: 0cd1 2907 

  0x000001a5c5fbf9d4: ;   {runtime_call C1 Runtime throw_null_pointer_exception_blob}
  0x000001a5c5fbf9d4: e807 d129 

  0x000001a5c5fbf9d8: ; ImmutableOopMap {rdx=Oop rsi=Oop [24]=Oop }
                      ;*invokeinterface run {reexecute=0 rethrow=0 return_oop=0}
                      ; - java.awt.event.InvocationEvent::dispatch@47 (line 318)
  0x000001a5c5fbf9d8: 0748 8904 

  0x000001a5c5fbf9dc: ;   {runtime_call C1 Runtime throw_class_cast_exception_blob}
  0x000001a5c5fbf9dc: 24e8 7e0f 

  0x000001a5c5fbf9e0: ; ImmutableOopMap {rax=Oop rdx=Oop [24]=Oop }
                      ;*checkcast {reexecute=0 rethrow=0 return_oop=0}
                      ; - java.awt.event.InvocationEvent::dispatch@29 (line 312)
  0x000001a5c5fbf9e0: 2b07 8b72 | 3448 c1e6 | 0348 83fe | 000f 84b5 | feff ff48 

  0x000001a5c5fbf9f4: ;   {runtime_call g1_pre_barrier_slow}
  0x000001a5c5fbf9f4: 8934 24e8 | 6442 2b07 | e9a7 feff | ff49 83f8 | 000f 84bc | feff ff48 

  0x000001a5c5fbfa0c: ;   {runtime_call g1_post_barrier_slow}
  0x000001a5c5fbfa0c: 8914 24e8 | 4c45 2b07 | e9ae feff | ff44 8b42 | 3849 c1e0 | 0349 83f8 | 000f 84aa | feff ff4c 
  0x000001a5c5fbfa2c: ;   {runtime_call g1_pre_barrier_slow}
  0x000001a5c5fbfa2c: 8904 24e8 | 2c42 2b07 | e99c feff | ff48 83f8 | 000f 84b1 | feff ff48 

  0x000001a5c5fbfa44: ;   {runtime_call g1_post_barrier_slow}
  0x000001a5c5fbfa44: 8914 24e8 | 1445 2b07 | e9a3 feff 

  0x000001a5c5fbfa50: ;   {internal_word}
  0x000001a5c5fbfa50: ff49 ba49 | f9fb c5a5 | 0100 004d | 8997 6004 

  0x000001a5c5fbfa60: ;   {runtime_call SafepointBlob}
  0x000001a5c5fbfa60: 0000 e979 | 621f 0749 | 8b87 0805 | 0000 49c7 | 8708 0500 | 0000 0000 | 0049 c787 | 1005 0000 
  0x000001a5c5fbfa80: 0000 0000 | 4883 c430 

  0x000001a5c5fbfa88: ;   {runtime_call C1 Runtime unwind_exception_blob}
  0x000001a5c5fbfa88: 5de9 52c1 | 2907 f4f4 
[Stub Code]
  0x000001a5c5fbfa90: ;   {no_reloc}
  0x000001a5c5fbfa90: 0f1f 4400 

  0x000001a5c5fbfa94: ;   {static_stub}
  0x000001a5c5fbfa94: 0048 bb00 | 0000 0000 

  0x000001a5c5fbfa9c: ;   {runtime_call nmethod}
  0x000001a5c5fbfa9c: 0000 00e9 | fbff ffff 

  0x000001a5c5fbfaa4: ;   {static_stub}
  0x000001a5c5fbfaa4: 9048 bb00 | 0000 0000 

  0x000001a5c5fbfaac: ;   {runtime_call nmethod}
  0x000001a5c5fbfaac: 0000 00e9 | fbff ffff 

  0x000001a5c5fbfab4: ;   {static_stub}
  0x000001a5c5fbfab4: 48bb d8c3 | 691f a601 

  0x000001a5c5fbfabc: ;   {runtime_call I2C/C2I adapters}
  0x000001a5c5fbfabc: 0000 e9f3 

  0x000001a5c5fbfac0: ;   {runtime_call C1 Runtime handle_exception_from_callee_blob}
  0x000001a5c5fbfac0: 4c1f 07e8 | 9808 2b07 

  0x000001a5c5fbfac8: ;   {external_word}
  0x000001a5c5fbfac8: 48b9 e034 | 8ede f87f | 0000 4883 

  0x000001a5c5fbfad4: ;   {runtime_call}
  0x000001a5c5fbfad4: e4f0 48b8 | 1090 4bde | f87f 0000 

  0x000001a5c5fbfae0: ;   {section_word}
  0x000001a5c5fbfae0: ffd0 f449 | bae3 fafb | c5a5 0100 

  0x000001a5c5fbfaec: ;   {runtime_call DeoptimizationBlob}
  0x000001a5c5fbfaec: 0041 52e9 | 8c57 1f07 | f4f4 f4f4 
[/MachCode]


Compiled method (c1) 25010486 1798       3       java.awt.EventQueue::dispatchEventImpl (139 bytes)
 total in heap  [0x000001a5c5fab008,0x000001a5c5fad540] = 9528
 relocation     [0x000001a5c5fab0e0,0x000001a5c5fab388] = 680
 main code      [0x000001a5c5fab3a0,0x000001a5c5fad358] = 8120
 stub code      [0x000001a5c5fad358,0x000001a5c5fad468] = 272
 oops           [0x000001a5c5fad468,0x000001a5c5fad478] = 16
 metadata       [0x000001a5c5fad478,0x000001a5c5fad540] = 200
 immutable data [0x000001a5dd523b90,0x000001a5dd524318] = 1928
 dependencies   [0x000001a5dd523b90,0x000001a5dd523bc8] = 56
 nul chk table  [0x000001a5dd523bc8,0x000001a5dd523c48] = 128
 handler table  [0x000001a5dd523c48,0x000001a5dd523d08] = 192
 scopes pcs     [0x000001a5dd523d08,0x000001a5dd5240e8] = 992
 scopes data    [0x000001a5dd5240e8,0x000001a5dd524318] = 560

[Constant Pool (empty)]

[MachCode]
[Instructions begin]
  0x000001a5c5fab3a0: 6666 660f | 1f84 0000 | 0000 0066 | 6666 9066 | 6690 448b | 5208 443b 

  0x000001a5c5fab3b8: ;   {runtime_call Shared Runtime ic_miss_blob}
  0x000001a5c5fab3b8: 5008 0f85 | a033 2007 
[Verified Entry Point]
  0x000001a5c5fab3c0: 8984 2400 | 80ff ff55 | 4881 ecd0 | 0000 0090 | 4181 7f20 | 0100 0000 

  0x000001a5c5fab3d8: ;   {runtime_call StubRoutines (final stubs)}
  0x000001a5c5fab3d8: 7405 e821 | a51e 074c | 8984 24a8 

  0x000001a5c5fab3e4: ;   {metadata(method data for {method} {0x000001a61f1864b8} 'dispatchEventImpl' '(Ljava/awt/AWTEvent;Ljava/lang/Object;)V' in 'java/awt/EventQueue')}
  0x000001a5c5fab3e4: 0000 0048 | be10 2c93 | 1fa6 0100 | 008b becc | 0000 0083 | c702 89be | cc00 0000 | 81e7 fe07 
  0x000001a5c5fab404: 0000 85ff | 0f84 121b | 0000 41c6 | 4016 014d 

  0x000001a5c5fab414: ;   {metadata(method data for {method} {0x000001a61f1864b8} 'dispatchEventImpl' '(Ljava/awt/AWTEvent;Ljava/lang/Object;)V' in 'java/awt/EventQueue')}
  0x000001a5c5fab414: 85c0 48bb | 102c 931f | a601 0000 | 750c 808b | 0901 0000 | 01e9 cb00 | 0000 418b | 4008 49ba 
  0x000001a5c5fab434: 0000 00de | a501 0000 | 4903 c248 | 3b83 1801 | 0000 750d | 4883 8320 | 0100 0001 | e960 0000 
  0x000001a5c5fab454: 0048 3b83 | 2801 0000 | 750d 4883 | 8330 0100 | 0001 e94a | 0000 0048 | 83bb 1801 | 0000 0075 
  0x000001a5c5fab474: 1748 8983 | 1801 0000 | 48c7 8320 | 0100 0001 | 0000 00e9 | 2900 0000 | 4883 bb28 | 0100 0000 
  0x000001a5c5fab494: 7517 4889 | 8328 0100 | 0048 c783 | 3001 0000 | 0100 0000 | e908 0000 | 0048 8383 | 1001 0000 
  0x000001a5c5fab4b4: ;   {metadata('java/awt/ActiveEvent')}
  0x000001a5c5fab4b4: 0148 b8e0 | b769 1fa6 | 0100 0041 | 8b58 0849 | ba00 0000 | dea5 0100 | 0049 03da | 483b 4320 
  0x000001a5c5fab4d4: 0f84 2400 | 0000 483b | d80f 841b | 0000 0053 

  0x000001a5c5fab4e4: ;   {runtime_call C1 Runtime slow_subtype_check_blob}
  0x000001a5c5fab4e4: 50e8 565a | 2c07 5b5b | 85db 0f84 | 0500 0000 | e905 0000 | 0048 33f6 | eb05 be01 | 0000 0085 
  0x000001a5c5fab504: ;   {metadata(method data for {method} {0x000001a61f1864b8} 'dispatchEventImpl' '(Ljava/awt/AWTEvent;Ljava/lang/Object;)V' in 'java/awt/EventQueue')}
  0x000001a5c5fab504: f648 be10 | 2c93 1fa6 | 0100 00bf | 5001 0000 | 7505 bf40 | 0100 0048 | 8b1c 3e48 | 8d5b 0148 
  0x000001a5c5fab524: 891c 3e0f | 85ab 1500 | 004d 85c9 

  0x000001a5c5fab530: ;   {metadata(method data for {method} {0x000001a61f1864b8} 'dispatchEventImpl' '(Ljava/awt/AWTEvent;Ljava/lang/Object;)V' in 'java/awt/EventQueue')}
  0x000001a5c5fab530: 48bb 102c | 931f a601 | 0000 750c | 808b 0102 | 0000 01e9 | b100 0000 | 418b 4108 | 49ba 0000 
  0x000001a5c5fab550: 00de a501 | 0000 4903 | c248 3b83 | 1002 0000 | 750d 4883 | 8318 0200 | 0001 e960 | 0000 0048 
  0x000001a5c5fab570: 3b83 2002 | 0000 750d | 4883 8328 | 0200 0001 | e94a 0000 | 0048 83bb | 1002 0000 | 0075 1748 
  0x000001a5c5fab590: 8983 1002 | 0000 48c7 | 8318 0200 | 0001 0000 | 00e9 2900 | 0000 4883 | bb20 0200 | 0000 7517 
  0x000001a5c5fab5b0: 4889 8320 | 0200 0048 | c783 2802 | 0000 0100 | 0000 e908 | 0000 0048 | 8383 0802 

  0x000001a5c5fab5cc: ;   {metadata('java/awt/Component')}
  0x000001a5c5fab5cc: 0000 0148 | b8d0 2309 | 1fa6 0100 | 0041 8b59 | 0849 ba00 | 0000 dea5 | 0100 0049 | 03da 483b 
  0x000001a5c5fab5ec: 4338 0f85 | 0500 0000 | e905 0000 | 0048 33f6 | eb05 be01 | 0000 0085 

  0x000001a5c5fab604: ;   {metadata(method data for {method} {0x000001a61f1864b8} 'dispatchEventImpl' '(Ljava/awt/AWTEvent;Ljava/lang/Object;)V' in 'java/awt/EventQueue')}
  0x000001a5c5fab604: f648 be10 | 2c93 1fa6 | 0100 00bf | 3802 0000 | 7405 bf48 | 0200 0048 | 8b1c 3e48 | 8d5b 0148 
  0x000001a5c5fab624: 891c 3e0f | 84e4 0600 | 004d 85c9 

  0x000001a5c5fab630: ;   {metadata(method data for {method} {0x000001a61f1864b8} 'dispatchEventImpl' '(Ljava/awt/AWTEvent;Ljava/lang/Object;)V' in 'java/awt/EventQueue')}
  0x000001a5c5fab630: 48bf 102c | 931f a601 | 0000 750c | 808f 5102 | 0000 01e9 | b100 0000 | 418b 5908 | 49ba 0000 
  0x000001a5c5fab650: 00de a501 | 0000 4903 | da48 3b9f | 6002 0000 | 750d 4883 | 8768 0200 | 0001 e960 | 0000 0048 
  0x000001a5c5fab670: 3b9f 7002 | 0000 750d | 4883 8778 | 0200 0001 | e94a 0000 | 0048 83bf | 6002 0000 | 0075 1748 
  0x000001a5c5fab690: 899f 6002 | 0000 48c7 | 8768 0200 | 0001 0000 | 00e9 2900 | 0000 4883 | bf70 0200 | 0000 7517 
  0x000001a5c5fab6b0: 4889 9f70 | 0200 0048 | c787 7802 | 0000 0100 | 0000 e908 | 0000 0048 | 8387 5802 

  0x000001a5c5fab6cc: ;   {metadata('java/awt/Component')}
  0x000001a5c5fab6cc: 0000 0148 | bbd0 2309 | 1fa6 0100 | 0041 8b79 | 0849 ba00 | 0000 dea5 | 0100 0049 | 03fa 483b 
  0x000001a5c5fab6ec: 5f38 0f85 | 5218 0000 | e900 0000 | 0049 8bd1 

  0x000001a5c5fab6fc: ; implicit exception: dispatches to 0x000001a5c5facf4f
  0x000001a5c5fab6fc: 483b 0248 

  0x000001a5c5fab700: ;   {metadata(method data for {method} {0x000001a61f1864b8} 'dispatchEventImpl' '(Ljava/awt/AWTEvent;Ljava/lang/Object;)V' in 'java/awt/EventQueue')}
  0x000001a5c5fab700: 8bf2 48bf | 102c 931f | a601 0000 | 8b76 0849 | ba00 0000 | dea5 0100 | 0049 03f2 | 483b b790 
  0x000001a5c5fab720: 0200 0075 | 0d48 8387 | 9802 0000 | 01e9 6000 | 0000 483b | b7a0 0200 | 0075 0d48 | 8387 a802 
  0x000001a5c5fab740: 0000 01e9 | 4a00 0000 | 4883 bf90 | 0200 0000 | 7517 4889 | b790 0200 | 0048 c787 | 9802 0000 
  0x000001a5c5fab760: 0100 0000 | e929 0000 | 0048 83bf | a002 0000 | 0075 1748 | 89b7 a002 | 0000 48c7 | 87a8 0200 
  0x000001a5c5fab780: 0001 0000 | 00e9 0800 | 0000 4883 | 8788 0200 

  0x000001a5c5fab790: ;   {metadata(method data for {method} {0x000001a61f085860} 'dispatchEvent' '(Ljava/awt/AWTEvent;)V' in 'java/awt/Component')}
  0x000001a5c5fab790: 0001 48be | b832 931f | a601 0000 | 8bbe cc00 | 0000 83c7 | 0289 becc | 0000 0081 | e7fe ff1f 
  0x000001a5c5fab7b0: 0085 ff0f | 849b 1700 | 0048 8bf2 

  0x000001a5c5fab7bc: ;   {metadata(method data for {method} {0x000001a61f085860} 'dispatchEvent' '(Ljava/awt/AWTEvent;)V' in 'java/awt/Component')}
  0x000001a5c5fab7bc: 48bf b832 | 931f a601 | 0000 8b76 | 0849 ba00 | 0000 dea5 | 0100 0049 | 03f2 483b | b718 0100 
  0x000001a5c5fab7dc: 0075 0d48 | 8387 2001 | 0000 01e9 | 6000 0000 | 483b b728 | 0100 0075 | 0d48 8387 | 3001 0000 
  0x000001a5c5fab7fc: 01e9 4a00 | 0000 4883 | bf18 0100 | 0000 7517 | 4889 b718 | 0100 0048 | c787 2001 | 0000 0100 
  0x000001a5c5fab81c: 0000 e929 | 0000 0048 | 83bf 2801 | 0000 0075 | 1748 89b7 | 2801 0000 | 48c7 8730 | 0100 0001 
  0x000001a5c5fab83c: 0000 00e9 | 0800 0000 | 4883 8710 | 0100 0001 | 498b f04c | 8bc6 6666 | 9048 b890 | 917a 23a6 
  0x000001a5c5fab85c: ;   {virtual_call}
  0x000001a5c5fab85c: 0100 00e8 

  0x000001a5c5fab860: ; ImmutableOopMap {[168]=Oop }
                      ;*invokevirtual dispatchEventImpl {reexecute=0 rethrow=0 return_oop=0}
                      ; - java.awt.Component::dispatchEvent@2 (line 4790)
                      ; - java.awt.EventQueue::dispatchEventImpl@41 (line 725)
  0x000001a5c5fab860: 5c42 4c07 

  0x000001a5c5fab864: ;   {post_call_nop}
  0x000001a5c5fab864: 0f1f 8400 | 5c08 0000 | 4c8b 8424 | a800 0000 

  0x000001a5c5fab874: ;   {metadata(method data for {method} {0x000001a61f1864b8} 'dispatchEventImpl' '(Ljava/awt/AWTEvent;Ljava/lang/Object;)V' in 'java/awt/EventQueue')}
  0x000001a5c5fab874: 48be 102c | 931f a601 | 0000 458b | 4008 49ba | 0000 00de | a501 0000 | 4d03 c24c | 3b86 c002 
  0x000001a5c5fab894: 0000 750d | 4883 86c8 | 0200 0001 | e960 0000 | 004c 3b86 | d002 0000 | 750d 4883 | 86d8 0200 
  0x000001a5c5fab8b4: 0001 e94a | 0000 0048 | 83be c002 | 0000 0075 | 174c 8986 | c002 0000 | 48c7 86c8 | 0200 0001 
  0x000001a5c5fab8d4: 0000 00e9 | 2900 0000 | 4883 bed0 | 0200 0000 | 7517 4c89 | 86d0 0200 | 0048 c786 | d802 0000 
  0x000001a5c5fab8f4: 0100 0000 | e908 0000 | 0048 8386 | b802 0000 

  0x000001a5c5fab904: ;   {metadata(method data for {method} {0x000001a61f0d7980} 'dispatched' '()V' in 'java/awt/AWTEvent')}
  0x000001a5c5fab904: 0148 be40 | 3493 1fa6 | 0100 008b | becc 0000 | 0083 c702 | 89be cc00 | 0000 81e7 | feff 1f00 
  0x000001a5c5fab924: 85ff 0f84 | 4916 0000 | 4c8b 8424 | a800 0000 

  0x000001a5c5fab934: ;   {metadata(method data for {method} {0x000001a61f0d7980} 'dispatched' '()V' in 'java/awt/AWTEvent')}
  0x000001a5c5fab934: 4d85 c048 | bb40 3493 | 1fa6 0100 | 0075 0c80 | 8b09 0100 | 0001 e9b1 | 0000 0041 | 8b40 0849 
  0x000001a5c5fab954: ba00 0000 | dea5 0100 | 0049 03c2 | 483b 8318 | 0100 0075 | 0d48 8383 | 2001 0000 | 01e9 6000 
  0x000001a5c5fab974: 0000 483b | 8328 0100 | 0075 0d48 | 8383 3001 | 0000 01e9 | 4a00 0000 | 4883 bb18 | 0100 0000 
  0x000001a5c5fab994: 7517 4889 | 8318 0100 | 0048 c783 | 2001 0000 | 0100 0000 | e929 0000 | 0048 83bb | 2801 0000 
  0x000001a5c5fab9b4: 0075 1748 | 8983 2801 | 0000 48c7 | 8330 0100 | 0001 0000 | 00e9 0800 | 0000 4883 | 8310 0100 
  0x000001a5c5fab9d4: ;   {metadata('java/awt/event/InputEvent')}
  0x000001a5c5fab9d4: 0001 48b8 | 48b2 101f | a601 0000 | 418b 5808 | 49ba 0000 | 00de a501 | 0000 4903 | da48 3b43 
  0x000001a5c5fab9f4: 500f 8505 | 0000 00e9 | 0500 0000 | 4833 f6eb | 05be 0100 | 0000 85f6 

  0x000001a5c5faba0c: ;   {metadata(method data for {method} {0x000001a61f0d7980} 'dispatched' '()V' in 'java/awt/AWTEvent')}
  0x000001a5c5faba0c: 48be 4034 | 931f a601 | 0000 bf40 | 0100 0074 | 05bf 5001 | 0000 488b | 1c3e 488d | 5b01 4889 
  0x000001a5c5faba2c: 1c3e 0f84 | c914 0000 

  0x000001a5c5faba34: ;   {metadata(method data for {method} {0x000001a61f0d7980} 'dispatched' '()V' in 'java/awt/AWTEvent')}
  0x000001a5c5faba34: 48be 4034 | 931f a601 | 0000 4883 | 8660 0100 

  0x000001a5c5faba44: ;   {metadata(method data for {method} {0x000001a61f0f1b38} 'getInputEventAccessor' '()Lsun/awt/AWTAccessor$InputEventAccessor;' in 'sun/awt/AWTAccessor')}
  0x000001a5c5faba44: 0001 48be | 5036 931f | a601 0000 | 8bbe cc00 | 0000 83c7 | 0289 becc | 0000 0081 | e7fe ff1f 
  0x000001a5c5faba64: 0085 ff0f | 8429 1500 

  0x000001a5c5faba6c: ;   {oop(a 'java/lang/Class'{0x0000000715782ee8} = 'sun/awt/AWTAccessor')}
  0x000001a5c5faba6c: 0048 bee8 | 2e78 1507 | 0000 008b | b684 0000 | 0048 c1e6 | 0348 85f6 

  0x000001a5c5faba84: ;   {metadata(method data for {method} {0x000001a61f0f1b38} 'getInputEventAccessor' '()Lsun/awt/AWTAccessor$InputEventAccessor;' in 'sun/awt/AWTAccessor')}
  0x000001a5c5faba84: 48bf 5036 | 931f a601 | 0000 bb10 | 0100 0075 | 05bb 2001 | 0000 488b | 041f 488d | 4001 4889 
  0x000001a5c5fabaa4: 041f 0f85 | f412 0000 

  0x000001a5c5fabaac: ;   {metadata(method data for {method} {0x000001a61f0f1b38} 'getInputEventAccessor' '()Lsun/awt/AWTAccessor$InputEventAccessor;' in 'sun/awt/AWTAccessor')}
  0x000001a5c5fabaac: 48be 5036 | 931f a601 | 0000 4883 | 8630 0100 

  0x000001a5c5fababc: ;   {metadata(method data for {method} {0x000001a61f0f42f8} 'ensureClassInitialized' '(Ljava/lang/Class;)V' in 'sun/awt/AWTAccessor')}
  0x000001a5c5fababc: 0001 48be | 206d 6b1f | a601 0000 | 8bbe cc00 | 0000 83c7 | 0289 becc | 0000 0081 | e7fe ff1f 
  0x000001a5c5fabadc: 0085 ff0f | 84d2 1400 

  0x000001a5c5fabae4: ;   {metadata(method data for {method} {0x000001a61f0f42f8} 'ensureClassInitialized' '(Ljava/lang/Class;)V' in 'sun/awt/AWTAccessor')}
  0x000001a5c5fabae4: 0048 be20 | 6d6b 1fa6 | 0100 0048 | 8386 1001 

  0x000001a5c5fabaf4: ;   {metadata(method data for {method} {0x000001a5de44ab28} 'lookup' '()Ljava/lang/invoke/MethodHandles$Lookup;' in 'java/lang/invoke/MethodHandles')}
  0x000001a5c5fabaf4: 0000 0148 | be20 6f6b | 1fa6 0100 | 008b becc | 0000 0083 | c702 89be | cc00 0000 | 81e7 feff 
  0x000001a5c5fabb14: 1f00 85ff | 0f84 ba14 

  0x000001a5c5fabb1c: ;   {metadata(method data for {method} {0x000001a5de44ab28} 'lookup' '()Ljava/lang/invoke/MethodHandles$Lookup;' in 'java/lang/invoke/MethodHandles')}
  0x000001a5c5fabb1c: 0000 48be | 206f 6b1f | a601 0000 | 4883 8610 | 0100 0001 | 0f1f 8000 

  0x000001a5c5fabb34: ;   {static_call}
  0x000001a5c5fabb34: 0000 00e8 

  0x000001a5c5fabb38: ; ImmutableOopMap {[168]=Oop }
                      ;*invokestatic getCallerClass {reexecute=0 rethrow=0 return_oop=0}
                      ; - java.lang.invoke.MethodHandles::lookup@0 (line 126)
                      ; - sun.awt.AWTAccessor::ensureClassInitialized@0 (line 1464)
                      ; - sun.awt.AWTAccessor::getInputEventAccessor@10 (line 963)
                      ; - java.awt.AWTEvent::dispatched@7 (line 571)
                      ; - java.awt.EventQueue::dispatchEventImpl@45 (line 726)
  0x000001a5c5fabb38: 2435 2007 

  0x000001a5c5fabb3c: ;   {post_call_nop}
  0x000001a5c5fabb3c: 0f1f 8400 | 340b 0001 | 4c8b c04d 

  0x000001a5c5fabb48: ;   {metadata(method data for {method} {0x000001a5de44ab28} 'lookup' '()Ljava/lang/invoke/MethodHandles$Lookup;' in 'java/lang/invoke/MethodHandles')}
  0x000001a5c5fabb48: 85c0 48ba | 206f 6b1f | a601 0000 | be30 0100 | 0074 05be | 2001 0000 | 488b 3c32 | 488d 7f01 
  0x000001a5c5fabb68: 4889 3c32 | 0f84 5511 

  0x000001a5c5fabb70: ;   {metadata('java/lang/invoke/MethodHandles$Lookup')}
  0x000001a5c5fabb70: 0000 48ba | b8a5 1ede | a501 0000 | 498b 87c8 | 0100 0048 | 8d78 2049 | 3bbf d801 | 0000 0f87 
  0x000001a5c5fabb90: 6514 0000 | 4989 bfc8 | 0100 0048 | c700 0100 | 0000 488b | ca49 ba00 | 0000 dea5 | 0100 0049 
  0x000001a5c5fabbb0: 2bca 8948 | 0848 33c9 | 8948 0c48 | 33c9 4889 | 4810 4889 | 4818 4c8b 

  0x000001a5c5fabbc8: ;   {metadata(method data for {method} {0x000001a5de44ab28} 'lookup' '()Ljava/lang/invoke/MethodHandles$Lookup;' in 'java/lang/invoke/MethodHandles')}
  0x000001a5c5fabbc8: c848 bf20 | 6f6b 1fa6 | 0100 0048 | 8387 5001 

  0x000001a5c5fabbd8: ;   {metadata(method data for {method} {0x000001a5de44edd8} '<init>' '(Ljava/lang/Class;)V' in 'java/lang/invoke/MethodHandles$Lookup')}
  0x000001a5c5fabbd8: 0000 0149 | b9b8 706b | 1fa6 0100 | 0041 8bb9 | cc00 0000 | 83c7 0241 | 89b9 cc00 | 0000 81e7 
  0x000001a5c5fabbf8: feff 1f00 | 85ff 0f84 | 0214 0000 

  0x000001a5c5fabc04: ;   {metadata(method data for {method} {0x000001a5de44edd8} '<init>' '(Ljava/lang/Class;)V' in 'java/lang/invoke/MethodHandles$Lookup')}
  0x000001a5c5fabc04: 4c8b c848 | bfb8 706b | 1fa6 0100 | 0048 8387 | 1001 0000 

  0x000001a5c5fabc18: ;   {oop(nullptr)}
  0x000001a5c5fabc18: 0149 b900 | 0000 0000 | 0000 00bf | 5f00 0000 | 488b d048 | 8984 24b0 | 0000 000f 

  0x000001a5c5fabc34: ;   {optimized virtual_call}
  0x000001a5c5fabc34: 1f40 00e8 

  0x000001a5c5fabc38: ; ImmutableOopMap {[168]=Oop [176]=Oop }
                      ;*invokespecial <init> {reexecute=0 rethrow=0 return_oop=0}
                      ; - java.lang.invoke.MethodHandles$Lookup::<init>@5 (line 1534)
                      ; - java.lang.invoke.MethodHandles::lookup@23 (line 130)
                      ; - sun.awt.AWTAccessor::ensureClassInitialized@0 (line 1464)
                      ; - sun.awt.AWTAccessor::getInputEventAccessor@10 (line 963)
                      ; - java.awt.AWTEvent::dispatched@7 (line 571)
                      ; - java.awt.EventQueue::dispatchEventImpl@45 (line 726)
  0x000001a5c5fabc38: 242e 2007 

  0x000001a5c5fabc3c: ;   {post_call_nop}
  0x000001a5c5fabc3c: 0f1f 8400 | 340c 0002 | 488b 8424 | b000 0000 

  0x000001a5c5fabc4c: ;   {metadata(method data for {method} {0x000001a61f0f42f8} 'ensureClassInitialized' '(Ljava/lang/Class;)V' in 'sun/awt/AWTAccessor')}
  0x000001a5c5fabc4c: 4c8b c048 | ba20 6d6b | 1fa6 0100 | 0045 8b40 | 0849 ba00 | 0000 dea5 | 0100 004d | 03c2 4c3b 
  0x000001a5c5fabc6c: 8228 0100 | 0075 0d48 | 8382 3001 | 0000 01e9 | 6000 0000 | 4c3b 8238 | 0100 0075 | 0d48 8382 
  0x000001a5c5fabc8c: 4001 0000 | 01e9 4a00 | 0000 4883 | ba28 0100 | 0000 7517 | 4c89 8228 | 0100 0048 | c782 3001 
  0x000001a5c5fabcac: 0000 0100 | 0000 e929 | 0000 0048 | 83ba 3801 | 0000 0075 | 174c 8982 | 3801 0000 | 48c7 8240 
  0x000001a5c5fabccc: 0100 0001 | 0000 00e9 | 0800 0000 | 4883 8220 | 0100 0001 

  0x000001a5c5fabce0: ;   {oop(a 'java/lang/Class'{0x00000007157c33b8} = 'java/awt/event/InputEvent')}
  0x000001a5c5fabce0: 49b8 b833 | 7c15 0700 | 0000 488b 

  0x000001a5c5fabcec: ;   {optimized virtual_call}
  0x000001a5c5fabcec: d066 90e8 

  0x000001a5c5fabcf0: ; ImmutableOopMap {[168]=Oop }
                      ;*invokevirtual ensureInitialized {reexecute=0 rethrow=0 return_oop=0}
                      ; - sun.awt.AWTAccessor::ensureClassInitialized@4 (line 1464)
                      ; - sun.awt.AWTAccessor::getInputEventAccessor@10 (line 963)
                      ; - java.awt.AWTEvent::dispatched@7 (line 571)
                      ; - java.awt.EventQueue::dispatchEventImpl@45 (line 726)
  0x000001a5c5fabcf0: 6c2d 2007 

  0x000001a5c5fabcf4: ;   {post_call_nop}
  0x000001a5c5fabcf4: 0f1f 8400 | ec0c 0003 

  0x000001a5c5fabcfc: ;   {metadata(method data for {method} {0x000001a61f0f42f8} 'ensureClassInitialized' '(Ljava/lang/Class;)V' in 'sun/awt/AWTAccessor')}
  0x000001a5c5fabcfc: 48ba 206d | 6b1f a601 | 0000 ff82 | 5001 0000 | e97b 1000 | 004d 85c9 

  0x000001a5c5fabd14: ;   {metadata(method data for {method} {0x000001a61f1864b8} 'dispatchEventImpl' '(Ljava/awt/AWTEvent;Ljava/lang/Object;)V' in 'java/awt/EventQueue')}
  0x000001a5c5fabd14: 48bb 102c | 931f a601 | 0000 750c | 808b f902 | 0000 01e9 | b000 0000 | 418b 4108 | 49ba 0000 
  0x000001a5c5fabd34: 00de a501 | 0000 4903 | c248 3b83 | 0803 0000 | 750d 4883 | 8310 0300 | 0001 e960 | 0000 0048 
  0x000001a5c5fabd54: 3b83 1803 | 0000 750d | 4883 8320 | 0300 0001 | e94a 0000 | 0048 83bb | 0803 0000 | 0075 1748 
  0x000001a5c5fabd74: 8983 0803 | 0000 48c7 | 8310 0300 | 0001 0000 | 00e9 2900 | 0000 4883 | bb18 0300 | 0000 7517 
  0x000001a5c5fabd94: 4889 8318 | 0300 0048 | c783 2003 | 0000 0100 | 0000 e908 | 0000 0048 | 8383 0003 

  0x000001a5c5fabdb0: ;   {metadata('java/awt/MenuComponent')}
  0x000001a5c5fabdb0: 0000 0148 | b830 a395 | 1fa6 0100 | 0041 8b79 | 0849 ba00 | 0000 dea5 | 0100 0049 | 03fa 483b 
  0x000001a5c5fabdd0: c70f 8505 | 0000 00e9 | 0500 0000 | 4833 f6eb | 05be 0100 | 0000 85f6 

  0x000001a5c5fabde8: ;   {metadata(method data for {method} {0x000001a61f1864b8} 'dispatchEventImpl' '(Ljava/awt/AWTEvent;Ljava/lang/Object;)V' in 'java/awt/EventQueue')}
  0x000001a5c5fabde8: 48be 102c | 931f a601 | 0000 bf40 | 0300 0075 | 05bf 3003 | 0000 488b | 1c3e 488d | 5b01 4889 
  0x000001a5c5fabe08: 1c3e 0f85 | 280b 0000 

  0x000001a5c5fabe10: ;   {metadata(method data for {method} {0x000001a61f1864b8} 'dispatchEventImpl' '(Ljava/awt/AWTEvent;Ljava/lang/Object;)V' in 'java/awt/EventQueue')}
  0x000001a5c5fabe10: 4d85 c948 | bb10 2c93 | 1fa6 0100 | 0075 0c80 | 8bc1 0300 | 0001 e9dd | 0000 0041 | 8b41 0849 
  0x000001a5c5fabe30: ba00 0000 | dea5 0100 | 0049 03c2 | 483b 83d0 | 0300 0075 | 0d48 8383 | d803 0000 | 01e9 6000 
  0x000001a5c5fabe50: 0000 483b | 83e0 0300 | 0075 0d48 | 8383 e803 | 0000 01e9 | 4a00 0000 | 4883 bbd0 | 0300 0000 
  0x000001a5c5fabe70: 7517 4889 | 83d0 0300 | 0048 c783 | d803 0000 | 0100 0000 | e929 0000 | 0048 83bb | e003 0000 
  0x000001a5c5fabe90: 0075 1748 | 8983 e003 | 0000 48c7 | 83e8 0300 | 0001 0000 | 00e9 0800 | 0000 4883 | 83c8 0300 
  0x000001a5c5fabeb0: 0001 660f | 1f44 0000 

  0x000001a5c5fabeb8: ;   {no_reloc}
  0x000001a5c5fabeb8: e979 1100 | 0000 0000 | 0000 418b | 5908 49ba | 0000 00de | a501 0000 | 4903 da48 | 3bd8 0f84 
  0x000001a5c5fabed8: 3100 0000 | 8b78 1448 | 3b04 3b0f | 8424 0000 | 0083 ff20 | 0f85 1600 | 0000 5350 

  0x000001a5c5fabef4: ;   {runtime_call C1 Runtime slow_subtype_check_blob}
  0x000001a5c5fabef4: e847 502c | 075b 5885 | c00f 8405 | 0000 00e9 | 0500 0000 | 4833 f6eb | 05be 0100 | 0000 85f6 
  0x000001a5c5fabf14: ;   {metadata(method data for {method} {0x000001a61f1864b8} 'dispatchEventImpl' '(Ljava/awt/AWTEvent;Ljava/lang/Object;)V' in 'java/awt/EventQueue')}
  0x000001a5c5fabf14: 48be 102c | 931f a601 | 0000 bf08 | 0400 0075 | 05bf f803 | 0000 488b | 1c3e 488d | 5b01 4889 
  0x000001a5c5fabf34: 1c3e 0f85 | be08 0000 

  0x000001a5c5fabf3c: ;   {metadata(method data for {method} {0x000001a61f1864b8} 'dispatchEventImpl' '(Ljava/awt/AWTEvent;Ljava/lang/Object;)V' in 'java/awt/EventQueue')}
  0x000001a5c5fabf3c: 4d85 c948 | bb10 2c93 | 1fa6 0100 | 0075 0c80 | 8b89 0400 | 0001 e9b0 | 0000 0041 | 8b41 0849 
  0x000001a5c5fabf5c: ba00 0000 | dea5 0100 | 0049 03c2 | 483b 8398 | 0400 0075 | 0d48 8383 | a004 0000 | 01e9 6000 
  0x000001a5c5fabf7c: 0000 483b | 83a8 0400 | 0075 0d48 | 8383 b004 | 0000 01e9 | 4a00 0000 | 4883 bb98 | 0400 0000 
  0x000001a5c5fabf9c: 7517 4889 | 8398 0400 | 0048 c783 | a004 0000 | 0100 0000 | e929 0000 | 0048 83bb | a804 0000 
  0x000001a5c5fabfbc: 0075 1748 | 8983 a804 | 0000 48c7 | 83b0 0400 | 0001 0000 | 00e9 0800 | 0000 4883 | 8390 0400 
  0x000001a5c5fabfdc: ;   {metadata('sun/awt/AWTAutoShutdown')}
  0x000001a5c5fabfdc: 0001 48b8 | b0ae 06df | a501 0000 | 418b 7908 | 49ba 0000 | 00de a501 | 0000 4903 | fa48 3bc7 
  0x000001a5c5fabffc: 0f85 0500 | 0000 e905 | 0000 0048 | 33f6 eb05 | be01 0000 

  0x000001a5c5fac010: ;   {metadata(method data for {method} {0x000001a61f1864b8} 'dispatchEventImpl' '(Ljava/awt/AWTEvent;Ljava/lang/Object;)V' in 'java/awt/EventQueue')}
  0x000001a5c5fac010: 0085 f648 | be10 2c93 | 1fa6 0100 | 00bf c004 | 0000 7405 | bfd0 0400 | 0048 8b1c | 3e48 8d5b 
  0x000001a5c5fac030: 0148 891c | 3e0f 8448 | 0100 0048 

  0x000001a5c5fac03c: ;   {metadata(method data for {method} {0x000001a61f1864b8} 'dispatchEventImpl' '(Ljava/awt/AWTEvent;Ljava/lang/Object;)V' in 'java/awt/EventQueue')}
  0x000001a5c5fac03c: 8bf2 48bf | 102c 931f | a601 0000 | 4883 87e0 | 0400 0001 

  0x000001a5c5fac050: ;   {metadata(method data for {method} {0x000001a61f185af0} 'noEvents' '()Z' in 'java/awt/EventQueue')}
  0x000001a5c5fac050: 48be 601d | 831f a601 | 0000 8bbe | cc00 0000 | 83c7 0289 | becc 0000 | 0081 e7fe | ff1f 0085 
  0x000001a5c5fac070: ff0f 84c9 | 0f00 00be | 0000 0000 | e994 0000 | 000f 1f80 | 0000 0000 | 8b7a 2048 | c1e7 033b 
  0x000001a5c5fac090: 770c 0f83 | d30f 0000 | 4863 de8b | 7c9f 1048 | c1e7 038b | 7f0c 48c1 | e703 4885 

  0x000001a5c5fac0ac: ;   {metadata(method data for {method} {0x000001a61f185af0} 'noEvents' '()Z' in 'java/awt/EventQueue')}
  0x000001a5c5fac0ac: ff48 bf60 | 1d83 1fa6 | 0100 00bb | 4001 0000 | 7505 bb30 | 0100 0048 | 8b04 1f48 | 8d40 0148 
  0x000001a5c5fac0cc: 8904 1f0f | 8570 0000 

  0x000001a5c5fac0d4: ;   {metadata(method data for {method} {0x000001a61f185af0} 'noEvents' '()Z' in 'java/awt/EventQueue')}
  0x000001a5c5fac0d4: 00ff c648 | bf60 1d83 | 1fa6 0100 | 008b 9fd0 | 0000 0083 | c302 899f | d000 0000 | 81e3 fe3f 
  0x000001a5c5fac0f4: 0000 85db | 0f84 800f | 0000 4d8b 

  0x000001a5c5fac100: ; ImmutableOopMap {rdx=Oop }
                      ;*goto {reexecute=1 rethrow=0 return_oop=0}
                      ; - (reexecute) java.awt.EventQueue::noEvents@24 (line 520)
                      ; - java.awt.EventQueue::dispatchEventImpl@95 (line 732)
                      ;   {poll}
  0x000001a5c5fac100: 5730 4185 

  0x000001a5c5fac104: ;   {metadata(method data for {method} {0x000001a61f185af0} 'noEvents' '()Z' in 'java/awt/EventQueue')}
  0x000001a5c5fac104: 0248 bf60 | 1d83 1fa6 | 0100 00ff | 8750 0100 | 0083 fe04 

  0x000001a5c5fac118: ;   {metadata(method data for {method} {0x000001a61f185af0} 'noEvents' '()Z' in 'java/awt/EventQueue')}
  0x000001a5c5fac118: 48bf 601d | 831f a601 | 0000 bb10 | 0100 007d | 05bb 2001 | 0000 488b | 041f 488d | 4001 4889 
  0x000001a5c5fac138: 041f 0f8d | 0f00 0000 | e943 ffff | ffbe 0000 | 0000 e905 | 0000 00be | 0100 0000 

  0x000001a5c5fac154: ;   {metadata(method data for {method} {0x000001a61f1864b8} 'dispatchEventImpl' '(Ljava/awt/AWTEvent;Ljava/lang/Object;)V' in 'java/awt/EventQueue')}
  0x000001a5c5fac154: 85f6 48be | 102c 931f | a601 0000 | bf10 0500 | 0074 05bf | 2005 0000 | 488b 1c3e | 488d 5b01 
  0x000001a5c5fac174: 4889 1c3e | 0f84 8f0d | 0000 e9ec 

  0x000001a5c5fac180: ;   {metadata(method data for {method} {0x000001a61f1864b8} 'dispatchEventImpl' '(Ljava/awt/AWTEvent;Ljava/lang/Object;)V' in 'java/awt/EventQueue')}
  0x000001a5c5fac180: 0500 0048 | ba10 2c93 | 1fa6 0100 | 0048 8382 | 7805 0000 

  0x000001a5c5fac194: ;   {metadata(method data for {method} {0x000001a61f1848c0} 'getEventLog' '()Lsun/util/logging/PlatformLogger;' in 'java/awt/EventQueue')}
  0x000001a5c5fac194: 0148 ba40 | 3a93 1fa6 | 0100 008b | b2cc 0000 | 0083 c602 | 89b2 cc00 | 0000 81e6 | feff 1f00 
  0x000001a5c5fac1b4: 85f6 0f84 | e30e 0000 

  0x000001a5c5fac1bc: ;   {oop(a 'java/lang/Class'{0x00000007157ea460} = 'java/awt/EventQueue')}
  0x000001a5c5fac1bc: 48ba 60a4 | 7e15 0700 | 0000 8b52 | 7848 c1e2 | 0348 85d2 

  0x000001a5c5fac1d0: ;   {metadata(method data for {method} {0x000001a61f1848c0} 'getEventLog' '()Lsun/util/logging/PlatformLogger;' in 'java/awt/EventQueue')}
  0x000001a5c5fac1d0: 48ba 403a | 931f a601 | 0000 be10 | 0100 0075 | 05be 2001 | 0000 488b | 3c32 488d | 7f01 4889 
  0x000001a5c5fac1f0: 3c32 0f85 | 6800 0000 

  0x000001a5c5fac1f8: ;   {metadata(method data for {method} {0x000001a61f1848c0} 'getEventLog' '()Lsun/util/logging/PlatformLogger;' in 'java/awt/EventQueue')}
  0x000001a5c5fac1f8: 48ba 403a | 931f a601 | 0000 4883 | 8230 0100 

  0x000001a5c5fac208: ;   {oop("java.awt.event.EventQueue"{0x00000007155eba38})}
  0x000001a5c5fac208: 0001 48ba | 38ba 5e15 | 0700 0000 

  0x000001a5c5fac214: ;   {static_call}
  0x000001a5c5fac214: 6666 90e8 

  0x000001a5c5fac218: ; ImmutableOopMap {[168]=Oop }
                      ;*invokestatic getLogger {reexecute=0 rethrow=0 return_oop=0}
                      ; - java.awt.EventQueue::getEventLog@8 (line 181)
                      ; - java.awt.EventQueue::dispatchEventImpl@111 (line 736)
  0x000001a5c5fac218: 442e 2007 

  0x000001a5c5fac21c: ;   {post_call_nop}
  0x000001a5c5fac21c: 0f1f 8400 | 1412 0005 

  0x000001a5c5fac224: ;   {oop(a 'java/lang/Class'{0x00000007157ea460} = 'java/awt/EventQueue')}
  0x000001a5c5fac224: 49b8 60a4 | 7e15 0700 | 0000 410f | be57 4885 | d20f 8585 | 0e00 004c | 8bd0 49c1 | ea03 4589 
  0x000001a5c5fac244: 5078 f083 | 4424 c000 | 498b d048 | 33d0 48c1 | ea15 4883 | fa00 0f85 | 800e 0000 

  0x000001a5c5fac260: ;   {oop(a 'java/lang/Class'{0x00000007157ea460} = 'java/awt/EventQueue')}
  0x000001a5c5fac260: 49b8 60a4 | 7e15 0700 | 0000 458b | 4078 49c1 | e003 493b | 0049 8bd0 

  0x000001a5c5fac278: ;   {metadata(method data for {method} {0x000001a61f1864b8} 'dispatchEventImpl' '(Ljava/awt/AWTEvent;Ljava/lang/Object;)V' in 'java/awt/EventQueue')}
  0x000001a5c5fac278: 48be 102c | 931f a601 

  0x000001a5c5fac280: ;   {metadata('sun/util/logging/PlatformLogger')}
  0x000001a5c5fac280: 0000 49ba | c8de 04df | a501 0000 | 4c89 9690 | 0500 0048 | 8386 9805 

  0x000001a5c5fac298: ;   {metadata(method data for {method} {0x000001a61f0d9190} 'isLoggable' '(Lsun/util/logging/PlatformLogger$Level;)Z' in 'sun/util/logging/PlatformLogger')}
  0x000001a5c5fac298: 0000 0148 | baa8 fb3d | 1fa6 0100 | 008b b2cc | 0000 0083 | c602 89b2 | cc00 0000 | 81e6 feff 
  0x000001a5c5fac2b8: 1f00 85f6 | 0f84 3b0e 

  0x000001a5c5fac2c0: ;   {metadata(method data for {method} {0x000001a61f0d9190} 'isLoggable' '(Lsun/util/logging/PlatformLogger$Level;)Z' in 'sun/util/logging/PlatformLogger')}
  0x000001a5c5fac2c0: 0000 48ba | a8fb 3d1f | a601 0000 | ff82 1001 | 0000 418b | 500c 48c1 | e203 483b | 024c 8bc2 
  0x000001a5c5fac2e0: ;   {metadata(method data for {method} {0x000001a61f0d9190} 'isLoggable' '(Lsun/util/logging/PlatformLogger$Level;)Z' in 'sun/util/logging/PlatformLogger')}
  0x000001a5c5fac2e0: 48be a8fb | 3d1f a601 | 0000 458b | 4008 49ba | 0000 00de | a501 0000 | 4d03 c24c | 3b86 4801 
  0x000001a5c5fac300: 0000 750d | 4883 8650 | 0100 0001 | e960 0000 | 004c 3b86 | 5801 0000 | 750d 4883 | 8660 0100 
  0x000001a5c5fac320: 0001 e94a | 0000 0048 | 83be 4801 | 0000 0075 | 174c 8986 | 4801 0000 | 48c7 8650 | 0100 0001 
  0x000001a5c5fac340: 0000 00e9 | 2900 0000 | 4883 be58 | 0100 0000 | 7517 4c89 | 8658 0100 | 0048 c786 | 6001 0000 
  0x000001a5c5fac360: 0100 0000 | e908 0000 | 0048 8386 | 4001 0000 

  0x000001a5c5fac370: ;   {oop(a 'sun/util/logging/PlatformLogger$Level'{0x000000071577b600})}
  0x000001a5c5fac370: 0149 b800 | b677 1507 | 0000 0066 | 9048 b8b8 | 917a 23a6 

  0x000001a5c5fac384: ;   {virtual_call}
  0x000001a5c5fac384: 0100 00e8 

  0x000001a5c5fac388: ; ImmutableOopMap {[168]=Oop }
                      ;*invokeinterface isLoggable {reexecute=0 rethrow=0 return_oop=0}
                      ; - sun.util.logging.PlatformLogger::isLoggable@17 (line 340)
                      ; - java.awt.EventQueue::dispatchEventImpl@117 (line 736)
  0x000001a5c5fac388: d429 2007 

  0x000001a5c5fac38c: ;   {post_call_nop}
  0x000001a5c5fac38c: 0f1f 8400 | 8413 0006 | 83e0 0185 

  0x000001a5c5fac398: ;   {metadata(method data for {method} {0x000001a61f1864b8} 'dispatchEventImpl' '(Ljava/awt/AWTEvent;Ljava/lang/Object;)V' in 'java/awt/EventQueue')}
  0x000001a5c5fac398: c048 ba10 | 2c93 1fa6 | 0100 00be | b805 0000 | 7405 bec8 | 0500 0048 | 8b3c 3248 | 8d7f 0148 
  0x000001a5c5fac3b8: 893c 320f | 844c 0b00 

  0x000001a5c5fac3c0: ;   {metadata(method data for {method} {0x000001a61f1864b8} 'dispatchEventImpl' '(Ljava/awt/AWTEvent;Ljava/lang/Object;)V' in 'java/awt/EventQueue')}
  0x000001a5c5fac3c0: 0048 ba10 | 2c93 1fa6 | 0100 0048 | 8382 d805 

  0x000001a5c5fac3d0: ;   {metadata(method data for {method} {0x000001a61f1848c0} 'getEventLog' '()Lsun/util/logging/PlatformLogger;' in 'java/awt/EventQueue')}
  0x000001a5c5fac3d0: 0000 0148 | ba40 3a93 | 1fa6 0100 | 008b b2cc | 0000 0083 | c602 89b2 | cc00 0000 | 81e6 feff 
  0x000001a5c5fac3f0: 1f00 85f6 | 0f84 290d 

  0x000001a5c5fac3f8: ;   {oop(a 'java/lang/Class'{0x00000007157ea460} = 'java/awt/EventQueue')}
  0x000001a5c5fac3f8: 0000 48ba | 60a4 7e15 | 0700 0000 | 8b52 7848 | c1e2 0348 

  0x000001a5c5fac40c: ;   {metadata(method data for {method} {0x000001a61f1848c0} 'getEventLog' '()Lsun/util/logging/PlatformLogger;' in 'java/awt/EventQueue')}
  0x000001a5c5fac40c: 85d2 48ba | 403a 931f | a601 0000 | be10 0100 | 0075 05be | 2001 0000 | 488b 3c32 | 488d 7f01 
  0x000001a5c5fac42c: 4889 3c32 | 0f85 6a00 

  0x000001a5c5fac434: ;   {metadata(method data for {method} {0x000001a61f1848c0} 'getEventLog' '()Lsun/util/logging/PlatformLogger;' in 'java/awt/EventQueue')}
  0x000001a5c5fac434: 0000 48ba | 403a 931f | a601 0000 | 4883 8230 | 0100 0001 

  0x000001a5c5fac448: ;   {oop("java.awt.event.EventQueue"{0x00000007155eba38})}
  0x000001a5c5fac448: 48ba 38ba | 5e15 0700 | 0000 0f1f 

  0x000001a5c5fac454: ;   {static_call}
  0x000001a5c5fac454: 4400 00e8 

  0x000001a5c5fac458: ; ImmutableOopMap {[168]=Oop }
                      ;*invokestatic getLogger {reexecute=0 rethrow=0 return_oop=0}
                      ; - java.awt.EventQueue::getEventLog@8 (line 181)
                      ; - java.awt.EventQueue::dispatchEventImpl@123 (line 737)
  0x000001a5c5fac458: 042c 2007 

  0x000001a5c5fac45c: ;   {post_call_nop}
  0x000001a5c5fac45c: 0f1f 8400 | 5414 0007 

  0x000001a5c5fac464: ;   {oop(a 'java/lang/Class'{0x00000007157ea460} = 'java/awt/EventQueue')}
  0x000001a5c5fac464: 48ba 60a4 | 7e15 0700 | 0000 410f | be77 4885 | f60f 85c9 | 0c00 004c | 8bd0 49c1 | ea03 4489 
  0x000001a5c5fac484: 5278 f083 | 4424 c000 | 488b f248 | 33f0 48c1 | ee15 4883 | fe00 0f85 | c30c 0000 

  0x000001a5c5fac4a0: ;   {oop(a 'java/lang/Class'{0x00000007157ea460} = 'java/awt/EventQueue')}
  0x000001a5c5fac4a0: 48ba 60a4 | 7e15 0700 | 0000 8b72 | 7848 c1e6 | 0348 89b4 | 24b8 0000 | 004c 8b84 | 24a8 0000 
  0x000001a5c5fac4c0: ;   {metadata(method data for {method} {0x000001a61f1864b8} 'dispatchEventImpl' '(Ljava/awt/AWTEvent;Ljava/lang/Object;)V' in 'java/awt/EventQueue')}
  0x000001a5c5fac4c0: 0048 ba10 | 2c93 1fa6 | 0100 0048 | 8382 e805 

  0x000001a5c5fac4d0: ;   {metadata(method data for {method} {0x000001a5de47e890} 'valueOf' '(Ljava/lang/Object;)Ljava/lang/String;' in 'java/lang/String')}
  0x000001a5c5fac4d0: 0000 0148 | baf0 3320 | 1fa6 0100 | 008b bacc | 0000 0083 | c702 89ba | cc00 0000 | 81e7 feff 
  0x000001a5c5fac4f0: 1f00 85ff | 0f84 810c | 0000 4d85 

  0x000001a5c5fac4fc: ;   {metadata(method data for {method} {0x000001a5de47e890} 'valueOf' '(Ljava/lang/Object;)Ljava/lang/String;' in 'java/lang/String')}
  0x000001a5c5fac4fc: c048 baf0 | 3320 1fa6 | 0100 00bf | 1001 0000 | 7505 bf20 | 0100 0048 | 8b1c 3a48 | 8d5b 0148 
  0x000001a5c5fac51c: 891c 3a0f | 851f 0000 

  0x000001a5c5fac524: ;   {metadata(method data for {method} {0x000001a5de47e890} 'valueOf' '(Ljava/lang/Object;)Ljava/lang/String;' in 'java/lang/String')}
  0x000001a5c5fac524: 0048 baf0 | 3320 1fa6 | 0100 00ff | 8230 0100 

  0x000001a5c5fac534: ;   {oop("null"{0x00000007ffe1c918})}
  0x000001a5c5fac534: 0048 bf18 | c9e1 ff07 | 0000 00e9 | ab00 0000 

  0x000001a5c5fac544: ;   {metadata(method data for {method} {0x000001a5de47e890} 'valueOf' '(Ljava/lang/Object;)Ljava/lang/String;' in 'java/lang/String')}
  0x000001a5c5fac544: 498b d048 | bff0 3320 | 1fa6 0100 | 008b 5208 | 49ba 0000 | 00de a501 | 0000 4903 | d248 3b97 
  0x000001a5c5fac564: 5001 0000 | 750d 4883 | 8758 0100 | 0001 e960 | 0000 0048 | 3b97 6001 | 0000 750d | 4883 8768 
  0x000001a5c5fac584: 0100 0001 | e94a 0000 | 0048 83bf | 5001 0000 | 0075 1748 | 8997 5001 | 0000 48c7 | 8758 0100 
  0x000001a5c5fac5a4: 0001 0000 | 00e9 2900 | 0000 4883 | bf60 0100 | 0000 7517 | 4889 9760 | 0100 0048 | c787 6801 
  0x000001a5c5fac5c4: 0000 0100 | 0000 e908 | 0000 0048 | 8387 4801 | 0000 0149 | 8bd0 0f1f 

  0x000001a5c5fac5dc: ;   {optimized virtual_call}
  0x000001a5c5fac5dc: 4400 00e8 

  0x000001a5c5fac5e0: ; ImmutableOopMap {[184]=Oop }
                      ;*invokevirtual toString {reexecute=0 rethrow=0 return_oop=0}
                      ; - java.lang.String::valueOf@11 (line 4543)
                      ; - java.awt.EventQueue::dispatchEventImpl@127 (line 737)
  0x000001a5c5fac5e0: 7c24 2007 

  0x000001a5c5fac5e4: ;   {post_call_nop}
  0x000001a5c5fac5e4: 0f1f 8400 | dc15 0008 | 488b f890 

  0x000001a5c5fac5f0: ;   {no_reloc}
  0x000001a5c5fac5f0: e9b6 0b00 | 0090 9090 | 9090 488b 

  0x000001a5c5fac5fc: ;   {static_call}
  0x000001a5c5fac5fc: d766 90e8 

  0x000001a5c5fac600: ; ImmutableOopMap {[184]=Oop }
                      ;*invokedynamic {reexecute=0 rethrow=0 return_oop=0}
                      ; - java.awt.EventQueue::dispatchEventImpl@130 (line 737)
  0x000001a5c5fac600: 5c2a 2007 

  0x000001a5c5fac604: ;   {post_call_nop}
  0x000001a5c5fac604: 0f1f 8400 | fc15 0009 

  0x000001a5c5fac60c: ;   {metadata(method data for {method} {0x000001a61f1864b8} 'dispatchEventImpl' '(Ljava/awt/AWTEvent;Ljava/lang/Object;)V' in 'java/awt/EventQueue')}
  0x000001a5c5fac60c: 49b8 102c | 931f a601 | 0000 4d8d | 8018 0600 | 0048 85c0 | 750b 41f6 | 0001 7505 | f049 8308 
  0x000001a5c5fac62c: 0148 8bb4 | 24b8 0000 | 0048 3b06 

  0x000001a5c5fac638: ;   {metadata(method data for {method} {0x000001a61f1864b8} 'dispatchEventImpl' '(Ljava/awt/AWTEvent;Ljava/lang/Object;)V' in 'java/awt/EventQueue')}
  0x000001a5c5fac638: 4c8b c649 | b910 2c93 | 1fa6 0100 

  0x000001a5c5fac644: ;   {metadata('sun/util/logging/PlatformLogger')}
  0x000001a5c5fac644: 0049 bac8 | de04 dfa5 | 0100 004d | 8991 3006 | 0000 4983 | 8138 0600 

  0x000001a5c5fac65c: ;   {metadata(method data for {method} {0x000001a61f0d9de8} 'fine' '(Ljava/lang/String;)V' in 'sun/util/logging/PlatformLogger')}
  0x000001a5c5fac65c: 0001 49b8 | 8842 931f | a601 0000 | 458b 88cc | 0000 0041 | 83c1 0245 | 8988 cc00 | 0000 4181 
  0x000001a5c5fac67c: e1fe ff1f | 0045 85c9 | 0f84 300b | 0000 8b56 | 0c48 c1e2 | 0348 3b02 

  0x000001a5c5fac694: ;   {metadata(method data for {method} {0x000001a61f0d9de8} 'fine' '(Ljava/lang/String;)V' in 'sun/util/logging/PlatformLogger')}
  0x000001a5c5fac694: 4c8b c249 | b988 4293 | 1fa6 0100 | 0045 8b40 | 0849 ba00 | 0000 dea5 | 0100 004d | 03c2 4d3b 
  0x000001a5c5fac6b4: 8148 0100 | 0075 0d49 | 8381 5001 | 0000 01e9 | 6000 0000 | 4d3b 8158 | 0100 0075 | 0d49 8381 
  0x000001a5c5fac6d4: 6001 0000 | 01e9 4a00 | 0000 4983 | b948 0100 | 0000 7517 | 4d89 8148 | 0100 0049 | c781 5001 
  0x000001a5c5fac6f4: 0000 0100 | 0000 e929 | 0000 0049 | 83b9 5801 | 0000 0075 | 174d 8981 | 5801 0000 | 49c7 8160 
  0x000001a5c5fac714: 0100 0001 | 0000 00e9 | 0800 0000 | 4983 8140 | 0100 0001 

  0x000001a5c5fac728: ;   {oop(a 'sun/util/logging/PlatformLogger$Level'{0x000000071577b600})}
  0x000001a5c5fac728: 49b8 00b6 | 7715 0700 | 0000 4c8b 

  0x000001a5c5fac734: ;   {oop(nullptr)}
  0x000001a5c5fac734: c848 bf00 | 0000 0000 | 0000 0066 | 0f1f 4400 | 0048 b8e0 | 917a 23a6 

  0x000001a5c5fac74c: ;   {virtual_call}
  0x000001a5c5fac74c: 0100 00e8 

  0x000001a5c5fac750: ; ImmutableOopMap {}
                      ;*invokeinterface log {reexecute=0 rethrow=0 return_oop=0}
                      ; - sun.util.logging.PlatformLogger::fine@12 (line 449)
                      ; - java.awt.EventQueue::dispatchEventImpl@135 (line 737)
  0x000001a5c5fac750: 0c26 2007 

  0x000001a5c5fac754: ;   {post_call_nop}
  0x000001a5c5fac754: 0f1f 8400 | 4c17 000a | 4881 c4d0 | 0000 005d 

  0x000001a5c5fac764: ;   {poll_return}
  0x000001a5c5fac764: 493b 6728 | 0f87 720a | 0000 c344 | 8b42 3449 | c1e0 0349 | 3b00 498b 

  0x000001a5c5fac77c: ;   {metadata(method data for {method} {0x000001a61f1864b8} 'dispatchEventImpl' '(Ljava/awt/AWTEvent;Ljava/lang/Object;)V' in 'java/awt/EventQueue')}
  0x000001a5c5fac77c: d048 be10 | 2c93 1fa6 

  0x000001a5c5fac784: ;   {metadata('java/awt/EventDispatchThread')}
  0x000001a5c5fac784: 0100 0049 | bac0 920e | dfa5 0100 | 004c 8996 | 3805 0000 | 4883 8640 | 0500 0001 

  0x000001a5c5fac7a0: ;   {metadata(method data for {method} {0x000001a61f6a1100} 'stopDispatching' '()V' in 'java/awt/EventDispatchThread')}
  0x000001a5c5fac7a0: 48ba 0839 | 931f a601 | 0000 8bb2 | cc00 0000 | 83c6 0289 | b2cc 0000 | 0081 e6fe | ff1f 0085 
  0x000001a5c5fac7c0: f60f 8434 | 0a00 00ba | 0000 0000 | 4188 5070 | f083 4424 

  0x000001a5c5fac7d4: ;   {metadata(method data for {method} {0x000001a61f1864b8} 'dispatchEventImpl' '(Ljava/awt/AWTEvent;Ljava/lang/Object;)V' in 'java/awt/EventQueue')}
  0x000001a5c5fac7d4: c000 49b8 | 102c 931f | a601 0000 | 41ff 8060 | 0500 0048 | 81c4 d000 

  0x000001a5c5fac7ec: ;   {poll_return}
  0x000001a5c5fac7ec: 0000 5d49 | 3b67 280f | 8723 0a00 | 00c3 4c8b | 8424 a800 | 0000 4d85 

  0x000001a5c5fac804: ;   {metadata(method data for {method} {0x000001a61f1864b8} 'dispatchEventImpl' '(Ljava/awt/AWTEvent;Ljava/lang/Object;)V' in 'java/awt/EventQueue')}
  0x000001a5c5fac804: c948 bf10 | 2c93 1fa6 | 0100 0075 | 0c80 8f11 | 0400 0001 | e9db 0000 | 0041 8b59 | 0849 ba00 
  0x000001a5c5fac824: 0000 dea5 | 0100 0049 | 03da 483b | 9f20 0400 | 0075 0d48 | 8387 2804 | 0000 01e9 | 6000 0000 
  0x000001a5c5fac844: 483b 9f30 | 0400 0075 | 0d48 8387 | 3804 0000 | 01e9 4a00 | 0000 4883 | bf20 0400 | 0000 7517 
  0x000001a5c5fac864: 4889 9f20 | 0400 0048 | c787 2804 | 0000 0100 | 0000 e929 | 0000 0048 | 83bf 3004 | 0000 0075 
  0x000001a5c5fac884: 1748 899f | 3004 0000 | 48c7 8738 | 0400 0001 | 0000 00e9 | 0800 0000 | 4883 8718 | 0400 0001 
  0x000001a5c5fac8a4: 0f1f 4000 

  0x000001a5c5fac8a8: ;   {no_reloc}
  0x000001a5c5fac8a8: e994 0900 | 0000 0000 | 0000 418b | 7908 49ba | 0000 00de | a501 0000 | 4903 fa48 | 3bfb 0f84 
  0x000001a5c5fac8c8: 2c00 0000 | 8b73 1448 | 3b1c 370f | 841f 0000 | 0083 fe20 | 0f85 6909 | 0000 5753 

  0x000001a5c5fac8e4: ;   {runtime_call C1 Runtime slow_subtype_check_blob}
  0x000001a5c5fac8e4: e857 462c | 075f 5b85 | db0f 8458 | 0900 00e9 | 0000 0000 | 498b d166 | 9048 b808 | 927a 23a6 
  0x000001a5c5fac904: ;   {virtual_call}
  0x000001a5c5fac904: 0100 00e8 

  0x000001a5c5fac908: ; ImmutableOopMap {}
                      ;*invokevirtual dispatchEvent {reexecute=0 rethrow=0 return_oop=0}
                      ; - java.awt.EventQueue::dispatchEventImpl@81 (line 730)
  0x000001a5c5fac908: 5424 2007 

  0x000001a5c5fac90c: ;   {post_call_nop}
  0x000001a5c5fac90c: 0f1f 8400 | 0419 000b 

  0x000001a5c5fac914: ;   {metadata(method data for {method} {0x000001a61f1864b8} 'dispatchEventImpl' '(Ljava/awt/AWTEvent;Ljava/lang/Object;)V' in 'java/awt/EventQueue')}
  0x000001a5c5fac914: 49b8 102c | 931f a601 | 0000 41ff | 8078 0400 | 0048 81c4 | d000 0000 

  0x000001a5c5fac92c: ;   {poll_return}
  0x000001a5c5fac92c: 5d49 3b67 | 280f 871d | 0900 00c3 | 4c8b 8424 | a800 0000 

  0x000001a5c5fac940: ;   {metadata(method data for {method} {0x000001a61f1864b8} 'dispatchEventImpl' '(Ljava/awt/AWTEvent;Ljava/lang/Object;)V' in 'java/awt/EventQueue')}
  0x000001a5c5fac940: 4d85 c948 | bf10 2c93 | 1fa6 0100 | 0075 0c80 | 8f49 0300 | 0001 e9b0 | 0000 0041 | 8b59 0849 
  0x000001a5c5fac960: ba00 0000 | dea5 0100 | 0049 03da | 483b 9f58 | 0300 0075 | 0d48 8387 | 6003 0000 | 01e9 6000 
  0x000001a5c5fac980: 0000 483b | 9f68 0300 | 0075 0d48 | 8387 7003 | 0000 01e9 | 4a00 0000 | 4883 bf58 | 0300 0000 
  0x000001a5c5fac9a0: 7517 4889 | 9f58 0300 | 0048 c787 | 6003 0000 | 0100 0000 | e929 0000 | 0048 83bf | 6803 0000 
  0x000001a5c5fac9c0: 0075 1748 | 899f 6803 | 0000 48c7 | 8770 0300 | 0001 0000 | 00e9 0800 | 0000 4883 | 8750 0300 
  0x000001a5c5fac9e0: ;   {metadata('java/awt/MenuComponent')}
  0x000001a5c5fac9e0: 0001 48bb | 30a3 951f | a601 0000 | 418b 7108 | 49ba 0000 | 00de a501 | 0000 4903 | f248 3bde 
  0x000001a5c5faca00: 0f85 6408 | 0000 e900 | 0000 0049 | 8bd1 483b | 0248 8bf2 

  0x000001a5c5faca14: ;   {metadata(method data for {method} {0x000001a61f1864b8} 'dispatchEventImpl' '(Ljava/awt/AWTEvent;Ljava/lang/Object;)V' in 'java/awt/EventQueue')}
  0x000001a5c5faca14: 48bf 102c | 931f a601 | 0000 8b76 | 0849 ba00 | 0000 dea5 | 0100 0049 | 03f2 483b | b788 0300 
  0x000001a5c5faca34: 0075 0d48 | 8387 9003 | 0000 01e9 | 6000 0000 | 483b b798 | 0300 0075 | 0d48 8387 | a003 0000 
  0x000001a5c5faca54: 01e9 4a00 | 0000 4883 | bf88 0300 | 0000 7517 | 4889 b788 | 0300 0048 | c787 9003 | 0000 0100 
  0x000001a5c5faca74: 0000 e929 | 0000 0048 | 83bf 9803 | 0000 0075 | 1748 89b7 | 9803 0000 | 48c7 87a0 | 0300 0001 
  0x000001a5c5faca94: 0000 00e9 | 0800 0000 | 4883 8780 | 0300 0001 

  0x000001a5c5facaa4: ;   {optimized virtual_call}
  0x000001a5c5facaa4: 6666 90e8 

  0x000001a5c5facaa8: ; ImmutableOopMap {}
                      ;*invokevirtual dispatchEvent {reexecute=0 rethrow=0 return_oop=0}
                      ; - java.awt.EventQueue::dispatchEventImpl@63 (line 728)
  0x000001a5c5facaa8: b41f 2007 

  0x000001a5c5facaac: ;   {post_call_nop}
  0x000001a5c5facaac: 0f1f 8400 | a41a 000c 

  0x000001a5c5facab4: ;   {metadata(method data for {method} {0x000001a61f1864b8} 'dispatchEventImpl' '(Ljava/awt/AWTEvent;Ljava/lang/Object;)V' in 'java/awt/EventQueue')}
  0x000001a5c5facab4: 49b8 102c | 931f a601 | 0000 41ff | 80b0 0300 | 0048 81c4 | d000 0000 

  0x000001a5c5facacc: ;   {poll_return}
  0x000001a5c5facacc: 5d49 3b67 | 280f 87a1 | 0700 00c3 

  0x000001a5c5facad8: ;   {metadata(method data for {method} {0x000001a61f1864b8} 'dispatchEventImpl' '(Ljava/awt/AWTEvent;Ljava/lang/Object;)V' in 'java/awt/EventQueue')}
  0x000001a5c5facad8: 488b f248 | bf10 2c93 | 1fa6 0100 | 0048 8387 | 6001 0000 | 0149 8bf0 | 4c8b c60f 

  0x000001a5c5facaf4: ;   {optimized virtual_call}
  0x000001a5c5facaf4: 1f40 00e8 

  0x000001a5c5facaf8: ; ImmutableOopMap {[168]=Oop }
                      ;*invokevirtual setCurrentEventAndMostRecentTimeImpl {reexecute=0 rethrow=0 return_oop=0}
                      ; - java.awt.EventQueue::dispatchEventImpl@14 (line 722)
  0x000001a5c5facaf8: 44cf ffff 

  0x000001a5c5facafc: ;   {post_call_nop}
  0x000001a5c5facafc: 0f1f 8400 | f41a 000d | 4c8b 8424 | a800 0000 

  0x000001a5c5facb0c: ;   {metadata(method data for {method} {0x000001a61f1864b8} 'dispatchEventImpl' '(Ljava/awt/AWTEvent;Ljava/lang/Object;)V' in 'java/awt/EventQueue')}
  0x000001a5c5facb0c: 4d85 c048 | bf10 2c93 | 1fa6 0100 | 0075 0c80 | 8f89 0100 | 0001 e9cb | 0000 0041 | 8b58 0849 
  0x000001a5c5facb2c: ba00 0000 | dea5 0100 | 0049 03da | 483b 9f98 | 0100 0075 | 0d48 8387 | a001 0000 | 01e9 6000 
  0x000001a5c5facb4c: 0000 483b | 9fa8 0100 | 0075 0d48 | 8387 b001 | 0000 01e9 | 4a00 0000 | 4883 bf98 | 0100 0000 
  0x000001a5c5facb6c: 7517 4889 | 9f98 0100 | 0048 c787 | a001 0000 | 0100 0000 | e929 0000 | 0048 83bf | a801 0000 
  0x000001a5c5facb8c: 0075 1748 | 899f a801 | 0000 48c7 | 87b0 0100 | 0001 0000 | 00e9 0800 | 0000 4883 | 8790 0100 
  0x000001a5c5facbac: ;   {metadata('java/awt/ActiveEvent')}
  0x000001a5c5facbac: 0001 48bb | e0b7 691f | a601 0000 | 418b 7808 | 49ba 0000 | 00de a501 | 0000 4903 | fa48 3b5f 
  0x000001a5c5facbcc: 200f 841f | 0000 0048 | 3bfb 0f84 | 1600 0000 

  0x000001a5c5facbdc: ;   {runtime_call C1 Runtime slow_subtype_check_blob}
  0x000001a5c5facbdc: 5753 e85d | 432c 075f | 5f85 ff0f | 84a1 0600 | 00e9 0000 | 0000 498b | d048 3b02 

  0x000001a5c5facbf8: ;   {metadata(method data for {method} {0x000001a61f1864b8} 'dispatchEventImpl' '(Ljava/awt/AWTEvent;Ljava/lang/Object;)V' in 'java/awt/EventQueue')}
  0x000001a5c5facbf8: 488b f248 | bf10 2c93 | 1fa6 0100 | 008b 7608 | 49ba 0000 | 00de a501 | 0000 4903 | f248 3bb7 
  0x000001a5c5facc18: c801 0000 | 750d 4883 | 87d0 0100 | 0001 e960 | 0000 0048 | 3bb7 d801 | 0000 750d | 4883 87e0 
  0x000001a5c5facc38: 0100 0001 | e94a 0000 | 0048 83bf | c801 0000 | 0075 1748 | 89b7 c801 | 0000 48c7 | 87d0 0100 
  0x000001a5c5facc58: 0001 0000 | 00e9 2900 | 0000 4883 | bfd8 0100 | 0000 7517 | 4889 b7d8 | 0100 0048 | c787 e001 
  0x000001a5c5facc78: 0000 0100 | 0000 e908 | 0000 0048 | 8387 c001 | 0000 0166 | 9048 b830 | 927a 23a6 

  0x000001a5c5facc94: ;   {virtual_call}
  0x000001a5c5facc94: 0100 00e8 

  0x000001a5c5facc98: ; ImmutableOopMap {}
                      ;*invokeinterface dispatch {reexecute=0 rethrow=0 return_oop=0}
                      ; - java.awt.EventQueue::dispatchEventImpl@21 (line 723)
  0x000001a5c5facc98: 841b 2d07 

  0x000001a5c5facc9c: ;   {post_call_nop}
  0x000001a5c5facc9c: 0f1f 8400 | 941c 000e 

  0x000001a5c5facca4: ;   {metadata(method data for {method} {0x000001a61f1864b8} 'dispatchEventImpl' '(Ljava/awt/AWTEvent;Ljava/lang/Object;)V' in 'java/awt/EventQueue')}
  0x000001a5c5facca4: 48ba 102c | 931f a601 | 0000 ff82 | f001 0000 | 4881 c4d0 | 0000 005d 

  0x000001a5c5faccbc: ;   {poll_return}
  0x000001a5c5faccbc: 493b 6728 | 0f87 d605 | 0000 c390 

  0x000001a5c5faccc8: ;   {no_reloc}
  0x000001a5c5faccc8: e9f4 0500 | 0000 0000 | 0000 80ba | 4001 0000 | 040f 85f1 | 0500 0049 | 8b87 c801 | 0000 488d 
  0x000001a5c5facce8: 7828 493b | bfd8 0100 | 000f 87d9 | 0500 0049 | 89bf c801 | 0000 48c7 | 0001 0000 | 0048 8bca 
  0x000001a5c5facd08: 49ba 0000 | 00de a501 | 0000 492b | ca89 4808 | 4833 c989 | 480c 4833 | c948 8948 | 1048 8948 
  0x000001a5c5facd28: 1848 8948 | 2048 8bd0 

  0x000001a5c5facd30: ;   {metadata(method data for {method} {0x000001a5de44ab28} 'lookup' '()Ljava/lang/invoke/MethodHandles$Lookup;' in 'java/lang/invoke/MethodHandles')}
  0x000001a5c5facd30: 48be 206f | 6b1f a601 | 0000 4883 | 8640 0100 

  0x000001a5c5facd40: ;   {oop("no caller frame"{0x00000007ffe27160})}
  0x000001a5c5facd40: 0001 49b8 | 6071 e2ff | 0700 0000 | 488b d048 | 8984 24c0 

  0x000001a5c5facd54: ;   {optimized virtual_call}
  0x000001a5c5facd54: 0000 00e8 

  0x000001a5c5facd58: ; ImmutableOopMap {[168]=Oop [192]=Oop }
                      ;*invokespecial <init> {reexecute=0 rethrow=0 return_oop=0}
                      ; - java.lang.invoke.MethodHandles::lookup@14 (line 128)
                      ; - sun.awt.AWTAccessor::ensureClassInitialized@0 (line 1464)
                      ; - sun.awt.AWTAccessor::getInputEventAccessor@10 (line 963)
                      ; - java.awt.AWTEvent::dispatched@7 (line 571)
                      ; - java.awt.EventQueue::dispatchEventImpl@45 (line 726)
  0x000001a5c5facd58: 041d 2007 

  0x000001a5c5facd5c: ;   {post_call_nop}
  0x000001a5c5facd5c: 0f1f 8400 | 541d 000f | 488b 8424 | c000 0000 | e9d8 0500 | 0049 8b87 | 0805 0000 | 4d33 d24d 
  0x000001a5c5facd7c: 8997 0805 | 0000 4d33 | d24d 8997 | 1005 0000 

  0x000001a5c5facd8c: ;   {oop(a 'java/lang/Class'{0x0000000715782ee8} = 'sun/awt/AWTAccessor')}
  0x000001a5c5facd8c: 48be e82e | 7815 0700 | 0000 8bb6 | 8400 0000 | 48c1 e603 | 4c8b 8424 | a800 0000 

  0x000001a5c5facda8: ;   {metadata(method data for {method} {0x000001a61f0d7980} 'dispatched' '()V' in 'java/awt/AWTEvent')}
  0x000001a5c5facda8: 4d85 c048 | b840 3493 | 1fa6 0100 | 0075 0c80 | 8869 0100 | 0001 e9b1 | 0000 0041 | 8b50 0849 
  0x000001a5c5facdc8: ba00 0000 | dea5 0100 | 0049 03d2 | 483b 9078 | 0100 0075 | 0d48 8380 | 8001 0000 | 01e9 6000 
  0x000001a5c5facde8: 0000 483b | 9088 0100 | 0075 0d48 | 8380 9001 | 0000 01e9 | 4a00 0000 | 4883 b878 | 0100 0000 
  0x000001a5c5face08: 7517 4889 | 9078 0100 | 0048 c780 | 8001 0000 | 0100 0000 | e929 0000 | 0048 83b8 | 8801 0000 
  0x000001a5c5face28: 0075 1748 | 8990 8801 | 0000 48c7 | 8090 0100 | 0001 0000 | 00e9 0800 | 0000 4883 | 8070 0100 
  0x000001a5c5face48: ;   {metadata('java/awt/event/InputEvent')}
  0x000001a5c5face48: 0001 48ba | 48b2 101f | a601 0000 | 418b 4008 | 49ba 0000 | 00de a501 | 0000 4903 | c248 3b50 
  0x000001a5c5face68: 500f 856e | 0400 00e9 | 0000 0000 | 498b f848 | 85f6 0f84 | 2900 0000 

  0x000001a5c5face80: ;   {metadata('java/awt/event/InputEvent$1')}
  0x000001a5c5face80: 48b9 b023 | 05df a501 | 0000 8b56 | 0849 ba00 | 0000 dea5 | 0100 0049 | 03d2 483b | 4a38 0f85 
  0x000001a5c5facea0: 4204 0000 | e900 0000 | 0048 8bde 

  0x000001a5c5faceac: ; implicit exception: dispatches to 0x000001a5c5fad2eb
                      ;   {metadata(method data for {method} {0x000001a61f0d7980} 'dispatched' '()V' in 'java/awt/AWTEvent')}
  0x000001a5c5faceac: 483b 0648 | bb40 3493 | 1fa6 0100 

  0x000001a5c5faceb8: ;   {metadata('java/awt/event/InputEvent$1')}
  0x000001a5c5faceb8: 0049 bab0 | 2305 dfa5 | 0100 004c | 8993 a801 | 0000 4883 | 83b0 0100 

  0x000001a5c5faced0: ;   {metadata(method data for {method} {0x000001a61f10dcc0} 'setCanAccessSystemClipboard' '(Ljava/awt/event/InputEvent;Z)V' in 'java/awt/event/InputEvent$1')}
  0x000001a5c5faced0: 0001 48be | c837 931f | a601 0000 | 8b9e cc00 | 0000 83c3 | 0289 9ecc | 0000 0081 | e3fe ff1f 
  0x000001a5c5facef0: 0085 db0f | 84f7 0300 | 00c6 4728 

  0x000001a5c5facefc: ;   {metadata(method data for {method} {0x000001a61f1864b8} 'dispatchEventImpl' '(Ljava/awt/AWTEvent;Ljava/lang/Object;)V' in 'java/awt/EventQueue')}
  0x000001a5c5facefc: 0048 be10 | 2c93 1fa6 | 0100 00ff | 86e8 0200 | 0048 81c4 | d000 0000 

  0x000001a5c5facf14: ;   {poll_return}
  0x000001a5c5facf14: 5d49 3b67 | 280f 87f7 | 0300 00c3 

  0x000001a5c5facf20: ;   {metadata({method} {0x000001a61f1864b8} 'dispatchEventImpl' '(Ljava/awt/AWTEvent;Ljava/lang/Object;)V' in 'java/awt/EventQueue')}
  0x000001a5c5facf20: 49ba b064 | 181f a601 | 0000 4c89 | 5424 0848 | c704 24ff 

  0x000001a5c5facf34: ;   {runtime_call C1 Runtime counter_overflow_blob}
  0x000001a5c5facf34: ffff ffe8 

  0x000001a5c5facf38: ; ImmutableOopMap {rdx=Oop r8=Oop r9=Oop [168]=Oop }
                      ;*synchronization entry
                      ; - java.awt.EventQueue::dispatchEventImpl@-1 (line 719)
  0x000001a5c5facf38: 2467 2c07 | e9cd e4ff 

  0x000001a5c5facf40: ;   {runtime_call C1 Runtime throw_null_pointer_exception_blob}
  0x000001a5c5facf40: ffe8 9afb 

  0x000001a5c5facf44: ; ImmutableOopMap {rdx=Oop r8=Oop r9=Oop [168]=Oop }
                      ;*putfield isPosted {reexecute=1 rethrow=0 return_oop=0}
                      ; - (reexecute) java.awt.EventQueue::dispatchEventImpl@2 (line 719)
  0x000001a5c5facf44: 2a07 4c89 

  0x000001a5c5facf48: ;   {runtime_call C1 Runtime throw_class_cast_exception_blob}
  0x000001a5c5facf48: 0c24 e811 

  0x000001a5c5facf4c: ; ImmutableOopMap {r8=Oop [168]=Oop }
                      ;*checkcast {reexecute=0 rethrow=0 return_oop=0}
                      ; - java.awt.EventQueue::dispatchEventImpl@37 (line 725)
                      ;   {runtime_call C1 Runtime throw_null_pointer_exception_blob}
  0x000001a5c5facf4c: 3a2c 07e8 

  0x000001a5c5facf50: ; ImmutableOopMap {r8=Oop rdx=Oop [168]=Oop }
                      ;*invokevirtual dispatchEvent {reexecute=0 rethrow=0 return_oop=0}
                      ; - java.awt.EventQueue::dispatchEventImpl@41 (line 725)
  0x000001a5c5facf50: 8cfb 2a07 

  0x000001a5c5facf54: ;   {metadata({method} {0x000001a61f085860} 'dispatchEvent' '(Ljava/awt/AWTEvent;)V' in 'java/awt/Component')}
  0x000001a5c5facf54: 49ba 5858 | 081f a601 | 0000 4c89 | 5424 0848 | c704 24ff 

  0x000001a5c5facf68: ;   {runtime_call C1 Runtime counter_overflow_blob}
  0x000001a5c5facf68: ffff ffe8 

  0x000001a5c5facf6c: ; ImmutableOopMap {r8=Oop rdx=Oop [168]=Oop }
                      ;*synchronization entry
                      ; - java.awt.Component::dispatchEvent@-1 (line 4790)
                      ; - java.awt.EventQueue::dispatchEventImpl@41 (line 725)
  0x000001a5c5facf6c: f066 2c07 | e944 e8ff 

  0x000001a5c5facf74: ;   {metadata({method} {0x000001a61f0d7980} 'dispatched' '()V' in 'java/awt/AWTEvent')}
  0x000001a5c5facf74: ff49 ba78 | 790d 1fa6 | 0100 004c | 8954 2408 | 48c7 0424 | ffff ffff 

  0x000001a5c5facf8c: ;   {runtime_call C1 Runtime counter_overflow_blob}
  0x000001a5c5facf8c: e8cf 662c 

  0x000001a5c5facf90: ; ImmutableOopMap {[168]=Oop }
                      ;*synchronization entry
                      ; - java.awt.AWTEvent::dispatched@-1 (line 570)
                      ; - java.awt.EventQueue::dispatchEventImpl@45 (line 726)
  0x000001a5c5facf90: 07e9 96e9 

  0x000001a5c5facf94: ;   {metadata({method} {0x000001a61f0f1b38} 'getInputEventAccessor' '()Lsun/awt/AWTAccessor$InputEventAccessor;' in 'sun/awt/AWTAccessor')}
  0x000001a5c5facf94: ffff 49ba | 301b 0f1f | a601 0000 | 4c89 5424 | 0848 c704 | 24ff ffff 

  0x000001a5c5facfac: ;   {runtime_call C1 Runtime counter_overflow_blob}
  0x000001a5c5facfac: ffe8 ae66 

  0x000001a5c5facfb0: ; ImmutableOopMap {r8=Oop [168]=Oop }
                      ;*synchronization entry
                      ; - sun.awt.AWTAccessor::getInputEventAccessor@-1 (line 961)
                      ; - java.awt.AWTEvent::dispatched@7 (line 571)
                      ; - java.awt.EventQueue::dispatchEventImpl@45 (line 726)
  0x000001a5c5facfb0: 2c07 e9b6 

  0x000001a5c5facfb4: ;   {metadata({method} {0x000001a61f0f42f8} 'ensureClassInitialized' '(Ljava/lang/Class;)V' in 'sun/awt/AWTAccessor')}
  0x000001a5c5facfb4: eaff ff49 | baf0 420f | 1fa6 0100 | 004c 8954 | 2408 48c7 | 0424 ffff 

  0x000001a5c5facfcc: ;   {runtime_call C1 Runtime counter_overflow_blob}
  0x000001a5c5facfcc: ffff e88d 

  0x000001a5c5facfd0: ; ImmutableOopMap {[168]=Oop }
                      ;*synchronization entry
                      ; - sun.awt.AWTAccessor::ensureClassInitialized@-1 (line 1464)
                      ; - sun.awt.AWTAccessor::getInputEventAccessor@10 (line 963)
                      ; - java.awt.AWTEvent::dispatched@7 (line 571)
                      ; - java.awt.EventQueue::dispatchEventImpl@45 (line 726)
  0x000001a5c5facfd0: 662c 07e9 | 0deb ffff 

  0x000001a5c5facfd8: ;   {metadata({method} {0x000001a5de44ab28} 'lookup' '()Ljava/lang/invoke/MethodHandles$Lookup;' in 'java/lang/invoke/MethodHandles')}
  0x000001a5c5facfd8: 49ba 20ab | 44de a501 | 0000 4c89 | 5424 0848 | c704 24ff 

  0x000001a5c5facfec: ;   {runtime_call C1 Runtime counter_overflow_blob}
  0x000001a5c5facfec: ffff ffe8 

  0x000001a5c5facff0: ; ImmutableOopMap {[168]=Oop }
                      ;*synchronization entry
                      ; - java.lang.invoke.MethodHandles::lookup@-1 (line 126)
                      ; - sun.awt.AWTAccessor::ensureClassInitialized@0 (line 1464)
                      ; - sun.awt.AWTAccessor::getInputEventAccessor@10 (line 963)
                      ; - java.awt.AWTEvent::dispatched@7 (line 571)
                      ; - java.awt.EventQueue::dispatchEventImpl@45 (line 726)
  0x000001a5c5facff0: 6c66 2c07 | e925 ebff | ff48 8bd2 

  0x000001a5c5facffc: ;   {runtime_call C1 Runtime fast_new_instance_blob}
  0x000001a5c5facffc: e8df 032b 

  0x000001a5c5fad000: ; ImmutableOopMap {r8=Oop [168]=Oop }
                      ;*new {reexecute=0 rethrow=0 return_oop=0}
                      ; - java.lang.invoke.MethodHandles::lookup@18 (line 130)
                      ; - sun.awt.AWTAccessor::ensureClassInitialized@0 (line 1464)
                      ; - sun.awt.AWTAccessor::getInputEventAccessor@10 (line 963)
                      ; - java.awt.AWTEvent::dispatched@7 (line 571)
                      ; - java.awt.EventQueue::dispatchEventImpl@45 (line 726)
  0x000001a5c5fad000: 07e9 c0eb 

  0x000001a5c5fad004: ;   {metadata({method} {0x000001a5de44edd8} '<init>' '(Ljava/lang/Class;)V' in 'java/lang/invoke/MethodHandles$Lookup')}
  0x000001a5c5fad004: ffff 49ba | d0ed 44de | a501 0000 | 4c89 5424 | 0848 c704 | 24ff ffff 

  0x000001a5c5fad01c: ;   {runtime_call C1 Runtime counter_overflow_blob}
  0x000001a5c5fad01c: ffe8 3e66 

  0x000001a5c5fad020: ; ImmutableOopMap {r8=Oop rax=Oop [168]=Oop }
                      ;*synchronization entry
                      ; - java.lang.invoke.MethodHandles$Lookup::<init>@-1 (line 1534)
                      ; - java.lang.invoke.MethodHandles::lookup@23 (line 130)
                      ; - sun.awt.AWTAccessor::ensureClassInitialized@0 (line 1464)
                      ; - sun.awt.AWTAccessor::getInputEventAccessor@10 (line 963)
                      ; - java.awt.AWTEvent::dispatched@7 (line 571)
                      ; - java.awt.EventQueue::dispatchEventImpl@45 (line 726)
  0x000001a5c5fad020: 2c07 e9dd 

  0x000001a5c5fad024: ;   {metadata(nullptr)}
  0x000001a5c5fad024: ebff ff48 | b800 0000 | 0000 0000 | 00b8 000f 

  0x000001a5c5fad034: ;   {runtime_call C1 Runtime load_klass_patching_blob}
  0x000001a5c5fad034: 050a e8a5 

  0x000001a5c5fad038: ; ImmutableOopMap {rdx=Oop r9=Oop [168]=Oop }
                      ;*instanceof {reexecute=1 rethrow=0 return_oop=0}
                      ; - (reexecute) java.awt.EventQueue::dispatchEventImpl@70 (line 729)
  0x000001a5c5fad038: 552c 07e9 | 78ee ffff 

  0x000001a5c5fad040: ;   {metadata({method} {0x000001a61f185af0} 'noEvents' '()Z' in 'java/awt/EventQueue')}
  0x000001a5c5fad040: 49ba e85a | 181f a601 | 0000 4c89 | 5424 0848 | c704 24ff 

  0x000001a5c5fad054: ;   {runtime_call C1 Runtime counter_overflow_blob}
  0x000001a5c5fad054: ffff ffe8 

  0x000001a5c5fad058: ; ImmutableOopMap {rdx=Oop }
                      ;*synchronization entry
                      ; - java.awt.EventQueue::noEvents@-1 (line 520)
                      ; - java.awt.EventQueue::dispatchEventImpl@95 (line 732)
  0x000001a5c5fad058: 0466 2c07 | e916 f0ff 

  0x000001a5c5fad060: ;   {runtime_call C1 Runtime throw_null_pointer_exception_blob}
  0x000001a5c5fad060: ffe8 7afa 

  0x000001a5c5fad064: ; ImmutableOopMap {rdx=Oop rdi=Oop }
                      ;*aaload {reexecute=0 rethrow=0 return_oop=0}
                      ; - java.awt.EventQueue::noEvents@12 (line 521)
                      ; - java.awt.EventQueue::dispatchEventImpl@95 (line 732)
                      ;   {runtime_call C1 Runtime throw_null_pointer_exception_blob}
  0x000001a5c5fad064: 2a07 e875 

  0x000001a5c5fad068: ; ImmutableOopMap {rdx=Oop rdi=Oop }
                      ;*aaload {reexecute=0 rethrow=0 return_oop=0}
                      ; - java.awt.EventQueue::noEvents@12 (line 521)
                      ; - java.awt.EventQueue::dispatchEventImpl@95 (line 732)
  0x000001a5c5fad068: fa2a 0748 | 8934 2448 | 897c 2408 

  0x000001a5c5fad074: ;   {runtime_call C1 Runtime throw_range_check_failed_blob}
  0x000001a5c5fad074: e867 f12a 

  0x000001a5c5fad078: ; ImmutableOopMap {rdx=Oop rdi=Oop }
                      ;*aaload {reexecute=0 rethrow=0 return_oop=0}
                      ; - java.awt.EventQueue::noEvents@12 (line 521)
                      ; - java.awt.EventQueue::dispatchEventImpl@95 (line 732)
                      ;   {runtime_call C1 Runtime throw_null_pointer_exception_blob}
  0x000001a5c5fad078: 07e8 62fa 

  0x000001a5c5fad07c: ; ImmutableOopMap {rdx=Oop }
                      ;*getfield head {reexecute=1 rethrow=0 return_oop=0}
                      ; - (reexecute) java.awt.EventQueue::noEvents@13 (line 521)
                      ; - java.awt.EventQueue::dispatchEventImpl@95 (line 732)
                      ;   {metadata({method} {0x000001a61f185af0} 'noEvents' '()Z' in 'java/awt/EventQueue')}
  0x000001a5c5fad07c: 2a07 49ba | e85a 181f | a601 0000 | 4c89 5424 | 0848 c704 | 2418 0000 

  0x000001a5c5fad094: ;   {runtime_call C1 Runtime counter_overflow_blob}
  0x000001a5c5fad094: 00e8 c665 

  0x000001a5c5fad098: ; ImmutableOopMap {rdx=Oop }
                      ;*goto {reexecute=1 rethrow=0 return_oop=0}
                      ; - (reexecute) java.awt.EventQueue::noEvents@24 (line 520)
                      ; - java.awt.EventQueue::dispatchEventImpl@95 (line 732)
  0x000001a5c5fad098: 2c07 e95f 

  0x000001a5c5fad09c: ;   {metadata({method} {0x000001a61f1848c0} 'getEventLog' '()Lsun/util/logging/PlatformLogger;' in 'java/awt/EventQueue')}
  0x000001a5c5fad09c: f0ff ff49 | bab8 4818 | 1fa6 0100 | 004c 8954 | 2408 48c7 | 0424 ffff 

  0x000001a5c5fad0b4: ;   {runtime_call C1 Runtime counter_overflow_blob}
  0x000001a5c5fad0b4: ffff e8a5 

  0x000001a5c5fad0b8: ; ImmutableOopMap {[168]=Oop }
                      ;*synchronization entry
                      ; - java.awt.EventQueue::getEventLog@-1 (line 180)
                      ; - java.awt.EventQueue::dispatchEventImpl@111 (line 736)
  0x000001a5c5fad0b8: 652c 07e9 | fcf0 ffff | 418b 5078 | 48c1 e203 | 4883 fa00 | 0f84 69f1 | ffff 4889 

  0x000001a5c5fad0d4: ;   {runtime_call g1_pre_barrier_slow}
  0x000001a5c5fad0d4: 1424 e885 | 6b2c 07e9 | 5bf1 ffff | 4883 f800 | 0f84 76f1 | ffff 4c89 

  0x000001a5c5fad0ec: ;   {runtime_call g1_post_barrier_slow}
  0x000001a5c5fad0ec: 0424 e86d | 6e2c 07e9 | 68f1 ffff 

  0x000001a5c5fad0f8: ;   {runtime_call C1 Runtime throw_null_pointer_exception_blob}
  0x000001a5c5fad0f8: e8e3 f92a 

  0x000001a5c5fad0fc: ; ImmutableOopMap {r8=Oop [168]=Oop }
                      ;*invokevirtual isLoggable {reexecute=0 rethrow=0 return_oop=0}
                      ; - java.awt.EventQueue::dispatchEventImpl@117 (line 736)
                      ;   {metadata({method} {0x000001a61f0d9190} 'isLoggable' '(Lsun/util/logging/PlatformLogger$Level;)Z' in 'sun/util/logging/PlatformLogger')}
  0x000001a5c5fad0fc: 0749 ba88 | 910d 1fa6 | 0100 004c | 8954 2408 | 48c7 0424 | ffff ffff 

  0x000001a5c5fad114: ;   {runtime_call C1 Runtime counter_overflow_blob}
  0x000001a5c5fad114: e847 652c 

  0x000001a5c5fad118: ; ImmutableOopMap {r8=Oop [168]=Oop }
                      ;*synchronization entry
                      ; - sun.util.logging.PlatformLogger::isLoggable@-1 (line 336)
                      ; - java.awt.EventQueue::dispatchEventImpl@117 (line 736)
  0x000001a5c5fad118: 07e9 a4f1 

  0x000001a5c5fad11c: ;   {runtime_call C1 Runtime throw_null_pointer_exception_blob}
  0x000001a5c5fad11c: ffff e8bd 

  0x000001a5c5fad120: ; ImmutableOopMap {rdx=Oop [168]=Oop }
                      ;*invokeinterface isLoggable {reexecute=0 rethrow=0 return_oop=0}
                      ; - sun.util.logging.PlatformLogger::isLoggable@17 (line 340)
                      ; - java.awt.EventQueue::dispatchEventImpl@117 (line 736)
                      ;   {metadata({method} {0x000001a61f1848c0} 'getEventLog' '()Lsun/util/logging/PlatformLogger;' in 'java/awt/EventQueue')}
  0x000001a5c5fad120: f92a 0749 | bab8 4818 | 1fa6 0100 | 004c 8954 | 2408 48c7 | 0424 ffff 

  0x000001a5c5fad138: ;   {runtime_call C1 Runtime counter_overflow_blob}
  0x000001a5c5fad138: ffff e821 

  0x000001a5c5fad13c: ; ImmutableOopMap {[168]=Oop }
                      ;*synchronization entry
                      ; - java.awt.EventQueue::getEventLog@-1 (line 180)
                      ; - java.awt.EventQueue::dispatchEventImpl@123 (line 737)
  0x000001a5c5fad13c: 652c 07e9 | b6f2 ffff | 8b72 7848 | c1e6 0348 | 83fe 000f | 8426 f3ff | ff48 8934 

  0x000001a5c5fad158: ;   {runtime_call g1_pre_barrier_slow}
  0x000001a5c5fad158: 24e8 026b | 2c07 e918 | f3ff ff48 | 83f8 000f | 8433 f3ff | ff48 8914 

  0x000001a5c5fad170: ;   {runtime_call g1_post_barrier_slow}
  0x000001a5c5fad170: 24e8 ea6d | 2c07 e925 

  0x000001a5c5fad178: ;   {metadata({method} {0x000001a5de47e890} 'valueOf' '(Ljava/lang/Object;)Ljava/lang/String;' in 'java/lang/String')}
  0x000001a5c5fad178: f3ff ff49 | ba88 e847 | dea5 0100 | 004c 8954 | 2408 48c7 | 0424 ffff 

  0x000001a5c5fad190: ;   {runtime_call C1 Runtime counter_overflow_blob}
  0x000001a5c5fad190: ffff e8c9 

  0x000001a5c5fad194: ; ImmutableOopMap {rsi=Oop r8=Oop [168]=Oop [184]=Oop }
                      ;*synchronization entry
                      ; - java.lang.String::valueOf@-1 (line 4543)
                      ; - java.awt.EventQueue::dispatchEventImpl@127 (line 737)
  0x000001a5c5fad194: 642c 07e9 | 5ef3 ffff | 49b8 0000 | 0000 0000 | 0000 b800 

  0x000001a5c5fad1a8: ;   {runtime_call C1 Runtime load_appendix_patching_blob}
  0x000001a5c5fad1a8: 0f05 0ae8 

  0x000001a5c5fad1ac: ; ImmutableOopMap {rdi=Oop [184]=Oop }
                      ;*invokedynamic {reexecute=1 rethrow=0 return_oop=0}
                      ; - (reexecute) java.awt.EventQueue::dispatchEventImpl@130 (line 737)
  0x000001a5c5fad1ac: 305d 2c07 | e93b f4ff 

  0x000001a5c5fad1b4: ;   {runtime_call C1 Runtime throw_null_pointer_exception_blob}
  0x000001a5c5fad1b4: ffe8 26f9 

  0x000001a5c5fad1b8: ; ImmutableOopMap {rax=Oop rsi=Oop [184]=Oop }
                      ;*invokevirtual fine {reexecute=0 rethrow=0 return_oop=0}
                      ; - java.awt.EventQueue::dispatchEventImpl@135 (line 737)
                      ;   {metadata({method} {0x000001a61f0d9de8} 'fine' '(Ljava/lang/String;)V' in 'sun/util/logging/PlatformLogger')}
  0x000001a5c5fad1b8: 2a07 49ba | e09d 0d1f | a601 0000 | 4c89 5424 | 0848 c704 | 24ff ffff 

  0x000001a5c5fad1d0: ;   {runtime_call C1 Runtime counter_overflow_blob}
  0x000001a5c5fad1d0: ffe8 8a64 

  0x000001a5c5fad1d4: ; ImmutableOopMap {rax=Oop rsi=Oop [184]=Oop }
                      ;*synchronization entry
                      ; - sun.util.logging.PlatformLogger::fine@-1 (line 449)
                      ; - java.awt.EventQueue::dispatchEventImpl@135 (line 737)
  0x000001a5c5fad1d4: 2c07 e9af 

  0x000001a5c5fad1d8: ;   {runtime_call C1 Runtime throw_null_pointer_exception_blob}
  0x000001a5c5fad1d8: f4ff ffe8 

  0x000001a5c5fad1dc: ; ImmutableOopMap {rax=Oop rdx=Oop }
                      ;*invokeinterface log {reexecute=0 rethrow=0 return_oop=0}
                      ; - sun.util.logging.PlatformLogger::fine@12 (line 449)
                      ; - java.awt.EventQueue::dispatchEventImpl@135 (line 737)
  0x000001a5c5fad1dc: 00f9 2a07 

  0x000001a5c5fad1e0: ;   {internal_word}
  0x000001a5c5fad1e0: 49ba 64c7 | fac5 a501 | 0000 4d89 | 9760 0400 

  0x000001a5c5fad1f0: ;   {runtime_call SafepointBlob}
  0x000001a5c5fad1f0: 00e9 ea8a 

  0x000001a5c5fad1f4: ;   {runtime_call C1 Runtime throw_null_pointer_exception_blob}
  0x000001a5c5fad1f4: 2007 e8e5 

  0x000001a5c5fad1f8: ; ImmutableOopMap {r8=Oop }
                      ;*invokevirtual stopDispatching {reexecute=0 rethrow=0 return_oop=0}
                      ; - java.awt.EventQueue::dispatchEventImpl@105 (line 733)
                      ;   {metadata({method} {0x000001a61f6a1100} 'stopDispatching' '()V' in 'java/awt/EventDispatchThread')}
  0x000001a5c5fad1f8: f82a 0749 | baf8 106a | 1fa6 0100 | 004c 8954 | 2408 48c7 | 0424 ffff 

  0x000001a5c5fad210: ;   {runtime_call C1 Runtime counter_overflow_blob}
  0x000001a5c5fad210: ffff e849 

  0x000001a5c5fad214: ; ImmutableOopMap {r8=Oop }
                      ;*synchronization entry
                      ; - java.awt.EventDispatchThread::stopDispatching@-1 (line 85)
                      ; - java.awt.EventQueue::dispatchEventImpl@105 (line 733)
  0x000001a5c5fad214: 642c 07e9 | abf5 ffff 

  0x000001a5c5fad21c: ;   {internal_word}
  0x000001a5c5fad21c: 49ba efc7 | fac5 a501 | 0000 4d89 | 9760 0400 

  0x000001a5c5fad22c: ;   {runtime_call SafepointBlob}
  0x000001a5c5fad22c: 00e9 ae8a 

  0x000001a5c5fad230: ;   {metadata(nullptr)}
  0x000001a5c5fad230: 2007 48bb | 0000 0000 | 0000 0000 | b800 0f05 

  0x000001a5c5fad240: ;   {runtime_call C1 Runtime load_klass_patching_blob}
  0x000001a5c5fad240: 0ae8 9a53 

  0x000001a5c5fad244: ; ImmutableOopMap {r9=Oop r8=Oop [168]=Oop }
                      ;*checkcast {reexecute=1 rethrow=0 return_oop=0}
                      ; - (reexecute) java.awt.EventQueue::dispatchEventImpl@77 (line 730)
  0x000001a5c5fad244: 2c07 e95d | f6ff ff4c 

  0x000001a5c5fad24c: ;   {runtime_call C1 Runtime throw_class_cast_exception_blob}
  0x000001a5c5fad24c: 890c 24e8 

  0x000001a5c5fad250: ; ImmutableOopMap {r9=Oop r8=Oop [168]=Oop }
                      ;*checkcast {reexecute=0 rethrow=0 return_oop=0}
                      ; - java.awt.EventQueue::dispatchEventImpl@77 (line 730)
  0x000001a5c5fad250: 0c37 2c07 

  0x000001a5c5fad254: ;   {internal_word}
  0x000001a5c5fad254: 49ba 2dc9 | fac5 a501 | 0000 4d89 | 9760 0400 

  0x000001a5c5fad264: ;   {runtime_call SafepointBlob}
  0x000001a5c5fad264: 00e9 768a | 2007 4c89 

  0x000001a5c5fad26c: ;   {runtime_call C1 Runtime throw_class_cast_exception_blob}
  0x000001a5c5fad26c: 0c24 e8ed 

  0x000001a5c5fad270: ; ImmutableOopMap {r8=Oop [168]=Oop }
                      ;*checkcast {reexecute=0 rethrow=0 return_oop=0}
                      ; - java.awt.EventQueue::dispatchEventImpl@59 (line 728)
                      ;   {runtime_call C1 Runtime throw_null_pointer_exception_blob}
  0x000001a5c5fad270: 362c 07e8 

  0x000001a5c5fad274: ; ImmutableOopMap {r8=Oop rdx=Oop [168]=Oop }
                      ;*invokevirtual dispatchEvent {reexecute=0 rethrow=0 return_oop=0}
                      ; - java.awt.EventQueue::dispatchEventImpl@63 (line 728)
  0x000001a5c5fad274: 68f8 2a07 

  0x000001a5c5fad278: ;   {internal_word}
  0x000001a5c5fad278: 49ba cdca | fac5 a501 | 0000 4d89 | 9760 0400 

  0x000001a5c5fad288: ;   {runtime_call SafepointBlob}
  0x000001a5c5fad288: 00e9 528a | 2007 4c89 

  0x000001a5c5fad290: ;   {runtime_call C1 Runtime throw_class_cast_exception_blob}
  0x000001a5c5fad290: 0424 e8c9 

  0x000001a5c5fad294: ; ImmutableOopMap {}
                      ;*checkcast {reexecute=0 rethrow=0 return_oop=0}
                      ; - java.awt.EventQueue::dispatchEventImpl@18 (line 723)
                      ;   {runtime_call C1 Runtime throw_null_pointer_exception_blob}
  0x000001a5c5fad294: 362c 07e8 

  0x000001a5c5fad298: ; ImmutableOopMap {rdx=Oop }
                      ;*invokeinterface dispatch {reexecute=0 rethrow=0 return_oop=0}
                      ; - java.awt.EventQueue::dispatchEventImpl@21 (line 723)
  0x000001a5c5fad298: 44f8 2a07 

  0x000001a5c5fad29c: ;   {internal_word}
  0x000001a5c5fad29c: 49ba bccc | fac5 a501 | 0000 4d89 | 9760 0400 

  0x000001a5c5fad2ac: ;   {runtime_call SafepointBlob}
  0x000001a5c5fad2ac: 00e9 2e8a 

  0x000001a5c5fad2b0: ;   {metadata(nullptr)}
  0x000001a5c5fad2b0: 2007 48ba | 0000 0000 | 0000 0000 | b800 0f05 

  0x000001a5c5fad2c0: ;   {runtime_call C1 Runtime load_klass_patching_blob}
  0x000001a5c5fad2c0: 0ae8 1a53 

  0x000001a5c5fad2c4: ; ImmutableOopMap {[168]=Oop }
                      ;*new {reexecute=1 rethrow=0 return_oop=0}
                      ; - (reexecute) java.lang.invoke.MethodHandles::lookup@8 (line 128)
                      ; - sun.awt.AWTAccessor::ensureClassInitialized@0 (line 1464)
                      ; - sun.awt.AWTAccessor::getInputEventAccessor@10 (line 963)
                      ; - java.awt.AWTEvent::dispatched@7 (line 571)
                      ; - java.awt.EventQueue::dispatchEventImpl@45 (line 726)
  0x000001a5c5fad2c4: 2c07 e9fd 

  0x000001a5c5fad2c8: ;   {runtime_call C1 Runtime throw_null_pointer_exception_blob}
  0x000001a5c5fad2c8: f9ff ffe8 

  0x000001a5c5fad2cc: ; ImmutableOopMap {[168]=Oop }
                      ;*new {reexecute=0 rethrow=0 return_oop=0}
                      ; - java.lang.invoke.MethodHandles::lookup@8 (line 128)
                      ; - sun.awt.AWTAccessor::ensureClassInitialized@0 (line 1464)
                      ; - sun.awt.AWTAccessor::getInputEventAccessor@10 (line 963)
                      ; - java.awt.AWTEvent::dispatched@7 (line 571)
                      ; - java.awt.EventQueue::dispatchEventImpl@45 (line 726)
  0x000001a5c5fad2cc: 10f8 2a07 

  0x000001a5c5fad2d0: ;   {runtime_call C1 Runtime fast_new_instance_init_check_blob}
  0x000001a5c5fad2d0: 488b d2e8 

  0x000001a5c5fad2d4: ; ImmutableOopMap {[168]=Oop }
                      ;*new {reexecute=0 rethrow=0 return_oop=0}
                      ; - java.lang.invoke.MethodHandles::lookup@8 (line 128)
                      ; - sun.awt.AWTAccessor::ensureClassInitialized@0 (line 1464)
                      ; - sun.awt.AWTAccessor::getInputEventAccessor@10 (line 963)
                      ; - java.awt.AWTEvent::dispatched@7 (line 571)
                      ; - java.awt.EventQueue::dispatchEventImpl@45 (line 726)
  0x000001a5c5fad2d4: 0804 2b07 | e950 faff | ff4c 8904 

  0x000001a5c5fad2e0: ;   {runtime_call C1 Runtime throw_class_cast_exception_blob}
  0x000001a5c5fad2e0: 24e8 7a36 

  0x000001a5c5fad2e4: ; ImmutableOopMap {rsi=Oop }
                      ;*checkcast {reexecute=0 rethrow=0 return_oop=0}
                      ; - java.awt.AWTEvent::dispatched@11 (line 571)
                      ; - java.awt.EventQueue::dispatchEventImpl@45 (line 726)
                      ;   {runtime_call C1 Runtime throw_incompatible_class_change_error_blob}
  0x000001a5c5fad2e4: 2c07 e875 

  0x000001a5c5fad2e8: ; ImmutableOopMap {rsi=Oop rdi=Oop }
                      ;*invokeinterface setCanAccessSystemClipboard {reexecute=0 rethrow=0 return_oop=0}
                      ; - java.awt.AWTEvent::dispatched@15 (line 572)
                      ; - java.awt.EventQueue::dispatchEventImpl@45 (line 726)
                      ;   {runtime_call C1 Runtime throw_null_pointer_exception_blob}
  0x000001a5c5fad2e8: 392c 07e8 

  0x000001a5c5fad2ec: ; ImmutableOopMap {rsi=Oop rdi=Oop }
                      ;*invokeinterface setCanAccessSystemClipboard {reexecute=0 rethrow=0 return_oop=0}
                      ; - java.awt.AWTEvent::dispatched@15 (line 572)
                      ; - java.awt.EventQueue::dispatchEventImpl@45 (line 726)
  0x000001a5c5fad2ec: f0f7 2a07 

  0x000001a5c5fad2f0: ;   {metadata({method} {0x000001a61f10dcc0} 'setCanAccessSystemClipboard' '(Ljava/awt/event/InputEvent;Z)V' in 'java/awt/event/InputEvent$1')}
  0x000001a5c5fad2f0: 49ba b8dc | 101f a601 | 0000 4c89 | 5424 0848 | c704 24ff 

  0x000001a5c5fad304: ;   {runtime_call C1 Runtime counter_overflow_blob}
  0x000001a5c5fad304: ffff ffe8 

  0x000001a5c5fad308: ; ImmutableOopMap {rdi=Oop }
                      ;*synchronization entry
                      ; - java.awt.event.InputEvent$1::setCanAccessSystemClipboard@-1 (line 338)
                      ; - java.awt.AWTEvent::dispatched@15 (line 572)
                      ; - java.awt.EventQueue::dispatchEventImpl@45 (line 726)
  0x000001a5c5fad308: 5463 2c07 | e9e8 fbff 

  0x000001a5c5fad310: ;   {runtime_call C1 Runtime throw_null_pointer_exception_blob}
  0x000001a5c5fad310: ffe8 caf7 

  0x000001a5c5fad314: ; ImmutableOopMap {}
                      ;*putfield canAccessSystemClipboard {reexecute=1 rethrow=0 return_oop=0}
                      ; - (reexecute) java.awt.event.InputEvent$1::setCanAccessSystemClipboard@2 (line 338)
                      ; - java.awt.AWTEvent::dispatched@15 (line 572)
                      ; - java.awt.EventQueue::dispatchEventImpl@45 (line 726)
                      ;   {internal_word}
  0x000001a5c5fad314: 2a07 49ba | 15cf fac5 | a501 0000 | 4d89 9760 

  0x000001a5c5fad324: ;   {runtime_call SafepointBlob}
  0x000001a5c5fad324: 0400 00e9 | b489 2007 | 498b 8708 | 0500 0049 | c787 0805 | 0000 0000 | 0000 49c7 | 8710 0500 
  0x000001a5c5fad344: 0000 0000 | 0048 81c4 | d000 0000 

  0x000001a5c5fad350: ;   {runtime_call C1 Runtime unwind_exception_blob}
  0x000001a5c5fad350: 5de9 8ae8 | 2a07 f4f4 
[Stub Code]
  0x000001a5c5fad358: ;   {no_reloc}
  0x000001a5c5fad358: 0f1f 4400 

  0x000001a5c5fad35c: ;   {static_stub}
  0x000001a5c5fad35c: 0048 bb00 | 0000 0000 

  0x000001a5c5fad364: ;   {runtime_call nmethod}
  0x000001a5c5fad364: 0000 00e9 | fbff ffff 

  0x000001a5c5fad36c: ;   {static_stub}
  0x000001a5c5fad36c: 9048 bb00 | 0000 0000 

  0x000001a5c5fad374: ;   {runtime_call nmethod}
  0x000001a5c5fad374: 0000 00e9 | fbff ffff 

  0x000001a5c5fad37c: ;   {static_stub}
  0x000001a5c5fad37c: 9048 bb00 | 0000 0000 

  0x000001a5c5fad384: ;   {runtime_call nmethod}
  0x000001a5c5fad384: 0000 00e9 | fbff ffff 

  0x000001a5c5fad38c: ;   {static_stub}
  0x000001a5c5fad38c: 9048 bb00 | 0000 0000 

  0x000001a5c5fad394: ;   {runtime_call nmethod}
  0x000001a5c5fad394: 0000 00e9 | fbff ffff 

  0x000001a5c5fad39c: ;   {static_stub}
  0x000001a5c5fad39c: 9048 bb00 | 0000 0000 

  0x000001a5c5fad3a4: ;   {runtime_call nmethod}
  0x000001a5c5fad3a4: 0000 00e9 | fbff ffff 

  0x000001a5c5fad3ac: ;   {static_stub}
  0x000001a5c5fad3ac: 9048 bb00 | 0000 0000 

  0x000001a5c5fad3b4: ;   {runtime_call nmethod}
  0x000001a5c5fad3b4: 0000 00e9 | fbff ffff 

  0x000001a5c5fad3bc: ;   {static_stub}
  0x000001a5c5fad3bc: 9048 bb00 | 0000 0000 

  0x000001a5c5fad3c4: ;   {runtime_call nmethod}
  0x000001a5c5fad3c4: 0000 00e9 | fbff ffff 

  0x000001a5c5fad3cc: ;   {static_stub}
  0x000001a5c5fad3cc: 9048 bb00 | 0000 0000 

  0x000001a5c5fad3d4: ;   {runtime_call nmethod}
  0x000001a5c5fad3d4: 0000 00e9 | fbff ffff 

  0x000001a5c5fad3dc: ;   {static_stub}
  0x000001a5c5fad3dc: 9048 bb00 | 0000 0000 

  0x000001a5c5fad3e4: ;   {runtime_call nmethod}
  0x000001a5c5fad3e4: 0000 00e9 | fbff ffff 

  0x000001a5c5fad3ec: ;   {static_stub}
  0x000001a5c5fad3ec: 48bb 0000 | 0000 0000 

  0x000001a5c5fad3f4: ;   {runtime_call nmethod}
  0x000001a5c5fad3f4: 0000 e9fb 

  0x000001a5c5fad3f8: ;   {static_stub}
  0x000001a5c5fad3f8: ffff ff48 | bb00 0000 | 0000 0000 

  0x000001a5c5fad404: ;   {runtime_call nmethod}
  0x000001a5c5fad404: 00e9 fbff 

  0x000001a5c5fad408: ;   {static_stub}
  0x000001a5c5fad408: ffff 48bb | 0000 0000 | 0000 0000 

  0x000001a5c5fad414: ;   {runtime_call nmethod}
  0x000001a5c5fad414: e9fb ffff 

  0x000001a5c5fad418: ;   {static_stub}
  0x000001a5c5fad418: ff48 bb00 | 0000 0000 

  0x000001a5c5fad420: ;   {runtime_call nmethod}
  0x000001a5c5fad420: 0000 00e9 | fbff ffff 

  0x000001a5c5fad428: ;   {static_stub}
  0x000001a5c5fad428: 48bb 0000 | 0000 0000 

  0x000001a5c5fad430: ;   {runtime_call nmethod}
  0x000001a5c5fad430: 0000 e9fb 

  0x000001a5c5fad434: ;   {runtime_call C1 Runtime handle_exception_from_callee_blob}
  0x000001a5c5fad434: ffff ffe8 | 242f 2c07 

  0x000001a5c5fad43c: ;   {external_word}
  0x000001a5c5fad43c: 48b9 e034 | 8ede f87f | 0000 4883 

  0x000001a5c5fad448: ;   {runtime_call}
  0x000001a5c5fad448: e4f0 48b8 | 1090 4bde | f87f 0000 

  0x000001a5c5fad454: ;   {section_word}
  0x000001a5c5fad454: ffd0 f449 | ba57 d4fa | c5a5 0100 

  0x000001a5c5fad460: ;   {runtime_call DeoptimizationBlob}
  0x000001a5c5fad460: 0041 52e9 | 187e 2007 
[/MachCode]


---------------  P R O C E S S  ---------------

Threads class SMR info:
_java_thread_list=0x000001a6237b3160, length=16, elements={
0x000001a5dc8a0340, 0x000001a5dc8a0c80, 0x000001a5dc8a59f0, 0x000001a5dd490090,
0x000001a5dd490fe0, 0x000001a5dc8b1500, 0x000001a5dc8b2d60, 0x000001a5dc8ba5f0,
0x000001a5dd5c39f0, 0x000001a5dd6abbb0, 0x000001a6233864a0, 0x000001a623391ec0,
0x000001a5dd7346b0, 0x000001a6235e5120, 0x000001a5baf00fd0, 0x000001a6240f51f0
}

Java Threads: ( => current thread )
  0x000001a5dc8a0340 JavaThread "Reference Handler"          daemon [_thread_blocked, id=7572, stack(0x00000099b8e00000,0x00000099b8f00000) (1024K)]
  0x000001a5dc8a0c80 JavaThread "Finalizer"                  daemon [_thread_blocked, id=7968, stack(0x00000099b8f00000,0x00000099b9000000) (1024K)]
  0x000001a5dc8a59f0 JavaThread "Signal Dispatcher"          daemon [_thread_blocked, id=2656, stack(0x00000099b9000000,0x00000099b9100000) (1024K)]
  0x000001a5dd490090 JavaThread "Attach Listener"            daemon [_thread_blocked, id=36380, stack(0x00000099b9100000,0x00000099b9200000) (1024K)]
  0x000001a5dd490fe0 JavaThread "Service Thread"             daemon [_thread_blocked, id=11568, stack(0x00000099b9200000,0x00000099b9300000) (1024K)]
  0x000001a5dc8b1500 JavaThread "Monitor Deflation Thread"   daemon [_thread_blocked, id=34196, stack(0x00000099b9300000,0x00000099b9400000) (1024K)]
  0x000001a5dc8b2d60 JavaThread "C2 CompilerThread0"         daemon [_thread_blocked, id=26984, stack(0x00000099b9400000,0x00000099b9500000) (1024K)]
  0x000001a5dc8ba5f0 JavaThread "C1 CompilerThread0"         daemon [_thread_blocked, id=31296, stack(0x00000099b9500000,0x00000099b9600000) (1024K)]
  0x000001a5dd5c39f0 JavaThread "Common-Cleaner"             daemon [_thread_blocked, id=36248, stack(0x00000099b9800000,0x00000099b9900000) (1024K)]
  0x000001a5dd6abbb0 JavaThread "Notification Thread"        daemon [_thread_blocked, id=31660, stack(0x00000099b9a00000,0x00000099b9b00000) (1024K)]
  0x000001a6233864a0 JavaThread "Java2D Disposer"            daemon [_thread_blocked, id=25216, stack(0x00000099b9b00000,0x00000099b9c00000) (1024K)]
  0x000001a623391ec0 JavaThread "AWT-Shutdown"                      [_thread_blocked, id=34820, stack(0x00000099b9c00000,0x00000099b9d00000) (1024K)]
  0x000001a5dd7346b0 JavaThread "AWT-Windows"                daemon [_thread_in_native, id=12764, stack(0x00000099b9d00000,0x00000099b9e00000) (1024K)]
=>0x000001a6235e5120 JavaThread "AWT-EventQueue-0"                  [_thread_in_native, id=34076, stack(0x00000099ba000000,0x00000099ba100000) (1024K)]
  0x000001a5baf00fd0 JavaThread "DestroyJavaVM"                     [_thread_blocked, id=36152, stack(0x00000099b8600000,0x00000099b8700000) (1024K)]
  0x000001a6240f51f0 JavaThread "TimerQueue"                 daemon [_thread_blocked, id=324, stack(0x00000099ba500000,0x00000099ba600000) (1024K)]
Total: 16

Other Threads:
  0x000001a5dc890340 VMThread "VM Thread"                           [id=32860, stack(0x00000099b8d00000,0x00000099b8e00000) (1024K)]
  0x000001a5dc8839b0 WatcherThread "VM Periodic Task Thread"        [id=35484, stack(0x00000099b8c00000,0x00000099b8d00000) (1024K)]
  0x000001a5bd273300 WorkerThread "GC Thread#0"                     [id=28940, stack(0x00000099b8700000,0x00000099b8800000) (1024K)]
  0x000001a5bd287be0 ConcurrentGCThread "G1 Main Marker"            [id=19104, stack(0x00000099b8800000,0x00000099b8900000) (1024K)]
  0x000001a5bd2895e0 WorkerThread "G1 Conc#0"                       [id=25200, stack(0x00000099b8900000,0x00000099b8a00000) (1024K)]
  0x000001a5dc73f410 ConcurrentGCThread "G1 Refine#0"               [id=34700, stack(0x00000099b8a00000,0x00000099b8b00000) (1024K)]
  0x000001a5dc73ff90 ConcurrentGCThread "G1 Service"                [id=35888, stack(0x00000099b8b00000,0x00000099b8c00000) (1024K)]
Total: 7

Threads with active compile tasks:
Total: 0

VM state: not at safepoint (normal execution)

VM Mutex/Monitor currently owned by a thread: None

Heap address: 0x0000000705e00000, size: 4002 MB, Compressed Oops mode: Zero based, Oop shift amount: 3

CDS archive(s) mapped at: [0x000001a5de000000-0x000001a5ded40000-0x000001a5ded40000), size 13893632, SharedBaseAddress: 0x000001a5de000000, ArchiveRelocationMode: 1.
Compressed class space mapped at: 0x000001a5df000000-0x000001a61f000000, reserved size: 1073741824
UseCompressedClassPointers 1, UseCompactObjectHeaders 0
Narrow klass pointer bits 32, Max shift 3
Narrow klass base: 0x000001a5de000000, Narrow klass shift: 0
Encoding Range: [0x000001a5de000000 - 0x000001a6de000000), (4294967296 bytes)
Klass Range:    [0x000001a5de000000 - 0x000001a61f000000), (1090519040 bytes)
Klass ID Range:  [8 - 1090519033) (1090519025)

GC Precious Log:
 CardTable entry size: 512
 Card Set container configuration: InlinePtr #cards 4 size 8 Array Of Cards #cards 16 size 48 Howl #buckets 8 coarsen threshold 3686 Howl Bitmap #cards 512 size 80 coarsen threshold 460 Card regions per heap region 1 cards per card region 4096
 CPUs: 16 total, 16 available
 Memory: 16004M
 Large Page Support: Disabled
 NUMA Support: Disabled
 Compressed Oops: Enabled (Zero based)
 Heap Region Size: 2M
 Heap Min Capacity: 8M
 Heap Initial Capacity: 252M
 Heap Max Capacity: 4002M
 Pre-touch: Disabled
 Parallel Workers: 13
 Concurrent Workers: 3
 Concurrent Refinement Workers: 13
 Periodic GC: Disabled

Heap:
 garbage-first heap   total reserved 4098048K, committed 260096K, used 31856K [0x0000000705e00000, 0x0000000800000000)
  region size 2048K, 14 young (28672K), 0 survivors (0K)
 Metaspace       used 11242K, committed 11392K, reserved 1114112K
  class space    used 1086K, committed 1152K, reserved 1048576K

Heap Regions: E=young(eden), S=young(survivor), O=old, HS=humongous(starts), HC=humongous(continues), CS=collection set, F=free, TAMS=top-at-mark-start, PB=parsable bottom
|   0|0x0000000705e00000, 0x0000000706000000, 0x0000000706000000|100%|HS|  |TAMS 0x0000000705e00000| PB 0x0000000705e00000| Complete |  0
|   1|0x0000000706000000, 0x0000000706200000, 0x0000000706200000|100%|HC|  |TAMS 0x0000000706000000| PB 0x0000000706000000| Complete |  0
|   2|0x0000000706200000, 0x0000000706200000, 0x0000000706400000|  0%| F|  |TAMS 0x0000000706200000| PB 0x0000000706200000| Untracked |  0
|   3|0x0000000706400000, 0x0000000706400000, 0x0000000706600000|  0%| F|  |TAMS 0x0000000706400000| PB 0x0000000706400000| Untracked |  0
|   4|0x0000000706600000, 0x0000000706600000, 0x0000000706800000|  0%| F|  |TAMS 0x0000000706600000| PB 0x0000000706600000| Untracked |  0
|   5|0x0000000706800000, 0x0000000706800000, 0x0000000706a00000|  0%| F|  |TAMS 0x0000000706800000| PB 0x0000000706800000| Untracked |  0
|   6|0x0000000706a00000, 0x0000000706a00000, 0x0000000706c00000|  0%| F|  |TAMS 0x0000000706a00000| PB 0x0000000706a00000| Untracked |  0
|   7|0x0000000706c00000, 0x0000000706c00000, 0x0000000706e00000|  0%| F|  |TAMS 0x0000000706c00000| PB 0x0000000706c00000| Untracked |  0
|   8|0x0000000706e00000, 0x0000000706e00000, 0x0000000707000000|  0%| F|  |TAMS 0x0000000706e00000| PB 0x0000000706e00000| Untracked |  0
|   9|0x0000000707000000, 0x0000000707000000, 0x0000000707200000|  0%| F|  |TAMS 0x0000000707000000| PB 0x0000000707000000| Untracked |  0
|  10|0x0000000707200000, 0x0000000707200000, 0x0000000707400000|  0%| F|  |TAMS 0x0000000707200000| PB 0x0000000707200000| Untracked |  0
|  11|0x0000000707400000, 0x0000000707400000, 0x0000000707600000|  0%| F|  |TAMS 0x0000000707400000| PB 0x0000000707400000| Untracked |  0
|  12|0x0000000707600000, 0x0000000707600000, 0x0000000707800000|  0%| F|  |TAMS 0x0000000707600000| PB 0x0000000707600000| Untracked |  0
|  13|0x0000000707800000, 0x0000000707800000, 0x0000000707a00000|  0%| F|  |TAMS 0x0000000707800000| PB 0x0000000707800000| Untracked |  0
|  14|0x0000000707a00000, 0x0000000707a00000, 0x0000000707c00000|  0%| F|  |TAMS 0x0000000707a00000| PB 0x0000000707a00000| Untracked |  0
|  15|0x0000000707c00000, 0x0000000707c00000, 0x0000000707e00000|  0%| F|  |TAMS 0x0000000707c00000| PB 0x0000000707c00000| Untracked |  0
|  16|0x0000000707e00000, 0x0000000707e00000, 0x0000000708000000|  0%| F|  |TAMS 0x0000000707e00000| PB 0x0000000707e00000| Untracked |  0
|  17|0x0000000708000000, 0x0000000708000000, 0x0000000708200000|  0%| F|  |TAMS 0x0000000708000000| PB 0x0000000708000000| Untracked |  0
|  18|0x0000000708200000, 0x0000000708200000, 0x0000000708400000|  0%| F|  |TAMS 0x0000000708200000| PB 0x0000000708200000| Untracked |  0
|  19|0x0000000708400000, 0x0000000708400000, 0x0000000708600000|  0%| F|  |TAMS 0x0000000708400000| PB 0x0000000708400000| Untracked |  0
|  20|0x0000000708600000, 0x0000000708600000, 0x0000000708800000|  0%| F|  |TAMS 0x0000000708600000| PB 0x0000000708600000| Untracked |  0
|  21|0x0000000708800000, 0x0000000708800000, 0x0000000708a00000|  0%| F|  |TAMS 0x0000000708800000| PB 0x0000000708800000| Untracked |  0
|  22|0x0000000708a00000, 0x0000000708a00000, 0x0000000708c00000|  0%| F|  |TAMS 0x0000000708a00000| PB 0x0000000708a00000| Untracked |  0
|  23|0x0000000708c00000, 0x0000000708c00000, 0x0000000708e00000|  0%| F|  |TAMS 0x0000000708c00000| PB 0x0000000708c00000| Untracked |  0
|  24|0x0000000708e00000, 0x0000000708e00000, 0x0000000709000000|  0%| F|  |TAMS 0x0000000708e00000| PB 0x0000000708e00000| Untracked |  0
|  25|0x0000000709000000, 0x0000000709000000, 0x0000000709200000|  0%| F|  |TAMS 0x0000000709000000| PB 0x0000000709000000| Untracked |  0
|  26|0x0000000709200000, 0x0000000709200000, 0x0000000709400000|  0%| F|  |TAMS 0x0000000709200000| PB 0x0000000709200000| Untracked |  0
|  27|0x0000000709400000, 0x0000000709400000, 0x0000000709600000|  0%| F|  |TAMS 0x0000000709400000| PB 0x0000000709400000| Untracked |  0
|  28|0x0000000709600000, 0x0000000709600000, 0x0000000709800000|  0%| F|  |TAMS 0x0000000709600000| PB 0x0000000709600000| Untracked |  0
|  29|0x0000000709800000, 0x0000000709800000, 0x0000000709a00000|  0%| F|  |TAMS 0x0000000709800000| PB 0x0000000709800000| Untracked |  0
|  30|0x0000000709a00000, 0x0000000709a00000, 0x0000000709c00000|  0%| F|  |TAMS 0x0000000709a00000| PB 0x0000000709a00000| Untracked |  0
|  31|0x0000000709c00000, 0x0000000709c00000, 0x0000000709e00000|  0%| F|  |TAMS 0x0000000709c00000| PB 0x0000000709c00000| Untracked |  0
|  32|0x0000000709e00000, 0x0000000709e00000, 0x000000070a000000|  0%| F|  |TAMS 0x0000000709e00000| PB 0x0000000709e00000| Untracked |  0
|  33|0x000000070a000000, 0x000000070a000000, 0x000000070a200000|  0%| F|  |TAMS 0x000000070a000000| PB 0x000000070a000000| Untracked |  0
|  34|0x000000070a200000, 0x000000070a200000, 0x000000070a400000|  0%| F|  |TAMS 0x000000070a200000| PB 0x000000070a200000| Untracked |  0
|  35|0x000000070a400000, 0x000000070a400000, 0x000000070a600000|  0%| F|  |TAMS 0x000000070a400000| PB 0x000000070a400000| Untracked |  0
|  36|0x000000070a600000, 0x000000070a600000, 0x000000070a800000|  0%| F|  |TAMS 0x000000070a600000| PB 0x000000070a600000| Untracked |  0
|  37|0x000000070a800000, 0x000000070a800000, 0x000000070aa00000|  0%| F|  |TAMS 0x000000070a800000| PB 0x000000070a800000| Untracked |  0
|  38|0x000000070aa00000, 0x000000070aa00000, 0x000000070ac00000|  0%| F|  |TAMS 0x000000070aa00000| PB 0x000000070aa00000| Untracked |  0
|  39|0x000000070ac00000, 0x000000070ac00000, 0x000000070ae00000|  0%| F|  |TAMS 0x000000070ac00000| PB 0x000000070ac00000| Untracked |  0
|  40|0x000000070ae00000, 0x000000070ae00000, 0x000000070b000000|  0%| F|  |TAMS 0x000000070ae00000| PB 0x000000070ae00000| Untracked |  0
|  41|0x000000070b000000, 0x000000070b000000, 0x000000070b200000|  0%| F|  |TAMS 0x000000070b000000| PB 0x000000070b000000| Untracked |  0
|  42|0x000000070b200000, 0x000000070b200000, 0x000000070b400000|  0%| F|  |TAMS 0x000000070b200000| PB 0x000000070b200000| Untracked |  0
|  43|0x000000070b400000, 0x000000070b400000, 0x000000070b600000|  0%| F|  |TAMS 0x000000070b400000| PB 0x000000070b400000| Untracked |  0
|  44|0x000000070b600000, 0x000000070b600000, 0x000000070b800000|  0%| F|  |TAMS 0x000000070b600000| PB 0x000000070b600000| Untracked |  0
|  45|0x000000070b800000, 0x000000070b800000, 0x000000070ba00000|  0%| F|  |TAMS 0x000000070b800000| PB 0x000000070b800000| Untracked |  0
|  46|0x000000070ba00000, 0x000000070ba00000, 0x000000070bc00000|  0%| F|  |TAMS 0x000000070ba00000| PB 0x000000070ba00000| Untracked |  0
|  47|0x000000070bc00000, 0x000000070bc00000, 0x000000070be00000|  0%| F|  |TAMS 0x000000070bc00000| PB 0x000000070bc00000| Untracked |  0
|  48|0x000000070be00000, 0x000000070be00000, 0x000000070c000000|  0%| F|  |TAMS 0x000000070be00000| PB 0x000000070be00000| Untracked |  0
|  49|0x000000070c000000, 0x000000070c000000, 0x000000070c200000|  0%| F|  |TAMS 0x000000070c000000| PB 0x000000070c000000| Untracked |  0
|  50|0x000000070c200000, 0x000000070c200000, 0x000000070c400000|  0%| F|  |TAMS 0x000000070c200000| PB 0x000000070c200000| Untracked |  0
|  51|0x000000070c400000, 0x000000070c400000, 0x000000070c600000|  0%| F|  |TAMS 0x000000070c400000| PB 0x000000070c400000| Untracked |  0
|  52|0x000000070c600000, 0x000000070c600000, 0x000000070c800000|  0%| F|  |TAMS 0x000000070c600000| PB 0x000000070c600000| Untracked |  0
|  53|0x000000070c800000, 0x000000070c800000, 0x000000070ca00000|  0%| F|  |TAMS 0x000000070c800000| PB 0x000000070c800000| Untracked |  0
|  54|0x000000070ca00000, 0x000000070ca00000, 0x000000070cc00000|  0%| F|  |TAMS 0x000000070ca00000| PB 0x000000070ca00000| Untracked |  0
|  55|0x000000070cc00000, 0x000000070cc00000, 0x000000070ce00000|  0%| F|  |TAMS 0x000000070cc00000| PB 0x000000070cc00000| Untracked |  0
|  56|0x000000070ce00000, 0x000000070ce00000, 0x000000070d000000|  0%| F|  |TAMS 0x000000070ce00000| PB 0x000000070ce00000| Untracked |  0
|  57|0x000000070d000000, 0x000000070d000000, 0x000000070d200000|  0%| F|  |TAMS 0x000000070d000000| PB 0x000000070d000000| Untracked |  0
|  58|0x000000070d200000, 0x000000070d200000, 0x000000070d400000|  0%| F|  |TAMS 0x000000070d200000| PB 0x000000070d200000| Untracked |  0
|  59|0x000000070d400000, 0x000000070d400000, 0x000000070d600000|  0%| F|  |TAMS 0x000000070d400000| PB 0x000000070d400000| Untracked |  0
|  60|0x000000070d600000, 0x000000070d600000, 0x000000070d800000|  0%| F|  |TAMS 0x000000070d600000| PB 0x000000070d600000| Untracked |  0
|  61|0x000000070d800000, 0x000000070d800000, 0x000000070da00000|  0%| F|  |TAMS 0x000000070d800000| PB 0x000000070d800000| Untracked |  0
|  62|0x000000070da00000, 0x000000070da00000, 0x000000070dc00000|  0%| F|  |TAMS 0x000000070da00000| PB 0x000000070da00000| Untracked |  0
|  63|0x000000070dc00000, 0x000000070dc00000, 0x000000070de00000|  0%| F|  |TAMS 0x000000070dc00000| PB 0x000000070dc00000| Untracked |  0
|  64|0x000000070de00000, 0x000000070de00000, 0x000000070e000000|  0%| F|  |TAMS 0x000000070de00000| PB 0x000000070de00000| Untracked |  0
|  65|0x000000070e000000, 0x000000070e000000, 0x000000070e200000|  0%| F|  |TAMS 0x000000070e000000| PB 0x000000070e000000| Untracked |  0
|  66|0x000000070e200000, 0x000000070e200000, 0x000000070e400000|  0%| F|  |TAMS 0x000000070e200000| PB 0x000000070e200000| Untracked |  0
|  67|0x000000070e400000, 0x000000070e400000, 0x000000070e600000|  0%| F|  |TAMS 0x000000070e400000| PB 0x000000070e400000| Untracked |  0
|  68|0x000000070e600000, 0x000000070e600000, 0x000000070e800000|  0%| F|  |TAMS 0x000000070e600000| PB 0x000000070e600000| Untracked |  0
|  69|0x000000070e800000, 0x000000070e800000, 0x000000070ea00000|  0%| F|  |TAMS 0x000000070e800000| PB 0x000000070e800000| Untracked |  0
|  70|0x000000070ea00000, 0x000000070ea00000, 0x000000070ec00000|  0%| F|  |TAMS 0x000000070ea00000| PB 0x000000070ea00000| Untracked |  0
|  71|0x000000070ec00000, 0x000000070ec00000, 0x000000070ee00000|  0%| F|  |TAMS 0x000000070ec00000| PB 0x000000070ec00000| Untracked |  0
|  72|0x000000070ee00000, 0x000000070ee00000, 0x000000070f000000|  0%| F|  |TAMS 0x000000070ee00000| PB 0x000000070ee00000| Untracked |  0
|  73|0x000000070f000000, 0x000000070f000000, 0x000000070f200000|  0%| F|  |TAMS 0x000000070f000000| PB 0x000000070f000000| Untracked |  0
|  74|0x000000070f200000, 0x000000070f200000, 0x000000070f400000|  0%| F|  |TAMS 0x000000070f200000| PB 0x000000070f200000| Untracked |  0
|  75|0x000000070f400000, 0x000000070f400000, 0x000000070f600000|  0%| F|  |TAMS 0x000000070f400000| PB 0x000000070f400000| Untracked |  0
|  76|0x000000070f600000, 0x000000070f600000, 0x000000070f800000|  0%| F|  |TAMS 0x000000070f600000| PB 0x000000070f600000| Untracked |  0
|  77|0x000000070f800000, 0x000000070f800000, 0x000000070fa00000|  0%| F|  |TAMS 0x000000070f800000| PB 0x000000070f800000| Untracked |  0
|  78|0x000000070fa00000, 0x000000070fa00000, 0x000000070fc00000|  0%| F|  |TAMS 0x000000070fa00000| PB 0x000000070fa00000| Untracked |  0
|  79|0x000000070fc00000, 0x000000070fc00000, 0x000000070fe00000|  0%| F|  |TAMS 0x000000070fc00000| PB 0x000000070fc00000| Untracked |  0
|  80|0x000000070fe00000, 0x000000070fe00000, 0x0000000710000000|  0%| F|  |TAMS 0x000000070fe00000| PB 0x000000070fe00000| Untracked |  0
|  81|0x0000000710000000, 0x0000000710000000, 0x0000000710200000|  0%| F|  |TAMS 0x0000000710000000| PB 0x0000000710000000| Untracked |  0
|  82|0x0000000710200000, 0x0000000710200000, 0x0000000710400000|  0%| F|  |TAMS 0x0000000710200000| PB 0x0000000710200000| Untracked |  0
|  83|0x0000000710400000, 0x0000000710400000, 0x0000000710600000|  0%| F|  |TAMS 0x0000000710400000| PB 0x0000000710400000| Untracked |  0
|  84|0x0000000710600000, 0x0000000710600000, 0x0000000710800000|  0%| F|  |TAMS 0x0000000710600000| PB 0x0000000710600000| Untracked |  0
|  85|0x0000000710800000, 0x0000000710800000, 0x0000000710a00000|  0%| F|  |TAMS 0x0000000710800000| PB 0x0000000710800000| Untracked |  0
|  86|0x0000000710a00000, 0x0000000710a00000, 0x0000000710c00000|  0%| F|  |TAMS 0x0000000710a00000| PB 0x0000000710a00000| Untracked |  0
|  87|0x0000000710c00000, 0x0000000710c00000, 0x0000000710e00000|  0%| F|  |TAMS 0x0000000710c00000| PB 0x0000000710c00000| Untracked |  0
|  88|0x0000000710e00000, 0x0000000710e00000, 0x0000000711000000|  0%| F|  |TAMS 0x0000000710e00000| PB 0x0000000710e00000| Untracked |  0
|  89|0x0000000711000000, 0x0000000711000000, 0x0000000711200000|  0%| F|  |TAMS 0x0000000711000000| PB 0x0000000711000000| Untracked |  0
|  90|0x0000000711200000, 0x0000000711200000, 0x0000000711400000|  0%| F|  |TAMS 0x0000000711200000| PB 0x0000000711200000| Untracked |  0
|  91|0x0000000711400000, 0x0000000711400000, 0x0000000711600000|  0%| F|  |TAMS 0x0000000711400000| PB 0x0000000711400000| Untracked |  0
|  92|0x0000000711600000, 0x0000000711600000, 0x0000000711800000|  0%| F|  |TAMS 0x0000000711600000| PB 0x0000000711600000| Untracked |  0
|  93|0x0000000711800000, 0x0000000711800000, 0x0000000711a00000|  0%| F|  |TAMS 0x0000000711800000| PB 0x0000000711800000| Untracked |  0
|  94|0x0000000711a00000, 0x0000000711a00000, 0x0000000711c00000|  0%| F|  |TAMS 0x0000000711a00000| PB 0x0000000711a00000| Untracked |  0
|  95|0x0000000711c00000, 0x0000000711c00000, 0x0000000711e00000|  0%| F|  |TAMS 0x0000000711c00000| PB 0x0000000711c00000| Untracked |  0
|  96|0x0000000711e00000, 0x0000000711e00000, 0x0000000712000000|  0%| F|  |TAMS 0x0000000711e00000| PB 0x0000000711e00000| Untracked |  0
|  97|0x0000000712000000, 0x0000000712000000, 0x0000000712200000|  0%| F|  |TAMS 0x0000000712000000| PB 0x0000000712000000| Untracked |  0
|  98|0x0000000712200000, 0x0000000712200000, 0x0000000712400000|  0%| F|  |TAMS 0x0000000712200000| PB 0x0000000712200000| Untracked |  0
|  99|0x0000000712400000, 0x0000000712400000, 0x0000000712600000|  0%| F|  |TAMS 0x0000000712400000| PB 0x0000000712400000| Untracked |  0
| 100|0x0000000712600000, 0x0000000712600000, 0x0000000712800000|  0%| F|  |TAMS 0x0000000712600000| PB 0x0000000712600000| Untracked |  0
| 101|0x0000000712800000, 0x0000000712800000, 0x0000000712a00000|  0%| F|  |TAMS 0x0000000712800000| PB 0x0000000712800000| Untracked |  0
| 102|0x0000000712a00000, 0x0000000712a00000, 0x0000000712c00000|  0%| F|  |TAMS 0x0000000712a00000| PB 0x0000000712a00000| Untracked |  0
| 103|0x0000000712c00000, 0x0000000712c00000, 0x0000000712e00000|  0%| F|  |TAMS 0x0000000712c00000| PB 0x0000000712c00000| Untracked |  0
| 104|0x0000000712e00000, 0x0000000712e00000, 0x0000000713000000|  0%| F|  |TAMS 0x0000000712e00000| PB 0x0000000712e00000| Untracked |  0
| 105|0x0000000713000000, 0x0000000713000000, 0x0000000713200000|  0%| F|  |TAMS 0x0000000713000000| PB 0x0000000713000000| Untracked |  0
| 106|0x0000000713200000, 0x0000000713200000, 0x0000000713400000|  0%| F|  |TAMS 0x0000000713200000| PB 0x0000000713200000| Untracked |  0
| 107|0x0000000713400000, 0x0000000713400000, 0x0000000713600000|  0%| F|  |TAMS 0x0000000713400000| PB 0x0000000713400000| Untracked |  0
| 108|0x0000000713600000, 0x0000000713600000, 0x0000000713800000|  0%| F|  |TAMS 0x0000000713600000| PB 0x0000000713600000| Untracked |  0
| 109|0x0000000713800000, 0x0000000713800000, 0x0000000713a00000|  0%| F|  |TAMS 0x0000000713800000| PB 0x0000000713800000| Untracked |  0
| 110|0x0000000713a00000, 0x0000000713a00000, 0x0000000713c00000|  0%| F|  |TAMS 0x0000000713a00000| PB 0x0000000713a00000| Untracked |  0
| 111|0x0000000713c00000, 0x0000000713c00000, 0x0000000713e00000|  0%| F|  |TAMS 0x0000000713c00000| PB 0x0000000713c00000| Untracked |  0
| 112|0x0000000713e00000, 0x0000000713fec088, 0x0000000714000000| 96%| E|  |TAMS 0x0000000713e00000| PB 0x0000000713e00000| Complete |  0
| 113|0x0000000714000000, 0x0000000714200000, 0x0000000714200000|100%| E|CS|TAMS 0x0000000714000000| PB 0x0000000714000000| Complete |  0
| 114|0x0000000714200000, 0x0000000714400000, 0x0000000714400000|100%| E|CS|TAMS 0x0000000714200000| PB 0x0000000714200000| Complete |  0
| 115|0x0000000714400000, 0x0000000714600000, 0x0000000714600000|100%| E|CS|TAMS 0x0000000714400000| PB 0x0000000714400000| Complete |  0
| 116|0x0000000714600000, 0x0000000714800000, 0x0000000714800000|100%| E|CS|TAMS 0x0000000714600000| PB 0x0000000714600000| Complete |  0
| 117|0x0000000714800000, 0x0000000714a00000, 0x0000000714a00000|100%| E|CS|TAMS 0x0000000714800000| PB 0x0000000714800000| Complete |  0
| 118|0x0000000714a00000, 0x0000000714c00000, 0x0000000714c00000|100%| E|CS|TAMS 0x0000000714a00000| PB 0x0000000714a00000| Complete |  0
| 119|0x0000000714c00000, 0x0000000714e00000, 0x0000000714e00000|100%| E|CS|TAMS 0x0000000714c00000| PB 0x0000000714c00000| Complete |  0
| 120|0x0000000714e00000, 0x0000000715000000, 0x0000000715000000|100%| E|CS|TAMS 0x0000000714e00000| PB 0x0000000714e00000| Complete |  0
| 121|0x0000000715000000, 0x0000000715200000, 0x0000000715200000|100%| E|CS|TAMS 0x0000000715000000| PB 0x0000000715000000| Complete |  0
| 122|0x0000000715200000, 0x0000000715400000, 0x0000000715400000|100%| E|CS|TAMS 0x0000000715200000| PB 0x0000000715200000| Complete |  0
| 123|0x0000000715400000, 0x0000000715600000, 0x0000000715600000|100%| E|CS|TAMS 0x0000000715400000| PB 0x0000000715400000| Complete |  0
| 124|0x0000000715600000, 0x0000000715800000, 0x0000000715800000|100%| E|CS|TAMS 0x0000000715600000| PB 0x0000000715600000| Complete |  0
| 125|0x0000000715800000, 0x0000000715a00000, 0x0000000715a00000|100%| E|CS|TAMS 0x0000000715800000| PB 0x0000000715800000| Complete |  0
|2000|0x00000007ffe00000, 0x00000007fff1c318, 0x0000000800000000| 55%| O|  |TAMS 0x00000007ffe00000| PB 0x00000007ffe00000| Untracked |  0

Card table byte_map: [0x000001a5d5d70000,0x000001a5d6550000] _byte_map_base: 0x000001a5d2541000

Marking Bits: (CMBitMap*) 0x000001a5bd273a10
 Bits: [0x000001a5d6550000, 0x000001a5da3d8000)

Polling page: 0x000001a5bb290000

Metaspace:

Usage:
  Non-class:      9.92 MB used.
      Class:      1.06 MB used.
       Both:     10.98 MB used.

Virtual space:
  Non-class space:       64.00 MB reserved,      10.00 MB ( 16%) committed,  1 nodes.
      Class space:        1.00 GB reserved,       1.12 MB ( <1%) committed,  1 nodes.
             Both:        1.06 GB reserved,      11.12 MB (  1%) committed. 

Chunk freelists:
   Non-Class:  6.02 MB
       Class:  14.75 MB
        Both:  20.78 MB

MaxMetaspaceSize: unlimited
CompressedClassSpaceSize: 1.00 GB
Initial GC threshold: 21.00 MB
Current GC threshold: 21.00 MB
CDS: on
 - commit_granule_bytes: 65536.
 - commit_granule_words: 8192.
 - virtual_space_node_default_size: 8388608.
 - enlarge_chunks_in_place: 1.
UseCompressedClassPointers 1, UseCompactObjectHeaders 0
Narrow klass pointer bits 32, Max shift 3
Narrow klass base: 0x000001a5de000000, Narrow klass shift: 0
Encoding Range: [0x000001a5de000000 - 0x000001a6de000000), (4294967296 bytes)
Klass Range:    [0x000001a5de000000 - 0x000001a61f000000), (1090519040 bytes)
Klass ID Range:  [8 - 1090519033) (1090519025)


Internal statistics:

num_allocs_failed_limit: 0.
num_arena_births: 112.
num_arena_deaths: 0.
num_vsnodes_births: 2.
num_vsnodes_deaths: 0.
num_space_committed: 178.
num_space_uncommitted: 0.
num_chunks_returned_to_freelist: 0.
num_chunks_taken_from_freelist: 159.
num_chunk_merges: 0.
num_chunk_splits: 97.
num_chunks_enlarged: 55.
num_inconsistent_stats: 0.

CodeHeap 'non-profiled nmethods': size=119232Kb used=498Kb max_used=498Kb free=118733Kb
 bounds [0x000001a5cd8a0000, 0x000001a5cdb10000, 0x000001a5d4d10000]
CodeHeap 'profiled nmethods': size=119104Kb used=2876Kb max_used=2876Kb free=116227Kb
 bounds [0x000001a5c5d10000, 0x000001a5c5fe0000, 0x000001a5cd160000]
CodeHeap 'non-nmethods': size=7424Kb used=1526Kb max_used=3258Kb free=5897Kb
 bounds [0x000001a5cd160000, 0x000001a5cd4a0000, 0x000001a5cd8a0000]
CodeCache: size=245760Kb, used=4900Kb, max_used=6632Kb, free=240857Kb
 total_blobs=2624, nmethods=1924, adapters=605, full_count=0
Compilation: enabled, stopped_count=0, restarted_count=0

Compilation events (20 events):
Event: 4677.940 Thread 0x000001a5dc8ba5f0 1913       3       sun.awt.Win32GraphicsConfig::getDefaultTransform (24 bytes)
Event: 4677.940 Thread 0x000001a5dc8b2d60 nmethod 1911 0x000001a5cd91bd88 code [0x000001a5cd91bea0, 0x000001a5cd91c100]
Event: 4677.941 Thread 0x000001a5dc8ba5f0 nmethod 1913 0x000001a5c5fdb688 code [0x000001a5c5fdb7a0, 0x000001a5c5fdba18]
Event: 11934.854 Thread 0x000001a5dc8ba5f0 1914       3       java.lang.ref.ReferenceQueue::poll0 (65 bytes)
Event: 11934.859 Thread 0x000001a5dc8ba5f0 nmethod 1914 0x000001a5c5fdba88 code [0x000001a5c5fdbbc0, 0x000001a5c5fdc0a0]
Event: 19735.649 Thread 0x000001a5dc8ba5f0 1915  s    3       jdk.internal.ref.CleanerImpl$CleanableList::isEmpty (16 bytes)
Event: 19735.652 Thread 0x000001a5dc8ba5f0 nmethod 1915 0x000001a5c5fdc108 code [0x000001a5c5fdc220, 0x000001a5c5fdc4d0]
Event: 19735.653 Thread 0x000001a5dc8ba5f0 1918       3       java.lang.ref.ReferenceQueue::remove0 (67 bytes)
Event: 19735.657 Thread 0x000001a5dc8ba5f0 nmethod 1918 0x000001a5c5fdc508 code [0x000001a5c5fdc680, 0x000001a5c5fdcae0]
Event: 19735.657 Thread 0x000001a5dc8ba5f0 1916       3       jdk.internal.misc.InnocuousThread::eraseThreadLocals (23 bytes)
Event: 19735.660 Thread 0x000001a5dc8ba5f0 nmethod 1916 0x000001a5c5fdcb08 code [0x000001a5c5fdcc20, 0x000001a5c5fdce10]
Event: 19735.660 Thread 0x000001a5dc8ba5f0 1917   !   3       java.lang.ref.ReferenceQueue::remove (49 bytes)
Event: 19735.666 Thread 0x000001a5dc8ba5f0 nmethod 1917 0x000001a5c5fdce88 code [0x000001a5c5fdd020, 0x000001a5c5fdd9d0]
Event: 25003.868 Thread 0x000001a5dc8ba5f0 1919   !   3       java.awt.event.InvocationEvent::finishedDispatching (53 bytes)
Event: 25003.874 Thread 0x000001a5dc8ba5f0 nmethod 1919 0x000001a5c5fdda08 code [0x000001a5c5fddb40, 0x000001a5c5fddfe0]
Event: 25005.922 Thread 0x000001a5dc8b2d60 1920       4       java.util.HashMap$HashIterator::hasNext (13 bytes)
Event: 25005.922 Thread 0x000001a5dc8ba5f0 1921   !   3       java.awt.Toolkit::setDesktopProperty (81 bytes)
Event: 25005.926 Thread 0x000001a5dc8ba5f0 nmethod 1921 0x000001a5c5fde008 code [0x000001a5c5fde1a0, 0x000001a5c5fdeab0]
Event: 25005.926 Thread 0x000001a5dc8b2d60 nmethod 1920 0x000001a5cd91c188 code [0x000001a5cd91c280, 0x000001a5cd91c300]
Event: 25008.792 Thread 0x000001a5dc8ba5f0 1922       3       java.util.WeakHashMap::maskNull (12 bytes)

GC Heap History (0 events):
No events

Dll operation events (10 events):
Event: 0.007 Loaded shared library C:\Program Files\Apache NetBeans\jdk\bin\java.dll
Event: 0.034 Loaded shared library C:\Program Files\Apache NetBeans\jdk\bin\jsvml.dll
Event: 0.056 Loaded shared library C:\Program Files\Apache NetBeans\jdk\bin\net.dll
Event: 0.058 Loaded shared library C:\Program Files\Apache NetBeans\jdk\bin\nio.dll
Event: 0.081 Loaded shared library C:\Program Files\Apache NetBeans\jdk\bin\zip.dll
Event: 0.084 Loaded shared library C:\Program Files\Apache NetBeans\jdk\bin\jimage.dll
Event: 0.093 Loaded shared library C:\Program Files\Apache NetBeans\jdk\bin\awt.dll
Event: 0.242 Loaded shared library C:\Program Files\Apache NetBeans\jdk\bin\verify.dll
Event: 0.304 Loaded shared library C:\Program Files\Apache NetBeans\jdk\bin\freetype.dll
Event: 0.304 Loaded shared library C:\Program Files\Apache NetBeans\jdk\bin\fontmanager.dll

Deoptimization events (20 events):
Event: 0.712 Thread 0x000001a6235e5120 Uncommon trap: trap_request=0xffffff4d fr.pc=0x000001a5cd90953c relative=0x00000000000003dc
Event: 0.712 Thread 0x000001a6235e5120 Uncommon trap: reason=unstable_if action=reinterpret pc=0x000001a5cd90953c method=java.lang.Character.isSurrogate(C)Z @ 3 c2
Event: 0.712 Thread 0x000001a6235e5120 DEOPT PACKING pc=0x000001a5cd90953c sp=0x00000099ba0fd000
Event: 0.712 Thread 0x000001a6235e5120 DEOPT UNPACKING pc=0x000001a5cd278582 sp=0x00000099ba0fcf18 mode 2
Event: 0.712 Thread 0x000001a6235e5120 Uncommon trap: trap_request=0xffffff4d fr.pc=0x000001a5cd907b44 relative=0x0000000000000044
Event: 0.712 Thread 0x000001a6235e5120 Uncommon trap: reason=unstable_if action=reinterpret pc=0x000001a5cd907b44 method=java.lang.Character.isSurrogate(C)Z @ 3 c2
Event: 0.712 Thread 0x000001a6235e5120 DEOPT PACKING pc=0x000001a5cd907b44 sp=0x00000099ba0fcf80
Event: 0.712 Thread 0x000001a6235e5120 DEOPT UNPACKING pc=0x000001a5cd278582 sp=0x00000099ba0fcf18 mode 2
Event: 0.734 Thread 0x000001a6235e5120 Uncommon trap: trap_request=0xffffff5c fr.pc=0x000001a5cd903c8c relative=0x000000000000008c
Event: 0.734 Thread 0x000001a6235e5120 Uncommon trap: reason=speculate_null_check action=make_not_entrant pc=0x000001a5cd903c8c method=jdk.internal.misc.Unsafe.getIntUnaligned(Ljava/lang/Object;JZ)I @ 5 c2
Event: 0.734 Thread 0x000001a6235e5120 DEOPT PACKING pc=0x000001a5cd903c8c sp=0x00000099ba0fd190
Event: 0.734 Thread 0x000001a6235e5120 DEOPT UNPACKING pc=0x000001a5cd278582 sp=0x00000099ba0fcff0 mode 2
Event: 0.734 Thread 0x000001a6235e5120 Uncommon trap: trap_request=0xffffff5c fr.pc=0x000001a5cd9009e0 relative=0x0000000000000060
Event: 0.734 Thread 0x000001a6235e5120 Uncommon trap: reason=speculate_null_check action=make_not_entrant pc=0x000001a5cd9009e0 method=jdk.internal.misc.Unsafe.getIntUnaligned(Ljava/lang/Object;JZ)I @ 5 c2
Event: 0.734 Thread 0x000001a6235e5120 DEOPT PACKING pc=0x000001a5cd9009e0 sp=0x00000099ba0fd090
Event: 0.734 Thread 0x000001a6235e5120 DEOPT UNPACKING pc=0x000001a5cd278582 sp=0x00000099ba0fcfe8 mode 2
Event: 0.748 Thread 0x000001a6235e5120 Uncommon trap: trap_request=0xffffff4d fr.pc=0x000001a5cd907948 relative=0x0000000000000128
Event: 0.748 Thread 0x000001a6235e5120 Uncommon trap: reason=unstable_if action=reinterpret pc=0x000001a5cd907948 method=java.lang.ThreadLocal$ThreadLocalMap.getEntry(Ljava/lang/ThreadLocal;)Ljava/lang/ThreadLocal$ThreadLocalMap$Entry; @ 21 c2
Event: 0.748 Thread 0x000001a6235e5120 DEOPT PACKING pc=0x000001a5cd907948 sp=0x00000099ba0fd810
Event: 0.748 Thread 0x000001a6235e5120 DEOPT UNPACKING pc=0x000001a5cd278582 sp=0x00000099ba0fd730 mode 2

Classes loaded (20 events):
Event: 1.686 Loading class java/awt/event/MouseWheelEvent
Event: 1.686 Loading class java/awt/event/MouseWheelEvent done
Event: 2.401 Loading class java/lang/FdLibm$Acos
Event: 2.403 Loading class java/lang/FdLibm$Acos done
Event: 2.822 Loading class javax/swing/JToggleButton$1
Event: 2.822 Loading class javax/swing/JToggleButton$1 done
Event: 2.823 Loading class java/awt/geom/Arc2D$Float
Event: 2.824 Loading class java/awt/geom/Arc2D
Event: 2.824 Loading class java/awt/geom/Arc2D done
Event: 2.824 Loading class java/awt/geom/Arc2D$Float done
Event: 2.824 Loading class java/awt/geom/ArcIterator
Event: 2.824 Loading class java/awt/geom/ArcIterator done
Event: 7.013 Loading class sun/awt/SunToolkit$1
Event: 7.013 Loading class sun/awt/SunToolkit$1 done
Event: 753.579 Loading class java/util/WeakHashMap$KeyIterator
Event: 753.579 Loading class java/util/WeakHashMap$HashIterator
Event: 753.579 Loading class java/util/WeakHashMap$HashIterator done
Event: 753.579 Loading class java/util/WeakHashMap$KeyIterator done
Event: 753.580 Loading class javax/swing/RepaintManager$DisplayChangedRunnable
Event: 753.580 Loading class javax/swing/RepaintManager$DisplayChangedRunnable done

Classes unloaded (0 events):
No events

Classes redefined (0 events):
No events

Internal exceptions (20 events):
Event: 0.155 Thread 0x000001a5baf00fd0 Exception <a 'java/lang/NoSuchMethodError'{0x00000007154704a8}: 'java.lang.Object java.lang.invoke.DirectMethodHandle$Holder.invokeStaticInit(java.lang.Object, long)'> (0x00000007154704a8) 
thrown [s\src\hotspot\share\interpreter\linkResolver.cpp, line 805]
Event: 0.171 Thread 0x000001a5baf00fd0 Exception <a 'java/lang/NoSuchMethodError'{0x00000007154a0838}: 'void java.lang.invoke.DirectMethodHandle$Holder.invokeSpecial(java.lang.Object, java.lang.Object, java.lang.Object)'> (0x00000007154a0838) 
thrown [s\src\hotspot\share\interpreter\linkResolver.cpp, line 805]
Event: 0.181 Thread 0x000001a5baf00fd0 Exception <a 'java/lang/NoSuchMethodError'{0x000000071521d648}: 'java.lang.Object java.lang.invoke.DirectMethodHandle$Holder.newInvokeSpecial(java.lang.Object, java.lang.Object, java.lang.Object, java.lang.Object, java.lang.Object)'> (0x000000071521d648) 
thrown [s\src\hotspot\share\interpreter\linkResolver.cpp, line 805]
Event: 0.187 Thread 0x000001a5baf00fd0 Exception <a 'java/lang/NoSuchMethodError'{0x0000000715285790}: 'java.lang.Object java.lang.invoke.DirectMethodHandle$Holder.invokeStatic(java.lang.Object, int, java.lang.Object)'> (0x0000000715285790) 
thrown [s\src\hotspot\share\interpreter\linkResolver.cpp, line 805]
Event: 0.214 Thread 0x000001a5baf00fd0 Exception <a 'java/lang/ClassNotFoundException'{0x00000007150b2e88}: com/sun/swing/internal/plaf/metal/resources/spi/metalProvider> (0x00000007150b2e88) 
thrown [s\src\hotspot\share\classfile\systemDictionary.cpp, line 327]
Event: 0.215 Thread 0x000001a5baf00fd0 Exception <a 'java/lang/ClassNotFoundException'{0x00000007150b6898}: com/sun/swing/internal/plaf/basic/resources/spi/basicProvider> (0x00000007150b6898) 
thrown [s\src\hotspot\share\classfile\systemDictionary.cpp, line 327]
Event: 0.223 Thread 0x000001a5baf00fd0 Exception <a 'java/lang/NoSuchMethodError'{0x00000007150e4350}: 'int java.lang.invoke.Invokers$Holder.invokeExact_MT(java.lang.Object, java.lang.Object)'> (0x00000007150e4350) 
thrown [s\src\hotspot\share\interpreter\linkResolver.cpp, line 805]
Event: 0.312 Thread 0x000001a5baf00fd0 Exception <a 'java/lang/NoSuchMethodError'{0x0000000714fad5c8}: 'long java.lang.invoke.DirectMethodHandle$Holder.invokeStaticInit(java.lang.Object, long, long, long, long)'> (0x0000000714fad5c8) 
thrown [s\src\hotspot\share\interpreter\linkResolver.cpp, line 805]
Event: 0.312 Thread 0x000001a5baf00fd0 Exception <a 'java/lang/NoSuchMethodError'{0x0000000714fb5fd0}: 'java.lang.Object java.lang.invoke.DirectMethodHandle$Holder.invokeInterface(java.lang.Object, java.lang.Object, long, long)'> (0x0000000714fb5fd0) 
thrown [s\src\hotspot\share\interpreter\linkResolver.cpp, line 805]
Event: 0.313 Thread 0x000001a5baf00fd0 Exception <a 'java/lang/NoSuchMethodError'{0x0000000714fce790}: 'void java.lang.invoke.DirectMethodHandle$Holder.invokeStaticInit(java.lang.Object, java.lang.Object, long, java.lang.Object)'> (0x0000000714fce790) 
thrown [s\src\hotspot\share\interpreter\linkResolver.cpp, line 805]
Event: 0.314 Thread 0x000001a5baf00fd0 Exception <a 'java/lang/NoSuchMethodError'{0x0000000714fd7378}: 'long java.lang.invoke.DirectMethodHandle$Holder.invokeStatic(java.lang.Object, long, long)'> (0x0000000714fd7378) 
thrown [s\src\hotspot\share\interpreter\linkResolver.cpp, line 805]
Event: 0.318 Thread 0x000001a5baf00fd0 Exception <a 'java/lang/NoSuchMethodError'{0x0000000714c06f90}: 'java.lang.Object java.lang.invoke.DirectMethodHandle$Holder.newInvokeSpecial(java.lang.Object, int, java.lang.Object)'> (0x0000000714c06f90) 
thrown [s\src\hotspot\share\interpreter\linkResolver.cpp, line 805]
Event: 0.343 Thread 0x000001a5baf00fd0 Exception <a 'java/lang/NoSuchMethodError'{0x0000000714c7a6a8}: 'void java.lang.invoke.DelegatingMethodHandle$Holder.reinvoke_L(java.lang.Object, java.lang.Object, java.lang.Object, java.lang.Object, long, long, float)'> (0x0000000714c7a6a8) 
thrown [s\src\hotspot\share\interpreter\linkResolver.cpp, line 805]
Event: 0.345 Thread 0x000001a5baf00fd0 Exception <a 'java/lang/NoSuchMethodError'{0x0000000714c9acf8}: 'java.lang.Object java.lang.invoke.DirectMethodHandle$Holder.invokeStatic(java.lang.Object, java.lang.Object, java.lang.Object, java.lang.Object, java.lang.Object, long)'> (0x0000000714c9acf8) 
thrown [s\src\hotspot\share\interpreter\linkResolver.cpp, line 805]
Event: 0.350 Thread 0x000001a5baf00fd0 Exception <a 'java/lang/NoSuchMethodError'{0x0000000714cde458}: 'float java.lang.invoke.DelegatingMethodHandle$Holder.reinvoke_L(java.lang.Object, java.lang.Object, java.lang.Object, java.lang.Object, long, long)'> (0x0000000714cde458) 
thrown [s\src\hotspot\share\interpreter\linkResolver.cpp, line 805]
Event: 0.460 Thread 0x000001a5dd7346b0 Exception <a 'java/lang/NoSuchMethodError'{0x0000000715505bf8}: 'void java.lang.invoke.DirectMethodHandle$Holder.invokeVirtual(java.lang.Object, java.lang.Object)'> (0x0000000715505bf8) 
thrown [s\src\hotspot\share\interpreter\linkResolver.cpp, line 805]
Event: 0.472 Thread 0x000001a5baf00fd0 Exception <a 'java/lang/NoSuchMethodError'{0x0000000714b6ddb0}: 'void java.lang.invoke.DirectMethodHandle$Holder.invokeStaticInit(java.lang.Object)'> (0x0000000714b6ddb0) 
thrown [s\src\hotspot\share\interpreter\linkResolver.cpp, line 805]
Event: 0.550 Thread 0x000001a6235e5120 Exception <a 'java/io/FileNotFoundException'{0x000000071494bfc8}> (0x000000071494bfc8) 
thrown [s\src\hotspot\share\prims\jni.cpp, line 518]
Event: 0.555 Thread 0x000001a6235e5120 Exception <a 'java/io/FileNotFoundException'{0x0000000714965b10}> (0x0000000714965b10) 
thrown [s\src\hotspot\share\prims\jni.cpp, line 518]
Event: 0.748 Thread 0x000001a6235e5120 Implicit null exception at 0x000001a5cd907875 to 0x000001a5cd907928

VM Operations (20 events):
Event: 0.523 Executing VM operation: HandshakeAllThreads (Deoptimize)
Event: 0.523 Executing VM operation: HandshakeAllThreads (Deoptimize) done
Event: 0.776 Executing VM operation: HandshakeAllThreads (Deoptimize)
Event: 0.776 Executing VM operation: HandshakeAllThreads (Deoptimize) done
Event: 60.157 Executing VM operation: HandshakeAllThreads (HandshakeForDeflation)
Event: 60.157 Executing VM operation: HandshakeAllThreads (HandshakeForDeflation) done
Event: 60.157 Executing VM operation: RendezvousGCThreads
Event: 60.157 Executing VM operation: RendezvousGCThreads done
Event: 1543.168 Executing VM operation: HandshakeAllThreads (HandshakeForDeflation)
Event: 1543.168 Executing VM operation: HandshakeAllThreads (HandshakeForDeflation) done
Event: 1543.168 Executing VM operation: RendezvousGCThreads
Event: 1543.168 Executing VM operation: RendezvousGCThreads done
Event: 4722.444 Executing VM operation: HandshakeAllThreads (HandshakeForDeflation)
Event: 4722.444 Executing VM operation: HandshakeAllThreads (HandshakeForDeflation) done
Event: 4722.445 Executing VM operation: RendezvousGCThreads
Event: 4722.445 Executing VM operation: RendezvousGCThreads done
Event: 10804.365 Executing VM operation: HandshakeAllThreads (HandshakeForDeflation)
Event: 10804.365 Executing VM operation: HandshakeAllThreads (HandshakeForDeflation) done
Event: 10804.366 Executing VM operation: RendezvousGCThreads
Event: 10804.366 Executing VM operation: RendezvousGCThreads done

Memory protections (0 events):
No events

Nmethod flushes (0 events):
No events

Events (20 events):
Event: 0.038 Thread 0x000001a5dc8ba5f0 Thread added: 0x000001a5dd522c70
Event: 0.055 Thread 0x000001a5baf00fd0 Thread added: 0x000001a5dd5c39f0
Event: 0.066 Thread 0x000001a5dd522c70 Thread added: 0x000001a5dd520e30
Event: 0.070 Thread 0x000001a5baf00fd0 Thread added: 0x000001a5dd6abbb0
Event: 0.139 Thread 0x000001a5baf00fd0 Thread added: 0x000001a6233864a0
Event: 0.140 Thread 0x000001a5baf00fd0 Thread added: 0x000001a623391ec0
Event: 0.140 Thread 0x000001a5baf00fd0 Thread added: 0x000001a5dd7346b0
Event: 0.266 Thread 0x000001a5dd521d50 Thread added: 0x000001a5dd523400
Event: 0.291 Thread 0x000001a5dd520e30 Thread added: 0x000001a5dd523b90
Event: 0.355 Thread 0x000001a5baf00fd0 Thread added: 0x000001a6235e5120
Event: 0.438 Thread 0x000001a5baf00fd0 Thread added: 0x000001a624002420
Event: 0.529 Thread 0x000001a5baf00fd0 Thread exited: 0x000001a5baf00fd0
Event: 0.529 Thread 0x000001a5baf00fd0 Thread added: 0x000001a5baf00fd0
Event: 0.790 Thread 0x000001a6235e5120 Thread added: 0x000001a6240f51f0
Event: 1.292 Thread 0x000001a5dd523b90 Thread exited: 0x000001a5dd523b90
Event: 1.686 Thread 0x000001a5dd520e30 Thread exited: 0x000001a5dd520e30
Event: 4.790 Thread 0x000001a5dd523400 Thread exited: 0x000001a5dd523400
Event: 5.444 Thread 0x000001a624002420 Thread exited: 0x000001a624002420
Event: 9.790 Thread 0x000001a5dd522c70 Thread exited: 0x000001a5dd522c70
Event: 9.791 Thread 0x000001a5dd521d50 Thread exited: 0x000001a5dd521d50


Dynamic libraries:
0x00007ff635500000 - 0x00007ff63550e000 	C:\Program Files\Apache NetBeans\jdk\bin\java.exe
0x00007ff9d5f00000 - 0x00007ff9d6169000 	C:\WINDOWS\SYSTEM32\ntdll.dll
0x00007ff9d5090000 - 0x00007ff9d5159000 	C:\WINDOWS\System32\KERNEL32.DLL
0x00007ff9d3370000 - 0x00007ff9d3763000 	C:\WINDOWS\System32\KERNELBASE.dll
0x00007ff9d3ad0000 - 0x00007ff9d3c1b000 	C:\WINDOWS\System32\ucrtbase.dll
0x00007ff9a0910000 - 0x00007ff9a0926000 	C:\Program Files\Apache NetBeans\jdk\bin\jli.dll
0x00007ff9aca80000 - 0x00007ff9aca9e000 	C:\Program Files\Apache NetBeans\jdk\bin\VCRUNTIME140.dll
0x00007ff9d4690000 - 0x00007ff9d4854000 	C:\WINDOWS\System32\USER32.dll
0x00007ff9d32b0000 - 0x00007ff9d32d7000 	C:\WINDOWS\System32\win32u.dll
0x00007ff9b99e0000 - 0x00007ff9b9c73000 	C:\WINDOWS\WinSxS\amd64_microsoft.windows.common-controls_6595b64144ccf1df_6.0.26100.5074_none_3e0d6f78e32fd63f\COMCTL32.dll
0x00007ff9d55f0000 - 0x00007ff9d561b000 	C:\WINDOWS\System32\GDI32.dll
0x00007ff9d5e10000 - 0x00007ff9d5eb9000 	C:\WINDOWS\System32\msvcrt.dll
0x00007ff9d3770000 - 0x00007ff9d389d000 	C:\WINDOWS\System32\gdi32full.dll
0x00007ff9d3c20000 - 0x00007ff9d3cc3000 	C:\WINDOWS\System32\msvcp_win.dll
0x00007ff9d4600000 - 0x00007ff9d462f000 	C:\WINDOWS\System32\IMM32.DLL
0x00007ff9ac280000 - 0x00007ff9ac28c000 	C:\Program Files\Apache NetBeans\jdk\bin\vcruntime140_1.dll
0x00007ff995080000 - 0x00007ff99510d000 	C:\Program Files\Apache NetBeans\jdk\bin\msvcp140.dll
0x00007ff8dde30000 - 0x00007ff8decac000 	C:\Program Files\Apache NetBeans\jdk\bin\server\jvm.dll
0x00007ff9d4860000 - 0x00007ff9d4914000 	C:\WINDOWS\System32\ADVAPI32.dll
0x00007ff9d5b00000 - 0x00007ff9d5ba6000 	C:\WINDOWS\System32\sechost.dll
0x00007ff9d5840000 - 0x00007ff9d5958000 	C:\WINDOWS\System32\RPCRT4.dll
0x00007ff9d5620000 - 0x00007ff9d5694000 	C:\WINDOWS\System32\WS2_32.dll
0x00007ff9d1ca0000 - 0x00007ff9d1cfe000 	C:\WINDOWS\SYSTEM32\POWRPROF.dll
0x00007ff9c8120000 - 0x00007ff9c8155000 	C:\WINDOWS\SYSTEM32\WINMM.dll
0x00007ff9cba50000 - 0x00007ff9cba5b000 	C:\WINDOWS\SYSTEM32\VERSION.dll
0x00007ff9d1c80000 - 0x00007ff9d1c94000 	C:\WINDOWS\SYSTEM32\UMPDC.dll
0x00007ff9d1f90000 - 0x00007ff9d1fab000 	C:\WINDOWS\SYSTEM32\kernel.appcore.dll
0x00007ff9ac270000 - 0x00007ff9ac27a000 	C:\Program Files\Apache NetBeans\jdk\bin\jimage.dll
0x00007ff9d08c0000 - 0x00007ff9d0b02000 	C:\WINDOWS\SYSTEM32\DBGHELP.DLL
0x00007ff9d4920000 - 0x00007ff9d4c9b000 	C:\WINDOWS\System32\combase.dll
0x00007ff9d4f10000 - 0x00007ff9d4fe7000 	C:\WINDOWS\System32\OLEAUT32.dll
0x00007ff9a1490000 - 0x00007ff9a14cd000 	C:\WINDOWS\SYSTEM32\dbgcore.DLL
0x00007ff9d3090000 - 0x00007ff9d3129000 	C:\WINDOWS\System32\bcryptPrimitives.dll
0x00007ff9a1d60000 - 0x00007ff9a1d7e000 	C:\Program Files\Apache NetBeans\jdk\bin\java.dll
0x00007ff9d56a0000 - 0x00007ff9d5838000 	C:\WINDOWS\System32\ole32.dll
0x00007ff9d3e30000 - 0x00007ff9d457d000 	C:\WINDOWS\System32\SHELL32.dll
0x00007ff9d38a0000 - 0x00007ff9d3a0c000 	C:\WINDOWS\System32\wintypes.dll
0x00007ff9d0cd0000 - 0x00007ff9d1529000 	C:\WINDOWS\SYSTEM32\windows.storage.dll
0x00007ff9d5960000 - 0x00007ff9d5a50000 	C:\WINDOWS\System32\SHCORE.dll
0x00007ff9d5bb0000 - 0x00007ff9d5c12000 	C:\WINDOWS\System32\shlwapi.dll
0x00007ff9d2fb0000 - 0x00007ff9d2fd9000 	C:\WINDOWS\SYSTEM32\profapi.dll
0x00007ff9433d0000 - 0x00007ff9434a7000 	C:\Program Files\Apache NetBeans\jdk\bin\jsvml.dll
0x00007ff9a1d50000 - 0x00007ff9a1d60000 	C:\Program Files\Apache NetBeans\jdk\bin\net.dll
0x00007ff9d2510000 - 0x00007ff9d257b000 	C:\WINDOWS\system32\mswsock.dll
0x00007ff99d250000 - 0x00007ff99d266000 	C:\Program Files\Apache NetBeans\jdk\bin\nio.dll
0x00007ff99e060000 - 0x00007ff99e077000 	C:\Program Files\Apache NetBeans\jdk\bin\zip.dll
0x00007ff92b200000 - 0x00007ff92b37e000 	C:\Program Files\Apache NetBeans\jdk\bin\awt.dll
0x00007ff9cf950000 - 0x00007ff9cf9ee000 	C:\WINDOWS\SYSTEM32\apphelp.dll
0x00007ff9cfb20000 - 0x00007ff9cfb4b000 	C:\WINDOWS\system32\DWMAPI.DLL
0x00007ff9cfa70000 - 0x00007ff9cfb18000 	C:\WINDOWS\system32\uxtheme.dll
0x00007ff92add0000 - 0x00007ff92aedc000 	C:\WINDOWS\system32\opengl32.dll
0x00007ff92ad80000 - 0x00007ff92adad000 	C:\WINDOWS\SYSTEM32\GLU32.dll
0x00007ff9d0130000 - 0x00007ff9d0174000 	C:\WINDOWS\SYSTEM32\dxcore.dll
0x00007ff9d3cd0000 - 0x00007ff9d3e28000 	C:\WINDOWS\System32\MSCTF.dll
0x00007ff9a0bd0000 - 0x00007ff9a0be0000 	C:\Program Files\Apache NetBeans\jdk\bin\verify.dll
0x00007ff988140000 - 0x00007ff9881c7000 	C:\Program Files\Apache NetBeans\jdk\bin\freetype.dll
0x00007ff938a40000 - 0x00007ff938b29000 	C:\Program Files\Apache NetBeans\jdk\bin\fontmanager.dll
0x00007ff9d5c20000 - 0x00007ff9d5cd1000 	C:\WINDOWS\System32\clbcatq.dll
0x00007ff9cde30000 - 0x00007ff9ce05f000 	C:\WINDOWS\SYSTEM32\WindowsCodecs.dll
0x00007ff99eca0000 - 0x00007ff99ecfa000 	C:\WINDOWS\system32\dataexchange.dll
0x00007ff9c30f0000 - 0x00007ff9c3329000 	C:\WINDOWS\system32\twinapi.appcore.dll
0x00007ff9ca660000 - 0x00007ff9ca7a9000 	C:\WINDOWS\SYSTEM32\textinputframework.dll
0x00007ff9cf690000 - 0x00007ff9cf7b5000 	C:\WINDOWS\SYSTEM32\CoreMessaging.dll
0x00007ff9cb4d0000 - 0x00007ff9cb7b3000 	C:\WINDOWS\SYSTEM32\CoreUIComponents.dll
0x00007ff9d27d0000 - 0x00007ff9d27dc000 	C:\WINDOWS\SYSTEM32\CRYPTBASE.DLL

JVMTI agents: none

dbghelp: loaded successfully - version: 4.0.5 - missing functions: none
symbol engine: initialized successfully - sym options: 0x614 - pdb path: .;C:\Program Files\Apache NetBeans\jdk\bin;C:\WINDOWS\SYSTEM32;C:\WINDOWS\WinSxS\amd64_microsoft.windows.common-controls_6595b64144ccf1df_6.0.26100.5074_none_3e0d6f78e32fd63f;C:\Program Files\Apache NetBeans\jdk\bin\server

VM Arguments:
jvm_args: -Dfile.encoding=UTF-8 --module-path=C:\Users\Istiak\Documents\NetBeansProjects\Bank Management System\build\classes 
java_command: bank.management.system.SignupOne
java_class_path (initial): C:\Users\Istiak\Downloads\jcalendar-1.4\lib\jcalendar-1.4.jar;C:\Users\Istiak\Documents\NetBeansProjects\Bank Management System\build\classes
Launcher Type: SUN_STANDARD

[Global flags]
     intx CICompilerCount                          = 12                                        {product} {ergonomic}
     uint ConcGCThreads                            = 3                                         {product} {ergonomic}
     uint G1ConcRefinementThreads                  = 13                                        {product} {ergonomic}
   size_t G1HeapRegionSize                         = 2097152                                   {product} {ergonomic}
   size_t InitialHeapSize                          = 264241152                                 {product} {ergonomic}
   size_t MarkStackSize                            = 4194304                                   {product} {ergonomic}
   size_t MarkStackSizeMax                         = 536870912                                 {product} {ergonomic}
   size_t MaxHeapSize                              = 4196401152                                {product} {ergonomic}
   size_t MaxNewSize                               = 2516582400                                {product} {ergonomic}
   size_t MinHeapDeltaBytes                        = 2097152                                   {product} {ergonomic}
   size_t MinHeapSize                              = 8388608                                   {product} {ergonomic}
    uintx NonNMethodCodeHeapSize                   = 7602176                                {pd product} {ergonomic}
    uintx NonProfiledCodeHeapSize                  = 122093568                              {pd product} {ergonomic}
     bool PerfDisableSharedMem                     = true                                      {product} {ergonomic}
    uintx ProfiledCodeHeapSize                     = 121962496                              {pd product} {ergonomic}
    uintx ReservedCodeCacheSize                    = 251658240                              {pd product} {ergonomic}
     bool SegmentedCodeCache                       = true                                      {product} {ergonomic}
   size_t SoftMaxHeapSize                          = 4196401152                             {manageable} {ergonomic}
     bool UseCompressedOops                        = true                           {product lp64_product} {ergonomic}
     bool UseG1GC                                  = true                                      {product} {ergonomic}
     bool UseLargePagesIndividualAllocation        = false                                  {pd product} {ergonomic}

Logging:
Log output configuration:
 #0: stdout all=warning uptime,level,tags foldmultilines=false
 #1: stderr all=off uptime,level,tags foldmultilines=false

Environment Variables:
JAVA_HOME=C:\Program Files\Eclipse Adoptium\jdk-17.0.15.6-hotspot\
PATH=C:\Program Files\Eclipse Adoptium\jdk-17.0.15.6-hotspot\bin;C:\Program Files (x86)\Common Files\Oracle\Java\java8path;C:\Program Files (x86)\Common Files\Oracle\Java\javapath;C:\Program Files (x86)\Common Files\Intel\Shared Libraries\redist\intel64\compiler;C:\Windows\system32;C:\Windows;C:\Windows\System32\Wbem;C:\Windows\System32\WindowsPowerShell\v1.0\;C:\Windows\System32\OpenSSH\;C:\Program Files (x86)\NVIDIA Corporation\PhysX\Common;C:\Program Files\steghide;C:\WINDOWS\system32;C:\WINDOWS;C:\WINDOWS\System32\Wbem;C:\WINDOWS\System32\WindowsPowerShell\v1.0\;C:\WINDOWS\System32\OpenSSH\;C:\Program Files\NVIDIA Corporation\NVIDIA app\NvDLISR;C:\Program Files\Git\cmd;C:\Program Files\dotnet\;C:\Users\Istiak\AppData\Local\Programs\Python\Python39\Scripts\;C:\Users\Istiak\AppData\Local\Programs\Python\Python39\;C:\Users\Istiak\AppData\Local\Microsoft\WindowsApps;C:\Users\Istiak\AppData\Local\Programs\Microsoft VS Code\bin;C:\msys64\ucrt64\bin;C:\Users\Istiak\AppData\Local\Programs\Microsoft VS Code\bin;C:\Users\Istiak\AppData\Local\GitHubDesktop\bin
USERNAME=Istiak
OS=Windows_NT
PROCESSOR_IDENTIFIER=Intel64 Family 6 Model 154 Stepping 3, GenuineIntel
TMP=C:\Users\Istiak\AppData\Local\Temp
TEMP=C:\Users\Istiak\AppData\Local\Temp




Periodic native trim disabled

---------------  S Y S T E M  ---------------

OS:
 Windows 11 , 64 bit Build 26100 (10.0.26100.5074)
OS uptime: 2 days 15:46 hours
Hyper-V role detected

CPU: total 16 (initial active 16) (8 cores per cpu, 2 threads per core) family 6 model 154 stepping 3 microcode 0x434, cx8, cmov, fxsr, ht, mmx, 3dnowpref, sse, sse2, sse3, ssse3, sse4.1, sse4.2, popcnt, lzcnt, tsc, tscinvbit, avx, avx2, aes, erms, clmul, bmi1, bmi2, adx, sha, fma, vzeroupper, clflush, clflushopt, clwb, hv, serialize, rdtscp, rdpid, fsrm, gfni, f16c, cet_ibt, cet_ss
Processor Information for the first 16 processors :
  Max Mhz: 2500, Current Mhz: 2500, Mhz Limit: 2500

Memory: 4k page, system-wide physical 16004M (4584M free)
TotalPageFile size 37239M (AvailPageFile size 7689M)
current process WorkingSet (physical memory assigned to process): 18M, peak: 104M
current process commit charge ("private bytes"): 373M, peak: 378M

vm_info: OpenJDK 64-Bit Server VM (24.0.2+12) for windows-amd64 JRE (24.0.2+12) (Zulu24.32+13-CA), built on 2025-07-11T12:45:44Z with MS VC++ 17.1 (VS2022)

END.
