#
# A fatal error has been detected by the Java Runtime Environment:
#
#  EXCEPTION_ACCESS_VIOLATION (0xc0000005) at pc=0x00007ff92b2db006, pid=22380, tid=16192
#
# JRE version: OpenJDK Runtime Environment Zulu24.32+13-CA (24.0.2+12) (build 24.0.2+12)
# Java VM: OpenJDK 64-Bit Server VM Zulu24.32+13-CA (24.0.2+12, mixed mode, sharing, tiered, compressed oops, compressed class ptrs, g1 gc, windows-amd64)
# Problematic frame:
# C  [awt.dll+0xdb006]
#
# No core dump will be written. Minidumps are not enabled by default on client versions of Windows
#
# If you would like to submit a bug report, please visit:
#   http://www.azul.com/support/
# The crash happened outside the Java Virtual Machine in native code.
# See problematic frame for where to report the bug.
#

---------------  S U M M A R Y ------------

Command Line: -Dfile.encoding=UTF-8 --module-path=C:\Users\Istiak\Documents\NetBeansProjects\Bank Management System\build\classes bank.management.system.SignupOne

Host: 12th Gen Intel(R) Core(TM) i5-12500H, 16 cores, 15G,  Windows 11 , 64 bit Build 26100 (10.0.26100.5074)
Time: Sat Sep 13 06:20:53 2025 Bangladesh Standard Time elapsed time: 32457.685841 seconds (0d 9h 0m 57s)

---------------  T H R E A D  ---------------

Current thread (0x0000022e7e86ba20):  JavaThread "AWT-EventQueue-0"        [_thread_in_native, id=16192, stack(0x000000b7f8100000,0x000000b7f8200000) (1024K)]

Stack: [0x000000b7f8100000,0x000000b7f8200000],  sp=0x000000b7f81fec20,  free space=1019k
Native frames: (J=compiled Java code, j=interpreted, Vv=VM code, C=native code)
C  [awt.dll+0xdb006]  (no source info available)
C  [awt.dll+0xdc842]  (no source info available)
C  0x0000022e2c41ce20  (no source info available)

The last pc belongs to native method entry point (kind = native) (printed below).
Java frames: (J=compiled Java code, j=interpreted, Vv=VM code)
j  sun.awt.Win32GraphicsDevice.initNativeScale(I)V+0 java.desktop@24.0.2
j  sun.awt.Win32GraphicsDevice.initScaleFactors()V+60 java.desktop@24.0.2
j  sun.awt.Win32GraphicsDevice.displayChanged()V+16 java.desktop@24.0.2
j  sun.awt.Win32GraphicsEnvironment.displayChanged()V+271 java.desktop@24.0.2
j  sun.awt.windows.WToolkit.lambda$displayChanged$0()V+15 java.desktop@24.0.2
j  sun.awt.windows.WToolkit$$Lambda+0x0000022e3e0b7318.run()V+0 java.desktop@24.0.2
J 1627 c1 java.awt.event.InvocationEvent.dispatch()V java.desktop@24.0.2 (69 bytes) @ 0x0000022e251feb9c [0x0000022e251fe980+0x000000000000021c]
J 1469 c1 java.awt.EventQueue.dispatchEventImpl(Ljava/awt/AWTEvent;Ljava/lang/Object;)V java.desktop@24.0.2 (139 bytes) @ 0x0000022e251ba89c [0x0000022e251b8fa0+0x00000000000018fc]
J 1468 c1 java.awt.EventQueue.dispatchEvent(Ljava/awt/AWTEvent;)V java.desktop@24.0.2 (48 bytes) @ 0x0000022e251b89b4 [0x0000022e251b8760+0x0000000000000254]
J 1470 c1 java.awt.EventDispatchThread.pumpOneEventForFilters(I)V java.desktop@24.0.2 (106 bytes) @ 0x0000022e251bbbd4 [0x0000022e251bb3c0+0x0000000000000814]
j  java.awt.EventDispatchThread.pumpEventsForFilter(ILjava/awt/Conditional;Ljava/awt/EventFilter;)V+35 java.desktop@24.0.2
j  java.awt.EventDispatchThread.pumpEventsForHierarchy(ILjava/awt/Conditional;Ljava/awt/Component;)V+11 java.desktop@24.0.2
j  java.awt.EventDispatchThread.pumpEvents(ILjava/awt/Conditional;)V+4 java.desktop@24.0.2
j  java.awt.EventDispatchThread.pumpEvents(Ljava/awt/Conditional;)V+3 java.desktop@24.0.2
j  java.awt.EventDispatchThread.run()V+9 java.desktop@24.0.2
v  ~StubRoutines::call_stub 0x0000022e2c410fcd

siginfo: EXCEPTION_ACCESS_VIOLATION (0xc0000005), reading address 0x0000000000010051


Registers:
RAX=0x0000000000010001, RBX=0x0000022e7e8e9730, RCX=0x0000000000010001, RDX=0x0000000000000000
RSP=0x000000b7f81fec20, RBP=0x000000b7f81fed00, RSI=0x0000000000000000, RDI=0x0000000000000000
R8 =0x0000000000000001, R9 =0x000000b7f642a000, R10=0x0000022e2c41cec0, R11=0x0000000000000100
R12=0x0000000000000000, R13=0x0000022e0022f0a8, R14=0x000000b7f81fed28, R15=0x0000022e7e86ba20
RIP=0x00007ff92b2db006, EFLAGS=0x0000000000010202

XMM[0]=0x0000000000000000 0x0000000000000000
XMM[1]=0x0000000000000000 0x00000000bf800000
XMM[2]=0x0000000000000000 0x0000000000000000
XMM[3]=0x0000000000000000 0x0000000000000000
XMM[4]=0x0000000000000000 0x0000000000000000
XMM[5]=0x0000000000000000 0x0000000000000000
XMM[6]=0x0000000000000000 0xbff1e3779b97f4a8
XMM[7]=0x0000000000000000 0xbfe1e3779b97f4a8
XMM[8]=0x0000000000000000 0xbff8f1bbcdcbfa54
XMM[9]=0x0000000000000000 0x4008f1bbcdcbfa54
XMM[10]=0x0000000000000000 0x000000007a228066
XMM[11]=0x0000000000000000 0x0f3bf6a5bb3537cf
XMM[12]=0x0000000000000000 0x00000000abf9412a
XMM[13]=0x0000000000000000 0x0000000000000000
XMM[14]=0x0000000000000000 0x0000000000000000
XMM[15]=0x0000000000000000 0x0000000000000000
  MXCSR=0x00001fa2


Register to memory mapping:

RAX=0x0000000000010001 is an unknown value
RBX=0x0000022e7e8e9730 points into unknown readable memory: 0x0000022e7e869460 | 60 94 86 7e 2e 02 00 00
RCX=0x0000000000010001 is an unknown value
RDX=0x0 is null
RSP=0x000000b7f81fec20 is pointing into the stack for thread: 0x0000022e7e86ba20
RBP=0x000000b7f81fed00 is pointing into the stack for thread: 0x0000022e7e86ba20
RSI=0x0 is null
RDI=0x0 is null
R8 =0x0000000000000001 is an unknown value
R9 =0x000000b7f642a000 points into unknown readable memory: 0x0000000000000000 | 00 00 00 00 00 00 00 00
R10=0x0000022e2c41cec0 is at code_begin+1152 in an Interpreter codelet
native method entry point (kind = native)  [0x0000022e2c41ca40, 0x0000022e2c41d478]  2616 bytes
R11=0x0000000000000100 is an unknown value
R12=0x0 is null
R13={method} {0x0000022e0022f0b0} 'initNativeScale' '(I)V' in 'sun/awt/Win32GraphicsDevice'
R14=0x000000b7f81fed28 is pointing into the stack for thread: 0x0000022e7e86ba20
R15=0x0000022e7e86ba20 is a thread

Top of Stack: (sp=0x000000b7f81fec20)
0x000000b7f81fec20:   0000022e7e8e9730 0000022e7e86ba20   0..~.... ..~....
0x000000b7f81fec30:   0000022e7e86ba20 0000022e7e8e9730    ..~....0..~....
0x000000b7f81fec40:   0000022e7e8e9730 00007ff92b2dc842   0..~....B.-+....
0x000000b7f81fec50:   00007ff92b337838 0000022e0022f0a8   8x3+......".....
0x000000b7f81fec60:   000000b7f81fed38 000000b7f81fed10   8...............
0x000000b7f81fec70:   0000022e2c41899a 0000022e2c41ce20   ..A,.... .A,....
0x000000b7f81fec80:   0000022e0022f0a8 0000022e2c42a5e7   ..".......B,....
0x000000b7f81fec90:   0000022e3d7fe520 00000000000000bd    ..=............
0x000000b7f81feca0:   0000000000000120 0000022e2c418948    .......H.A,....
0x000000b7f81fecb0:   00000007145d78f8 fffffffffffffff7   .x].............
0x000000b7f81fecc0:   0000000000000000 0000000000000005   ................
0x000000b7f81fecd0:   0000022e00232650 0000000000000000   P&#.............
0x000000b7f81fece0:   000000071541c820 0000022e0022f0a8    .A.......".....
0x000000b7f81fecf0:   0000000000000000 000000b7f81fed20   ........ .......
0x000000b7f81fed00:   000000b7f81fed78 0000022e2c418800   x.........A,....
0x000000b7f81fed10:   0000000000000000 0000022e2c41a437   ........7.A,....
0x000000b7f81fed20:   0000000000000000 00000007145d6f78   ........xo].....
0x000000b7f81fed30:   fffffffffffffff7 0000022e0022f70c   ..........".....
0x000000b7f81fed40:   0000000000000002 0000022e00232650   ........P&#.....
0x000000b7f81fed50:   0000000000000000 000000071541c820   ........ .A.....
0x000000b7f81fed60:   0000022e0022f758 fffffffffffffff5   X.".............
0x000000b7f81fed70:   000000b7f81fed88 000000b7f81fedd8   ................
0x000000b7f81fed80:   0000022e2c418800 00000007145d6f78   ..A,....xo].....
0x000000b7f81fed90:   fffffffffffffff7 0000022e00230ec8   ..........#.....
0x000000b7f81feda0:   0000000000000003 0000022e00232650   ........P&#.....
0x000000b7f81fedb0:   0000000000000000 000000071541c820   ........ .A.....
0x000000b7f81fedc0:   0000022e00230f10 fffffffffffffff6   ..#.............
0x000000b7f81fedd0:   000000b7f81fedf0 000000b7f81fee40   ........@.......
0x000000b7f81fede0:   0000022e2c418800 0000000000000000   ..A,............
0x000000b7f81fedf0:   00000007145d6f78 fffffffffffffff7   xo].............
0x000000b7f81fee00:   0000022e00188397 0000000000000008   ................
0x000000b7f81fee10:   0000022e0018cab0 0000000000000000   ................

Instructions: (pc=0x00007ff92b2db006)
  0x00007ff92b2daf06:   11 45 d4 0f 11 45 e4 0f 11 45 f4 89 45 04 c7 45
  0x00007ff92b2daf16:   a0 68 00 00 00 0f 11 44 24 34 0f 11 44 24 44 0f
  0x00007ff92b2daf26:   11 44 24 54 0f 11 44 24 64 0f 11 44 24 74 0f 11
  0x00007ff92b2daf36:   45 84 89 45 94 c7 44 24 30 68 00 00 00 48 8d 55
  0x00007ff92b2daf46:   a0 49 8b ce ff 15 c8 59 06 00 85 c0 74 41 48 8d
  0x00007ff92b2daf56:   54 24 30 48 8b ce ff 15 b6 59 06 00 85 c0 74 2f
  0x00007ff92b2daf66:   48 8d 54 24 34 48 8d 4d a4 ff 15 eb 58 06 00 85
  0x00007ff92b2daf76:   c0 74 1c 48 8d 54 24 44 48 8d 4d b4 ff 15 d8 58
  0x00007ff92b2daf86:   06 00 85 c0 74 09 8b 44 24 54 39 45 c4 74 11 ff
  0x00007ff92b2daf96:   c7 3b 7b 0c 0f 8c 40 ff ff ff 8b 3d 7a 93 06 00
  0x00007ff92b2dafa6:   48 8b cb e8 e2 d1 f4 ff 90 8b c7 48 8b 4d 10 48
  0x00007ff92b2dafb6:   33 cc e8 b3 ee 00 00 4c 8d 9c 24 20 01 00 00 49
  0x00007ff92b2dafc6:   8b 5b 28 49 8b 73 30 49 8b e3 41 5e 5f 5d c3 cc
  0x00007ff92b2dafd6:   cc cc cc cc cc cc cc cc cc cc 48 8b 41 08 48 8b
  0x00007ff92b2dafe6:   80 18 0c 00 00 c3 cc cc cc cc 48 8b 41 08 48 05
  0x00007ff92b2daff6:   00 04 00 00 c3 cc cc cc cc cc 40 53 48 83 ec 20
=>0x00007ff92b2db006:   83 79 50 00 48 8b d9 75 56 48 8b 49 28 4c 8d 44
  0x00007ff92b2db016:   24 38 48 8d 54 24 30 c7 44 24 30 00 00 80 bf c7
  0x00007ff92b2db026:   44 24 38 00 00 80 bf e8 4e ce 00 00 f3 0f 10 54
  0x00007ff92b2db036:   24 30 0f 57 c0 0f 2f d0 76 25 f3 0f 10 4c 24 38
  0x00007ff92b2db046:   0f 2f c8 76 1a f3 0f 5e 15 b9 8c 02 00 f3 0f 5e
  0x00007ff92b2db056:   0d b1 8c 02 00 f3 0f 11 53 48 f3 0f 11 4b 4c 48
  0x00007ff92b2db066:   83 c4 20 5b c3 cc cc cc cc cc 48 89 5c 24 10 48
  0x00007ff92b2db076:   89 74 24 18 57 41 56 41 57 48 83 ec 40 48 8b d9
  0x00007ff92b2db086:   48 83 79 18 00 75 14 b9 28 04 00 00 e8 a9 85 00
  0x00007ff92b2db096:   00 48 89 43 18 c7 00 28 00 00 00 48 8b 43 18 33
  0x00007ff92b2db0a6:   ff 66 89 78 0e 48 8b 4b 28 e8 5c 03 00 00 48 8b
  0x00007ff92b2db0b6:   f0 41 bf 01 00 00 00 45 8b c7 41 8b d7 48 8b c8
  0x00007ff92b2db0c6:   ff 15 f4 54 06 00 4c 8b f0 89 7c 24 30 48 8b 4b
  0x00007ff92b2db0d6:   18 48 89 4c 24 28 48 89 7c 24 20 45 8b cf 45 33
  0x00007ff92b2db0e6:   c0 48 8b d0 48 8b ce ff 15 ed 53 06 00 48 8b 53
  0x00007ff92b2db0f6:   30 48 8b 0b 8b 05 24 92 06 00 83 79 04 08 0f 8e


Stack slot to memory mapping:

stack at sp + 0 slots: 0x0000022e7e8e9730 points into unknown readable memory: 0x0000022e7e869460 | 60 94 86 7e 2e 02 00 00
stack at sp + 1 slots: 0x0000022e7e86ba20 is a thread
stack at sp + 2 slots: 0x0000022e7e86ba20 is a thread
stack at sp + 3 slots: 0x0000022e7e8e9730 points into unknown readable memory: 0x0000022e7e869460 | 60 94 86 7e 2e 02 00 00
stack at sp + 4 slots: 0x0000022e7e8e9730 points into unknown readable memory: 0x0000022e7e869460 | 60 94 86 7e 2e 02 00 00
stack at sp + 5 slots: 0x00007ff92b2dc842 awt.dll
stack at sp + 6 slots: 0x00007ff92b337838 awt.dll
stack at sp + 7 slots: {method} {0x0000022e0022f0b0} 'initNativeScale' '(I)V' in 'sun/awt/Win32GraphicsDevice'

Lock stack of current Java thread (top to bottom):

native method entry point (kind = native)  [0x0000022e2c41ca40, 0x0000022e2c41d478]  2616 bytes
[MachCode]
  0x0000022e2c41ca40: 488b 4b08 | 0fb7 492e | 584c 8d74 | ccf8 6800 | 0000 0068 | 0000 0000 | 5055 488b | ec41 5568 
  0x0000022e2c41ca60: 0000 0000 | 4c8b 6b08 | 4d8d 6d38 | 5348 8b53 | 0848 8b52 | 0848 8b52 | 1848 8b52 | 7048 8b12 
  0x0000022e2c41ca80: 5248 8b53 | 1048 85d2 | 0f84 0700 | 0000 4881 | c208 0100 | 0052 488b | 5308 488b | 5208 488b 
  0x0000022e2c41caa0: 5210 5249 | 8bc6 482b | c548 c1e8 | 0350 6800 | 0000 0068 | f7ff ffff | 41c6 8771 | 0400 0001 
  0x0000022e2c41cac0: 488b 4310 | 4885 c074 | 208b 88cc | 0000 0083 | c102 8988 | cc00 0000 | 2388 e000 | 0000 0f84 
  0x0000022e2c41cae0: e408 0000 | e9cd 0000 | 0048 8b43 | 1848 85c0 | 0f85 b000 | 0000 e805 | 0000 00e9 | 9900 0000 
  0x0000022e2c41cb00: 488b d348 | 8d44 2408 | 4c89 6dc0 | 498b cfc5 | f877 4989 | afb8 0300 | 0049 8987 | a803 0000 
  0x0000022e2c41cb20: 4883 ec20 | 40f6 c40f | 0f84 1900 | 0000 4883 | ec08 48b8 | e016 25de | f87f 0000 | ffd0 4883 
  0x0000022e2c41cb40: c408 e90c | 0000 0048 | b8e0 1625 | def8 7f00 | 00ff d048 | 83c4 2049 | c787 a803 | 0000 0000 
  0x0000022e2c41cb60: 0000 49c7 | 87b8 0300 | 0000 0000 | 0049 c787 | b003 0000 | 0000 0000 | c5f8 7749 | 837f 0800 
  0x0000022e2c41cb80: 0f84 0500 | 0000 e935 | 43ff ff4c | 8b6d c04c | 8b75 c84e | 8d74 f500 | c348 8b43 | 1848 85c0 
  0x0000022e2c41cba0: 0f84 1000 | 0000 8b08 | 83c1 0289 | 0823 4814 | 0f84 1208 | 0000 493b | a7f0 0400 | 000f 8748 
  0x0000022e2c41cbc0: 0000 0089 | 8424 00f0 | ffff 8984 | 2400 e0ff | ff89 8424 | 00d0 ffff | 8984 2400 | c0ff ff89 
  0x0000022e2c41cbe0: 8424 00b0 | ffff 8984 | 2400 a0ff | ff89 8424 | 0090 ffff | 8984 2400 | 80ff ff49 | 3ba7 e804 
  0x0000022e2c41cc00: 0000 7607 | 4989 a7f0 | 0400 0041 | c687 7104 | 0000 0048 | 8b5d e84c | 8b5b 0845 | 0fb7 5b2e 
  0x0000022e2c41cc20: 41c1 e303 | 492b e348 | 83ec 2048 | 83e4 f04c | 8b5b 604d | 85db 0f85 | ab00 0000 | e805 0000 
  0x0000022e2c41cc40: 00e9 9900 | 0000 488b | d348 8d44 | 2408 4c89 | 6dc0 498b | cfc5 f877 | 4989 afb8 | 0300 0049 
  0x0000022e2c41cc60: 8987 a803 | 0000 4883 | ec20 40f6 | c40f 0f84 | 1900 0000 | 4883 ec08 | 48b8 0041 | 25de f87f 
  0x0000022e2c41cc80: 0000 ffd0 | 4883 c408 | e90c 0000 | 0048 b800 | 4125 def8 | 7f00 00ff | d048 83c4 | 2049 c787 
  0x0000022e2c41cca0: a803 0000 | 0000 0000 | 49c7 87b8 | 0300 0000 | 0000 0049 | c787 b003 | 0000 0000 | 0000 c5f8 
  0x0000022e2c41ccc0: 7749 837f | 0800 0f84 | 0500 0000 | e9ef 41ff | ff4c 8b6d | c04c 8b75 | c84e 8d74 | f500 c348 
  0x0000022e2c41cce0: 8b5d e84c | 8b5b 6041 | ffd3 488b | 5de8 4889 | 4518 448b | 5b28 41f6 | c308 0f84 | 1b00 0000 
  0x0000022e2c41cd00: 4c8b 5b08 | 4d8b 5b08 | 4d8b 5b18 | 4d8b 5b70 | 4d8b 1b4c | 895d 1048 | 8d55 1048 | 8b43 5849 
  0x0000022e2c41cd20: ba70 8c5e | def8 7f00 | 0049 3bc2 | 0f85 ab00 | 0000 e805 | 0000 00e9 | 9900 0000 | 488b d348 
  0x0000022e2c41cd40: 8d44 2408 | 4c89 6dc0 | 498b cfc5 | f877 4989 | afb8 0300 | 0049 8987 | a803 0000 | 4883 ec20 
  0x0000022e2c41cd60: 40f6 c40f | 0f84 1900 | 0000 4883 | ec08 48b8 | 0041 25de | f87f 0000 | ffd0 4883 | c408 e90c 
  0x0000022e2c41cd80: 0000 0048 | b800 4125 | def8 7f00 | 00ff d048 | 83c4 2049 | c787 a803 | 0000 0000 | 0000 49c7 
  0x0000022e2c41cda0: 87b8 0300 | 0000 0000 | 0049 c787 | b003 0000 | 0000 0000 | c5f8 7749 | 837f 0800 | 0f84 0500 
  0x0000022e2c41cdc0: 0000 e9f9 | 40ff ff4c | 8b6d c04c | 8b75 c84e | 8d74 f500 | c348 8b5d | e848 8b43 | 5849 8d8f 
  0x0000022e2c41cde0: c803 0000 | 4c8d 15d5 | 0000 004d | 8997 b003 | 0000 c5f8 | 7749 89af | b803 0000 | 4989 a7a8 
  0x0000022e2c41ce00: 0300 0041 | c787 5404 | 0000 0400 | 0000 493b | a748 0500 | 0076 0749 | 89a7 4805 | 0000 ffd0 
  0x0000022e2c41ce20: 493b a748 | 0500 0072 | 0b49 c787 | 4805 0000 | 0000 0000 | c5f8 7748 | 83ec 10c5 | fb11 0424 
  0x0000022e2c41ce40: 4883 ec10 | 4889 0424 | 48c7 4424 | 0800 0000 | 0041 c787 | 5404 0000 | 0500 0000 | f083 4424 
  0x0000022e2c41ce60: c000 493b | 6f28 0f87 | 0e00 0000 | 4183 bf50 | 0400 0000 | 0f84 2000 | 0000 498b | cf4c 8be4 
  0x0000022e2c41ce80: 4883 ec20 | 4883 e4f0 | 48b8 f0a5 | 26de f87f | 0000 ffd0 | 498b e44d | 33e4 41c7 | 8754 0400 
  0x0000022e2c41cea0: 0008 0000 | 004d 8b97 | 7005 0000 | 4983 fa00 | 7435 49c7 | 8770 0500 | 0000 0000 | 0041 ffe2 
  0x0000022e2c41cec0: 49ba 00bb | 412c 2e02 | 0000 41ff | d248 83ec | 10c5 fb11 | 0424 4883 | ec10 4889 | 0424 48c7 
  0x0000022e2c41cee0: 4424 0800 | 0000 0049 | c787 a803 | 0000 0000 | 0000 49c7 | 87b8 0300 | 0000 0000 | 0049 c787 
  0x0000022e2c41cf00: b003 0000 | 0000 0000 | c5f8 774d | 8b9f 3804 | 0000 41c7 | 8300 0100 | 0000 0000 | 0049 bb3a 
  0x0000022e2c41cf20: a441 2c2e | 0200 004c | 3b5d 180f | 8555 0100 | 0048 8b04 | 2448 83c4 | 1048 85c0 | 0f84 2f01 
  0x0000022e2c41cf40: 0000 a803 | 0f85 0800 | 0000 488b | 00e9 1f01 | 0000 a801 | 0f85 0900 | 0000 488b | 40fe e90e 
  0x0000022e2c41cf60: 0100 0048 | 8b40 ff41 | 807f 4800 | 0f84 ff00 | 0000 4883 | f800 0f84 | f500 0000 | 4d8b 5f38 
  0x0000022e2c41cf80: 4d85 db0f | 8414 0000 | 0049 83eb | 084d 895f | 384d 035f | 4049 8903 | e9d4 0000 | 0048 83ec 
  0x0000022e2c41cfa0: 7048 8904 | 2448 894c | 2408 4889 | 5424 104c | 8944 2418 | 4c89 4c24 | 204c 8954 | 2428 4c89 
  0x0000022e2c41cfc0: 5c24 30c5 | fb11 4424 | 40c5 fb11 | 4c24 48c5 | fb11 5424 | 50c5 fb11 | 5c24 58c5 | fb11 6424 
  0x0000022e2c41cfe0: 60c5 fb11 | 6c24 6849 | 8bd7 488b | c848 83ec | 2040 f6c4 | 0f0f 8419 | 0000 0048 | 83ec 0848 
  0x0000022e2c41d000: b8e0 1819 | def8 7f00 | 00ff d048 | 83c4 08e9 | 0c00 0000 | 48b8 e018 | 19de f87f | 0000 ffd0 
  0x0000022e2c41d020: 4883 c420 | c5fb 106c | 2468 c5fb | 1064 2460 | c5fb 105c | 2458 c5fb | 1054 2450 | c5fb 104c 
  0x0000022e2c41d040: 2448 c5fb | 1044 2440 | 4c8b 5c24 | 304c 8b54 | 2428 4c8b | 4c24 204c | 8b44 2418 | 488b 5424 
  0x0000022e2c41d060: 1048 8b4c | 2408 488b | 0424 4883 | c470 c5f8 | 7748 8945 | 1048 83ec | 1048 8904 | 2448 c744 
  0x0000022e2c41d080: 2408 0000 | 0000 4183 | bfd0 0400 | 0002 0f85 | bf00 0000 | 4881 ec80 | 0000 0048 | 8944 2478 
  0x0000022e2c41d0a0: 4889 4c24 | 7048 8954 | 2468 4889 | 5c24 6048 | 896c 2450 | 4889 7424 | 4848 897c | 2440 4c89 
  0x0000022e2c41d0c0: 4424 384c | 894c 2430 | 4c89 5424 | 284c 895c | 2420 4c89 | 6424 184c | 896c 2410 | 4c89 7424 
  0x0000022e2c41d0e0: 084c 893c | 244c 8be4 | 4883 ec20 | 4883 e4f0 | 48b8 6074 | 5ede f87f | 0000 ffd0 | 498b e44c 
  0x0000022e2c41d100: 8b3c 244c | 8b74 2408 | 4c8b 6c24 | 104c 8b64 | 2418 4c8b | 5c24 204c | 8b54 2428 | 4c8b 4c24 
  0x0000022e2c41d120: 304c 8b44 | 2438 488b | 7c24 4048 | 8b74 2448 | 488b 6c24 | 5048 8b5c | 2460 488b | 5424 6848 
  0x0000022e2c41d140: 8b4c 2470 | 488b 4424 | 7848 81c4 | 8000 0000 | 4d33 e448 | 8b5d e84c | 8b6b 084d | 8d6d 3849 
  0x0000022e2c41d160: 837f 0800 | 0f84 bb00 | 0000 e805 | 0000 00e9 | 9600 0000 | 488d 4424 | 084c 896d | c049 8bcf 
  0x0000022e2c41d180: c5f8 7749 | 89af b803 | 0000 4989 | 87a8 0300 | 0048 83ec | 2040 f6c4 | 0f0f 8419 | 0000 0048 
  0x0000022e2c41d1a0: 83ec 0848 | b8a0 5f25 | def8 7f00 | 00ff d048 | 83c4 08e9 | 0c00 0000 | 48b8 a05f | 25de f87f 
  0x0000022e2c41d1c0: 0000 ffd0 | 4883 c420 | 49c7 87a8 | 0300 0000 | 0000 0049 | c787 b803 | 0000 0000 | 0000 49c7 
  0x0000022e2c41d1e0: 87b0 0300 | 0000 0000 | 00c5 f877 | 4983 7f08 | 000f 8405 | 0000 00e9 | c43c ffff | 4c8b 6dc0 
  0x0000022e2c41d200: 4c8b 75c8 | 4e8d 74f5 | 00c3 48b9 | e034 8ede | f87f 0000 | 4883 e4f0 | 48b8 1090 | 4bde f87f 
  0x0000022e2c41d220: 0000 ffd0 | f444 8b5b | 2841 f6c3 | 200f 8472 | 0100 0048 | 8d55 a84c | 8b5a 084d | 85db 0f85 
  0x0000022e2c41d240: bb00 0000 | e805 0000 | 00e9 9600 | 0000 488d | 4424 084c | 896d c049 | 8bcf c5f8 | 7749 89af 
  0x0000022e2c41d260: b803 0000 | 4989 87a8 | 0300 0048 | 83ec 2040 | f6c4 0f0f | 8419 0000 | 0048 83ec | 0848 b8d0 
  0x0000022e2c41d280: 5e25 def8 | 7f00 00ff | d048 83c4 | 08e9 0c00 | 0000 48b8 | d05e 25de | f87f 0000 | ffd0 4883 
  0x0000022e2c41d2a0: c420 49c7 | 87a8 0300 | 0000 0000 | 0049 c787 | b803 0000 | 0000 0000 | 49c7 87b0 | 0300 0000 
  0x0000022e2c41d2c0: 0000 00c5 | f877 4983 | 7f08 000f | 8405 0000 | 00e9 ea3b | ffff 4c8b | 6dc0 4c8b | 75c8 4e8d 
  0x0000022e2c41d2e0: 74f5 00c3 | 48b9 e034 | 8ede f87f | 0000 4883 | e4f0 48b8 | 1090 4bde | f87f 0000 | ffd0 f44c 
  0x0000022e2c41d300: 896d c04c | 8b4a 0848 | c742 0800 | 0000 0045 | 8b87 5806 | 0000 4f3b | 4c07 f80f | 8542 0000 
  0x0000022e2c41d320: 0041 83af | 5806 0000 | 084f 3b4c | 07f0 0f84 | 2a00 0000 | 498b 01a8 | 020f 8512 | 0000 004c 
  0x0000022e2c41d340: 8bc0 4983 | c801 f04d | 0fb1 010f | 840d 0000 | 0041 8387 | 5806 0000 | 08e9 0500 | 0000 e93e 
  0x0000022e2c41d360: 0000 004c | 894a 0848 | 8bca 4883 | ec20 40f6 | c40f 0f84 | 1900 0000 | 4883 ec08 | 48b8 f030 
  0x0000022e2c41d380: 25de f87f | 0000 ffd0 | 4883 c408 | e90c 0000 | 0048 b8f0 | 3025 def8 | 7f00 00ff | d048 83c4 
  0x0000022e2c41d3a0: 204c 8b6d | c048 8b04 | 2448 83c4 | 10c5 fb10 | 0424 4883 | c410 4c8b | 5d18 41ff | d34c 8b5d 
  0x0000022e2c41d3c0: f8c9 5f49 | 8be3 ffe7 | ba00 0000 | 00e8 0500 | 0000 e996 | 0000 0048 | 8d44 2408 | 4c89 6dc0 
  0x0000022e2c41d3e0: 498b cfc5 | f877 4989 | afb8 0300 | 0049 8987 | a803 0000 | 4883 ec20 | 40f6 c40f | 0f84 1900 
  0x0000022e2c41d400: 0000 4883 | ec08 48b8 | a025 25de | f87f 0000 | ffd0 4883 | c408 e90c | 0000 0048 | b8a0 2525 
  0x0000022e2c41d420: def8 7f00 | 00ff d048 | 83c4 2049 | c787 a803 | 0000 0000 | 0000 49c7 | 87b8 0300 | 0000 0000 
  0x0000022e2c41d440: 0049 c787 | b003 0000 | 0000 0000 | c5f8 7749 | 837f 0800 | 0f84 0500 | 0000 e961 | 3aff ff4c 
  0x0000022e2c41d460: 8b6d c04c | 8b75 c84e | 8d74 f500 | c348 8b5d | e8e9 40f7 | ffff 6690 
[/MachCode]

Compiled method (c1) 32458981 1627   !   3       java.awt.event.InvocationEvent::dispatch (69 bytes)
 total in heap  [0x0000022e251fe808,0x0000022e251ff000] = 2040
 relocation     [0x0000022e251fe8e0,0x0000022e251fe968] = 136
 main code      [0x0000022e251fe980,0x0000022e251fef90] = 1552
 stub code      [0x0000022e251fef90,0x0000022e251feff8] = 104
 metadata       [0x0000022e251feff8,0x0000022e251ff000] = 8
 immutable data [0x0000022e7eb89800,0x0000022e7eb899a8] = 424
 dependencies   [0x0000022e7eb89800,0x0000022e7eb89808] = 8
 nul chk table  [0x0000022e7eb89808,0x0000022e7eb89820] = 24
 handler table  [0x0000022e7eb89820,0x0000022e7eb898b0] = 144
 scopes pcs     [0x0000022e7eb898b0,0x0000022e7eb89950] = 160
 scopes data    [0x0000022e7eb89950,0x0000022e7eb899a8] = 88

[Constant Pool (empty)]

[MachCode]
[Instructions begin]
  0x0000022e251fe980: 6666 660f | 1f84 0000 | 0000 0066 | 6666 9066 | 6690 448b | 5208 443b 

  0x0000022e251fe998: ;   {runtime_call Shared Runtime ic_miss_blob}
  0x0000022e251fe998: 5008 0f85 | c0fd 2507 
[Verified Entry Point]
  0x0000022e251fe9a0: 8984 2400 | 80ff ff55 | 4883 ec30 | 4181 7f20 | 0100 0000 

  0x0000022e251fe9b4: ;   {runtime_call StubRoutines (final stubs)}
  0x0000022e251fe9b4: 7405 e845 | 6f24 0748 | 8954 2418 

  0x0000022e251fe9c0: ;   {metadata(method data for {method} {0x0000022e005cd9b0} 'dispatch' '()V' in 'java/awt/event/InvocationEvent')}
  0x0000022e251fe9c0: 48be 7829 | 7700 2e02 | 0000 8bbe | cc00 0000 | 83c7 0289 | becc 0000 | 0081 e7fe | 0700 0085 
  0x0000022e251fe9e0: ff0f 84c7 | 0400 000f | be72 1d85 

  0x0000022e251fe9ec: ;   {metadata(method data for {method} {0x0000022e005cd9b0} 'dispatch' '()V' in 'java/awt/event/InvocationEvent')}
  0x0000022e251fe9ec: f648 be78 | 2977 002e | 0200 00bf | 1001 0000 | 7405 bf20 | 0100 0048 | 8b1c 3e48 | 8d5b 0148 
  0x0000022e251fea0c: 891c 3e0f | 84d1 0000 | 008b 7228 | 48c1 e603 

  0x0000022e251fea1c: ; implicit exception: dispatches to 0x0000022e251feecf
  0x0000022e251fea1c: 483b 0648 

  0x0000022e251fea20: ;   {metadata(method data for {method} {0x0000022e005cd9b0} 'dispatch' '()V' in 'java/awt/event/InvocationEvent')}
  0x0000022e251fea20: 8bfe 48bb | 7829 7700 | 2e02 0000 | 8b7f 0849 | ba00 0000 | 3d2e 0200 | 0049 03fa | 483b bb38 
  0x0000022e251fea40: 0100 0075 | 0d48 8383 | 4001 0000 | 01e9 6000 | 0000 483b | bb48 0100 | 0075 0d48 | 8383 5001 
  0x0000022e251fea60: 0000 01e9 | 4a00 0000 | 4883 bb38 | 0100 0000 | 7517 4889 | bb38 0100 | 0048 c783 | 4001 0000 
  0x0000022e251fea80: 0100 0000 | e929 0000 | 0048 83bb | 4801 0000 | 0075 1748 | 89bb 4801 | 0000 48c7 | 8350 0100 
  0x0000022e251feaa0: 0001 0000 | 00e9 0800 | 0000 4883 | 8330 0100 | 0001 488b | d648 b8d0 | 3d09 7e2e 

  0x0000022e251feabc: ;   {virtual_call}
  0x0000022e251feabc: 0200 00e8 

  0x0000022e251feac0: ; ImmutableOopMap {[24]=Oop }
                      ;*invokeinterface run {reexecute=0 rethrow=0 return_oop=0}
                      ; - java.awt.event.InvocationEvent::dispatch@11 (line 308)
  0x0000022e251feac0: 9c02 2607 

  0x0000022e251feac4: ;   {post_call_nop}
  0x0000022e251feac4: 0f1f 8400 | bc02 0000 

  0x0000022e251feacc: ;   {metadata(method data for {method} {0x0000022e005cd9b0} 'dispatch' '()V' in 'java/awt/event/InvocationEvent')}
  0x0000022e251feacc: 48ba 7829 | 7700 2e02 | 0000 ff82 | 6001 0000 | 488b 5424 | 18e9 1f03 | 0000 8b72 | 2848 c1e6 
  0x0000022e251feaec: 0348 3b06 

  0x0000022e251feaf0: ;   {metadata(method data for {method} {0x0000022e005cd9b0} 'dispatch' '()V' in 'java/awt/event/InvocationEvent')}
  0x0000022e251feaf0: 488b fe48 | bb78 2977 | 002e 0200 | 008b 7f08 | 49ba 0000 | 003d 2e02 | 0000 4903 | fa48 3bbb 
  0x0000022e251feb10: 1802 0000 | 750d 4883 | 8320 0200 | 0001 e960 | 0000 0048 | 3bbb 2802 | 0000 750d | 4883 8330 
  0x0000022e251feb30: 0200 0001 | e94a 0000 | 0048 83bb | 1802 0000 | 0075 1748 | 89bb 1802 | 0000 48c7 | 8320 0200 
  0x0000022e251feb50: 0001 0000 | 00e9 2900 | 0000 4883 | bb28 0200 | 0000 7517 | 4889 bb28 | 0200 0048 | c783 3002 
  0x0000022e251feb70: 0000 0100 | 0000 e908 | 0000 0048 | 8383 1002 | 0000 0148 | 8bd6 0f1f | 8000 0000 | 0048 b8f8 
  0x0000022e251feb90: 3d09 7e2e 

  0x0000022e251feb94: ;   {virtual_call}
  0x0000022e251feb94: 0200 00e8 

  0x0000022e251feb98: ; ImmutableOopMap {[24]=Oop }
                      ;*invokeinterface run {reexecute=0 rethrow=0 return_oop=0}
                      ; - java.awt.event.InvocationEvent::dispatch@47 (line 318)
  0x0000022e251feb98: 84bc 3207 

  0x0000022e251feb9c: ;   {post_call_nop}
  0x0000022e251feb9c: 0f1f 8400 | 9403 0001 | 488b 5424 | 18e9 5702 | 0000 498b | 8708 0500 | 004d 33d2 | 4d89 9708 
  0x0000022e251febbc: 0500 004d | 33d2 4d89 | 9710 0500 | 0048 85c0 

  0x0000022e251febcc: ;   {metadata(method data for {method} {0x0000022e005cd9b0} 'dispatch' '()V' in 'java/awt/event/InvocationEvent')}
  0x0000022e251febcc: 48be 7829 | 7700 2e02 | 0000 750c | 808e 7101 | 0000 01e9 | af00 0000 | 8b78 0849 | ba00 0000 
  0x0000022e251febec: 3d2e 0200 | 0049 03fa | 483b be80 | 0100 0075 | 0d48 8386 | 8801 0000 | 01e9 6000 | 0000 483b 
  0x0000022e251fec0c: be90 0100 | 0075 0d48 | 8386 9801 | 0000 01e9 | 4a00 0000 | 4883 be80 | 0100 0000 | 7517 4889 
  0x0000022e251fec2c: be80 0100 | 0048 c786 | 8801 0000 | 0100 0000 | e929 0000 | 0048 83be | 9001 0000 | 0075 1748 
  0x0000022e251fec4c: 89be 9001 | 0000 48c7 | 8698 0100 | 0001 0000 | 00e9 0800 | 0000 4883 | 8678 0100 

  0x0000022e251fec68: ;   {metadata('java/lang/Exception')}
  0x0000022e251fec68: 0001 48bf | e8f4 1b3d | 2e02 0000 | 8b70 0849 | ba00 0000 | 3d2e 0200 | 0049 03f2 | 483b 7e40 
  0x0000022e251fec88: 0f85 0500 | 0000 e905 | 0000 004d | 33c0 eb06 | 41b8 0100 | 0000 4585 

  0x0000022e251feca0: ;   {metadata(method data for {method} {0x0000022e005cd9b0} 'dispatch' '()V' in 'java/awt/event/InvocationEvent')}
  0x0000022e251feca0: c049 b878 | 2977 002e | 0200 00ba | a801 0000 | 7405 bab8 | 0100 0049 | 8b34 1048 | 8d76 0149 
  0x0000022e251fecc0: 8934 1048 | 8b54 2418 | 0f84 f900 | 0000 4885 

  0x0000022e251fecd0: ;   {metadata(method data for {method} {0x0000022e005cd9b0} 'dispatch' '()V' in 'java/awt/event/InvocationEvent')}
  0x0000022e251fecd0: c048 bf78 | 2977 002e | 0200 0075 | 0c80 8fc1 | 0100 0001 | e9af 0000 | 008b 5808 | 49ba 0000 
  0x0000022e251fecf0: 003d 2e02 | 0000 4903 | da48 3b9f | d001 0000 | 750d 4883 | 87d8 0100 | 0001 e960 | 0000 0048 
  0x0000022e251fed10: 3b9f e001 | 0000 750d | 4883 87e8 | 0100 0001 | e94a 0000 | 0048 83bf | d001 0000 | 0075 1748 
  0x0000022e251fed30: 899f d001 | 0000 48c7 | 87d8 0100 | 0001 0000 | 00e9 2900 | 0000 4883 | bfe0 0100 | 0000 7517 
  0x0000022e251fed50: 4889 9fe0 | 0100 0048 | c787 e801 | 0000 0100 | 0000 e908 | 0000 0048 | 8387 c801 

  0x0000022e251fed6c: ;   {metadata('java/lang/Exception')}
  0x0000022e251fed6c: 0000 0148 | bbe8 f41b | 3d2e 0200 | 008b 7808 | 49ba 0000 | 003d 2e02 | 0000 4903 | fa48 3b5f 
  0x0000022e251fed8c: 400f 8546 | 0100 00e9 | 0000 0000 | 4c8b c041 | 0fbe 7748 | 85f6 0f85 | 3a01 0000 | 4d8b d049 
  0x0000022e251fedac: c1ea 0344 | 8952 3448 | 8bf2 4933 | f048 c1ee | 1548 83fe | 000f 853a | 0100 0045 | 0fbe 4748 
  0x0000022e251fedcc: 4585 c00f | 8544 0100 | 004c 8bd0 | 49c1 ea03 | 4489 5238 | 4c8b c24c | 33c0 49c1 | e815 4983 
  0x0000022e251fedec: f800 0f85 | 4501 0000 

  0x0000022e251fedf4: ;   {metadata(method data for {method} {0x0000022e005cd9b0} 'dispatch' '()V' in 'java/awt/event/InvocationEvent')}
  0x0000022e251fedf4: 49b8 7829 | 7700 2e02 | 0000 41ff | 80f8 0100 | 004c 8bc2 

  0x0000022e251fee08: ;   {metadata(method data for {method} {0x0000022e005cd9b0} 'dispatch' '()V' in 'java/awt/event/InvocationEvent')}
  0x0000022e251fee08: 48be 7829 | 7700 2e02 | 0000 4883 | 8640 0200 | 0001 41b8 | 0100 0000 | 0f1f 8000 

  0x0000022e251fee24: ;   {optimized virtual_call}
  0x0000022e251fee24: 0000 00e8 

  0x0000022e251fee28: ; ImmutableOopMap {}
                      ;*invokevirtual finishedDispatching {reexecute=0 rethrow=0 return_oop=0}
                      ; - java.awt.event.InvocationEvent::dispatch@54 (line 321)
  0x0000022e251fee28: 8801 0000 

  0x0000022e251fee2c: ;   {post_call_nop}
  0x0000022e251fee2c: 0f1f 8400 | 2406 0002 

  0x0000022e251fee34: ;   {metadata(method data for {method} {0x0000022e005cd9b0} 'dispatch' '()V' in 'java/awt/event/InvocationEvent')}
  0x0000022e251fee34: 48b8 7829 | 7700 2e02 | 0000 ff80 | 7002 0000 | 4883 c430 

  0x0000022e251fee48: ;   {poll_return}
  0x0000022e251fee48: 5d49 3b67 | 280f 87fe | 0000 00c3 | 488b 5424 | 1849 8b87 | 0805 0000 | 4d33 d24d | 8997 0805 
  0x0000022e251fee68: 0000 4d33 | d24d 8997 | 1005 0000 

  0x0000022e251fee74: ;   {metadata(method data for {method} {0x0000022e005cd9b0} 'dispatch' '()V' in 'java/awt/event/InvocationEvent')}
  0x0000022e251fee74: 4c8b c248 | be78 2977 | 002e 0200 | 0048 8386 | 8802 0000 | 0141 b801 | 0000 0048 | 8944 2420 
  0x0000022e251fee94: ;   {optimized virtual_call}
  0x0000022e251fee94: 6666 90e8 

  0x0000022e251fee98: ; ImmutableOopMap {[32]=Oop }
                      ;*invokevirtual finishedDispatching {reexecute=0 rethrow=0 return_oop=0}
                      ; - java.awt.event.InvocationEvent::dispatch@63 (line 321)
  0x0000022e251fee98: c4fb 2507 

  0x0000022e251fee9c: ;   {post_call_nop}
  0x0000022e251fee9c: 0f1f 8400 | 9406 0003 | 488b 4424 | 20e9 d600 

  0x0000022e251feeac: ;   {metadata({method} {0x0000022e005cd9b0} 'dispatch' '()V' in 'java/awt/event/InvocationEvent')}
  0x0000022e251feeac: 0000 49ba | a8d9 5c00 | 2e02 0000 | 4c89 5424 | 0848 c704 | 24ff ffff 

  0x0000022e251feec4: ;   {runtime_call C1 Runtime counter_overflow_blob}
  0x0000022e251feec4: ffe8 9647 

  0x0000022e251feec8: ; ImmutableOopMap {rdx=Oop [24]=Oop }
                      ;*synchronization entry
                      ; - java.awt.event.InvocationEvent::dispatch@-1 (line 306)
  0x0000022e251feec8: 3207 e918 

  0x0000022e251feecc: ;   {runtime_call C1 Runtime throw_null_pointer_exception_blob}
  0x0000022e251feecc: fbff ffe8 

  0x0000022e251feed0: ; ImmutableOopMap {rdx=Oop rsi=Oop [24]=Oop }
                      ;*invokeinterface run {reexecute=0 rethrow=0 return_oop=0}
                      ; - java.awt.event.InvocationEvent::dispatch@11 (line 308)
  0x0000022e251feed0: 0cdc 3007 

  0x0000022e251feed4: ;   {runtime_call C1 Runtime throw_null_pointer_exception_blob}
  0x0000022e251feed4: e807 dc30 

  0x0000022e251feed8: ; ImmutableOopMap {rdx=Oop rsi=Oop [24]=Oop }
                      ;*invokeinterface run {reexecute=0 rethrow=0 return_oop=0}
                      ; - java.awt.event.InvocationEvent::dispatch@47 (line 318)
  0x0000022e251feed8: 0748 8904 

  0x0000022e251feedc: ;   {runtime_call C1 Runtime throw_class_cast_exception_blob}
  0x0000022e251feedc: 24e8 7e1a 

  0x0000022e251feee0: ; ImmutableOopMap {rax=Oop rdx=Oop [24]=Oop }
                      ;*checkcast {reexecute=0 rethrow=0 return_oop=0}
                      ; - java.awt.event.InvocationEvent::dispatch@29 (line 312)
  0x0000022e251feee0: 3207 8b72 | 3448 c1e6 | 0348 83fe | 000f 84b5 | feff ff48 

  0x0000022e251feef4: ;   {runtime_call g1_pre_barrier_slow}
  0x0000022e251feef4: 8934 24e8 | 644d 3207 | e9a7 feff | ff49 83f8 | 000f 84bc | feff ff48 

  0x0000022e251fef0c: ;   {runtime_call g1_post_barrier_slow}
  0x0000022e251fef0c: 8914 24e8 | 4c50 3207 | e9ae feff | ff44 8b42 | 3849 c1e0 | 0349 83f8 | 000f 84aa | feff ff4c 
  0x0000022e251fef2c: ;   {runtime_call g1_pre_barrier_slow}
  0x0000022e251fef2c: 8904 24e8 | 2c4d 3207 | e99c feff | ff48 83f8 | 000f 84b1 | feff ff48 

  0x0000022e251fef44: ;   {runtime_call g1_post_barrier_slow}
  0x0000022e251fef44: 8914 24e8 | 1450 3207 | e9a3 feff 

  0x0000022e251fef50: ;   {internal_word}
  0x0000022e251fef50: ff49 ba49 | ee1f 252e | 0200 004d | 8997 6004 

  0x0000022e251fef60: ;   {runtime_call SafepointBlob}
  0x0000022e251fef60: 0000 e979 | 6d26 0749 | 8b87 0805 | 0000 49c7 | 8708 0500 | 0000 0000 | 0049 c787 | 1005 0000 
  0x0000022e251fef80: 0000 0000 | 4883 c430 

  0x0000022e251fef88: ;   {runtime_call C1 Runtime unwind_exception_blob}
  0x0000022e251fef88: 5de9 52cc | 3007 f4f4 
[Stub Code]
  0x0000022e251fef90: ;   {no_reloc}
  0x0000022e251fef90: 0f1f 4400 

  0x0000022e251fef94: ;   {static_stub}
  0x0000022e251fef94: 0048 bb00 | 0000 0000 

  0x0000022e251fef9c: ;   {runtime_call nmethod}
  0x0000022e251fef9c: 0000 00e9 | fbff ffff 

  0x0000022e251fefa4: ;   {static_stub}
  0x0000022e251fefa4: 9048 bb00 | 0000 0000 

  0x0000022e251fefac: ;   {runtime_call nmethod}
  0x0000022e251fefac: 0000 00e9 | fbff ffff 

  0x0000022e251fefb4: ;   {static_stub}
  0x0000022e251fefb4: 48bb a8dd | 5c00 2e02 

  0x0000022e251fefbc: ;   {runtime_call I2C/C2I adapters}
  0x0000022e251fefbc: 0000 e9f3 

  0x0000022e251fefc0: ;   {runtime_call C1 Runtime handle_exception_from_callee_blob}
  0x0000022e251fefc0: 5726 07e8 | 9813 3207 

  0x0000022e251fefc8: ;   {external_word}
  0x0000022e251fefc8: 48b9 e034 | 8ede f87f | 0000 4883 

  0x0000022e251fefd4: ;   {runtime_call}
  0x0000022e251fefd4: e4f0 48b8 | 1090 4bde | f87f 0000 

  0x0000022e251fefe0: ;   {section_word}
  0x0000022e251fefe0: ffd0 f449 | bae3 ef1f | 252e 0200 

  0x0000022e251fefec: ;   {runtime_call DeoptimizationBlob}
  0x0000022e251fefec: 0041 52e9 | 8c62 2607 | f4f4 f4f4 
[/MachCode]


Compiled method (c1) 32459281 1469       3       java.awt.EventQueue::dispatchEventImpl (139 bytes)
 total in heap  [0x0000022e251b8c08,0x0000022e251bb140] = 9528
 relocation     [0x0000022e251b8ce0,0x0000022e251b8f88] = 680
 main code      [0x0000022e251b8fa0,0x0000022e251baf58] = 8120
 stub code      [0x0000022e251baf58,0x0000022e251bb068] = 272
 oops           [0x0000022e251bb068,0x0000022e251bb078] = 16
 metadata       [0x0000022e251bb078,0x0000022e251bb140] = 200
 immutable data [0x0000022e7e0a8a80,0x0000022e7e0a9208] = 1928
 dependencies   [0x0000022e7e0a8a80,0x0000022e7e0a8ab8] = 56
 nul chk table  [0x0000022e7e0a8ab8,0x0000022e7e0a8b38] = 128
 handler table  [0x0000022e7e0a8b38,0x0000022e7e0a8bf8] = 192
 scopes pcs     [0x0000022e7e0a8bf8,0x0000022e7e0a8fd8] = 992
 scopes data    [0x0000022e7e0a8fd8,0x0000022e7e0a9208] = 560

[Constant Pool (empty)]

[MachCode]
[Instructions begin]
  0x0000022e251b8fa0: 6666 660f | 1f84 0000 | 0000 0066 | 6666 9066 | 6690 448b | 5208 443b 

  0x0000022e251b8fb8: ;   {runtime_call Shared Runtime ic_miss_blob}
  0x0000022e251b8fb8: 5008 0f85 | a057 2a07 
[Verified Entry Point]
  0x0000022e251b8fc0: 8984 2400 | 80ff ff55 | 4881 ecd0 | 0000 0090 | 4181 7f20 | 0100 0000 

  0x0000022e251b8fd8: ;   {runtime_call StubRoutines (final stubs)}
  0x0000022e251b8fd8: 7405 e821 | c928 074c | 8984 24a8 

  0x0000022e251b8fe4: ;   {metadata(method data for {method} {0x0000022e001727a8} 'dispatchEventImpl' '(Ljava/awt/AWTEvent;Ljava/lang/Object;)V' in 'java/awt/EventQueue')}
  0x0000022e251b8fe4: 0000 0048 | be48 c274 | 002e 0200 | 008b becc | 0000 0083 | c702 89be | cc00 0000 | 81e7 fe07 
  0x0000022e251b9004: 0000 85ff | 0f84 121b | 0000 41c6 | 4016 014d 

  0x0000022e251b9014: ;   {metadata(method data for {method} {0x0000022e001727a8} 'dispatchEventImpl' '(Ljava/awt/AWTEvent;Ljava/lang/Object;)V' in 'java/awt/EventQueue')}
  0x0000022e251b9014: 85c0 48bb | 48c2 7400 | 2e02 0000 | 750c 808b | 0901 0000 | 01e9 cb00 | 0000 418b | 4008 49ba 
  0x0000022e251b9034: 0000 003d | 2e02 0000 | 4903 c248 | 3b83 1801 | 0000 750d | 4883 8320 | 0100 0001 | e960 0000 
  0x0000022e251b9054: 0048 3b83 | 2801 0000 | 750d 4883 | 8330 0100 | 0001 e94a | 0000 0048 | 83bb 1801 | 0000 0075 
  0x0000022e251b9074: 1748 8983 | 1801 0000 | 48c7 8320 | 0100 0001 | 0000 00e9 | 2900 0000 | 4883 bb28 | 0100 0000 
  0x0000022e251b9094: 7517 4889 | 8328 0100 | 0048 c783 | 3001 0000 | 0100 0000 | e908 0000 | 0048 8383 | 1001 0000 
  0x0000022e251b90b4: ;   {metadata('java/awt/ActiveEvent')}
  0x0000022e251b90b4: 0148 b8b0 | d15c 002e | 0200 0041 | 8b58 0849 | ba00 0000 | 3d2e 0200 | 0049 03da | 483b 4320 
  0x0000022e251b90d4: 0f84 2400 | 0000 483b | d80f 841b | 0000 0053 

  0x0000022e251b90e4: ;   {runtime_call C1 Runtime slow_subtype_check_blob}
  0x0000022e251b90e4: 50e8 567e | 3607 5b5b | 85db 0f84 | 0500 0000 | e905 0000 | 0048 33f6 | eb05 be01 | 0000 0085 
  0x0000022e251b9104: ;   {metadata(method data for {method} {0x0000022e001727a8} 'dispatchEventImpl' '(Ljava/awt/AWTEvent;Ljava/lang/Object;)V' in 'java/awt/EventQueue')}
  0x0000022e251b9104: f648 be48 | c274 002e | 0200 00bf | 5001 0000 | 7505 bf40 | 0100 0048 | 8b1c 3e48 | 8d5b 0148 
  0x0000022e251b9124: 891c 3e0f | 85ab 1500 | 004d 85c9 

  0x0000022e251b9130: ;   {metadata(method data for {method} {0x0000022e001727a8} 'dispatchEventImpl' '(Ljava/awt/AWTEvent;Ljava/lang/Object;)V' in 'java/awt/EventQueue')}
  0x0000022e251b9130: 48bb 48c2 | 7400 2e02 | 0000 750c | 808b 0102 | 0000 01e9 | b100 0000 | 418b 4108 | 49ba 0000 
  0x0000022e251b9150: 003d 2e02 | 0000 4903 | c248 3b83 | 1002 0000 | 750d 4883 | 8318 0200 | 0001 e960 | 0000 0048 
  0x0000022e251b9170: 3b83 2002 | 0000 750d | 4883 8328 | 0200 0001 | e94a 0000 | 0048 83bb | 1002 0000 | 0075 1748 
  0x0000022e251b9190: 8983 1002 | 0000 48c7 | 8318 0200 | 0001 0000 | 00e9 2900 | 0000 4883 | bb20 0200 | 0000 7517 
  0x0000022e251b91b0: 4889 8320 | 0200 0048 | c783 2802 | 0000 0100 | 0000 e908 | 0000 0048 | 8383 0802 

  0x0000022e251b91cc: ;   {metadata('java/awt/Component')}
  0x0000022e251b91cc: 0000 0148 | b8b8 d808 | 002e 0200 | 0041 8b59 | 0849 ba00 | 0000 3d2e | 0200 0049 | 03da 483b 
  0x0000022e251b91ec: 4338 0f85 | 0500 0000 | e905 0000 | 0048 33f6 | eb05 be01 | 0000 0085 

  0x0000022e251b9204: ;   {metadata(method data for {method} {0x0000022e001727a8} 'dispatchEventImpl' '(Ljava/awt/AWTEvent;Ljava/lang/Object;)V' in 'java/awt/EventQueue')}
  0x0000022e251b9204: f648 be48 | c274 002e | 0200 00bf | 3802 0000 | 7405 bf48 | 0200 0048 | 8b1c 3e48 | 8d5b 0148 
  0x0000022e251b9224: 891c 3e0f | 84e4 0600 | 004d 85c9 

  0x0000022e251b9230: ;   {metadata(method data for {method} {0x0000022e001727a8} 'dispatchEventImpl' '(Ljava/awt/AWTEvent;Ljava/lang/Object;)V' in 'java/awt/EventQueue')}
  0x0000022e251b9230: 48bf 48c2 | 7400 2e02 | 0000 750c | 808f 5102 | 0000 01e9 | b100 0000 | 418b 5908 | 49ba 0000 
  0x0000022e251b9250: 003d 2e02 | 0000 4903 | da48 3b9f | 6002 0000 | 750d 4883 | 8768 0200 | 0001 e960 | 0000 0048 
  0x0000022e251b9270: 3b9f 7002 | 0000 750d | 4883 8778 | 0200 0001 | e94a 0000 | 0048 83bf | 6002 0000 | 0075 1748 
  0x0000022e251b9290: 899f 6002 | 0000 48c7 | 8768 0200 | 0001 0000 | 00e9 2900 | 0000 4883 | bf70 0200 | 0000 7517 
  0x0000022e251b92b0: 4889 9f70 | 0200 0048 | c787 7802 | 0000 0100 | 0000 e908 | 0000 0048 | 8387 5802 

  0x0000022e251b92cc: ;   {metadata('java/awt/Component')}
  0x0000022e251b92cc: 0000 0148 | bbb8 d808 | 002e 0200 | 0041 8b79 | 0849 ba00 | 0000 3d2e | 0200 0049 | 03fa 483b 
  0x0000022e251b92ec: 5f38 0f85 | 5218 0000 | e900 0000 | 0049 8bd1 

  0x0000022e251b92fc: ; implicit exception: dispatches to 0x0000022e251bab4f
  0x0000022e251b92fc: 483b 0248 

  0x0000022e251b9300: ;   {metadata(method data for {method} {0x0000022e001727a8} 'dispatchEventImpl' '(Ljava/awt/AWTEvent;Ljava/lang/Object;)V' in 'java/awt/EventQueue')}
  0x0000022e251b9300: 8bf2 48bf | 48c2 7400 | 2e02 0000 | 8b76 0849 | ba00 0000 | 3d2e 0200 | 0049 03f2 | 483b b790 
  0x0000022e251b9320: 0200 0075 | 0d48 8387 | 9802 0000 | 01e9 6000 | 0000 483b | b7a0 0200 | 0075 0d48 | 8387 a802 
  0x0000022e251b9340: 0000 01e9 | 4a00 0000 | 4883 bf90 | 0200 0000 | 7517 4889 | b790 0200 | 0048 c787 | 9802 0000 
  0x0000022e251b9360: 0100 0000 | e929 0000 | 0048 83bf | a002 0000 | 0075 1748 | 89b7 a002 | 0000 48c7 | 87a8 0200 
  0x0000022e251b9380: 0001 0000 | 00e9 0800 | 0000 4883 | 8788 0200 

  0x0000022e251b9390: ;   {metadata(method data for {method} {0x0000022e00080d48} 'dispatchEvent' '(Ljava/awt/AWTEvent;)V' in 'java/awt/Component')}
  0x0000022e251b9390: 0001 48be | f0c8 7400 | 2e02 0000 | 8bbe cc00 | 0000 83c7 | 0289 becc | 0000 0081 | e7fe ff1f 
  0x0000022e251b93b0: 0085 ff0f | 849b 1700 | 0048 8bf2 

  0x0000022e251b93bc: ;   {metadata(method data for {method} {0x0000022e00080d48} 'dispatchEvent' '(Ljava/awt/AWTEvent;)V' in 'java/awt/Component')}
  0x0000022e251b93bc: 48bf f0c8 | 7400 2e02 | 0000 8b76 | 0849 ba00 | 0000 3d2e | 0200 0049 | 03f2 483b | b718 0100 
  0x0000022e251b93dc: 0075 0d48 | 8387 2001 | 0000 01e9 | 6000 0000 | 483b b728 | 0100 0075 | 0d48 8387 | 3001 0000 
  0x0000022e251b93fc: 01e9 4a00 | 0000 4883 | bf18 0100 | 0000 7517 | 4889 b718 | 0100 0048 | c787 2001 | 0000 0100 
  0x0000022e251b941c: 0000 e929 | 0000 0048 | 83bf 2801 | 0000 0075 | 1748 89b7 | 2801 0000 | 48c7 8730 | 0100 0001 
  0x0000022e251b943c: 0000 00e9 | 0800 0000 | 4883 8710 | 0100 0001 | 498b f04c | 8bc6 6666 | 9048 b8a0 | 339b 7e2e 
  0x0000022e251b945c: ;   {virtual_call}
  0x0000022e251b945c: 0200 00e8 

  0x0000022e251b9460: ; ImmutableOopMap {[168]=Oop }
                      ;*invokevirtual dispatchEventImpl {reexecute=0 rethrow=0 return_oop=0}
                      ; - java.awt.Component::dispatchEvent@2 (line 4790)
                      ; - java.awt.EventQueue::dispatchEventImpl@41 (line 725)
  0x0000022e251b9460: cc18 3707 

  0x0000022e251b9464: ;   {post_call_nop}
  0x0000022e251b9464: 0f1f 8400 | 5c08 0000 | 4c8b 8424 | a800 0000 

  0x0000022e251b9474: ;   {metadata(method data for {method} {0x0000022e001727a8} 'dispatchEventImpl' '(Ljava/awt/AWTEvent;Ljava/lang/Object;)V' in 'java/awt/EventQueue')}
  0x0000022e251b9474: 48be 48c2 | 7400 2e02 | 0000 458b | 4008 49ba | 0000 003d | 2e02 0000 | 4d03 c24c | 3b86 c002 
  0x0000022e251b9494: 0000 750d | 4883 86c8 | 0200 0001 | e960 0000 | 004c 3b86 | d002 0000 | 750d 4883 | 86d8 0200 
  0x0000022e251b94b4: 0001 e94a | 0000 0048 | 83be c002 | 0000 0075 | 174c 8986 | c002 0000 | 48c7 86c8 | 0200 0001 
  0x0000022e251b94d4: 0000 00e9 | 2900 0000 | 4883 bed0 | 0200 0000 | 7517 4c89 | 86d0 0200 | 0048 c786 | d802 0000 
  0x0000022e251b94f4: 0100 0000 | e908 0000 | 0048 8386 | b802 0000 

  0x0000022e251b9504: ;   {metadata(method data for {method} {0x0000022e000c2970} 'dispatched' '()V' in 'java/awt/AWTEvent')}
  0x0000022e251b9504: 0148 be78 | ca74 002e | 0200 008b | becc 0000 | 0083 c702 | 89be cc00 | 0000 81e7 | feff 1f00 
  0x0000022e251b9524: 85ff 0f84 | 4916 0000 | 4c8b 8424 | a800 0000 

  0x0000022e251b9534: ;   {metadata(method data for {method} {0x0000022e000c2970} 'dispatched' '()V' in 'java/awt/AWTEvent')}
  0x0000022e251b9534: 4d85 c048 | bb78 ca74 | 002e 0200 | 0075 0c80 | 8b09 0100 | 0001 e9b1 | 0000 0041 | 8b40 0849 
  0x0000022e251b9554: ba00 0000 | 3d2e 0200 | 0049 03c2 | 483b 8318 | 0100 0075 | 0d48 8383 | 2001 0000 | 01e9 6000 
  0x0000022e251b9574: 0000 483b | 8328 0100 | 0075 0d48 | 8383 3001 | 0000 01e9 | 4a00 0000 | 4883 bb18 | 0100 0000 
  0x0000022e251b9594: 7517 4889 | 8318 0100 | 0048 c783 | 2001 0000 | 0100 0000 | e929 0000 | 0048 83bb | 2801 0000 
  0x0000022e251b95b4: 0075 1748 | 8983 2801 | 0000 48c7 | 8330 0100 | 0001 0000 | 00e9 0800 | 0000 4883 | 8310 0100 
  0x0000022e251b95d4: ;   {metadata('java/awt/event/InputEvent')}
  0x0000022e251b95d4: 0001 48b8 | 1075 0f00 | 2e02 0000 | 418b 5808 | 49ba 0000 | 003d 2e02 | 0000 4903 | da48 3b43 
  0x0000022e251b95f4: 500f 8505 | 0000 00e9 | 0500 0000 | 4833 f6eb | 05be 0100 | 0000 85f6 

  0x0000022e251b960c: ;   {metadata(method data for {method} {0x0000022e000c2970} 'dispatched' '()V' in 'java/awt/AWTEvent')}
  0x0000022e251b960c: 48be 78ca | 7400 2e02 | 0000 bf40 | 0100 0074 | 05bf 5001 | 0000 488b | 1c3e 488d | 5b01 4889 
  0x0000022e251b962c: 1c3e 0f84 | c914 0000 

  0x0000022e251b9634: ;   {metadata(method data for {method} {0x0000022e000c2970} 'dispatched' '()V' in 'java/awt/AWTEvent')}
  0x0000022e251b9634: 48be 78ca | 7400 2e02 | 0000 4883 | 8660 0100 

  0x0000022e251b9644: ;   {metadata(method data for {method} {0x0000022e000dd300} 'getInputEventAccessor' '()Lsun/awt/AWTAccessor$InputEventAccessor;' in 'sun/awt/AWTAccessor')}
  0x0000022e251b9644: 0001 48be | 88cc 7400 | 2e02 0000 | 8bbe cc00 | 0000 83c7 | 0289 becc | 0000 0081 | e7fe ff1f 
  0x0000022e251b9664: 0085 ff0f | 8429 1500 

  0x0000022e251b966c: ;   {oop(a 'java/lang/Class'{0x00000007157734a0} = 'sun/awt/AWTAccessor')}
  0x0000022e251b966c: 0048 bea0 | 3477 1507 | 0000 008b | b684 0000 | 0048 c1e6 | 0348 85f6 

  0x0000022e251b9684: ;   {metadata(method data for {method} {0x0000022e000dd300} 'getInputEventAccessor' '()Lsun/awt/AWTAccessor$InputEventAccessor;' in 'sun/awt/AWTAccessor')}
  0x0000022e251b9684: 48bf 88cc | 7400 2e02 | 0000 bb10 | 0100 0075 | 05bb 2001 | 0000 488b | 041f 488d | 4001 4889 
  0x0000022e251b96a4: 041f 0f85 | f412 0000 

  0x0000022e251b96ac: ;   {metadata(method data for {method} {0x0000022e000dd300} 'getInputEventAccessor' '()Lsun/awt/AWTAccessor$InputEventAccessor;' in 'sun/awt/AWTAccessor')}
  0x0000022e251b96ac: 48be 88cc | 7400 2e02 | 0000 4883 | 8630 0100 

  0x0000022e251b96bc: ;   {metadata(method data for {method} {0x0000022e000dfac0} 'ensureClassInitialized' '(Ljava/lang/Class;)V' in 'sun/awt/AWTAccessor')}
  0x0000022e251b96bc: 0001 48be | 882f 6100 | 2e02 0000 | 8bbe cc00 | 0000 83c7 | 0289 becc | 0000 0081 | e7fe ff1f 
  0x0000022e251b96dc: 0085 ff0f | 84d2 1400 

  0x0000022e251b96e4: ;   {metadata(method data for {method} {0x0000022e000dfac0} 'ensureClassInitialized' '(Ljava/lang/Class;)V' in 'sun/awt/AWTAccessor')}
  0x0000022e251b96e4: 0048 be88 | 2f61 002e | 0200 0048 | 8386 1001 

  0x0000022e251b96f4: ;   {metadata(method data for {method} {0x0000022e3d44ab28} 'lookup' '()Ljava/lang/invoke/MethodHandles$Lookup;' in 'java/lang/invoke/MethodHandles')}
  0x0000022e251b96f4: 0000 0148 | be38 3161 | 002e 0200 | 008b becc | 0000 0083 | c702 89be | cc00 0000 | 81e7 feff 
  0x0000022e251b9714: 1f00 85ff | 0f84 ba14 

  0x0000022e251b971c: ;   {metadata(method data for {method} {0x0000022e3d44ab28} 'lookup' '()Ljava/lang/invoke/MethodHandles$Lookup;' in 'java/lang/invoke/MethodHandles')}
  0x0000022e251b971c: 0000 48be | 3831 6100 | 2e02 0000 | 4883 8610 | 0100 0001 | 0f1f 8000 

  0x0000022e251b9734: ;   {static_call}
  0x0000022e251b9734: 0000 00e8 

  0x0000022e251b9738: ; ImmutableOopMap {[168]=Oop }
                      ;*invokestatic getCallerClass {reexecute=0 rethrow=0 return_oop=0}
                      ; - java.lang.invoke.MethodHandles::lookup@0 (line 126)
                      ; - sun.awt.AWTAccessor::ensureClassInitialized@0 (line 1464)
                      ; - sun.awt.AWTAccessor::getInputEventAccessor@10 (line 963)
                      ; - java.awt.AWTEvent::dispatched@7 (line 571)
                      ; - java.awt.EventQueue::dispatchEventImpl@45 (line 726)
  0x0000022e251b9738: 2459 2a07 

  0x0000022e251b973c: ;   {post_call_nop}
  0x0000022e251b973c: 0f1f 8400 | 340b 0001 | 4c8b c04d 

  0x0000022e251b9748: ;   {metadata(method data for {method} {0x0000022e3d44ab28} 'lookup' '()Ljava/lang/invoke/MethodHandles$Lookup;' in 'java/lang/invoke/MethodHandles')}
  0x0000022e251b9748: 85c0 48ba | 3831 6100 | 2e02 0000 | be30 0100 | 0074 05be | 2001 0000 | 488b 3c32 | 488d 7f01 
  0x0000022e251b9768: 4889 3c32 | 0f84 5511 

  0x0000022e251b9770: ;   {metadata('java/lang/invoke/MethodHandles$Lookup')}
  0x0000022e251b9770: 0000 48ba | b8a5 1e3d | 2e02 0000 | 498b 87c8 | 0100 0048 | 8d78 2049 | 3bbf d801 | 0000 0f87 
  0x0000022e251b9790: 6514 0000 | 4989 bfc8 | 0100 0048 | c700 0100 | 0000 488b | ca49 ba00 | 0000 3d2e | 0200 0049 
  0x0000022e251b97b0: 2bca 8948 | 0848 33c9 | 8948 0c48 | 33c9 4889 | 4810 4889 | 4818 4c8b 

  0x0000022e251b97c8: ;   {metadata(method data for {method} {0x0000022e3d44ab28} 'lookup' '()Ljava/lang/invoke/MethodHandles$Lookup;' in 'java/lang/invoke/MethodHandles')}
  0x0000022e251b97c8: c848 bf38 | 3161 002e | 0200 0048 | 8387 5001 

  0x0000022e251b97d8: ;   {metadata(method data for {method} {0x0000022e3d44edd8} '<init>' '(Ljava/lang/Class;)V' in 'java/lang/invoke/MethodHandles$Lookup')}
  0x0000022e251b97d8: 0000 0149 | b9d0 3261 | 002e 0200 | 0041 8bb9 | cc00 0000 | 83c7 0241 | 89b9 cc00 | 0000 81e7 
  0x0000022e251b97f8: feff 1f00 | 85ff 0f84 | 0214 0000 

  0x0000022e251b9804: ;   {metadata(method data for {method} {0x0000022e3d44edd8} '<init>' '(Ljava/lang/Class;)V' in 'java/lang/invoke/MethodHandles$Lookup')}
  0x0000022e251b9804: 4c8b c848 | bfd0 3261 | 002e 0200 | 0048 8387 | 1001 0000 

  0x0000022e251b9818: ;   {oop(nullptr)}
  0x0000022e251b9818: 0149 b900 | 0000 0000 | 0000 00bf | 5f00 0000 | 488b d048 | 8984 24b0 | 0000 000f 

  0x0000022e251b9834: ;   {optimized virtual_call}
  0x0000022e251b9834: 1f40 00e8 

  0x0000022e251b9838: ; ImmutableOopMap {[168]=Oop [176]=Oop }
                      ;*invokespecial <init> {reexecute=0 rethrow=0 return_oop=0}
                      ; - java.lang.invoke.MethodHandles$Lookup::<init>@5 (line 1534)
                      ; - java.lang.invoke.MethodHandles::lookup@23 (line 130)
                      ; - sun.awt.AWTAccessor::ensureClassInitialized@0 (line 1464)
                      ; - sun.awt.AWTAccessor::getInputEventAccessor@10 (line 963)
                      ; - java.awt.AWTEvent::dispatched@7 (line 571)
                      ; - java.awt.EventQueue::dispatchEventImpl@45 (line 726)
  0x0000022e251b9838: 2452 2a07 

  0x0000022e251b983c: ;   {post_call_nop}
  0x0000022e251b983c: 0f1f 8400 | 340c 0002 | 488b 8424 | b000 0000 

  0x0000022e251b984c: ;   {metadata(method data for {method} {0x0000022e000dfac0} 'ensureClassInitialized' '(Ljava/lang/Class;)V' in 'sun/awt/AWTAccessor')}
  0x0000022e251b984c: 4c8b c048 | ba88 2f61 | 002e 0200 | 0045 8b40 | 0849 ba00 | 0000 3d2e | 0200 004d | 03c2 4c3b 
  0x0000022e251b986c: 8228 0100 | 0075 0d48 | 8382 3001 | 0000 01e9 | 6000 0000 | 4c3b 8238 | 0100 0075 | 0d48 8382 
  0x0000022e251b988c: 4001 0000 | 01e9 4a00 | 0000 4883 | ba28 0100 | 0000 7517 | 4c89 8228 | 0100 0048 | c782 3001 
  0x0000022e251b98ac: 0000 0100 | 0000 e929 | 0000 0048 | 83ba 3801 | 0000 0075 | 174c 8982 | 3801 0000 | 48c7 8240 
  0x0000022e251b98cc: 0100 0001 | 0000 00e9 | 0800 0000 | 4883 8220 | 0100 0001 

  0x0000022e251b98e0: ;   {oop(a 'java/lang/Class'{0x00000007157b4078} = 'java/awt/event/InputEvent')}
  0x0000022e251b98e0: 49b8 7840 | 7b15 0700 | 0000 488b 

  0x0000022e251b98ec: ;   {optimized virtual_call}
  0x0000022e251b98ec: d066 90e8 

  0x0000022e251b98f0: ; ImmutableOopMap {[168]=Oop }
                      ;*invokevirtual ensureInitialized {reexecute=0 rethrow=0 return_oop=0}
                      ; - sun.awt.AWTAccessor::ensureClassInitialized@4 (line 1464)
                      ; - sun.awt.AWTAccessor::getInputEventAccessor@10 (line 963)
                      ; - java.awt.AWTEvent::dispatched@7 (line 571)
                      ; - java.awt.EventQueue::dispatchEventImpl@45 (line 726)
  0x0000022e251b98f0: 6c51 2a07 

  0x0000022e251b98f4: ;   {post_call_nop}
  0x0000022e251b98f4: 0f1f 8400 | ec0c 0003 

  0x0000022e251b98fc: ;   {metadata(method data for {method} {0x0000022e000dfac0} 'ensureClassInitialized' '(Ljava/lang/Class;)V' in 'sun/awt/AWTAccessor')}
  0x0000022e251b98fc: 48ba 882f | 6100 2e02 | 0000 ff82 | 5001 0000 | e97b 1000 | 004d 85c9 

  0x0000022e251b9914: ;   {metadata(method data for {method} {0x0000022e001727a8} 'dispatchEventImpl' '(Ljava/awt/AWTEvent;Ljava/lang/Object;)V' in 'java/awt/EventQueue')}
  0x0000022e251b9914: 48bb 48c2 | 7400 2e02 | 0000 750c | 808b f902 | 0000 01e9 | b000 0000 | 418b 4108 | 49ba 0000 
  0x0000022e251b9934: 003d 2e02 | 0000 4903 | c248 3b83 | 0803 0000 | 750d 4883 | 8310 0300 | 0001 e960 | 0000 0048 
  0x0000022e251b9954: 3b83 1803 | 0000 750d | 4883 8320 | 0300 0001 | e94a 0000 | 0048 83bb | 0803 0000 | 0075 1748 
  0x0000022e251b9974: 8983 0803 | 0000 48c7 | 8310 0300 | 0001 0000 | 00e9 2900 | 0000 4883 | bb18 0300 | 0000 7517 
  0x0000022e251b9994: 4889 8318 | 0300 0048 | c783 2003 | 0000 0100 | 0000 e908 | 0000 0048 | 8383 0003 

  0x0000022e251b99b0: ;   {metadata('java/awt/MenuComponent')}
  0x0000022e251b99b0: 0000 0148 | b8f0 5b61 | 002e 0200 | 0041 8b79 | 0849 ba00 | 0000 3d2e | 0200 0049 | 03fa 483b 
  0x0000022e251b99d0: c70f 8505 | 0000 00e9 | 0500 0000 | 4833 f6eb | 05be 0100 | 0000 85f6 

  0x0000022e251b99e8: ;   {metadata(method data for {method} {0x0000022e001727a8} 'dispatchEventImpl' '(Ljava/awt/AWTEvent;Ljava/lang/Object;)V' in 'java/awt/EventQueue')}
  0x0000022e251b99e8: 48be 48c2 | 7400 2e02 | 0000 bf40 | 0300 0075 | 05bf 3003 | 0000 488b | 1c3e 488d | 5b01 4889 
  0x0000022e251b9a08: 1c3e 0f85 | 280b 0000 

  0x0000022e251b9a10: ;   {metadata(method data for {method} {0x0000022e001727a8} 'dispatchEventImpl' '(Ljava/awt/AWTEvent;Ljava/lang/Object;)V' in 'java/awt/EventQueue')}
  0x0000022e251b9a10: 4d85 c948 | bb48 c274 | 002e 0200 | 0075 0c80 | 8bc1 0300 | 0001 e9dd | 0000 0041 | 8b41 0849 
  0x0000022e251b9a30: ba00 0000 | 3d2e 0200 | 0049 03c2 | 483b 83d0 | 0300 0075 | 0d48 8383 | d803 0000 | 01e9 6000 
  0x0000022e251b9a50: 0000 483b | 83e0 0300 | 0075 0d48 | 8383 e803 | 0000 01e9 | 4a00 0000 | 4883 bbd0 | 0300 0000 
  0x0000022e251b9a70: 7517 4889 | 83d0 0300 | 0048 c783 | d803 0000 | 0100 0000 | e929 0000 | 0048 83bb | e003 0000 
  0x0000022e251b9a90: 0075 1748 | 8983 e003 | 0000 48c7 | 83e8 0300 | 0001 0000 | 00e9 0800 | 0000 4883 | 83c8 0300 
  0x0000022e251b9ab0: 0001 660f | 1f44 0000 

  0x0000022e251b9ab8: ;   {no_reloc}
  0x0000022e251b9ab8: e979 1100 | 0000 0000 | 0000 418b | 5908 49ba | 0000 003d | 2e02 0000 | 4903 da48 | 3bd8 0f84 
  0x0000022e251b9ad8: 3100 0000 | 8b78 1448 | 3b04 3b0f | 8424 0000 | 0083 ff20 | 0f85 1600 | 0000 5350 

  0x0000022e251b9af4: ;   {runtime_call C1 Runtime slow_subtype_check_blob}
  0x0000022e251b9af4: e847 7436 | 075b 5885 | c00f 8405 | 0000 00e9 | 0500 0000 | 4833 f6eb | 05be 0100 | 0000 85f6 
  0x0000022e251b9b14: ;   {metadata(method data for {method} {0x0000022e001727a8} 'dispatchEventImpl' '(Ljava/awt/AWTEvent;Ljava/lang/Object;)V' in 'java/awt/EventQueue')}
  0x0000022e251b9b14: 48be 48c2 | 7400 2e02 | 0000 bf08 | 0400 0075 | 05bf f803 | 0000 488b | 1c3e 488d | 5b01 4889 
  0x0000022e251b9b34: 1c3e 0f85 | be08 0000 

  0x0000022e251b9b3c: ;   {metadata(method data for {method} {0x0000022e001727a8} 'dispatchEventImpl' '(Ljava/awt/AWTEvent;Ljava/lang/Object;)V' in 'java/awt/EventQueue')}
  0x0000022e251b9b3c: 4d85 c948 | bb48 c274 | 002e 0200 | 0075 0c80 | 8b89 0400 | 0001 e9b0 | 0000 0041 | 8b41 0849 
  0x0000022e251b9b5c: ba00 0000 | 3d2e 0200 | 0049 03c2 | 483b 8398 | 0400 0075 | 0d48 8383 | a004 0000 | 01e9 6000 
  0x0000022e251b9b7c: 0000 483b | 83a8 0400 | 0075 0d48 | 8383 b004 | 0000 01e9 | 4a00 0000 | 4883 bb98 | 0400 0000 
  0x0000022e251b9b9c: 7517 4889 | 8398 0400 | 0048 c783 | a004 0000 | 0100 0000 | e929 0000 | 0048 83bb | a804 0000 
  0x0000022e251b9bbc: 0075 1748 | 8983 a804 | 0000 48c7 | 83b0 0400 | 0001 0000 | 00e9 0800 | 0000 4883 | 8390 0400 
  0x0000022e251b9bdc: ;   {metadata('sun/awt/AWTAutoShutdown')}
  0x0000022e251b9bdc: 0001 48b8 | 8075 063e | 2e02 0000 | 418b 7908 | 49ba 0000 | 003d 2e02 | 0000 4903 | fa48 3bc7 
  0x0000022e251b9bfc: 0f85 0500 | 0000 e905 | 0000 0048 | 33f6 eb05 | be01 0000 

  0x0000022e251b9c10: ;   {metadata(method data for {method} {0x0000022e001727a8} 'dispatchEventImpl' '(Ljava/awt/AWTEvent;Ljava/lang/Object;)V' in 'java/awt/EventQueue')}
  0x0000022e251b9c10: 0085 f648 | be48 c274 | 002e 0200 | 00bf c004 | 0000 7405 | bfd0 0400 | 0048 8b1c | 3e48 8d5b 
  0x0000022e251b9c30: 0148 891c | 3e0f 8448 | 0100 0048 

  0x0000022e251b9c3c: ;   {metadata(method data for {method} {0x0000022e001727a8} 'dispatchEventImpl' '(Ljava/awt/AWTEvent;Ljava/lang/Object;)V' in 'java/awt/EventQueue')}
  0x0000022e251b9c3c: 8bf2 48bf | 48c2 7400 | 2e02 0000 | 4883 87e0 | 0400 0001 

  0x0000022e251b9c50: ;   {metadata(method data for {method} {0x0000022e00171de0} 'noEvents' '()Z' in 'java/awt/EventQueue')}
  0x0000022e251b9c50: 48be 40cf | 7400 2e02 | 0000 8bbe | cc00 0000 | 83c7 0289 | becc 0000 | 0081 e7fe | ff1f 0085 
  0x0000022e251b9c70: ff0f 84c9 | 0f00 00be | 0000 0000 | e994 0000 | 000f 1f80 | 0000 0000 | 8b7a 2048 | c1e7 033b 
  0x0000022e251b9c90: 770c 0f83 | d30f 0000 | 4863 de8b | 7c9f 1048 | c1e7 038b | 7f0c 48c1 | e703 4885 

  0x0000022e251b9cac: ;   {metadata(method data for {method} {0x0000022e00171de0} 'noEvents' '()Z' in 'java/awt/EventQueue')}
  0x0000022e251b9cac: ff48 bf40 | cf74 002e | 0200 00bb | 4001 0000 | 7505 bb30 | 0100 0048 | 8b04 1f48 | 8d40 0148 
  0x0000022e251b9ccc: 8904 1f0f | 8570 0000 

  0x0000022e251b9cd4: ;   {metadata(method data for {method} {0x0000022e00171de0} 'noEvents' '()Z' in 'java/awt/EventQueue')}
  0x0000022e251b9cd4: 00ff c648 | bf40 cf74 | 002e 0200 | 008b 9fd0 | 0000 0083 | c302 899f | d000 0000 | 81e3 fe3f 
  0x0000022e251b9cf4: 0000 85db | 0f84 800f | 0000 4d8b 

  0x0000022e251b9d00: ; ImmutableOopMap {rdx=Oop }
                      ;*goto {reexecute=1 rethrow=0 return_oop=0}
                      ; - (reexecute) java.awt.EventQueue::noEvents@24 (line 520)
                      ; - java.awt.EventQueue::dispatchEventImpl@95 (line 732)
                      ;   {poll}
  0x0000022e251b9d00: 5730 4185 

  0x0000022e251b9d04: ;   {metadata(method data for {method} {0x0000022e00171de0} 'noEvents' '()Z' in 'java/awt/EventQueue')}
  0x0000022e251b9d04: 0248 bf40 | cf74 002e | 0200 00ff | 8750 0100 | 0083 fe04 

  0x0000022e251b9d18: ;   {metadata(method data for {method} {0x0000022e00171de0} 'noEvents' '()Z' in 'java/awt/EventQueue')}
  0x0000022e251b9d18: 48bf 40cf | 7400 2e02 | 0000 bb10 | 0100 007d | 05bb 2001 | 0000 488b | 041f 488d | 4001 4889 
  0x0000022e251b9d38: 041f 0f8d | 0f00 0000 | e943 ffff | ffbe 0000 | 0000 e905 | 0000 00be | 0100 0000 

  0x0000022e251b9d54: ;   {metadata(method data for {method} {0x0000022e001727a8} 'dispatchEventImpl' '(Ljava/awt/AWTEvent;Ljava/lang/Object;)V' in 'java/awt/EventQueue')}
  0x0000022e251b9d54: 85f6 48be | 48c2 7400 | 2e02 0000 | bf10 0500 | 0074 05bf | 2005 0000 | 488b 1c3e | 488d 5b01 
  0x0000022e251b9d74: 4889 1c3e | 0f84 8f0d | 0000 e9ec 

  0x0000022e251b9d80: ;   {metadata(method data for {method} {0x0000022e001727a8} 'dispatchEventImpl' '(Ljava/awt/AWTEvent;Ljava/lang/Object;)V' in 'java/awt/EventQueue')}
  0x0000022e251b9d80: 0500 0048 | ba48 c274 | 002e 0200 | 0048 8382 | 7805 0000 

  0x0000022e251b9d94: ;   {metadata(method data for {method} {0x0000022e00170bb0} 'getEventLog' '()Lsun/util/logging/PlatformLogger;' in 'java/awt/EventQueue')}
  0x0000022e251b9d94: 0148 ba20 | d274 002e | 0200 008b | b2cc 0000 | 0083 c602 | 89b2 cc00 | 0000 81e6 | feff 1f00 
  0x0000022e251b9db4: 85f6 0f84 | e30e 0000 

  0x0000022e251b9dbc: ;   {oop(a 'java/lang/Class'{0x00000007157db118} = 'java/awt/EventQueue')}
  0x0000022e251b9dbc: 48ba 18b1 | 7d15 0700 | 0000 8b52 | 7848 c1e2 | 0348 85d2 

  0x0000022e251b9dd0: ;   {metadata(method data for {method} {0x0000022e00170bb0} 'getEventLog' '()Lsun/util/logging/PlatformLogger;' in 'java/awt/EventQueue')}
  0x0000022e251b9dd0: 48ba 20d2 | 7400 2e02 | 0000 be10 | 0100 0075 | 05be 2001 | 0000 488b | 3c32 488d | 7f01 4889 
  0x0000022e251b9df0: 3c32 0f85 | 6800 0000 

  0x0000022e251b9df8: ;   {metadata(method data for {method} {0x0000022e00170bb0} 'getEventLog' '()Lsun/util/logging/PlatformLogger;' in 'java/awt/EventQueue')}
  0x0000022e251b9df8: 48ba 20d2 | 7400 2e02 | 0000 4883 | 8230 0100 

  0x0000022e251b9e08: ;   {oop("java.awt.event.EventQueue"{0x0000000714ef5ca8})}
  0x0000022e251b9e08: 0001 48ba | a85c ef14 | 0700 0000 

  0x0000022e251b9e14: ;   {static_call}
  0x0000022e251b9e14: 6666 90e8 

  0x0000022e251b9e18: ; ImmutableOopMap {[168]=Oop }
                      ;*invokestatic getLogger {reexecute=0 rethrow=0 return_oop=0}
                      ; - java.awt.EventQueue::getEventLog@8 (line 181)
                      ; - java.awt.EventQueue::dispatchEventImpl@111 (line 736)
  0x0000022e251b9e18: 4452 2a07 

  0x0000022e251b9e1c: ;   {post_call_nop}
  0x0000022e251b9e1c: 0f1f 8400 | 1412 0005 

  0x0000022e251b9e24: ;   {oop(a 'java/lang/Class'{0x00000007157db118} = 'java/awt/EventQueue')}
  0x0000022e251b9e24: 49b8 18b1 | 7d15 0700 | 0000 410f | be57 4885 | d20f 8585 | 0e00 004c | 8bd0 49c1 | ea03 4589 
  0x0000022e251b9e44: 5078 f083 | 4424 c000 | 498b d048 | 33d0 48c1 | ea15 4883 | fa00 0f85 | 800e 0000 

  0x0000022e251b9e60: ;   {oop(a 'java/lang/Class'{0x00000007157db118} = 'java/awt/EventQueue')}
  0x0000022e251b9e60: 49b8 18b1 | 7d15 0700 | 0000 458b | 4078 49c1 | e003 493b | 0049 8bd0 

  0x0000022e251b9e78: ;   {metadata(method data for {method} {0x0000022e001727a8} 'dispatchEventImpl' '(Ljava/awt/AWTEvent;Ljava/lang/Object;)V' in 'java/awt/EventQueue')}
  0x0000022e251b9e78: 48be 48c2 | 7400 2e02 

  0x0000022e251b9e80: ;   {metadata('sun/util/logging/PlatformLogger')}
  0x0000022e251b9e80: 0000 49ba | 98a5 043e | 2e02 0000 | 4c89 9690 | 0500 0048 | 8386 9805 

  0x0000022e251b9e98: ;   {metadata(method data for {method} {0x0000022e000c4180} 'isLoggable' '(Lsun/util/logging/PlatformLogger$Level;)Z' in 'sun/util/logging/PlatformLogger')}
  0x0000022e251b9e98: 0000 0148 | ba28 d93c | 002e 0200 | 008b b2cc | 0000 0083 | c602 89b2 | cc00 0000 | 81e6 feff 
  0x0000022e251b9eb8: 1f00 85f6 | 0f84 3b0e 

  0x0000022e251b9ec0: ;   {metadata(method data for {method} {0x0000022e000c4180} 'isLoggable' '(Lsun/util/logging/PlatformLogger$Level;)Z' in 'sun/util/logging/PlatformLogger')}
  0x0000022e251b9ec0: 0000 48ba | 28d9 3c00 | 2e02 0000 | ff82 1001 | 0000 418b | 500c 48c1 | e203 483b | 024c 8bc2 
  0x0000022e251b9ee0: ;   {metadata(method data for {method} {0x0000022e000c4180} 'isLoggable' '(Lsun/util/logging/PlatformLogger$Level;)Z' in 'sun/util/logging/PlatformLogger')}
  0x0000022e251b9ee0: 48be 28d9 | 3c00 2e02 | 0000 458b | 4008 49ba | 0000 003d | 2e02 0000 | 4d03 c24c | 3b86 4801 
  0x0000022e251b9f00: 0000 750d | 4883 8650 | 0100 0001 | e960 0000 | 004c 3b86 | 5801 0000 | 750d 4883 | 8660 0100 
  0x0000022e251b9f20: 0001 e94a | 0000 0048 | 83be 4801 | 0000 0075 | 174c 8986 | 4801 0000 | 48c7 8650 | 0100 0001 
  0x0000022e251b9f40: 0000 00e9 | 2900 0000 | 4883 be58 | 0100 0000 | 7517 4c89 | 8658 0100 | 0048 c786 | 6001 0000 
  0x0000022e251b9f60: 0100 0000 | e908 0000 | 0048 8386 | 4001 0000 

  0x0000022e251b9f70: ;   {oop(a 'sun/util/logging/PlatformLogger$Level'{0x000000071576bba8})}
  0x0000022e251b9f70: 0149 b8a8 | bb76 1507 | 0000 0066 | 9048 b8c8 | 339b 7e2e 

  0x0000022e251b9f84: ;   {virtual_call}
  0x0000022e251b9f84: 0200 00e8 

  0x0000022e251b9f88: ; ImmutableOopMap {[168]=Oop }
                      ;*invokeinterface isLoggable {reexecute=0 rethrow=0 return_oop=0}
                      ; - sun.util.logging.PlatformLogger::isLoggable@17 (line 340)
                      ; - java.awt.EventQueue::dispatchEventImpl@117 (line 736)
  0x0000022e251b9f88: d44d 2a07 

  0x0000022e251b9f8c: ;   {post_call_nop}
  0x0000022e251b9f8c: 0f1f 8400 | 8413 0006 | 83e0 0185 

  0x0000022e251b9f98: ;   {metadata(method data for {method} {0x0000022e001727a8} 'dispatchEventImpl' '(Ljava/awt/AWTEvent;Ljava/lang/Object;)V' in 'java/awt/EventQueue')}
  0x0000022e251b9f98: c048 ba48 | c274 002e | 0200 00be | b805 0000 | 7405 bec8 | 0500 0048 | 8b3c 3248 | 8d7f 0148 
  0x0000022e251b9fb8: 893c 320f | 844c 0b00 

  0x0000022e251b9fc0: ;   {metadata(method data for {method} {0x0000022e001727a8} 'dispatchEventImpl' '(Ljava/awt/AWTEvent;Ljava/lang/Object;)V' in 'java/awt/EventQueue')}
  0x0000022e251b9fc0: 0048 ba48 | c274 002e | 0200 0048 | 8382 d805 

  0x0000022e251b9fd0: ;   {metadata(method data for {method} {0x0000022e00170bb0} 'getEventLog' '()Lsun/util/logging/PlatformLogger;' in 'java/awt/EventQueue')}
  0x0000022e251b9fd0: 0000 0148 | ba20 d274 | 002e 0200 | 008b b2cc | 0000 0083 | c602 89b2 | cc00 0000 | 81e6 feff 
  0x0000022e251b9ff0: 1f00 85f6 | 0f84 290d 

  0x0000022e251b9ff8: ;   {oop(a 'java/lang/Class'{0x00000007157db118} = 'java/awt/EventQueue')}
  0x0000022e251b9ff8: 0000 48ba | 18b1 7d15 | 0700 0000 | 8b52 7848 | c1e2 0348 

  0x0000022e251ba00c: ;   {metadata(method data for {method} {0x0000022e00170bb0} 'getEventLog' '()Lsun/util/logging/PlatformLogger;' in 'java/awt/EventQueue')}
  0x0000022e251ba00c: 85d2 48ba | 20d2 7400 | 2e02 0000 | be10 0100 | 0075 05be | 2001 0000 | 488b 3c32 | 488d 7f01 
  0x0000022e251ba02c: 4889 3c32 | 0f85 6a00 

  0x0000022e251ba034: ;   {metadata(method data for {method} {0x0000022e00170bb0} 'getEventLog' '()Lsun/util/logging/PlatformLogger;' in 'java/awt/EventQueue')}
  0x0000022e251ba034: 0000 48ba | 20d2 7400 | 2e02 0000 | 4883 8230 | 0100 0001 

  0x0000022e251ba048: ;   {oop("java.awt.event.EventQueue"{0x0000000714ef5ca8})}
  0x0000022e251ba048: 48ba a85c | ef14 0700 | 0000 0f1f 

  0x0000022e251ba054: ;   {static_call}
  0x0000022e251ba054: 4400 00e8 

  0x0000022e251ba058: ; ImmutableOopMap {[168]=Oop }
                      ;*invokestatic getLogger {reexecute=0 rethrow=0 return_oop=0}
                      ; - java.awt.EventQueue::getEventLog@8 (line 181)
                      ; - java.awt.EventQueue::dispatchEventImpl@123 (line 737)
  0x0000022e251ba058: 0450 2a07 

  0x0000022e251ba05c: ;   {post_call_nop}
  0x0000022e251ba05c: 0f1f 8400 | 5414 0007 

  0x0000022e251ba064: ;   {oop(a 'java/lang/Class'{0x00000007157db118} = 'java/awt/EventQueue')}
  0x0000022e251ba064: 48ba 18b1 | 7d15 0700 | 0000 410f | be77 4885 | f60f 85c9 | 0c00 004c | 8bd0 49c1 | ea03 4489 
  0x0000022e251ba084: 5278 f083 | 4424 c000 | 488b f248 | 33f0 48c1 | ee15 4883 | fe00 0f85 | c30c 0000 

  0x0000022e251ba0a0: ;   {oop(a 'java/lang/Class'{0x00000007157db118} = 'java/awt/EventQueue')}
  0x0000022e251ba0a0: 48ba 18b1 | 7d15 0700 | 0000 8b72 | 7848 c1e6 | 0348 89b4 | 24b8 0000 | 004c 8b84 | 24a8 0000 
  0x0000022e251ba0c0: ;   {metadata(method data for {method} {0x0000022e001727a8} 'dispatchEventImpl' '(Ljava/awt/AWTEvent;Ljava/lang/Object;)V' in 'java/awt/EventQueue')}
  0x0000022e251ba0c0: 0048 ba48 | c274 002e | 0200 0048 | 8382 e805 

  0x0000022e251ba0d0: ;   {metadata(method data for {method} {0x0000022e3d47e890} 'valueOf' '(Ljava/lang/Object;)Ljava/lang/String;' in 'java/lang/String')}
  0x0000022e251ba0d0: 0000 0148 | baf8 f11e | 002e 0200 | 008b bacc | 0000 0083 | c702 89ba | cc00 0000 | 81e7 feff 
  0x0000022e251ba0f0: 1f00 85ff | 0f84 810c | 0000 4d85 

  0x0000022e251ba0fc: ;   {metadata(method data for {method} {0x0000022e3d47e890} 'valueOf' '(Ljava/lang/Object;)Ljava/lang/String;' in 'java/lang/String')}
  0x0000022e251ba0fc: c048 baf8 | f11e 002e | 0200 00bf | 1001 0000 | 7505 bf20 | 0100 0048 | 8b1c 3a48 | 8d5b 0148 
  0x0000022e251ba11c: 891c 3a0f | 851f 0000 

  0x0000022e251ba124: ;   {metadata(method data for {method} {0x0000022e3d47e890} 'valueOf' '(Ljava/lang/Object;)Ljava/lang/String;' in 'java/lang/String')}
  0x0000022e251ba124: 0048 baf8 | f11e 002e | 0200 00ff | 8230 0100 

  0x0000022e251ba134: ;   {oop("null"{0x00000007ffe1c918})}
  0x0000022e251ba134: 0048 bf18 | c9e1 ff07 | 0000 00e9 | ab00 0000 

  0x0000022e251ba144: ;   {metadata(method data for {method} {0x0000022e3d47e890} 'valueOf' '(Ljava/lang/Object;)Ljava/lang/String;' in 'java/lang/String')}
  0x0000022e251ba144: 498b d048 | bff8 f11e | 002e 0200 | 008b 5208 | 49ba 0000 | 003d 2e02 | 0000 4903 | d248 3b97 
  0x0000022e251ba164: 5001 0000 | 750d 4883 | 8758 0100 | 0001 e960 | 0000 0048 | 3b97 6001 | 0000 750d | 4883 8768 
  0x0000022e251ba184: 0100 0001 | e94a 0000 | 0048 83bf | 5001 0000 | 0075 1748 | 8997 5001 | 0000 48c7 | 8758 0100 
  0x0000022e251ba1a4: 0001 0000 | 00e9 2900 | 0000 4883 | bf60 0100 | 0000 7517 | 4889 9760 | 0100 0048 | c787 6801 
  0x0000022e251ba1c4: 0000 0100 | 0000 e908 | 0000 0048 | 8387 4801 | 0000 0149 | 8bd0 0f1f 

  0x0000022e251ba1dc: ;   {optimized virtual_call}
  0x0000022e251ba1dc: 4400 00e8 

  0x0000022e251ba1e0: ; ImmutableOopMap {[184]=Oop }
                      ;*invokevirtual toString {reexecute=0 rethrow=0 return_oop=0}
                      ; - java.lang.String::valueOf@11 (line 4543)
                      ; - java.awt.EventQueue::dispatchEventImpl@127 (line 737)
  0x0000022e251ba1e0: 7c48 2a07 

  0x0000022e251ba1e4: ;   {post_call_nop}
  0x0000022e251ba1e4: 0f1f 8400 | dc15 0008 | 488b f890 

  0x0000022e251ba1f0: ;   {no_reloc}
  0x0000022e251ba1f0: e9b6 0b00 | 0090 9090 | 9090 488b 

  0x0000022e251ba1fc: ;   {static_call}
  0x0000022e251ba1fc: d766 90e8 

  0x0000022e251ba200: ; ImmutableOopMap {[184]=Oop }
                      ;*invokedynamic {reexecute=0 rethrow=0 return_oop=0}
                      ; - java.awt.EventQueue::dispatchEventImpl@130 (line 737)
  0x0000022e251ba200: 5c4e 2a07 

  0x0000022e251ba204: ;   {post_call_nop}
  0x0000022e251ba204: 0f1f 8400 | fc15 0009 

  0x0000022e251ba20c: ;   {metadata(method data for {method} {0x0000022e001727a8} 'dispatchEventImpl' '(Ljava/awt/AWTEvent;Ljava/lang/Object;)V' in 'java/awt/EventQueue')}
  0x0000022e251ba20c: 49b8 48c2 | 7400 2e02 | 0000 4d8d | 8018 0600 | 0048 85c0 | 750b 41f6 | 0001 7505 | f049 8308 
  0x0000022e251ba22c: 0148 8bb4 | 24b8 0000 | 0048 3b06 

  0x0000022e251ba238: ;   {metadata(method data for {method} {0x0000022e001727a8} 'dispatchEventImpl' '(Ljava/awt/AWTEvent;Ljava/lang/Object;)V' in 'java/awt/EventQueue')}
  0x0000022e251ba238: 4c8b c649 | b948 c274 | 002e 0200 

  0x0000022e251ba244: ;   {metadata('sun/util/logging/PlatformLogger')}
  0x0000022e251ba244: 0049 ba98 | a504 3e2e | 0200 004d | 8991 3006 | 0000 4983 | 8138 0600 

  0x0000022e251ba25c: ;   {metadata(method data for {method} {0x0000022e000c4dd8} 'fine' '(Ljava/lang/String;)V' in 'sun/util/logging/PlatformLogger')}
  0x0000022e251ba25c: 0001 49b8 | 68da 7400 | 2e02 0000 | 458b 88cc | 0000 0041 | 83c1 0245 | 8988 cc00 | 0000 4181 
  0x0000022e251ba27c: e1fe ff1f | 0045 85c9 | 0f84 300b | 0000 8b56 | 0c48 c1e2 | 0348 3b02 

  0x0000022e251ba294: ;   {metadata(method data for {method} {0x0000022e000c4dd8} 'fine' '(Ljava/lang/String;)V' in 'sun/util/logging/PlatformLogger')}
  0x0000022e251ba294: 4c8b c249 | b968 da74 | 002e 0200 | 0045 8b40 | 0849 ba00 | 0000 3d2e | 0200 004d | 03c2 4d3b 
  0x0000022e251ba2b4: 8148 0100 | 0075 0d49 | 8381 5001 | 0000 01e9 | 6000 0000 | 4d3b 8158 | 0100 0075 | 0d49 8381 
  0x0000022e251ba2d4: 6001 0000 | 01e9 4a00 | 0000 4983 | b948 0100 | 0000 7517 | 4d89 8148 | 0100 0049 | c781 5001 
  0x0000022e251ba2f4: 0000 0100 | 0000 e929 | 0000 0049 | 83b9 5801 | 0000 0075 | 174d 8981 | 5801 0000 | 49c7 8160 
  0x0000022e251ba314: 0100 0001 | 0000 00e9 | 0800 0000 | 4983 8140 | 0100 0001 

  0x0000022e251ba328: ;   {oop(a 'sun/util/logging/PlatformLogger$Level'{0x000000071576bba8})}
  0x0000022e251ba328: 49b8 a8bb | 7615 0700 | 0000 4c8b 

  0x0000022e251ba334: ;   {oop(nullptr)}
  0x0000022e251ba334: c848 bf00 | 0000 0000 | 0000 0066 | 0f1f 4400 | 0048 b8f0 | 339b 7e2e 

  0x0000022e251ba34c: ;   {virtual_call}
  0x0000022e251ba34c: 0200 00e8 

  0x0000022e251ba350: ; ImmutableOopMap {}
                      ;*invokeinterface log {reexecute=0 rethrow=0 return_oop=0}
                      ; - sun.util.logging.PlatformLogger::fine@12 (line 449)
                      ; - java.awt.EventQueue::dispatchEventImpl@135 (line 737)
  0x0000022e251ba350: 0c4a 2a07 

  0x0000022e251ba354: ;   {post_call_nop}
  0x0000022e251ba354: 0f1f 8400 | 4c17 000a | 4881 c4d0 | 0000 005d 

  0x0000022e251ba364: ;   {poll_return}
  0x0000022e251ba364: 493b 6728 | 0f87 720a | 0000 c344 | 8b42 3449 | c1e0 0349 | 3b00 498b 

  0x0000022e251ba37c: ;   {metadata(method data for {method} {0x0000022e001727a8} 'dispatchEventImpl' '(Ljava/awt/AWTEvent;Ljava/lang/Object;)V' in 'java/awt/EventQueue')}
  0x0000022e251ba37c: d048 be48 | c274 002e 

  0x0000022e251ba384: ;   {metadata('java/awt/EventDispatchThread')}
  0x0000022e251ba384: 0200 0049 | ba00 c000 | 3e2e 0200 | 004c 8996 | 3805 0000 | 4883 8640 | 0500 0001 

  0x0000022e251ba3a0: ;   {metadata(method data for {method} {0x0000022e005cfb38} 'stopDispatching' '()V' in 'java/awt/EventDispatchThread')}
  0x0000022e251ba3a0: 48ba e8d0 | 7400 2e02 | 0000 8bb2 | cc00 0000 | 83c6 0289 | b2cc 0000 | 0081 e6fe | ff1f 0085 
  0x0000022e251ba3c0: f60f 8434 | 0a00 00ba | 0000 0000 | 4188 5070 | f083 4424 

  0x0000022e251ba3d4: ;   {metadata(method data for {method} {0x0000022e001727a8} 'dispatchEventImpl' '(Ljava/awt/AWTEvent;Ljava/lang/Object;)V' in 'java/awt/EventQueue')}
  0x0000022e251ba3d4: c000 49b8 | 48c2 7400 | 2e02 0000 | 41ff 8060 | 0500 0048 | 81c4 d000 

  0x0000022e251ba3ec: ;   {poll_return}
  0x0000022e251ba3ec: 0000 5d49 | 3b67 280f | 8723 0a00 | 00c3 4c8b | 8424 a800 | 0000 4d85 

  0x0000022e251ba404: ;   {metadata(method data for {method} {0x0000022e001727a8} 'dispatchEventImpl' '(Ljava/awt/AWTEvent;Ljava/lang/Object;)V' in 'java/awt/EventQueue')}
  0x0000022e251ba404: c948 bf48 | c274 002e | 0200 0075 | 0c80 8f11 | 0400 0001 | e9db 0000 | 0041 8b59 | 0849 ba00 
  0x0000022e251ba424: 0000 3d2e | 0200 0049 | 03da 483b | 9f20 0400 | 0075 0d48 | 8387 2804 | 0000 01e9 | 6000 0000 
  0x0000022e251ba444: 483b 9f30 | 0400 0075 | 0d48 8387 | 3804 0000 | 01e9 4a00 | 0000 4883 | bf20 0400 | 0000 7517 
  0x0000022e251ba464: 4889 9f20 | 0400 0048 | c787 2804 | 0000 0100 | 0000 e929 | 0000 0048 | 83bf 3004 | 0000 0075 
  0x0000022e251ba484: 1748 899f | 3004 0000 | 48c7 8738 | 0400 0001 | 0000 00e9 | 0800 0000 | 4883 8718 | 0400 0001 
  0x0000022e251ba4a4: 0f1f 4000 

  0x0000022e251ba4a8: ;   {no_reloc}
  0x0000022e251ba4a8: e994 0900 | 0000 0000 | 0000 418b | 7908 49ba | 0000 003d | 2e02 0000 | 4903 fa48 | 3bfb 0f84 
  0x0000022e251ba4c8: 2c00 0000 | 8b73 1448 | 3b1c 370f | 841f 0000 | 0083 fe20 | 0f85 6909 | 0000 5753 

  0x0000022e251ba4e4: ;   {runtime_call C1 Runtime slow_subtype_check_blob}
  0x0000022e251ba4e4: e857 6a36 | 075f 5b85 | db0f 8458 | 0900 00e9 | 0000 0000 | 498b d166 | 9048 b818 | 349b 7e2e 
  0x0000022e251ba504: ;   {virtual_call}
  0x0000022e251ba504: 0200 00e8 

  0x0000022e251ba508: ; ImmutableOopMap {}
                      ;*invokevirtual dispatchEvent {reexecute=0 rethrow=0 return_oop=0}
                      ; - java.awt.EventQueue::dispatchEventImpl@81 (line 730)
  0x0000022e251ba508: 5448 2a07 

  0x0000022e251ba50c: ;   {post_call_nop}
  0x0000022e251ba50c: 0f1f 8400 | 0419 000b 

  0x0000022e251ba514: ;   {metadata(method data for {method} {0x0000022e001727a8} 'dispatchEventImpl' '(Ljava/awt/AWTEvent;Ljava/lang/Object;)V' in 'java/awt/EventQueue')}
  0x0000022e251ba514: 49b8 48c2 | 7400 2e02 | 0000 41ff | 8078 0400 | 0048 81c4 | d000 0000 

  0x0000022e251ba52c: ;   {poll_return}
  0x0000022e251ba52c: 5d49 3b67 | 280f 871d | 0900 00c3 | 4c8b 8424 | a800 0000 

  0x0000022e251ba540: ;   {metadata(method data for {method} {0x0000022e001727a8} 'dispatchEventImpl' '(Ljava/awt/AWTEvent;Ljava/lang/Object;)V' in 'java/awt/EventQueue')}
  0x0000022e251ba540: 4d85 c948 | bf48 c274 | 002e 0200 | 0075 0c80 | 8f49 0300 | 0001 e9b0 | 0000 0041 | 8b59 0849 
  0x0000022e251ba560: ba00 0000 | 3d2e 0200 | 0049 03da | 483b 9f58 | 0300 0075 | 0d48 8387 | 6003 0000 | 01e9 6000 
  0x0000022e251ba580: 0000 483b | 9f68 0300 | 0075 0d48 | 8387 7003 | 0000 01e9 | 4a00 0000 | 4883 bf58 | 0300 0000 
  0x0000022e251ba5a0: 7517 4889 | 9f58 0300 | 0048 c787 | 6003 0000 | 0100 0000 | e929 0000 | 0048 83bf | 6803 0000 
  0x0000022e251ba5c0: 0075 1748 | 899f 6803 | 0000 48c7 | 8770 0300 | 0001 0000 | 00e9 0800 | 0000 4883 | 8750 0300 
  0x0000022e251ba5e0: ;   {metadata('java/awt/MenuComponent')}
  0x0000022e251ba5e0: 0001 48bb | f05b 6100 | 2e02 0000 | 418b 7108 | 49ba 0000 | 003d 2e02 | 0000 4903 | f248 3bde 
  0x0000022e251ba600: 0f85 6408 | 0000 e900 | 0000 0049 | 8bd1 483b | 0248 8bf2 

  0x0000022e251ba614: ;   {metadata(method data for {method} {0x0000022e001727a8} 'dispatchEventImpl' '(Ljava/awt/AWTEvent;Ljava/lang/Object;)V' in 'java/awt/EventQueue')}
  0x0000022e251ba614: 48bf 48c2 | 7400 2e02 | 0000 8b76 | 0849 ba00 | 0000 3d2e | 0200 0049 | 03f2 483b | b788 0300 
  0x0000022e251ba634: 0075 0d48 | 8387 9003 | 0000 01e9 | 6000 0000 | 483b b798 | 0300 0075 | 0d48 8387 | a003 0000 
  0x0000022e251ba654: 01e9 4a00 | 0000 4883 | bf88 0300 | 0000 7517 | 4889 b788 | 0300 0048 | c787 9003 | 0000 0100 
  0x0000022e251ba674: 0000 e929 | 0000 0048 | 83bf 9803 | 0000 0075 | 1748 89b7 | 9803 0000 | 48c7 87a0 | 0300 0001 
  0x0000022e251ba694: 0000 00e9 | 0800 0000 | 4883 8780 | 0300 0001 

  0x0000022e251ba6a4: ;   {optimized virtual_call}
  0x0000022e251ba6a4: 6666 90e8 

  0x0000022e251ba6a8: ; ImmutableOopMap {}
                      ;*invokevirtual dispatchEvent {reexecute=0 rethrow=0 return_oop=0}
                      ; - java.awt.EventQueue::dispatchEventImpl@63 (line 728)
  0x0000022e251ba6a8: b443 2a07 

  0x0000022e251ba6ac: ;   {post_call_nop}
  0x0000022e251ba6ac: 0f1f 8400 | a41a 000c 

  0x0000022e251ba6b4: ;   {metadata(method data for {method} {0x0000022e001727a8} 'dispatchEventImpl' '(Ljava/awt/AWTEvent;Ljava/lang/Object;)V' in 'java/awt/EventQueue')}
  0x0000022e251ba6b4: 49b8 48c2 | 7400 2e02 | 0000 41ff | 80b0 0300 | 0048 81c4 | d000 0000 

  0x0000022e251ba6cc: ;   {poll_return}
  0x0000022e251ba6cc: 5d49 3b67 | 280f 87a1 | 0700 00c3 

  0x0000022e251ba6d8: ;   {metadata(method data for {method} {0x0000022e001727a8} 'dispatchEventImpl' '(Ljava/awt/AWTEvent;Ljava/lang/Object;)V' in 'java/awt/EventQueue')}
  0x0000022e251ba6d8: 488b f248 | bf48 c274 | 002e 0200 | 0048 8387 | 6001 0000 | 0149 8bf0 | 4c8b c60f 

  0x0000022e251ba6f4: ;   {optimized virtual_call}
  0x0000022e251ba6f4: 1f40 00e8 

  0x0000022e251ba6f8: ; ImmutableOopMap {[168]=Oop }
                      ;*invokevirtual setCurrentEventAndMostRecentTimeImpl {reexecute=0 rethrow=0 return_oop=0}
                      ; - java.awt.EventQueue::dispatchEventImpl@14 (line 722)
  0x0000022e251ba6f8: 44b5 ffff 

  0x0000022e251ba6fc: ;   {post_call_nop}
  0x0000022e251ba6fc: 0f1f 8400 | f41a 000d | 4c8b 8424 | a800 0000 

  0x0000022e251ba70c: ;   {metadata(method data for {method} {0x0000022e001727a8} 'dispatchEventImpl' '(Ljava/awt/AWTEvent;Ljava/lang/Object;)V' in 'java/awt/EventQueue')}
  0x0000022e251ba70c: 4d85 c048 | bf48 c274 | 002e 0200 | 0075 0c80 | 8f89 0100 | 0001 e9cb | 0000 0041 | 8b58 0849 
  0x0000022e251ba72c: ba00 0000 | 3d2e 0200 | 0049 03da | 483b 9f98 | 0100 0075 | 0d48 8387 | a001 0000 | 01e9 6000 
  0x0000022e251ba74c: 0000 483b | 9fa8 0100 | 0075 0d48 | 8387 b001 | 0000 01e9 | 4a00 0000 | 4883 bf98 | 0100 0000 
  0x0000022e251ba76c: 7517 4889 | 9f98 0100 | 0048 c787 | a001 0000 | 0100 0000 | e929 0000 | 0048 83bf | a801 0000 
  0x0000022e251ba78c: 0075 1748 | 899f a801 | 0000 48c7 | 87b0 0100 | 0001 0000 | 00e9 0800 | 0000 4883 | 8790 0100 
  0x0000022e251ba7ac: ;   {metadata('java/awt/ActiveEvent')}
  0x0000022e251ba7ac: 0001 48bb | b0d1 5c00 | 2e02 0000 | 418b 7808 | 49ba 0000 | 003d 2e02 | 0000 4903 | fa48 3b5f 
  0x0000022e251ba7cc: 200f 841f | 0000 0048 | 3bfb 0f84 | 1600 0000 

  0x0000022e251ba7dc: ;   {runtime_call C1 Runtime slow_subtype_check_blob}
  0x0000022e251ba7dc: 5753 e85d | 6736 075f | 5f85 ff0f | 84a1 0600 | 00e9 0000 | 0000 498b | d048 3b02 

  0x0000022e251ba7f8: ;   {metadata(method data for {method} {0x0000022e001727a8} 'dispatchEventImpl' '(Ljava/awt/AWTEvent;Ljava/lang/Object;)V' in 'java/awt/EventQueue')}
  0x0000022e251ba7f8: 488b f248 | bf48 c274 | 002e 0200 | 008b 7608 | 49ba 0000 | 003d 2e02 | 0000 4903 | f248 3bb7 
  0x0000022e251ba818: c801 0000 | 750d 4883 | 87d0 0100 | 0001 e960 | 0000 0048 | 3bb7 d801 | 0000 750d | 4883 87e0 
  0x0000022e251ba838: 0100 0001 | e94a 0000 | 0048 83bf | c801 0000 | 0075 1748 | 89b7 c801 | 0000 48c7 | 87d0 0100 
  0x0000022e251ba858: 0001 0000 | 00e9 2900 | 0000 4883 | bfd8 0100 | 0000 7517 | 4889 b7d8 | 0100 0048 | c787 e001 
  0x0000022e251ba878: 0000 0100 | 0000 e908 | 0000 0048 | 8387 c001 | 0000 0166 | 9048 b840 | 349b 7e2e 

  0x0000022e251ba894: ;   {virtual_call}
  0x0000022e251ba894: 0200 00e8 

  0x0000022e251ba898: ; ImmutableOopMap {}
                      ;*invokeinterface dispatch {reexecute=0 rethrow=0 return_oop=0}
                      ; - java.awt.EventQueue::dispatchEventImpl@21 (line 723)
  0x0000022e251ba898: 84ff 3607 

  0x0000022e251ba89c: ;   {post_call_nop}
  0x0000022e251ba89c: 0f1f 8400 | 941c 000e 

  0x0000022e251ba8a4: ;   {metadata(method data for {method} {0x0000022e001727a8} 'dispatchEventImpl' '(Ljava/awt/AWTEvent;Ljava/lang/Object;)V' in 'java/awt/EventQueue')}
  0x0000022e251ba8a4: 48ba 48c2 | 7400 2e02 | 0000 ff82 | f001 0000 | 4881 c4d0 | 0000 005d 

  0x0000022e251ba8bc: ;   {poll_return}
  0x0000022e251ba8bc: 493b 6728 | 0f87 d605 | 0000 c390 

  0x0000022e251ba8c8: ;   {no_reloc}
  0x0000022e251ba8c8: e9f4 0500 | 0000 0000 | 0000 80ba | 4001 0000 | 040f 85f1 | 0500 0049 | 8b87 c801 | 0000 488d 
  0x0000022e251ba8e8: 7828 493b | bfd8 0100 | 000f 87d9 | 0500 0049 | 89bf c801 | 0000 48c7 | 0001 0000 | 0048 8bca 
  0x0000022e251ba908: 49ba 0000 | 003d 2e02 | 0000 492b | ca89 4808 | 4833 c989 | 480c 4833 | c948 8948 | 1048 8948 
  0x0000022e251ba928: 1848 8948 | 2048 8bd0 

  0x0000022e251ba930: ;   {metadata(method data for {method} {0x0000022e3d44ab28} 'lookup' '()Ljava/lang/invoke/MethodHandles$Lookup;' in 'java/lang/invoke/MethodHandles')}
  0x0000022e251ba930: 48be 3831 | 6100 2e02 | 0000 4883 | 8640 0100 

  0x0000022e251ba940: ;   {oop("no caller frame"{0x00000007ffe27160})}
  0x0000022e251ba940: 0001 49b8 | 6071 e2ff | 0700 0000 | 488b d048 | 8984 24c0 

  0x0000022e251ba954: ;   {optimized virtual_call}
  0x0000022e251ba954: 0000 00e8 

  0x0000022e251ba958: ; ImmutableOopMap {[168]=Oop [192]=Oop }
                      ;*invokespecial <init> {reexecute=0 rethrow=0 return_oop=0}
                      ; - java.lang.invoke.MethodHandles::lookup@14 (line 128)
                      ; - sun.awt.AWTAccessor::ensureClassInitialized@0 (line 1464)
                      ; - sun.awt.AWTAccessor::getInputEventAccessor@10 (line 963)
                      ; - java.awt.AWTEvent::dispatched@7 (line 571)
                      ; - java.awt.EventQueue::dispatchEventImpl@45 (line 726)
  0x0000022e251ba958: 0441 2a07 

  0x0000022e251ba95c: ;   {post_call_nop}
  0x0000022e251ba95c: 0f1f 8400 | 541d 000f | 488b 8424 | c000 0000 | e9d8 0500 | 0049 8b87 | 0805 0000 | 4d33 d24d 
  0x0000022e251ba97c: 8997 0805 | 0000 4d33 | d24d 8997 | 1005 0000 

  0x0000022e251ba98c: ;   {oop(a 'java/lang/Class'{0x00000007157734a0} = 'sun/awt/AWTAccessor')}
  0x0000022e251ba98c: 48be a034 | 7715 0700 | 0000 8bb6 | 8400 0000 | 48c1 e603 | 4c8b 8424 | a800 0000 

  0x0000022e251ba9a8: ;   {metadata(method data for {method} {0x0000022e000c2970} 'dispatched' '()V' in 'java/awt/AWTEvent')}
  0x0000022e251ba9a8: 4d85 c048 | b878 ca74 | 002e 0200 | 0075 0c80 | 8869 0100 | 0001 e9b1 | 0000 0041 | 8b50 0849 
  0x0000022e251ba9c8: ba00 0000 | 3d2e 0200 | 0049 03d2 | 483b 9078 | 0100 0075 | 0d48 8380 | 8001 0000 | 01e9 6000 
  0x0000022e251ba9e8: 0000 483b | 9088 0100 | 0075 0d48 | 8380 9001 | 0000 01e9 | 4a00 0000 | 4883 b878 | 0100 0000 
  0x0000022e251baa08: 7517 4889 | 9078 0100 | 0048 c780 | 8001 0000 | 0100 0000 | e929 0000 | 0048 83b8 | 8801 0000 
  0x0000022e251baa28: 0075 1748 | 8990 8801 | 0000 48c7 | 8090 0100 | 0001 0000 | 00e9 0800 | 0000 4883 | 8070 0100 
  0x0000022e251baa48: ;   {metadata('java/awt/event/InputEvent')}
  0x0000022e251baa48: 0001 48ba | 1075 0f00 | 2e02 0000 | 418b 4008 | 49ba 0000 | 003d 2e02 | 0000 4903 | c248 3b50 
  0x0000022e251baa68: 500f 856e | 0400 00e9 | 0000 0000 | 498b f848 | 85f6 0f84 | 2900 0000 

  0x0000022e251baa80: ;   {metadata('java/awt/event/InputEvent$1')}
  0x0000022e251baa80: 48b9 80ea | 043e 2e02 | 0000 8b56 | 0849 ba00 | 0000 3d2e | 0200 0049 | 03d2 483b | 4a38 0f85 
  0x0000022e251baaa0: 4204 0000 | e900 0000 | 0048 8bde 

  0x0000022e251baaac: ; implicit exception: dispatches to 0x0000022e251baeeb
                      ;   {metadata(method data for {method} {0x0000022e000c2970} 'dispatched' '()V' in 'java/awt/AWTEvent')}
  0x0000022e251baaac: 483b 0648 | bb78 ca74 | 002e 0200 

  0x0000022e251baab8: ;   {metadata('java/awt/event/InputEvent$1')}
  0x0000022e251baab8: 0049 ba80 | ea04 3e2e | 0200 004c | 8993 a801 | 0000 4883 | 83b0 0100 

  0x0000022e251baad0: ;   {metadata(method data for {method} {0x0000022e000f9f88} 'setCanAccessSystemClipboard' '(Ljava/awt/event/InputEvent;Z)V' in 'java/awt/event/InputEvent$1')}
  0x0000022e251baad0: 0001 48be | 00ce 7400 | 2e02 0000 | 8b9e cc00 | 0000 83c3 | 0289 9ecc | 0000 0081 | e3fe ff1f 
  0x0000022e251baaf0: 0085 db0f | 84f7 0300 | 00c6 4728 

  0x0000022e251baafc: ;   {metadata(method data for {method} {0x0000022e001727a8} 'dispatchEventImpl' '(Ljava/awt/AWTEvent;Ljava/lang/Object;)V' in 'java/awt/EventQueue')}
  0x0000022e251baafc: 0048 be48 | c274 002e | 0200 00ff | 86e8 0200 | 0048 81c4 | d000 0000 

  0x0000022e251bab14: ;   {poll_return}
  0x0000022e251bab14: 5d49 3b67 | 280f 87f7 | 0300 00c3 

  0x0000022e251bab20: ;   {metadata({method} {0x0000022e001727a8} 'dispatchEventImpl' '(Ljava/awt/AWTEvent;Ljava/lang/Object;)V' in 'java/awt/EventQueue')}
  0x0000022e251bab20: 49ba a027 | 1700 2e02 | 0000 4c89 | 5424 0848 | c704 24ff 

  0x0000022e251bab34: ;   {runtime_call C1 Runtime counter_overflow_blob}
  0x0000022e251bab34: ffff ffe8 

  0x0000022e251bab38: ; ImmutableOopMap {rdx=Oop r8=Oop r9=Oop [168]=Oop }
                      ;*synchronization entry
                      ; - java.awt.EventQueue::dispatchEventImpl@-1 (line 719)
  0x0000022e251bab38: 248b 3607 | e9cd e4ff 

  0x0000022e251bab40: ;   {runtime_call C1 Runtime throw_null_pointer_exception_blob}
  0x0000022e251bab40: ffe8 9a1f 

  0x0000022e251bab44: ; ImmutableOopMap {rdx=Oop r8=Oop r9=Oop [168]=Oop }
                      ;*putfield isPosted {reexecute=1 rethrow=0 return_oop=0}
                      ; - (reexecute) java.awt.EventQueue::dispatchEventImpl@2 (line 719)
  0x0000022e251bab44: 3507 4c89 

  0x0000022e251bab48: ;   {runtime_call C1 Runtime throw_class_cast_exception_blob}
  0x0000022e251bab48: 0c24 e811 

  0x0000022e251bab4c: ; ImmutableOopMap {r8=Oop [168]=Oop }
                      ;*checkcast {reexecute=0 rethrow=0 return_oop=0}
                      ; - java.awt.EventQueue::dispatchEventImpl@37 (line 725)
                      ;   {runtime_call C1 Runtime throw_null_pointer_exception_blob}
  0x0000022e251bab4c: 5e36 07e8 

  0x0000022e251bab50: ; ImmutableOopMap {r8=Oop rdx=Oop [168]=Oop }
                      ;*invokevirtual dispatchEvent {reexecute=0 rethrow=0 return_oop=0}
                      ; - java.awt.EventQueue::dispatchEventImpl@41 (line 725)
  0x0000022e251bab50: 8c1f 3507 

  0x0000022e251bab54: ;   {metadata({method} {0x0000022e00080d48} 'dispatchEvent' '(Ljava/awt/AWTEvent;)V' in 'java/awt/Component')}
  0x0000022e251bab54: 49ba 400d | 0800 2e02 | 0000 4c89 | 5424 0848 | c704 24ff 

  0x0000022e251bab68: ;   {runtime_call C1 Runtime counter_overflow_blob}
  0x0000022e251bab68: ffff ffe8 

  0x0000022e251bab6c: ; ImmutableOopMap {r8=Oop rdx=Oop [168]=Oop }
                      ;*synchronization entry
                      ; - java.awt.Component::dispatchEvent@-1 (line 4790)
                      ; - java.awt.EventQueue::dispatchEventImpl@41 (line 725)
  0x0000022e251bab6c: f08a 3607 | e944 e8ff 

  0x0000022e251bab74: ;   {metadata({method} {0x0000022e000c2970} 'dispatched' '()V' in 'java/awt/AWTEvent')}
  0x0000022e251bab74: ff49 ba68 | 290c 002e | 0200 004c | 8954 2408 | 48c7 0424 | ffff ffff 

  0x0000022e251bab8c: ;   {runtime_call C1 Runtime counter_overflow_blob}
  0x0000022e251bab8c: e8cf 8a36 

  0x0000022e251bab90: ; ImmutableOopMap {[168]=Oop }
                      ;*synchronization entry
                      ; - java.awt.AWTEvent::dispatched@-1 (line 570)
                      ; - java.awt.EventQueue::dispatchEventImpl@45 (line 726)
  0x0000022e251bab90: 07e9 96e9 

  0x0000022e251bab94: ;   {metadata({method} {0x0000022e000dd300} 'getInputEventAccessor' '()Lsun/awt/AWTAccessor$InputEventAccessor;' in 'sun/awt/AWTAccessor')}
  0x0000022e251bab94: ffff 49ba | f8d2 0d00 | 2e02 0000 | 4c89 5424 | 0848 c704 | 24ff ffff 

  0x0000022e251babac: ;   {runtime_call C1 Runtime counter_overflow_blob}
  0x0000022e251babac: ffe8 ae8a 

  0x0000022e251babb0: ; ImmutableOopMap {r8=Oop [168]=Oop }
                      ;*synchronization entry
                      ; - sun.awt.AWTAccessor::getInputEventAccessor@-1 (line 961)
                      ; - java.awt.AWTEvent::dispatched@7 (line 571)
                      ; - java.awt.EventQueue::dispatchEventImpl@45 (line 726)
  0x0000022e251babb0: 3607 e9b6 

  0x0000022e251babb4: ;   {metadata({method} {0x0000022e000dfac0} 'ensureClassInitialized' '(Ljava/lang/Class;)V' in 'sun/awt/AWTAccessor')}
  0x0000022e251babb4: eaff ff49 | bab8 fa0d | 002e 0200 | 004c 8954 | 2408 48c7 | 0424 ffff 

  0x0000022e251babcc: ;   {runtime_call C1 Runtime counter_overflow_blob}
  0x0000022e251babcc: ffff e88d 

  0x0000022e251babd0: ; ImmutableOopMap {[168]=Oop }
                      ;*synchronization entry
                      ; - sun.awt.AWTAccessor::ensureClassInitialized@-1 (line 1464)
                      ; - sun.awt.AWTAccessor::getInputEventAccessor@10 (line 963)
                      ; - java.awt.AWTEvent::dispatched@7 (line 571)
                      ; - java.awt.EventQueue::dispatchEventImpl@45 (line 726)
  0x0000022e251babd0: 8a36 07e9 | 0deb ffff 

  0x0000022e251babd8: ;   {metadata({method} {0x0000022e3d44ab28} 'lookup' '()Ljava/lang/invoke/MethodHandles$Lookup;' in 'java/lang/invoke/MethodHandles')}
  0x0000022e251babd8: 49ba 20ab | 443d 2e02 | 0000 4c89 | 5424 0848 | c704 24ff 

  0x0000022e251babec: ;   {runtime_call C1 Runtime counter_overflow_blob}
  0x0000022e251babec: ffff ffe8 

  0x0000022e251babf0: ; ImmutableOopMap {[168]=Oop }
                      ;*synchronization entry
                      ; - java.lang.invoke.MethodHandles::lookup@-1 (line 126)
                      ; - sun.awt.AWTAccessor::ensureClassInitialized@0 (line 1464)
                      ; - sun.awt.AWTAccessor::getInputEventAccessor@10 (line 963)
                      ; - java.awt.AWTEvent::dispatched@7 (line 571)
                      ; - java.awt.EventQueue::dispatchEventImpl@45 (line 726)
  0x0000022e251babf0: 6c8a 3607 | e925 ebff | ff48 8bd2 

  0x0000022e251babfc: ;   {runtime_call C1 Runtime fast_new_instance_blob}
  0x0000022e251babfc: e8df 2735 

  0x0000022e251bac00: ; ImmutableOopMap {r8=Oop [168]=Oop }
                      ;*new {reexecute=0 rethrow=0 return_oop=0}
                      ; - java.lang.invoke.MethodHandles::lookup@18 (line 130)
                      ; - sun.awt.AWTAccessor::ensureClassInitialized@0 (line 1464)
                      ; - sun.awt.AWTAccessor::getInputEventAccessor@10 (line 963)
                      ; - java.awt.AWTEvent::dispatched@7 (line 571)
                      ; - java.awt.EventQueue::dispatchEventImpl@45 (line 726)
  0x0000022e251bac00: 07e9 c0eb 

  0x0000022e251bac04: ;   {metadata({method} {0x0000022e3d44edd8} '<init>' '(Ljava/lang/Class;)V' in 'java/lang/invoke/MethodHandles$Lookup')}
  0x0000022e251bac04: ffff 49ba | d0ed 443d | 2e02 0000 | 4c89 5424 | 0848 c704 | 24ff ffff 

  0x0000022e251bac1c: ;   {runtime_call C1 Runtime counter_overflow_blob}
  0x0000022e251bac1c: ffe8 3e8a 

  0x0000022e251bac20: ; ImmutableOopMap {r8=Oop rax=Oop [168]=Oop }
                      ;*synchronization entry
                      ; - java.lang.invoke.MethodHandles$Lookup::<init>@-1 (line 1534)
                      ; - java.lang.invoke.MethodHandles::lookup@23 (line 130)
                      ; - sun.awt.AWTAccessor::ensureClassInitialized@0 (line 1464)
                      ; - sun.awt.AWTAccessor::getInputEventAccessor@10 (line 963)
                      ; - java.awt.AWTEvent::dispatched@7 (line 571)
                      ; - java.awt.EventQueue::dispatchEventImpl@45 (line 726)
  0x0000022e251bac20: 3607 e9dd 

  0x0000022e251bac24: ;   {metadata(nullptr)}
  0x0000022e251bac24: ebff ff48 | b800 0000 | 0000 0000 | 00b8 000f 

  0x0000022e251bac34: ;   {runtime_call C1 Runtime load_klass_patching_blob}
  0x0000022e251bac34: 050a e8a5 

  0x0000022e251bac38: ; ImmutableOopMap {rdx=Oop r9=Oop [168]=Oop }
                      ;*instanceof {reexecute=1 rethrow=0 return_oop=0}
                      ; - (reexecute) java.awt.EventQueue::dispatchEventImpl@70 (line 729)
  0x0000022e251bac38: 7936 07e9 | 78ee ffff 

  0x0000022e251bac40: ;   {metadata({method} {0x0000022e00171de0} 'noEvents' '()Z' in 'java/awt/EventQueue')}
  0x0000022e251bac40: 49ba d81d | 1700 2e02 | 0000 4c89 | 5424 0848 | c704 24ff 

  0x0000022e251bac54: ;   {runtime_call C1 Runtime counter_overflow_blob}
  0x0000022e251bac54: ffff ffe8 

  0x0000022e251bac58: ; ImmutableOopMap {rdx=Oop }
                      ;*synchronization entry
                      ; - java.awt.EventQueue::noEvents@-1 (line 520)
                      ; - java.awt.EventQueue::dispatchEventImpl@95 (line 732)
  0x0000022e251bac58: 048a 3607 | e916 f0ff 

  0x0000022e251bac60: ;   {runtime_call C1 Runtime throw_null_pointer_exception_blob}
  0x0000022e251bac60: ffe8 7a1e 

  0x0000022e251bac64: ; ImmutableOopMap {rdx=Oop rdi=Oop }
                      ;*aaload {reexecute=0 rethrow=0 return_oop=0}
                      ; - java.awt.EventQueue::noEvents@12 (line 521)
                      ; - java.awt.EventQueue::dispatchEventImpl@95 (line 732)
                      ;   {runtime_call C1 Runtime throw_null_pointer_exception_blob}
  0x0000022e251bac64: 3507 e875 

  0x0000022e251bac68: ; ImmutableOopMap {rdx=Oop rdi=Oop }
                      ;*aaload {reexecute=0 rethrow=0 return_oop=0}
                      ; - java.awt.EventQueue::noEvents@12 (line 521)
                      ; - java.awt.EventQueue::dispatchEventImpl@95 (line 732)
  0x0000022e251bac68: 1e35 0748 | 8934 2448 | 897c 2408 

  0x0000022e251bac74: ;   {runtime_call C1 Runtime throw_range_check_failed_blob}
  0x0000022e251bac74: e867 1535 

  0x0000022e251bac78: ; ImmutableOopMap {rdx=Oop rdi=Oop }
                      ;*aaload {reexecute=0 rethrow=0 return_oop=0}
                      ; - java.awt.EventQueue::noEvents@12 (line 521)
                      ; - java.awt.EventQueue::dispatchEventImpl@95 (line 732)
                      ;   {runtime_call C1 Runtime throw_null_pointer_exception_blob}
  0x0000022e251bac78: 07e8 621e 

  0x0000022e251bac7c: ; ImmutableOopMap {rdx=Oop }
                      ;*getfield head {reexecute=1 rethrow=0 return_oop=0}
                      ; - (reexecute) java.awt.EventQueue::noEvents@13 (line 521)
                      ; - java.awt.EventQueue::dispatchEventImpl@95 (line 732)
                      ;   {metadata({method} {0x0000022e00171de0} 'noEvents' '()Z' in 'java/awt/EventQueue')}
  0x0000022e251bac7c: 3507 49ba | d81d 1700 | 2e02 0000 | 4c89 5424 | 0848 c704 | 2418 0000 

  0x0000022e251bac94: ;   {runtime_call C1 Runtime counter_overflow_blob}
  0x0000022e251bac94: 00e8 c689 

  0x0000022e251bac98: ; ImmutableOopMap {rdx=Oop }
                      ;*goto {reexecute=1 rethrow=0 return_oop=0}
                      ; - (reexecute) java.awt.EventQueue::noEvents@24 (line 520)
                      ; - java.awt.EventQueue::dispatchEventImpl@95 (line 732)
  0x0000022e251bac98: 3607 e95f 

  0x0000022e251bac9c: ;   {metadata({method} {0x0000022e00170bb0} 'getEventLog' '()Lsun/util/logging/PlatformLogger;' in 'java/awt/EventQueue')}
  0x0000022e251bac9c: f0ff ff49 | baa8 0b17 | 002e 0200 | 004c 8954 | 2408 48c7 | 0424 ffff 

  0x0000022e251bacb4: ;   {runtime_call C1 Runtime counter_overflow_blob}
  0x0000022e251bacb4: ffff e8a5 

  0x0000022e251bacb8: ; ImmutableOopMap {[168]=Oop }
                      ;*synchronization entry
                      ; - java.awt.EventQueue::getEventLog@-1 (line 180)
                      ; - java.awt.EventQueue::dispatchEventImpl@111 (line 736)
  0x0000022e251bacb8: 8936 07e9 | fcf0 ffff | 418b 5078 | 48c1 e203 | 4883 fa00 | 0f84 69f1 | ffff 4889 

  0x0000022e251bacd4: ;   {runtime_call g1_pre_barrier_slow}
  0x0000022e251bacd4: 1424 e885 | 8f36 07e9 | 5bf1 ffff | 4883 f800 | 0f84 76f1 | ffff 4c89 

  0x0000022e251bacec: ;   {runtime_call g1_post_barrier_slow}
  0x0000022e251bacec: 0424 e86d | 9236 07e9 | 68f1 ffff 

  0x0000022e251bacf8: ;   {runtime_call C1 Runtime throw_null_pointer_exception_blob}
  0x0000022e251bacf8: e8e3 1d35 

  0x0000022e251bacfc: ; ImmutableOopMap {r8=Oop [168]=Oop }
                      ;*invokevirtual isLoggable {reexecute=0 rethrow=0 return_oop=0}
                      ; - java.awt.EventQueue::dispatchEventImpl@117 (line 736)
                      ;   {metadata({method} {0x0000022e000c4180} 'isLoggable' '(Lsun/util/logging/PlatformLogger$Level;)Z' in 'sun/util/logging/PlatformLogger')}
  0x0000022e251bacfc: 0749 ba78 | 410c 002e | 0200 004c | 8954 2408 | 48c7 0424 | ffff ffff 

  0x0000022e251bad14: ;   {runtime_call C1 Runtime counter_overflow_blob}
  0x0000022e251bad14: e847 8936 

  0x0000022e251bad18: ; ImmutableOopMap {r8=Oop [168]=Oop }
                      ;*synchronization entry
                      ; - sun.util.logging.PlatformLogger::isLoggable@-1 (line 336)
                      ; - java.awt.EventQueue::dispatchEventImpl@117 (line 736)
  0x0000022e251bad18: 07e9 a4f1 

  0x0000022e251bad1c: ;   {runtime_call C1 Runtime throw_null_pointer_exception_blob}
  0x0000022e251bad1c: ffff e8bd 

  0x0000022e251bad20: ; ImmutableOopMap {rdx=Oop [168]=Oop }
                      ;*invokeinterface isLoggable {reexecute=0 rethrow=0 return_oop=0}
                      ; - sun.util.logging.PlatformLogger::isLoggable@17 (line 340)
                      ; - java.awt.EventQueue::dispatchEventImpl@117 (line 736)
                      ;   {metadata({method} {0x0000022e00170bb0} 'getEventLog' '()Lsun/util/logging/PlatformLogger;' in 'java/awt/EventQueue')}
  0x0000022e251bad20: 1d35 0749 | baa8 0b17 | 002e 0200 | 004c 8954 | 2408 48c7 | 0424 ffff 

  0x0000022e251bad38: ;   {runtime_call C1 Runtime counter_overflow_blob}
  0x0000022e251bad38: ffff e821 

  0x0000022e251bad3c: ; ImmutableOopMap {[168]=Oop }
                      ;*synchronization entry
                      ; - java.awt.EventQueue::getEventLog@-1 (line 180)
                      ; - java.awt.EventQueue::dispatchEventImpl@123 (line 737)
  0x0000022e251bad3c: 8936 07e9 | b6f2 ffff | 8b72 7848 | c1e6 0348 | 83fe 000f | 8426 f3ff | ff48 8934 

  0x0000022e251bad58: ;   {runtime_call g1_pre_barrier_slow}
  0x0000022e251bad58: 24e8 028f | 3607 e918 | f3ff ff48 | 83f8 000f | 8433 f3ff | ff48 8914 

  0x0000022e251bad70: ;   {runtime_call g1_post_barrier_slow}
  0x0000022e251bad70: 24e8 ea91 | 3607 e925 

  0x0000022e251bad78: ;   {metadata({method} {0x0000022e3d47e890} 'valueOf' '(Ljava/lang/Object;)Ljava/lang/String;' in 'java/lang/String')}
  0x0000022e251bad78: f3ff ff49 | ba88 e847 | 3d2e 0200 | 004c 8954 | 2408 48c7 | 0424 ffff 

  0x0000022e251bad90: ;   {runtime_call C1 Runtime counter_overflow_blob}
  0x0000022e251bad90: ffff e8c9 

  0x0000022e251bad94: ; ImmutableOopMap {rsi=Oop r8=Oop [168]=Oop [184]=Oop }
                      ;*synchronization entry
                      ; - java.lang.String::valueOf@-1 (line 4543)
                      ; - java.awt.EventQueue::dispatchEventImpl@127 (line 737)
  0x0000022e251bad94: 8836 07e9 | 5ef3 ffff | 49b8 0000 | 0000 0000 | 0000 b800 

  0x0000022e251bada8: ;   {runtime_call C1 Runtime load_appendix_patching_blob}
  0x0000022e251bada8: 0f05 0ae8 

  0x0000022e251badac: ; ImmutableOopMap {rdi=Oop [184]=Oop }
                      ;*invokedynamic {reexecute=1 rethrow=0 return_oop=0}
                      ; - (reexecute) java.awt.EventQueue::dispatchEventImpl@130 (line 737)
  0x0000022e251badac: 3081 3607 | e93b f4ff 

  0x0000022e251badb4: ;   {runtime_call C1 Runtime throw_null_pointer_exception_blob}
  0x0000022e251badb4: ffe8 261d 

  0x0000022e251badb8: ; ImmutableOopMap {rax=Oop rsi=Oop [184]=Oop }
                      ;*invokevirtual fine {reexecute=0 rethrow=0 return_oop=0}
                      ; - java.awt.EventQueue::dispatchEventImpl@135 (line 737)
                      ;   {metadata({method} {0x0000022e000c4dd8} 'fine' '(Ljava/lang/String;)V' in 'sun/util/logging/PlatformLogger')}
  0x0000022e251badb8: 3507 49ba | d04d 0c00 | 2e02 0000 | 4c89 5424 | 0848 c704 | 24ff ffff 

  0x0000022e251badd0: ;   {runtime_call C1 Runtime counter_overflow_blob}
  0x0000022e251badd0: ffe8 8a88 

  0x0000022e251badd4: ; ImmutableOopMap {rax=Oop rsi=Oop [184]=Oop }
                      ;*synchronization entry
                      ; - sun.util.logging.PlatformLogger::fine@-1 (line 449)
                      ; - java.awt.EventQueue::dispatchEventImpl@135 (line 737)
  0x0000022e251badd4: 3607 e9af 

  0x0000022e251badd8: ;   {runtime_call C1 Runtime throw_null_pointer_exception_blob}
  0x0000022e251badd8: f4ff ffe8 

  0x0000022e251baddc: ; ImmutableOopMap {rax=Oop rdx=Oop }
                      ;*invokeinterface log {reexecute=0 rethrow=0 return_oop=0}
                      ; - sun.util.logging.PlatformLogger::fine@12 (line 449)
                      ; - java.awt.EventQueue::dispatchEventImpl@135 (line 737)
  0x0000022e251baddc: 001d 3507 

  0x0000022e251bade0: ;   {internal_word}
  0x0000022e251bade0: 49ba 64a3 | 1b25 2e02 | 0000 4d89 | 9760 0400 

  0x0000022e251badf0: ;   {runtime_call SafepointBlob}
  0x0000022e251badf0: 00e9 eaae 

  0x0000022e251badf4: ;   {runtime_call C1 Runtime throw_null_pointer_exception_blob}
  0x0000022e251badf4: 2a07 e8e5 

  0x0000022e251badf8: ; ImmutableOopMap {r8=Oop }
                      ;*invokevirtual stopDispatching {reexecute=0 rethrow=0 return_oop=0}
                      ; - java.awt.EventQueue::dispatchEventImpl@105 (line 733)
                      ;   {metadata({method} {0x0000022e005cfb38} 'stopDispatching' '()V' in 'java/awt/EventDispatchThread')}
  0x0000022e251badf8: 1c35 0749 | ba30 fb5c | 002e 0200 | 004c 8954 | 2408 48c7 | 0424 ffff 

  0x0000022e251bae10: ;   {runtime_call C1 Runtime counter_overflow_blob}
  0x0000022e251bae10: ffff e849 

  0x0000022e251bae14: ; ImmutableOopMap {r8=Oop }
                      ;*synchronization entry
                      ; - java.awt.EventDispatchThread::stopDispatching@-1 (line 85)
                      ; - java.awt.EventQueue::dispatchEventImpl@105 (line 733)
  0x0000022e251bae14: 8836 07e9 | abf5 ffff 

  0x0000022e251bae1c: ;   {internal_word}
  0x0000022e251bae1c: 49ba efa3 | 1b25 2e02 | 0000 4d89 | 9760 0400 

  0x0000022e251bae2c: ;   {runtime_call SafepointBlob}
  0x0000022e251bae2c: 00e9 aeae 

  0x0000022e251bae30: ;   {metadata(nullptr)}
  0x0000022e251bae30: 2a07 48bb | 0000 0000 | 0000 0000 | b800 0f05 

  0x0000022e251bae40: ;   {runtime_call C1 Runtime load_klass_patching_blob}
  0x0000022e251bae40: 0ae8 9a77 

  0x0000022e251bae44: ; ImmutableOopMap {r9=Oop r8=Oop [168]=Oop }
                      ;*checkcast {reexecute=1 rethrow=0 return_oop=0}
                      ; - (reexecute) java.awt.EventQueue::dispatchEventImpl@77 (line 730)
  0x0000022e251bae44: 3607 e95d | f6ff ff4c 

  0x0000022e251bae4c: ;   {runtime_call C1 Runtime throw_class_cast_exception_blob}
  0x0000022e251bae4c: 890c 24e8 

  0x0000022e251bae50: ; ImmutableOopMap {r9=Oop r8=Oop [168]=Oop }
                      ;*checkcast {reexecute=0 rethrow=0 return_oop=0}
                      ; - java.awt.EventQueue::dispatchEventImpl@77 (line 730)
  0x0000022e251bae50: 0c5b 3607 

  0x0000022e251bae54: ;   {internal_word}
  0x0000022e251bae54: 49ba 2da5 | 1b25 2e02 | 0000 4d89 | 9760 0400 

  0x0000022e251bae64: ;   {runtime_call SafepointBlob}
  0x0000022e251bae64: 00e9 76ae | 2a07 4c89 

  0x0000022e251bae6c: ;   {runtime_call C1 Runtime throw_class_cast_exception_blob}
  0x0000022e251bae6c: 0c24 e8ed 

  0x0000022e251bae70: ; ImmutableOopMap {r8=Oop [168]=Oop }
                      ;*checkcast {reexecute=0 rethrow=0 return_oop=0}
                      ; - java.awt.EventQueue::dispatchEventImpl@59 (line 728)
                      ;   {runtime_call C1 Runtime throw_null_pointer_exception_blob}
  0x0000022e251bae70: 5a36 07e8 

  0x0000022e251bae74: ; ImmutableOopMap {r8=Oop rdx=Oop [168]=Oop }
                      ;*invokevirtual dispatchEvent {reexecute=0 rethrow=0 return_oop=0}
                      ; - java.awt.EventQueue::dispatchEventImpl@63 (line 728)
  0x0000022e251bae74: 681c 3507 

  0x0000022e251bae78: ;   {internal_word}
  0x0000022e251bae78: 49ba cda6 | 1b25 2e02 | 0000 4d89 | 9760 0400 

  0x0000022e251bae88: ;   {runtime_call SafepointBlob}
  0x0000022e251bae88: 00e9 52ae | 2a07 4c89 

  0x0000022e251bae90: ;   {runtime_call C1 Runtime throw_class_cast_exception_blob}
  0x0000022e251bae90: 0424 e8c9 

  0x0000022e251bae94: ; ImmutableOopMap {}
                      ;*checkcast {reexecute=0 rethrow=0 return_oop=0}
                      ; - java.awt.EventQueue::dispatchEventImpl@18 (line 723)
                      ;   {runtime_call C1 Runtime throw_null_pointer_exception_blob}
  0x0000022e251bae94: 5a36 07e8 

  0x0000022e251bae98: ; ImmutableOopMap {rdx=Oop }
                      ;*invokeinterface dispatch {reexecute=0 rethrow=0 return_oop=0}
                      ; - java.awt.EventQueue::dispatchEventImpl@21 (line 723)
  0x0000022e251bae98: 441c 3507 

  0x0000022e251bae9c: ;   {internal_word}
  0x0000022e251bae9c: 49ba bca8 | 1b25 2e02 | 0000 4d89 | 9760 0400 

  0x0000022e251baeac: ;   {runtime_call SafepointBlob}
  0x0000022e251baeac: 00e9 2eae 

  0x0000022e251baeb0: ;   {metadata(nullptr)}
  0x0000022e251baeb0: 2a07 48ba | 0000 0000 | 0000 0000 | b800 0f05 

  0x0000022e251baec0: ;   {runtime_call C1 Runtime load_klass_patching_blob}
  0x0000022e251baec0: 0ae8 1a77 

  0x0000022e251baec4: ; ImmutableOopMap {[168]=Oop }
                      ;*new {reexecute=1 rethrow=0 return_oop=0}
                      ; - (reexecute) java.lang.invoke.MethodHandles::lookup@8 (line 128)
                      ; - sun.awt.AWTAccessor::ensureClassInitialized@0 (line 1464)
                      ; - sun.awt.AWTAccessor::getInputEventAccessor@10 (line 963)
                      ; - java.awt.AWTEvent::dispatched@7 (line 571)
                      ; - java.awt.EventQueue::dispatchEventImpl@45 (line 726)
  0x0000022e251baec4: 3607 e9fd 

  0x0000022e251baec8: ;   {runtime_call C1 Runtime throw_null_pointer_exception_blob}
  0x0000022e251baec8: f9ff ffe8 

  0x0000022e251baecc: ; ImmutableOopMap {[168]=Oop }
                      ;*new {reexecute=0 rethrow=0 return_oop=0}
                      ; - java.lang.invoke.MethodHandles::lookup@8 (line 128)
                      ; - sun.awt.AWTAccessor::ensureClassInitialized@0 (line 1464)
                      ; - sun.awt.AWTAccessor::getInputEventAccessor@10 (line 963)
                      ; - java.awt.AWTEvent::dispatched@7 (line 571)
                      ; - java.awt.EventQueue::dispatchEventImpl@45 (line 726)
  0x0000022e251baecc: 101c 3507 

  0x0000022e251baed0: ;   {runtime_call C1 Runtime fast_new_instance_init_check_blob}
  0x0000022e251baed0: 488b d2e8 

  0x0000022e251baed4: ; ImmutableOopMap {[168]=Oop }
                      ;*new {reexecute=0 rethrow=0 return_oop=0}
                      ; - java.lang.invoke.MethodHandles::lookup@8 (line 128)
                      ; - sun.awt.AWTAccessor::ensureClassInitialized@0 (line 1464)
                      ; - sun.awt.AWTAccessor::getInputEventAccessor@10 (line 963)
                      ; - java.awt.AWTEvent::dispatched@7 (line 571)
                      ; - java.awt.EventQueue::dispatchEventImpl@45 (line 726)
  0x0000022e251baed4: 0828 3507 | e950 faff | ff4c 8904 

  0x0000022e251baee0: ;   {runtime_call C1 Runtime throw_class_cast_exception_blob}
  0x0000022e251baee0: 24e8 7a5a 

  0x0000022e251baee4: ; ImmutableOopMap {rsi=Oop }
                      ;*checkcast {reexecute=0 rethrow=0 return_oop=0}
                      ; - java.awt.AWTEvent::dispatched@11 (line 571)
                      ; - java.awt.EventQueue::dispatchEventImpl@45 (line 726)
                      ;   {runtime_call C1 Runtime throw_incompatible_class_change_error_blob}
  0x0000022e251baee4: 3607 e875 

  0x0000022e251baee8: ; ImmutableOopMap {rsi=Oop rdi=Oop }
                      ;*invokeinterface setCanAccessSystemClipboard {reexecute=0 rethrow=0 return_oop=0}
                      ; - java.awt.AWTEvent::dispatched@15 (line 572)
                      ; - java.awt.EventQueue::dispatchEventImpl@45 (line 726)
                      ;   {runtime_call C1 Runtime throw_null_pointer_exception_blob}
  0x0000022e251baee8: 5d36 07e8 

  0x0000022e251baeec: ; ImmutableOopMap {rsi=Oop rdi=Oop }
                      ;*invokeinterface setCanAccessSystemClipboard {reexecute=0 rethrow=0 return_oop=0}
                      ; - java.awt.AWTEvent::dispatched@15 (line 572)
                      ; - java.awt.EventQueue::dispatchEventImpl@45 (line 726)
  0x0000022e251baeec: f01b 3507 

  0x0000022e251baef0: ;   {metadata({method} {0x0000022e000f9f88} 'setCanAccessSystemClipboard' '(Ljava/awt/event/InputEvent;Z)V' in 'java/awt/event/InputEvent$1')}
  0x0000022e251baef0: 49ba 809f | 0f00 2e02 | 0000 4c89 | 5424 0848 | c704 24ff 

  0x0000022e251baf04: ;   {runtime_call C1 Runtime counter_overflow_blob}
  0x0000022e251baf04: ffff ffe8 

  0x0000022e251baf08: ; ImmutableOopMap {rdi=Oop }
                      ;*synchronization entry
                      ; - java.awt.event.InputEvent$1::setCanAccessSystemClipboard@-1 (line 338)
                      ; - java.awt.AWTEvent::dispatched@15 (line 572)
                      ; - java.awt.EventQueue::dispatchEventImpl@45 (line 726)
  0x0000022e251baf08: 5487 3607 | e9e8 fbff 

  0x0000022e251baf10: ;   {runtime_call C1 Runtime throw_null_pointer_exception_blob}
  0x0000022e251baf10: ffe8 ca1b 

  0x0000022e251baf14: ; ImmutableOopMap {}
                      ;*putfield canAccessSystemClipboard {reexecute=1 rethrow=0 return_oop=0}
                      ; - (reexecute) java.awt.event.InputEvent$1::setCanAccessSystemClipboard@2 (line 338)
                      ; - java.awt.AWTEvent::dispatched@15 (line 572)
                      ; - java.awt.EventQueue::dispatchEventImpl@45 (line 726)
                      ;   {internal_word}
  0x0000022e251baf14: 3507 49ba | 15ab 1b25 | 2e02 0000 | 4d89 9760 

  0x0000022e251baf24: ;   {runtime_call SafepointBlob}
  0x0000022e251baf24: 0400 00e9 | b4ad 2a07 | 498b 8708 | 0500 0049 | c787 0805 | 0000 0000 | 0000 49c7 | 8710 0500 
  0x0000022e251baf44: 0000 0000 | 0048 81c4 | d000 0000 

  0x0000022e251baf50: ;   {runtime_call C1 Runtime unwind_exception_blob}
  0x0000022e251baf50: 5de9 8a0c | 3507 f4f4 
[Stub Code]
  0x0000022e251baf58: ;   {no_reloc}
  0x0000022e251baf58: 0f1f 4400 

  0x0000022e251baf5c: ;   {static_stub}
  0x0000022e251baf5c: 0048 bb00 | 0000 0000 

  0x0000022e251baf64: ;   {runtime_call nmethod}
  0x0000022e251baf64: 0000 00e9 | fbff ffff 

  0x0000022e251baf6c: ;   {static_stub}
  0x0000022e251baf6c: 9048 bb00 | 0000 0000 

  0x0000022e251baf74: ;   {runtime_call nmethod}
  0x0000022e251baf74: 0000 00e9 | fbff ffff 

  0x0000022e251baf7c: ;   {static_stub}
  0x0000022e251baf7c: 9048 bb00 | 0000 0000 

  0x0000022e251baf84: ;   {runtime_call nmethod}
  0x0000022e251baf84: 0000 00e9 | fbff ffff 

  0x0000022e251baf8c: ;   {static_stub}
  0x0000022e251baf8c: 9048 bb00 | 0000 0000 

  0x0000022e251baf94: ;   {runtime_call nmethod}
  0x0000022e251baf94: 0000 00e9 | fbff ffff 

  0x0000022e251baf9c: ;   {static_stub}
  0x0000022e251baf9c: 9048 bb00 | 0000 0000 

  0x0000022e251bafa4: ;   {runtime_call nmethod}
  0x0000022e251bafa4: 0000 00e9 | fbff ffff 

  0x0000022e251bafac: ;   {static_stub}
  0x0000022e251bafac: 9048 bb00 | 0000 0000 

  0x0000022e251bafb4: ;   {runtime_call nmethod}
  0x0000022e251bafb4: 0000 00e9 | fbff ffff 

  0x0000022e251bafbc: ;   {static_stub}
  0x0000022e251bafbc: 9048 bb00 | 0000 0000 

  0x0000022e251bafc4: ;   {runtime_call nmethod}
  0x0000022e251bafc4: 0000 00e9 | fbff ffff 

  0x0000022e251bafcc: ;   {static_stub}
  0x0000022e251bafcc: 9048 bb00 | 0000 0000 

  0x0000022e251bafd4: ;   {runtime_call nmethod}
  0x0000022e251bafd4: 0000 00e9 | fbff ffff 

  0x0000022e251bafdc: ;   {static_stub}
  0x0000022e251bafdc: 9048 bb00 | 0000 0000 

  0x0000022e251bafe4: ;   {runtime_call nmethod}
  0x0000022e251bafe4: 0000 00e9 | fbff ffff 

  0x0000022e251bafec: ;   {static_stub}
  0x0000022e251bafec: 48bb 0000 | 0000 0000 

  0x0000022e251baff4: ;   {runtime_call nmethod}
  0x0000022e251baff4: 0000 e9fb 

  0x0000022e251baff8: ;   {static_stub}
  0x0000022e251baff8: ffff ff48 | bb00 0000 | 0000 0000 

  0x0000022e251bb004: ;   {runtime_call nmethod}
  0x0000022e251bb004: 00e9 fbff 

  0x0000022e251bb008: ;   {static_stub}
  0x0000022e251bb008: ffff 48bb | 0000 0000 | 0000 0000 

  0x0000022e251bb014: ;   {runtime_call nmethod}
  0x0000022e251bb014: e9fb ffff 

  0x0000022e251bb018: ;   {static_stub}
  0x0000022e251bb018: ff48 bb00 | 0000 0000 

  0x0000022e251bb020: ;   {runtime_call nmethod}
  0x0000022e251bb020: 0000 00e9 | fbff ffff 

  0x0000022e251bb028: ;   {static_stub}
  0x0000022e251bb028: 48bb 0000 | 0000 0000 

  0x0000022e251bb030: ;   {runtime_call nmethod}
  0x0000022e251bb030: 0000 e9fb 

  0x0000022e251bb034: ;   {runtime_call C1 Runtime handle_exception_from_callee_blob}
  0x0000022e251bb034: ffff ffe8 | 2453 3607 

  0x0000022e251bb03c: ;   {external_word}
  0x0000022e251bb03c: 48b9 e034 | 8ede f87f | 0000 4883 

  0x0000022e251bb048: ;   {runtime_call}
  0x0000022e251bb048: e4f0 48b8 | 1090 4bde | f87f 0000 

  0x0000022e251bb054: ;   {section_word}
  0x0000022e251bb054: ffd0 f449 | ba57 b01b | 252e 0200 

  0x0000022e251bb060: ;   {runtime_call DeoptimizationBlob}
  0x0000022e251bb060: 0041 52e9 | 18a2 2a07 
[/MachCode]


---------------  P R O C E S S  ---------------

Threads class SMR info:
_java_thread_list=0x0000022e7e970a80, length=16, elements={
0x0000022e3ce34c00, 0x0000022e3ce35540, 0x0000022e3ce37c90, 0x0000022e3ce387c0,
0x0000022e3ce392f0, 0x0000022e3ce3a5c0, 0x0000022e3ce3b550, 0x0000022e3ce3eae0,
0x0000022e7e12dd10, 0x0000022e7e22fd10, 0x0000022e7e706a20, 0x0000022e7e47f520,
0x0000022e7e707780, 0x0000022e7e86ba20, 0x0000022e1a8cf910, 0x0000022e7e98b8b0
}

Java Threads: ( => current thread )
  0x0000022e3ce34c00 JavaThread "Reference Handler"          daemon [_thread_blocked, id=17592, stack(0x000000b7f7100000,0x000000b7f7200000) (1024K)]
  0x0000022e3ce35540 JavaThread "Finalizer"                  daemon [_thread_blocked, id=23312, stack(0x000000b7f7200000,0x000000b7f7300000) (1024K)]
  0x0000022e3ce37c90 JavaThread "Signal Dispatcher"          daemon [_thread_blocked, id=33460, stack(0x000000b7f7300000,0x000000b7f7400000) (1024K)]
  0x0000022e3ce387c0 JavaThread "Attach Listener"            daemon [_thread_blocked, id=26284, stack(0x000000b7f7400000,0x000000b7f7500000) (1024K)]
  0x0000022e3ce392f0 JavaThread "Service Thread"             daemon [_thread_blocked, id=28188, stack(0x000000b7f7500000,0x000000b7f7600000) (1024K)]
  0x0000022e3ce3a5c0 JavaThread "Monitor Deflation Thread"   daemon [_thread_blocked, id=19400, stack(0x000000b7f7600000,0x000000b7f7700000) (1024K)]
  0x0000022e3ce3b550 JavaThread "C2 CompilerThread0"         daemon [_thread_blocked, id=14800, stack(0x000000b7f7700000,0x000000b7f7800000) (1024K)]
  0x0000022e3ce3eae0 JavaThread "C1 CompilerThread0"         daemon [_thread_blocked, id=30736, stack(0x000000b7f7800000,0x000000b7f7900000) (1024K)]
  0x0000022e7e12dd10 JavaThread "Common-Cleaner"             daemon [_thread_blocked, id=31084, stack(0x000000b7f7b00000,0x000000b7f7c00000) (1024K)]
  0x0000022e7e22fd10 JavaThread "Notification Thread"        daemon [_thread_blocked, id=25884, stack(0x000000b7f7d00000,0x000000b7f7e00000) (1024K)]
  0x0000022e7e706a20 JavaThread "Java2D Disposer"            daemon [_thread_blocked, id=16672, stack(0x000000b7f7e00000,0x000000b7f7f00000) (1024K)]
  0x0000022e7e47f520 JavaThread "AWT-Shutdown"                      [_thread_blocked, id=5596, stack(0x000000b7f7f00000,0x000000b7f8000000) (1024K)]
  0x0000022e7e707780 JavaThread "AWT-Windows"                daemon [_thread_in_native, id=7408, stack(0x000000b7f8000000,0x000000b7f8100000) (1024K)]
=>0x0000022e7e86ba20 JavaThread "AWT-EventQueue-0"                  [_thread_in_native, id=16192, stack(0x000000b7f8100000,0x000000b7f8200000) (1024K)]
  0x0000022e1a8cf910 JavaThread "DestroyJavaVM"                     [_thread_blocked, id=20932, stack(0x000000b7f6900000,0x000000b7f6a00000) (1024K)]
  0x0000022e7e98b8b0 JavaThread "TimerQueue"                 daemon [_thread_blocked, id=16624, stack(0x000000b7f8600000,0x000000b7f8700000) (1024K)]
Total: 16

Other Threads:
  0x0000022e3ce24760 VMThread "VM Thread"                           [id=27224, stack(0x000000b7f7000000,0x000000b7f7100000) (1024K)]
  0x0000022e3cce25d0 WatcherThread "VM Periodic Task Thread"        [id=18940, stack(0x000000b7f6f00000,0x000000b7f7000000) (1024K)]
  0x0000022e1aef06d0 WorkerThread "GC Thread#0"                     [id=19772, stack(0x000000b7f6a00000,0x000000b7f6b00000) (1024K)]
  0x0000022e1af04fb0 ConcurrentGCThread "G1 Main Marker"            [id=16460, stack(0x000000b7f6b00000,0x000000b7f6c00000) (1024K)]
  0x0000022e1af05ac0 WorkerThread "G1 Conc#0"                       [id=31380, stack(0x000000b7f6c00000,0x000000b7f6d00000) (1024K)]
  0x0000022e3ccd1490 ConcurrentGCThread "G1 Refine#0"               [id=1820, stack(0x000000b7f6d00000,0x000000b7f6e00000) (1024K)]
  0x0000022e3ccd1f20 ConcurrentGCThread "G1 Service"                [id=34664, stack(0x000000b7f6e00000,0x000000b7f6f00000) (1024K)]
Total: 7

Threads with active compile tasks:
Total: 0

VM state: not at safepoint (normal execution)

VM Mutex/Monitor currently owned by a thread: None

Heap address: 0x0000000705e00000, size: 4002 MB, Compressed Oops mode: Zero based, Oop shift amount: 3

CDS archive(s) mapped at: [0x0000022e3d000000-0x0000022e3dd40000-0x0000022e3dd40000), size 13893632, SharedBaseAddress: 0x0000022e3d000000, ArchiveRelocationMode: 1.
Compressed class space mapped at: 0x0000022e3e000000-0x0000022e7e000000, reserved size: 1073741824
UseCompressedClassPointers 1, UseCompactObjectHeaders 0
Narrow klass pointer bits 32, Max shift 3
Narrow klass base: 0x0000022e3d000000, Narrow klass shift: 0
Encoding Range: [0x0000022e3d000000 - 0x0000022f3d000000), (4294967296 bytes)
Klass Range:    [0x0000022e3d000000 - 0x0000022e7e000000), (1090519040 bytes)
Klass ID Range:  [8 - 1090519033) (1090519025)

GC Precious Log:
 CardTable entry size: 512
 Card Set container configuration: InlinePtr #cards 4 size 8 Array Of Cards #cards 16 size 48 Howl #buckets 8 coarsen threshold 3686 Howl Bitmap #cards 512 size 80 coarsen threshold 460 Card regions per heap region 1 cards per card region 4096
 CPUs: 16 total, 16 available
 Memory: 16004M
 Large Page Support: Disabled
 NUMA Support: Disabled
 Compressed Oops: Enabled (Zero based)
 Heap Region Size: 2M
 Heap Min Capacity: 8M
 Heap Initial Capacity: 252M
 Heap Max Capacity: 4002M
 Pre-touch: Disabled
 Parallel Workers: 13
 Concurrent Workers: 3
 Concurrent Refinement Workers: 13
 Periodic GC: Disabled

Heap:
 garbage-first heap   total reserved 4098048K, committed 260096K, used 25712K [0x0000000705e00000, 0x0000000800000000)
  region size 2048K, 11 young (22528K), 0 survivors (0K)
 Metaspace       used 8602K, committed 8832K, reserved 1114112K
  class space    used 731K, committed 832K, reserved 1048576K

Heap Regions: E=young(eden), S=young(survivor), O=old, HS=humongous(starts), HC=humongous(continues), CS=collection set, F=free, TAMS=top-at-mark-start, PB=parsable bottom
|   0|0x0000000705e00000, 0x0000000706000000, 0x0000000706000000|100%|HS|  |TAMS 0x0000000705e00000| PB 0x0000000705e00000| Complete |  0
|   1|0x0000000706000000, 0x0000000706200000, 0x0000000706200000|100%|HC|  |TAMS 0x0000000706000000| PB 0x0000000706000000| Complete |  0
|   2|0x0000000706200000, 0x0000000706200000, 0x0000000706400000|  0%| F|  |TAMS 0x0000000706200000| PB 0x0000000706200000| Untracked |  0
|   3|0x0000000706400000, 0x0000000706400000, 0x0000000706600000|  0%| F|  |TAMS 0x0000000706400000| PB 0x0000000706400000| Untracked |  0
|   4|0x0000000706600000, 0x0000000706600000, 0x0000000706800000|  0%| F|  |TAMS 0x0000000706600000| PB 0x0000000706600000| Untracked |  0
|   5|0x0000000706800000, 0x0000000706800000, 0x0000000706a00000|  0%| F|  |TAMS 0x0000000706800000| PB 0x0000000706800000| Untracked |  0
|   6|0x0000000706a00000, 0x0000000706a00000, 0x0000000706c00000|  0%| F|  |TAMS 0x0000000706a00000| PB 0x0000000706a00000| Untracked |  0
|   7|0x0000000706c00000, 0x0000000706c00000, 0x0000000706e00000|  0%| F|  |TAMS 0x0000000706c00000| PB 0x0000000706c00000| Untracked |  0
|   8|0x0000000706e00000, 0x0000000706e00000, 0x0000000707000000|  0%| F|  |TAMS 0x0000000706e00000| PB 0x0000000706e00000| Untracked |  0
|   9|0x0000000707000000, 0x0000000707000000, 0x0000000707200000|  0%| F|  |TAMS 0x0000000707000000| PB 0x0000000707000000| Untracked |  0
|  10|0x0000000707200000, 0x0000000707200000, 0x0000000707400000|  0%| F|  |TAMS 0x0000000707200000| PB 0x0000000707200000| Untracked |  0
|  11|0x0000000707400000, 0x0000000707400000, 0x0000000707600000|  0%| F|  |TAMS 0x0000000707400000| PB 0x0000000707400000| Untracked |  0
|  12|0x0000000707600000, 0x0000000707600000, 0x0000000707800000|  0%| F|  |TAMS 0x0000000707600000| PB 0x0000000707600000| Untracked |  0
|  13|0x0000000707800000, 0x0000000707800000, 0x0000000707a00000|  0%| F|  |TAMS 0x0000000707800000| PB 0x0000000707800000| Untracked |  0
|  14|0x0000000707a00000, 0x0000000707a00000, 0x0000000707c00000|  0%| F|  |TAMS 0x0000000707a00000| PB 0x0000000707a00000| Untracked |  0
|  15|0x0000000707c00000, 0x0000000707c00000, 0x0000000707e00000|  0%| F|  |TAMS 0x0000000707c00000| PB 0x0000000707c00000| Untracked |  0
|  16|0x0000000707e00000, 0x0000000707e00000, 0x0000000708000000|  0%| F|  |TAMS 0x0000000707e00000| PB 0x0000000707e00000| Untracked |  0
|  17|0x0000000708000000, 0x0000000708000000, 0x0000000708200000|  0%| F|  |TAMS 0x0000000708000000| PB 0x0000000708000000| Untracked |  0
|  18|0x0000000708200000, 0x0000000708200000, 0x0000000708400000|  0%| F|  |TAMS 0x0000000708200000| PB 0x0000000708200000| Untracked |  0
|  19|0x0000000708400000, 0x0000000708400000, 0x0000000708600000|  0%| F|  |TAMS 0x0000000708400000| PB 0x0000000708400000| Untracked |  0
|  20|0x0000000708600000, 0x0000000708600000, 0x0000000708800000|  0%| F|  |TAMS 0x0000000708600000| PB 0x0000000708600000| Untracked |  0
|  21|0x0000000708800000, 0x0000000708800000, 0x0000000708a00000|  0%| F|  |TAMS 0x0000000708800000| PB 0x0000000708800000| Untracked |  0
|  22|0x0000000708a00000, 0x0000000708a00000, 0x0000000708c00000|  0%| F|  |TAMS 0x0000000708a00000| PB 0x0000000708a00000| Untracked |  0
|  23|0x0000000708c00000, 0x0000000708c00000, 0x0000000708e00000|  0%| F|  |TAMS 0x0000000708c00000| PB 0x0000000708c00000| Untracked |  0
|  24|0x0000000708e00000, 0x0000000708e00000, 0x0000000709000000|  0%| F|  |TAMS 0x0000000708e00000| PB 0x0000000708e00000| Untracked |  0
|  25|0x0000000709000000, 0x0000000709000000, 0x0000000709200000|  0%| F|  |TAMS 0x0000000709000000| PB 0x0000000709000000| Untracked |  0
|  26|0x0000000709200000, 0x0000000709200000, 0x0000000709400000|  0%| F|  |TAMS 0x0000000709200000| PB 0x0000000709200000| Untracked |  0
|  27|0x0000000709400000, 0x0000000709400000, 0x0000000709600000|  0%| F|  |TAMS 0x0000000709400000| PB 0x0000000709400000| Untracked |  0
|  28|0x0000000709600000, 0x0000000709600000, 0x0000000709800000|  0%| F|  |TAMS 0x0000000709600000| PB 0x0000000709600000| Untracked |  0
|  29|0x0000000709800000, 0x0000000709800000, 0x0000000709a00000|  0%| F|  |TAMS 0x0000000709800000| PB 0x0000000709800000| Untracked |  0
|  30|0x0000000709a00000, 0x0000000709a00000, 0x0000000709c00000|  0%| F|  |TAMS 0x0000000709a00000| PB 0x0000000709a00000| Untracked |  0
|  31|0x0000000709c00000, 0x0000000709c00000, 0x0000000709e00000|  0%| F|  |TAMS 0x0000000709c00000| PB 0x0000000709c00000| Untracked |  0
|  32|0x0000000709e00000, 0x0000000709e00000, 0x000000070a000000|  0%| F|  |TAMS 0x0000000709e00000| PB 0x0000000709e00000| Untracked |  0
|  33|0x000000070a000000, 0x000000070a000000, 0x000000070a200000|  0%| F|  |TAMS 0x000000070a000000| PB 0x000000070a000000| Untracked |  0
|  34|0x000000070a200000, 0x000000070a200000, 0x000000070a400000|  0%| F|  |TAMS 0x000000070a200000| PB 0x000000070a200000| Untracked |  0
|  35|0x000000070a400000, 0x000000070a400000, 0x000000070a600000|  0%| F|  |TAMS 0x000000070a400000| PB 0x000000070a400000| Untracked |  0
|  36|0x000000070a600000, 0x000000070a600000, 0x000000070a800000|  0%| F|  |TAMS 0x000000070a600000| PB 0x000000070a600000| Untracked |  0
|  37|0x000000070a800000, 0x000000070a800000, 0x000000070aa00000|  0%| F|  |TAMS 0x000000070a800000| PB 0x000000070a800000| Untracked |  0
|  38|0x000000070aa00000, 0x000000070aa00000, 0x000000070ac00000|  0%| F|  |TAMS 0x000000070aa00000| PB 0x000000070aa00000| Untracked |  0
|  39|0x000000070ac00000, 0x000000070ac00000, 0x000000070ae00000|  0%| F|  |TAMS 0x000000070ac00000| PB 0x000000070ac00000| Untracked |  0
|  40|0x000000070ae00000, 0x000000070ae00000, 0x000000070b000000|  0%| F|  |TAMS 0x000000070ae00000| PB 0x000000070ae00000| Untracked |  0
|  41|0x000000070b000000, 0x000000070b000000, 0x000000070b200000|  0%| F|  |TAMS 0x000000070b000000| PB 0x000000070b000000| Untracked |  0
|  42|0x000000070b200000, 0x000000070b200000, 0x000000070b400000|  0%| F|  |TAMS 0x000000070b200000| PB 0x000000070b200000| Untracked |  0
|  43|0x000000070b400000, 0x000000070b400000, 0x000000070b600000|  0%| F|  |TAMS 0x000000070b400000| PB 0x000000070b400000| Untracked |  0
|  44|0x000000070b600000, 0x000000070b600000, 0x000000070b800000|  0%| F|  |TAMS 0x000000070b600000| PB 0x000000070b600000| Untracked |  0
|  45|0x000000070b800000, 0x000000070b800000, 0x000000070ba00000|  0%| F|  |TAMS 0x000000070b800000| PB 0x000000070b800000| Untracked |  0
|  46|0x000000070ba00000, 0x000000070ba00000, 0x000000070bc00000|  0%| F|  |TAMS 0x000000070ba00000| PB 0x000000070ba00000| Untracked |  0
|  47|0x000000070bc00000, 0x000000070bc00000, 0x000000070be00000|  0%| F|  |TAMS 0x000000070bc00000| PB 0x000000070bc00000| Untracked |  0
|  48|0x000000070be00000, 0x000000070be00000, 0x000000070c000000|  0%| F|  |TAMS 0x000000070be00000| PB 0x000000070be00000| Untracked |  0
|  49|0x000000070c000000, 0x000000070c000000, 0x000000070c200000|  0%| F|  |TAMS 0x000000070c000000| PB 0x000000070c000000| Untracked |  0
|  50|0x000000070c200000, 0x000000070c200000, 0x000000070c400000|  0%| F|  |TAMS 0x000000070c200000| PB 0x000000070c200000| Untracked |  0
|  51|0x000000070c400000, 0x000000070c400000, 0x000000070c600000|  0%| F|  |TAMS 0x000000070c400000| PB 0x000000070c400000| Untracked |  0
|  52|0x000000070c600000, 0x000000070c600000, 0x000000070c800000|  0%| F|  |TAMS 0x000000070c600000| PB 0x000000070c600000| Untracked |  0
|  53|0x000000070c800000, 0x000000070c800000, 0x000000070ca00000|  0%| F|  |TAMS 0x000000070c800000| PB 0x000000070c800000| Untracked |  0
|  54|0x000000070ca00000, 0x000000070ca00000, 0x000000070cc00000|  0%| F|  |TAMS 0x000000070ca00000| PB 0x000000070ca00000| Untracked |  0
|  55|0x000000070cc00000, 0x000000070cc00000, 0x000000070ce00000|  0%| F|  |TAMS 0x000000070cc00000| PB 0x000000070cc00000| Untracked |  0
|  56|0x000000070ce00000, 0x000000070ce00000, 0x000000070d000000|  0%| F|  |TAMS 0x000000070ce00000| PB 0x000000070ce00000| Untracked |  0
|  57|0x000000070d000000, 0x000000070d000000, 0x000000070d200000|  0%| F|  |TAMS 0x000000070d000000| PB 0x000000070d000000| Untracked |  0
|  58|0x000000070d200000, 0x000000070d200000, 0x000000070d400000|  0%| F|  |TAMS 0x000000070d200000| PB 0x000000070d200000| Untracked |  0
|  59|0x000000070d400000, 0x000000070d400000, 0x000000070d600000|  0%| F|  |TAMS 0x000000070d400000| PB 0x000000070d400000| Untracked |  0
|  60|0x000000070d600000, 0x000000070d600000, 0x000000070d800000|  0%| F|  |TAMS 0x000000070d600000| PB 0x000000070d600000| Untracked |  0
|  61|0x000000070d800000, 0x000000070d800000, 0x000000070da00000|  0%| F|  |TAMS 0x000000070d800000| PB 0x000000070d800000| Untracked |  0
|  62|0x000000070da00000, 0x000000070da00000, 0x000000070dc00000|  0%| F|  |TAMS 0x000000070da00000| PB 0x000000070da00000| Untracked |  0
|  63|0x000000070dc00000, 0x000000070dc00000, 0x000000070de00000|  0%| F|  |TAMS 0x000000070dc00000| PB 0x000000070dc00000| Untracked |  0
|  64|0x000000070de00000, 0x000000070de00000, 0x000000070e000000|  0%| F|  |TAMS 0x000000070de00000| PB 0x000000070de00000| Untracked |  0
|  65|0x000000070e000000, 0x000000070e000000, 0x000000070e200000|  0%| F|  |TAMS 0x000000070e000000| PB 0x000000070e000000| Untracked |  0
|  66|0x000000070e200000, 0x000000070e200000, 0x000000070e400000|  0%| F|  |TAMS 0x000000070e200000| PB 0x000000070e200000| Untracked |  0
|  67|0x000000070e400000, 0x000000070e400000, 0x000000070e600000|  0%| F|  |TAMS 0x000000070e400000| PB 0x000000070e400000| Untracked |  0
|  68|0x000000070e600000, 0x000000070e600000, 0x000000070e800000|  0%| F|  |TAMS 0x000000070e600000| PB 0x000000070e600000| Untracked |  0
|  69|0x000000070e800000, 0x000000070e800000, 0x000000070ea00000|  0%| F|  |TAMS 0x000000070e800000| PB 0x000000070e800000| Untracked |  0
|  70|0x000000070ea00000, 0x000000070ea00000, 0x000000070ec00000|  0%| F|  |TAMS 0x000000070ea00000| PB 0x000000070ea00000| Untracked |  0
|  71|0x000000070ec00000, 0x000000070ec00000, 0x000000070ee00000|  0%| F|  |TAMS 0x000000070ec00000| PB 0x000000070ec00000| Untracked |  0
|  72|0x000000070ee00000, 0x000000070ee00000, 0x000000070f000000|  0%| F|  |TAMS 0x000000070ee00000| PB 0x000000070ee00000| Untracked |  0
|  73|0x000000070f000000, 0x000000070f000000, 0x000000070f200000|  0%| F|  |TAMS 0x000000070f000000| PB 0x000000070f000000| Untracked |  0
|  74|0x000000070f200000, 0x000000070f200000, 0x000000070f400000|  0%| F|  |TAMS 0x000000070f200000| PB 0x000000070f200000| Untracked |  0
|  75|0x000000070f400000, 0x000000070f400000, 0x000000070f600000|  0%| F|  |TAMS 0x000000070f400000| PB 0x000000070f400000| Untracked |  0
|  76|0x000000070f600000, 0x000000070f600000, 0x000000070f800000|  0%| F|  |TAMS 0x000000070f600000| PB 0x000000070f600000| Untracked |  0
|  77|0x000000070f800000, 0x000000070f800000, 0x000000070fa00000|  0%| F|  |TAMS 0x000000070f800000| PB 0x000000070f800000| Untracked |  0
|  78|0x000000070fa00000, 0x000000070fa00000, 0x000000070fc00000|  0%| F|  |TAMS 0x000000070fa00000| PB 0x000000070fa00000| Untracked |  0
|  79|0x000000070fc00000, 0x000000070fc00000, 0x000000070fe00000|  0%| F|  |TAMS 0x000000070fc00000| PB 0x000000070fc00000| Untracked |  0
|  80|0x000000070fe00000, 0x000000070fe00000, 0x0000000710000000|  0%| F|  |TAMS 0x000000070fe00000| PB 0x000000070fe00000| Untracked |  0
|  81|0x0000000710000000, 0x0000000710000000, 0x0000000710200000|  0%| F|  |TAMS 0x0000000710000000| PB 0x0000000710000000| Untracked |  0
|  82|0x0000000710200000, 0x0000000710200000, 0x0000000710400000|  0%| F|  |TAMS 0x0000000710200000| PB 0x0000000710200000| Untracked |  0
|  83|0x0000000710400000, 0x0000000710400000, 0x0000000710600000|  0%| F|  |TAMS 0x0000000710400000| PB 0x0000000710400000| Untracked |  0
|  84|0x0000000710600000, 0x0000000710600000, 0x0000000710800000|  0%| F|  |TAMS 0x0000000710600000| PB 0x0000000710600000| Untracked |  0
|  85|0x0000000710800000, 0x0000000710800000, 0x0000000710a00000|  0%| F|  |TAMS 0x0000000710800000| PB 0x0000000710800000| Untracked |  0
|  86|0x0000000710a00000, 0x0000000710a00000, 0x0000000710c00000|  0%| F|  |TAMS 0x0000000710a00000| PB 0x0000000710a00000| Untracked |  0
|  87|0x0000000710c00000, 0x0000000710c00000, 0x0000000710e00000|  0%| F|  |TAMS 0x0000000710c00000| PB 0x0000000710c00000| Untracked |  0
|  88|0x0000000710e00000, 0x0000000710e00000, 0x0000000711000000|  0%| F|  |TAMS 0x0000000710e00000| PB 0x0000000710e00000| Untracked |  0
|  89|0x0000000711000000, 0x0000000711000000, 0x0000000711200000|  0%| F|  |TAMS 0x0000000711000000| PB 0x0000000711000000| Untracked |  0
|  90|0x0000000711200000, 0x0000000711200000, 0x0000000711400000|  0%| F|  |TAMS 0x0000000711200000| PB 0x0000000711200000| Untracked |  0
|  91|0x0000000711400000, 0x0000000711400000, 0x0000000711600000|  0%| F|  |TAMS 0x0000000711400000| PB 0x0000000711400000| Untracked |  0
|  92|0x0000000711600000, 0x0000000711600000, 0x0000000711800000|  0%| F|  |TAMS 0x0000000711600000| PB 0x0000000711600000| Untracked |  0
|  93|0x0000000711800000, 0x0000000711800000, 0x0000000711a00000|  0%| F|  |TAMS 0x0000000711800000| PB 0x0000000711800000| Untracked |  0
|  94|0x0000000711a00000, 0x0000000711a00000, 0x0000000711c00000|  0%| F|  |TAMS 0x0000000711a00000| PB 0x0000000711a00000| Untracked |  0
|  95|0x0000000711c00000, 0x0000000711c00000, 0x0000000711e00000|  0%| F|  |TAMS 0x0000000711c00000| PB 0x0000000711c00000| Untracked |  0
|  96|0x0000000711e00000, 0x0000000711e00000, 0x0000000712000000|  0%| F|  |TAMS 0x0000000711e00000| PB 0x0000000711e00000| Untracked |  0
|  97|0x0000000712000000, 0x0000000712000000, 0x0000000712200000|  0%| F|  |TAMS 0x0000000712000000| PB 0x0000000712000000| Untracked |  0
|  98|0x0000000712200000, 0x0000000712200000, 0x0000000712400000|  0%| F|  |TAMS 0x0000000712200000| PB 0x0000000712200000| Untracked |  0
|  99|0x0000000712400000, 0x0000000712400000, 0x0000000712600000|  0%| F|  |TAMS 0x0000000712400000| PB 0x0000000712400000| Untracked |  0
| 100|0x0000000712600000, 0x0000000712600000, 0x0000000712800000|  0%| F|  |TAMS 0x0000000712600000| PB 0x0000000712600000| Untracked |  0
| 101|0x0000000712800000, 0x0000000712800000, 0x0000000712a00000|  0%| F|  |TAMS 0x0000000712800000| PB 0x0000000712800000| Untracked |  0
| 102|0x0000000712a00000, 0x0000000712a00000, 0x0000000712c00000|  0%| F|  |TAMS 0x0000000712a00000| PB 0x0000000712a00000| Untracked |  0
| 103|0x0000000712c00000, 0x0000000712c00000, 0x0000000712e00000|  0%| F|  |TAMS 0x0000000712c00000| PB 0x0000000712c00000| Untracked |  0
| 104|0x0000000712e00000, 0x0000000712e00000, 0x0000000713000000|  0%| F|  |TAMS 0x0000000712e00000| PB 0x0000000712e00000| Untracked |  0
| 105|0x0000000713000000, 0x0000000713000000, 0x0000000713200000|  0%| F|  |TAMS 0x0000000713000000| PB 0x0000000713000000| Untracked |  0
| 106|0x0000000713200000, 0x0000000713200000, 0x0000000713400000|  0%| F|  |TAMS 0x0000000713200000| PB 0x0000000713200000| Untracked |  0
| 107|0x0000000713400000, 0x0000000713400000, 0x0000000713600000|  0%| F|  |TAMS 0x0000000713400000| PB 0x0000000713400000| Untracked |  0
| 108|0x0000000713600000, 0x0000000713600000, 0x0000000713800000|  0%| F|  |TAMS 0x0000000713600000| PB 0x0000000713600000| Untracked |  0
| 109|0x0000000713800000, 0x0000000713800000, 0x0000000713a00000|  0%| F|  |TAMS 0x0000000713800000| PB 0x0000000713800000| Untracked |  0
| 110|0x0000000713a00000, 0x0000000713a00000, 0x0000000713c00000|  0%| F|  |TAMS 0x0000000713a00000| PB 0x0000000713a00000| Untracked |  0
| 111|0x0000000713c00000, 0x0000000713c00000, 0x0000000713e00000|  0%| F|  |TAMS 0x0000000713c00000| PB 0x0000000713c00000| Untracked |  0
| 112|0x0000000713e00000, 0x0000000713e00000, 0x0000000714000000|  0%| F|  |TAMS 0x0000000713e00000| PB 0x0000000713e00000| Untracked |  0
| 113|0x0000000714000000, 0x0000000714000000, 0x0000000714200000|  0%| F|  |TAMS 0x0000000714000000| PB 0x0000000714000000| Untracked |  0
| 114|0x0000000714200000, 0x0000000714200000, 0x0000000714400000|  0%| F|  |TAMS 0x0000000714200000| PB 0x0000000714200000| Untracked |  0
| 115|0x0000000714400000, 0x0000000714600000, 0x0000000714600000|100%| E|  |TAMS 0x0000000714400000| PB 0x0000000714400000| Complete |  0
| 116|0x0000000714600000, 0x0000000714800000, 0x0000000714800000|100%| E|CS|TAMS 0x0000000714600000| PB 0x0000000714600000| Complete |  0
| 117|0x0000000714800000, 0x0000000714a00000, 0x0000000714a00000|100%| E|CS|TAMS 0x0000000714800000| PB 0x0000000714800000| Complete |  0
| 118|0x0000000714a00000, 0x0000000714c00000, 0x0000000714c00000|100%| E|CS|TAMS 0x0000000714a00000| PB 0x0000000714a00000| Complete |  0
| 119|0x0000000714c00000, 0x0000000714e00000, 0x0000000714e00000|100%| E|CS|TAMS 0x0000000714c00000| PB 0x0000000714c00000| Complete |  0
| 120|0x0000000714e00000, 0x0000000715000000, 0x0000000715000000|100%| E|CS|TAMS 0x0000000714e00000| PB 0x0000000714e00000| Complete |  0
| 121|0x0000000715000000, 0x0000000715200000, 0x0000000715200000|100%| E|CS|TAMS 0x0000000715000000| PB 0x0000000715000000| Complete |  0
| 122|0x0000000715200000, 0x0000000715400000, 0x0000000715400000|100%| E|CS|TAMS 0x0000000715200000| PB 0x0000000715200000| Complete |  0
| 123|0x0000000715400000, 0x0000000715600000, 0x0000000715600000|100%| E|CS|TAMS 0x0000000715400000| PB 0x0000000715400000| Complete |  0
| 124|0x0000000715600000, 0x0000000715800000, 0x0000000715800000|100%| E|CS|TAMS 0x0000000715600000| PB 0x0000000715600000| Complete |  0
| 125|0x0000000715800000, 0x0000000715a00000, 0x0000000715a00000|100%| E|CS|TAMS 0x0000000715800000| PB 0x0000000715800000| Complete |  0
|2000|0x00000007ffe00000, 0x00000007fff1c318, 0x0000000800000000| 55%| O|  |TAMS 0x00000007ffe00000| PB 0x00000007ffe00000| Untracked |  0

Card table byte_map: [0x0000022e35750000,0x0000022e35f30000] _byte_map_base: 0x0000022e31f21000

Marking Bits: (CMBitMap*) 0x0000022e1aef0de0
 Bits: [0x0000022e35f30000, 0x0000022e39db8000)

Polling page: 0x0000022e1af60000

Metaspace:

Usage:
  Non-class:      7.69 MB used.
      Class:    731.16 KB used.
       Both:      8.40 MB used.

Virtual space:
  Non-class space:       64.00 MB reserved,       7.81 MB ( 12%) committed,  1 nodes.
      Class space:        1.00 GB reserved,     832.00 KB ( <1%) committed,  1 nodes.
             Both:        1.06 GB reserved,       8.62 MB ( <1%) committed. 

Chunk freelists:
   Non-Class:  8.22 MB
       Class:  15.22 MB
        Both:  23.45 MB

MaxMetaspaceSize: unlimited
CompressedClassSpaceSize: 1.00 GB
Initial GC threshold: 21.00 MB
Current GC threshold: 21.00 MB
CDS: on
 - commit_granule_bytes: 65536.
 - commit_granule_words: 8192.
 - virtual_space_node_default_size: 8388608.
 - enlarge_chunks_in_place: 1.
UseCompressedClassPointers 1, UseCompactObjectHeaders 0
Narrow klass pointer bits 32, Max shift 3
Narrow klass base: 0x0000022e3d000000, Narrow klass shift: 0
Encoding Range: [0x0000022e3d000000 - 0x0000022f3d000000), (4294967296 bytes)
Klass Range:    [0x0000022e3d000000 - 0x0000022e7e000000), (1090519040 bytes)
Klass ID Range:  [8 - 1090519033) (1090519025)


Internal statistics:

num_allocs_failed_limit: 0.
num_arena_births: 110.
num_arena_deaths: 0.
num_vsnodes_births: 2.
num_vsnodes_deaths: 0.
num_space_committed: 138.
num_space_uncommitted: 0.
num_chunks_returned_to_freelist: 0.
num_chunks_taken_from_freelist: 134.
num_chunk_merges: 0.
num_chunk_splits: 86.
num_chunks_enlarged: 51.
num_inconsistent_stats: 0.

CodeHeap 'non-profiled nmethods': size=119232Kb used=423Kb max_used=423Kb free=118808Kb
 bounds [0x0000022e2cb50000, 0x0000022e2cdc0000, 0x0000022e33fc0000]
CodeHeap 'profiled nmethods': size=119104Kb used=2315Kb max_used=2315Kb free=116788Kb
 bounds [0x0000022e24fc0000, 0x0000022e25230000, 0x0000022e2c410000]
CodeHeap 'non-nmethods': size=7424Kb used=1460Kb max_used=3200Kb free=5963Kb
 bounds [0x0000022e2c410000, 0x0000022e2c740000, 0x0000022e2cb50000]
CodeCache: size=245760Kb, used=4198Kb, max_used=5938Kb, free=241559Kb
 total_blobs=2271, nmethods=1638, adapters=539, full_count=0
Compilation: enabled, stopped_count=0, restarted_count=0

Compilation events (20 events):
Event: 18238.007 Thread 0x0000022e3ce3eae0 1628       3       java.beans.PropertyChangeSupport::firePropertyChange (35 bytes)
Event: 18238.012 Thread 0x0000022e3ce3eae0 nmethod 1628 0x0000022e251ff008 code [0x0000022e251ff180, 0x0000022e251ff908]
Event: 23218.155 Thread 0x0000022e3ce3eae0 1629   !   3       java.lang.Object::wait (59 bytes)
Event: 23218.184 Thread 0x0000022e3ce3eae0 nmethod 1629 0x0000022e251ff988 code [0x0000022e251ffb00, 0x0000022e25200080]
Event: 23938.245 Thread 0x0000022e3ce3eae0 1630  s    3       jdk.internal.ref.CleanerImpl$CleanableList::isEmpty (16 bytes)
Event: 23938.247 Thread 0x0000022e3ce3eae0 nmethod 1630 0x0000022e25200108 code [0x0000022e25200220, 0x0000022e252004d0]
Event: 23938.247 Thread 0x0000022e3ce3eae0 1633       3       java.lang.ref.ReferenceQueue::remove0 (67 bytes)
Event: 23938.250 Thread 0x0000022e3ce3eae0 nmethod 1633 0x0000022e25200508 code [0x0000022e25200680, 0x0000022e25200ae0]
Event: 23938.250 Thread 0x0000022e3ce3eae0 1631       3       jdk.internal.misc.InnocuousThread::eraseThreadLocals (23 bytes)
Event: 23938.250 Thread 0x0000022e3ce3eae0 nmethod 1631 0x0000022e25200b08 code [0x0000022e25200c20, 0x0000022e25200e10]
Event: 23938.250 Thread 0x0000022e3ce3eae0 1632   !   3       java.lang.ref.ReferenceQueue::remove (49 bytes)
Event: 23938.253 Thread 0x0000022e3ce3eae0 nmethod 1632 0x0000022e25200e88 code [0x0000022e25201020, 0x0000022e252019d0]
Event: 32452.581 Thread 0x0000022e3ce3eae0 1634   !   3       java.util.concurrent.locks.AbstractQueuedSynchronizer::reacquire (64 bytes)
Event: 32452.587 Thread 0x0000022e3ce3eae0 nmethod 1634 0x0000022e25201a08 code [0x0000022e25201b60, 0x0000022e25202048]
Event: 32454.693 Thread 0x0000022e3ce3b550 1635       4       java.util.HashMap$HashIterator::hasNext (13 bytes)
Event: 32454.694 Thread 0x0000022e3ce3eae0 1636   !   3       java.awt.Toolkit::setDesktopProperty (81 bytes)
Event: 32454.696 Thread 0x0000022e3ce3b550 nmethod 1635 0x0000022e2cbb9608 code [0x0000022e2cbb9700, 0x0000022e2cbb9780]
Event: 32454.696 Thread 0x0000022e3ce3eae0 nmethod 1636 0x0000022e25202088 code [0x0000022e25202220, 0x0000022e25202b30]
Event: 32454.696 Thread 0x0000022e3ce3eae0 1637       3       java.util.HashMap::tableSizeFor (32 bytes)
Event: 32454.696 Thread 0x0000022e3ce3eae0 nmethod 1637 0x0000022e25202b88 code [0x0000022e25202cc0, 0x0000022e25202eb0]

GC Heap History (0 events):
No events

Dll operation events (8 events):
Event: 0.009 Loaded shared library C:\Program Files\Apache NetBeans\jdk\bin\java.dll
Event: 0.038 Loaded shared library C:\Program Files\Apache NetBeans\jdk\bin\jsvml.dll
Event: 0.063 Loaded shared library C:\Program Files\Apache NetBeans\jdk\bin\net.dll
Event: 0.064 Loaded shared library C:\Program Files\Apache NetBeans\jdk\bin\nio.dll
Event: 0.085 Loaded shared library C:\Program Files\Apache NetBeans\jdk\bin\jimage.dll
Event: 0.093 Loaded shared library C:\Program Files\Apache NetBeans\jdk\bin\awt.dll
Event: 0.264 Loaded shared library C:\Program Files\Apache NetBeans\jdk\bin\freetype.dll
Event: 0.265 Loaded shared library C:\Program Files\Apache NetBeans\jdk\bin\fontmanager.dll

Deoptimization events (20 events):
Event: 1.826 Thread 0x0000022e7e86ba20 Uncommon trap: trap_request=0xffffffde fr.pc=0x0000022e2cb60c5c relative=0x00000000000001dc
Event: 1.826 Thread 0x0000022e7e86ba20 Uncommon trap: reason=class_check action=maybe_recompile pc=0x0000022e2cb60c5c method=java.lang.String.equals(Ljava/lang/Object;)Z @ 8 c2
Event: 1.826 Thread 0x0000022e7e86ba20 DEOPT PACKING pc=0x0000022e2cb60c5c sp=0x000000b7f81fe500
Event: 1.826 Thread 0x0000022e7e86ba20 DEOPT UNPACKING pc=0x0000022e2c528582 sp=0x000000b7f81fe498 mode 2
Event: 1.826 Thread 0x0000022e7e86ba20 Uncommon trap: trap_request=0xffffffde fr.pc=0x0000022e2cb60c5c relative=0x00000000000001dc
Event: 1.826 Thread 0x0000022e7e86ba20 Uncommon trap: reason=class_check action=maybe_recompile pc=0x0000022e2cb60c5c method=java.lang.String.equals(Ljava/lang/Object;)Z @ 8 c2
Event: 1.826 Thread 0x0000022e7e86ba20 DEOPT PACKING pc=0x0000022e2cb60c5c sp=0x000000b7f81fe500
Event: 1.826 Thread 0x0000022e7e86ba20 DEOPT UNPACKING pc=0x0000022e2c528582 sp=0x000000b7f81fe498 mode 2
Event: 1.830 Thread 0x0000022e7e86ba20 Uncommon trap: trap_request=0xffffffc6 fr.pc=0x0000022e2cb9b3bc relative=0x00000000000004bc
Event: 1.830 Thread 0x0000022e7e86ba20 Uncommon trap: reason=bimorphic_or_optimized_type_check action=maybe_recompile pc=0x0000022e2cb9b3bc method=java.util.concurrent.ConcurrentHashMap.get(Ljava/lang/Object;)Ljava/lang/Object; @ 149 c2
Event: 1.830 Thread 0x0000022e7e86ba20 DEOPT PACKING pc=0x0000022e2cb9b3bc sp=0x000000b7f81fd7c0
Event: 1.830 Thread 0x0000022e7e86ba20 DEOPT UNPACKING pc=0x0000022e2c528582 sp=0x000000b7f81fd730 mode 2
Event: 2.377 Thread 0x0000022e7e86ba20 Uncommon trap: trap_request=0xffffffde fr.pc=0x0000022e2cb60c5c relative=0x00000000000001dc
Event: 2.377 Thread 0x0000022e7e86ba20 Uncommon trap: reason=class_check action=maybe_recompile pc=0x0000022e2cb60c5c method=java.lang.String.equals(Ljava/lang/Object;)Z @ 8 c2
Event: 2.377 Thread 0x0000022e7e86ba20 DEOPT PACKING pc=0x0000022e2cb60c5c sp=0x000000b7f81fe500
Event: 2.377 Thread 0x0000022e7e86ba20 DEOPT UNPACKING pc=0x0000022e2c528582 sp=0x000000b7f81fe498 mode 2
Event: 2.377 Thread 0x0000022e7e86ba20 Uncommon trap: trap_request=0xffffffde fr.pc=0x0000022e2cb60c5c relative=0x00000000000001dc
Event: 2.377 Thread 0x0000022e7e86ba20 Uncommon trap: reason=class_check action=maybe_recompile pc=0x0000022e2cb60c5c method=java.lang.String.equals(Ljava/lang/Object;)Z @ 8 c2
Event: 2.377 Thread 0x0000022e7e86ba20 DEOPT PACKING pc=0x0000022e2cb60c5c sp=0x000000b7f81fe500
Event: 2.377 Thread 0x0000022e7e86ba20 DEOPT UNPACKING pc=0x0000022e2c528582 sp=0x000000b7f81fe498 mode 2

Classes loaded (20 events):
Event: 1.829 Loading class javax/swing/text/AbstractDocument$DefaultDocumentEventUndoableWrapper
Event: 1.829 Loading class sun/swing/text/UndoableEditLockSupport
Event: 1.829 Loading class sun/swing/text/UndoableEditLockSupport done
Event: 1.829 Loading class javax/swing/text/AbstractDocument$DefaultDocumentEventUndoableWrapper done
Event: 1.829 Loading class javax/swing/event/UndoableEditListener
Event: 1.829 Loading class javax/swing/event/UndoableEditListener done
Event: 1.829 Loading class javax/swing/JToggleButton
Event: 1.829 Loading class javax/swing/JToggleButton done
Event: 3.899 Loading class javax/swing/text/GapContent$RemoveUndo
Event: 3.899 Loading class javax/swing/text/GapContent$RemoveUndo done
Event: 9.508 Loading class javax/swing/text/GapContent$UndoPosRef
Event: 9.508 Loading class javax/swing/text/GapContent$UndoPosRef done
Event: 12.875 Loading class sun/awt/SunToolkit$1
Event: 12.875 Loading class sun/awt/SunToolkit$1 done
Event: 8203.978 Loading class java/util/WeakHashMap$KeyIterator
Event: 8204.019 Loading class java/util/WeakHashMap$HashIterator
Event: 8204.070 Loading class java/util/WeakHashMap$HashIterator done
Event: 8204.070 Loading class java/util/WeakHashMap$KeyIterator done
Event: 8204.249 Loading class javax/swing/RepaintManager$DisplayChangedRunnable
Event: 8204.266 Loading class javax/swing/RepaintManager$DisplayChangedRunnable done

Classes unloaded (0 events):
No events

Classes redefined (0 events):
No events

Internal exceptions (20 events):
Event: 0.152 Thread 0x0000022e1a8cf910 Exception <a 'java/lang/NoSuchMethodError'{0x0000000715459678}: 'java.lang.Object java.lang.invoke.DirectMethodHandle$Holder.invokeStatic(java.lang.Object, long)'> (0x0000000715459678) 
thrown [s\src\hotspot\share\interpreter\linkResolver.cpp, line 805]
Event: 0.152 Thread 0x0000022e1a8cf910 Exception <a 'java/lang/NoSuchMethodError'{0x0000000715461698}: 'java.lang.Object java.lang.invoke.DirectMethodHandle$Holder.invokeStaticInit(java.lang.Object, long)'> (0x0000000715461698) 
thrown [s\src\hotspot\share\interpreter\linkResolver.cpp, line 805]
Event: 0.169 Thread 0x0000022e1a8cf910 Exception <a 'java/lang/NoSuchMethodError'{0x0000000715491ae0}: 'void java.lang.invoke.DirectMethodHandle$Holder.invokeSpecial(java.lang.Object, java.lang.Object, java.lang.Object)'> (0x0000000715491ae0) 
thrown [s\src\hotspot\share\interpreter\linkResolver.cpp, line 805]
Event: 0.179 Thread 0x0000022e1a8cf910 Exception <a 'java/lang/NoSuchMethodError'{0x00000007155f7e80}: 'java.lang.Object java.lang.invoke.DirectMethodHandle$Holder.newInvokeSpecial(java.lang.Object, java.lang.Object, java.lang.Object, java.lang.Object, java.lang.Object)'> (0x00000007155f7e80) 
thrown [s\src\hotspot\share\interpreter\linkResolver.cpp, line 805]
Event: 0.186 Thread 0x0000022e1a8cf910 Exception <a 'java/lang/NoSuchMethodError'{0x0000000715260260}: 'java.lang.Object java.lang.invoke.DirectMethodHandle$Holder.invokeStatic(java.lang.Object, int, java.lang.Object)'> (0x0000000715260260) 
thrown [s\src\hotspot\share\interpreter\linkResolver.cpp, line 805]
Event: 0.211 Thread 0x0000022e1a8cf910 Exception <a 'java/lang/ClassNotFoundException'{0x000000071508eb88}: com/sun/swing/internal/plaf/metal/resources/spi/metalProvider> (0x000000071508eb88) 
thrown [s\src\hotspot\share\classfile\systemDictionary.cpp, line 327]
Event: 0.212 Thread 0x0000022e1a8cf910 Exception <a 'java/lang/ClassNotFoundException'{0x0000000715092598}: com/sun/swing/internal/plaf/basic/resources/spi/basicProvider> (0x0000000715092598) 
thrown [s\src\hotspot\share\classfile\systemDictionary.cpp, line 327]
Event: 0.220 Thread 0x0000022e1a8cf910 Exception <a 'java/lang/NoSuchMethodError'{0x00000007150c0050}: 'int java.lang.invoke.Invokers$Holder.invokeExact_MT(java.lang.Object, java.lang.Object)'> (0x00000007150c0050) 
thrown [s\src\hotspot\share\interpreter\linkResolver.cpp, line 805]
Event: 0.247 Thread 0x0000022e7e707780 Exception <a 'java/lang/NoSuchMethodError'{0x000000071550a220}: 'void java.lang.invoke.DirectMethodHandle$Holder.invokeVirtual(java.lang.Object, java.lang.Object)'> (0x000000071550a220) 
thrown [s\src\hotspot\share\interpreter\linkResolver.cpp, line 805]
Event: 0.260 Thread 0x0000022e1a8cf910 Exception <a 'java/lang/NoSuchMethodError'{0x00000007151212e0}: 'void java.lang.invoke.DirectMethodHandle$Holder.invokeStaticInit(java.lang.Object)'> (0x00000007151212e0) 
thrown [s\src\hotspot\share\interpreter\linkResolver.cpp, line 805]
Event: 0.271 Thread 0x0000022e1a8cf910 Exception <a 'java/lang/NoSuchMethodError'{0x0000000715155fe8}: 'long java.lang.invoke.DirectMethodHandle$Holder.invokeStaticInit(java.lang.Object, long, long, long, long)'> (0x0000000715155fe8) 
thrown [s\src\hotspot\share\interpreter\linkResolver.cpp, line 805]
Event: 0.272 Thread 0x0000022e1a8cf910 Exception <a 'java/lang/NoSuchMethodError'{0x000000071515e9f0}: 'java.lang.Object java.lang.invoke.DirectMethodHandle$Holder.invokeInterface(java.lang.Object, java.lang.Object, long, long)'> (0x000000071515e9f0) 
thrown [s\src\hotspot\share\interpreter\linkResolver.cpp, line 805]
Event: 0.272 Thread 0x0000022e1a8cf910 Exception <a 'java/lang/NoSuchMethodError'{0x00000007151771b0}: 'void java.lang.invoke.DirectMethodHandle$Holder.invokeStaticInit(java.lang.Object, java.lang.Object, long, java.lang.Object)'> (0x00000007151771b0) 
thrown [s\src\hotspot\share\interpreter\linkResolver.cpp, line 805]
Event: 0.273 Thread 0x0000022e1a8cf910 Exception <a 'java/lang/NoSuchMethodError'{0x000000071517fd98}: 'long java.lang.invoke.DirectMethodHandle$Holder.invokeStatic(java.lang.Object, long, long)'> (0x000000071517fd98) 
thrown [s\src\hotspot\share\interpreter\linkResolver.cpp, line 805]
Event: 0.275 Thread 0x0000022e1a8cf910 Exception <a 'java/lang/NoSuchMethodError'{0x00000007151a8c90}: 'java.lang.Object java.lang.invoke.DirectMethodHandle$Holder.newInvokeSpecial(java.lang.Object, int, java.lang.Object)'> (0x00000007151a8c90) 
thrown [s\src\hotspot\share\interpreter\linkResolver.cpp, line 805]
Event: 0.357 Thread 0x0000022e7e86ba20 Exception <a 'java/io/FileNotFoundException'{0x0000000714c495e0}> (0x0000000714c495e0) 
thrown [s\src\hotspot\share\prims\jni.cpp, line 518]
Event: 0.365 Thread 0x0000022e7e86ba20 Exception <a 'java/io/FileNotFoundException'{0x0000000714c687e8}> (0x0000000714c687e8) 
thrown [s\src\hotspot\share\prims\jni.cpp, line 518]
Event: 0.541 Thread 0x0000022e7e86ba20 Exception <a 'java/lang/NoSuchMethodError'{0x00000007144b39d0}: 'void java.lang.invoke.DelegatingMethodHandle$Holder.reinvoke_L(java.lang.Object, java.lang.Object, java.lang.Object, java.lang.Object, long, long, float)'> (0x00000007144b39d0) 
thrown [s\src\hotspot\share\interpreter\linkResolver.cpp, line 805]
Event: 0.544 Thread 0x0000022e7e86ba20 Exception <a 'java/lang/NoSuchMethodError'{0x00000007144d4020}: 'java.lang.Object java.lang.invoke.DirectMethodHandle$Holder.invokeStatic(java.lang.Object, java.lang.Object, java.lang.Object, java.lang.Object, java.lang.Object, long)'> (0x00000007144d4020) 
thrown [s\src\hotspot\share\interpreter\linkResolver.cpp, line 805]
Event: 0.550 Thread 0x0000022e7e86ba20 Exception <a 'java/lang/NoSuchMethodError'{0x00000007145188d0}: 'float java.lang.invoke.DelegatingMethodHandle$Holder.reinvoke_L(java.lang.Object, java.lang.Object, java.lang.Object, java.lang.Object, long, long)'> (0x00000007145188d0) 
thrown [s\src\hotspot\share\interpreter\linkResolver.cpp, line 805]

VM Operations (20 events):
Event: 0.537 Executing VM operation: HandshakeAllThreads (Deoptimize)
Event: 0.537 Executing VM operation: HandshakeAllThreads (Deoptimize) done
Event: 0.537 Executing VM operation: HandshakeAllThreads (Deoptimize)
Event: 0.537 Executing VM operation: HandshakeAllThreads (Deoptimize) done
Event: 60.174 Executing VM operation: HandshakeAllThreads (HandshakeForDeflation)
Event: 60.174 Executing VM operation: HandshakeAllThreads (HandshakeForDeflation) done
Event: 60.174 Executing VM operation: RendezvousGCThreads
Event: 60.174 Executing VM operation: RendezvousGCThreads done
Event: 8991.906 Executing VM operation: HandshakeAllThreads (HandshakeForDeflation)
Event: 8991.906 Executing VM operation: HandshakeAllThreads (HandshakeForDeflation) done
Event: 8991.906 Executing VM operation: RendezvousGCThreads
Event: 8991.906 Executing VM operation: RendezvousGCThreads done
Event: 12171.269 Executing VM operation: HandshakeAllThreads (HandshakeForDeflation)
Event: 12171.270 Executing VM operation: HandshakeAllThreads (HandshakeForDeflation) done
Event: 12171.270 Executing VM operation: RendezvousGCThreads
Event: 12171.270 Executing VM operation: RendezvousGCThreads done
Event: 18253.190 Executing VM operation: HandshakeAllThreads (HandshakeForDeflation)
Event: 18253.255 Executing VM operation: HandshakeAllThreads (HandshakeForDeflation) done
Event: 18253.256 Executing VM operation: RendezvousGCThreads
Event: 18253.256 Executing VM operation: RendezvousGCThreads done

Memory protections (0 events):
No events

Nmethod flushes (0 events):
No events

Events (20 events):
Event: 0.035 Thread 0x0000022e1a8cf910 Thread added: 0x0000022e3ce3a5c0
Event: 0.035 Thread 0x0000022e1a8cf910 Thread added: 0x0000022e3ce3b550
Event: 0.035 Thread 0x0000022e1a8cf910 Thread added: 0x0000022e3ce3eae0
Event: 0.041 Thread 0x0000022e3ce3eae0 Thread added: 0x0000022e3ce16070
Event: 0.043 Thread 0x0000022e3ce3eae0 Thread added: 0x0000022e7e0a8a80
Event: 0.062 Thread 0x0000022e1a8cf910 Thread added: 0x0000022e7e12dd10
Event: 0.073 Thread 0x0000022e7e0a8a80 Thread added: 0x0000022e7e160d40
Event: 0.077 Thread 0x0000022e1a8cf910 Thread added: 0x0000022e7e22fd10
Event: 0.137 Thread 0x0000022e1a8cf910 Thread added: 0x0000022e7e706a20
Event: 0.137 Thread 0x0000022e1a8cf910 Thread added: 0x0000022e7e47f520
Event: 0.138 Thread 0x0000022e1a8cf910 Thread added: 0x0000022e7e707780
Event: 0.247 Thread 0x0000022e7e707780 Thread added: 0x0000022e7e86ba20
Event: 0.336 Thread 0x0000022e1a8cf910 Thread exited: 0x0000022e1a8cf910
Event: 0.336 Thread 0x0000022e1a8cf910 Thread added: 0x0000022e1a8cf910
Event: 0.491 Thread 0x0000022e3ce16070 Thread added: 0x0000022e7e93c6e0
Event: 0.591 Thread 0x0000022e7e86ba20 Thread added: 0x0000022e7e98b8b0
Event: 0.661 Thread 0x0000022e7e160d40 Thread exited: 0x0000022e7e160d40
Event: 1.598 Thread 0x0000022e7e93c6e0 Thread exited: 0x0000022e7e93c6e0
Event: 4.828 Thread 0x0000022e7e0a8a80 Thread exited: 0x0000022e7e0a8a80
Event: 5.939 Thread 0x0000022e3ce16070 Thread exited: 0x0000022e3ce16070


Dynamic libraries:
0x00007ff635500000 - 0x00007ff63550e000 	C:\Program Files\Apache NetBeans\jdk\bin\java.exe
0x00007ff9d5f00000 - 0x00007ff9d6169000 	C:\WINDOWS\SYSTEM32\ntdll.dll
0x00007ff9d5090000 - 0x00007ff9d5159000 	C:\WINDOWS\System32\KERNEL32.DLL
0x00007ff9d3370000 - 0x00007ff9d3763000 	C:\WINDOWS\System32\KERNELBASE.dll
0x00007ff9d3ad0000 - 0x00007ff9d3c1b000 	C:\WINDOWS\System32\ucrtbase.dll
0x00007ff9a0910000 - 0x00007ff9a0926000 	C:\Program Files\Apache NetBeans\jdk\bin\jli.dll
0x00007ff9aca80000 - 0x00007ff9aca9e000 	C:\Program Files\Apache NetBeans\jdk\bin\VCRUNTIME140.dll
0x00007ff9d4690000 - 0x00007ff9d4854000 	C:\WINDOWS\System32\USER32.dll
0x00007ff9d32b0000 - 0x00007ff9d32d7000 	C:\WINDOWS\System32\win32u.dll
0x00007ff9b99e0000 - 0x00007ff9b9c73000 	C:\WINDOWS\WinSxS\amd64_microsoft.windows.common-controls_6595b64144ccf1df_6.0.26100.5074_none_3e0d6f78e32fd63f\COMCTL32.dll
0x00007ff9d55f0000 - 0x00007ff9d561b000 	C:\WINDOWS\System32\GDI32.dll
0x00007ff9d5e10000 - 0x00007ff9d5eb9000 	C:\WINDOWS\System32\msvcrt.dll
0x00007ff9d3770000 - 0x00007ff9d389d000 	C:\WINDOWS\System32\gdi32full.dll
0x00007ff9d3c20000 - 0x00007ff9d3cc3000 	C:\WINDOWS\System32\msvcp_win.dll
0x00007ff9d4600000 - 0x00007ff9d462f000 	C:\WINDOWS\System32\IMM32.DLL
0x00007ff9ac280000 - 0x00007ff9ac28c000 	C:\Program Files\Apache NetBeans\jdk\bin\vcruntime140_1.dll
0x00007ff995080000 - 0x00007ff99510d000 	C:\Program Files\Apache NetBeans\jdk\bin\msvcp140.dll
0x00007ff8dde30000 - 0x00007ff8decac000 	C:\Program Files\Apache NetBeans\jdk\bin\server\jvm.dll
0x00007ff9d4860000 - 0x00007ff9d4914000 	C:\WINDOWS\System32\ADVAPI32.dll
0x00007ff9d5b00000 - 0x00007ff9d5ba6000 	C:\WINDOWS\System32\sechost.dll
0x00007ff9d5840000 - 0x00007ff9d5958000 	C:\WINDOWS\System32\RPCRT4.dll
0x00007ff9d5620000 - 0x00007ff9d5694000 	C:\WINDOWS\System32\WS2_32.dll
0x00007ff9d1ca0000 - 0x00007ff9d1cfe000 	C:\WINDOWS\SYSTEM32\POWRPROF.dll
0x00007ff9c8120000 - 0x00007ff9c8155000 	C:\WINDOWS\SYSTEM32\WINMM.dll
0x00007ff9cba50000 - 0x00007ff9cba5b000 	C:\WINDOWS\SYSTEM32\VERSION.dll
0x00007ff9d1c80000 - 0x00007ff9d1c94000 	C:\WINDOWS\SYSTEM32\UMPDC.dll
0x00007ff9d1f90000 - 0x00007ff9d1fab000 	C:\WINDOWS\SYSTEM32\kernel.appcore.dll
0x00007ff9ac270000 - 0x00007ff9ac27a000 	C:\Program Files\Apache NetBeans\jdk\bin\jimage.dll
0x00007ff9d08c0000 - 0x00007ff9d0b02000 	C:\WINDOWS\SYSTEM32\DBGHELP.DLL
0x00007ff9d4920000 - 0x00007ff9d4c9b000 	C:\WINDOWS\System32\combase.dll
0x00007ff9d4f10000 - 0x00007ff9d4fe7000 	C:\WINDOWS\System32\OLEAUT32.dll
0x00007ff9a1490000 - 0x00007ff9a14cd000 	C:\WINDOWS\SYSTEM32\dbgcore.DLL
0x00007ff9d3090000 - 0x00007ff9d3129000 	C:\WINDOWS\System32\bcryptPrimitives.dll
0x00007ff9a1d60000 - 0x00007ff9a1d7e000 	C:\Program Files\Apache NetBeans\jdk\bin\java.dll
0x00007ff9d56a0000 - 0x00007ff9d5838000 	C:\WINDOWS\System32\ole32.dll
0x00007ff9d3e30000 - 0x00007ff9d457d000 	C:\WINDOWS\System32\SHELL32.dll
0x00007ff9d38a0000 - 0x00007ff9d3a0c000 	C:\WINDOWS\System32\wintypes.dll
0x00007ff9d0cd0000 - 0x00007ff9d1529000 	C:\WINDOWS\SYSTEM32\windows.storage.dll
0x00007ff9d5960000 - 0x00007ff9d5a50000 	C:\WINDOWS\System32\SHCORE.dll
0x00007ff9d5bb0000 - 0x00007ff9d5c12000 	C:\WINDOWS\System32\shlwapi.dll
0x00007ff9d2fb0000 - 0x00007ff9d2fd9000 	C:\WINDOWS\SYSTEM32\profapi.dll
0x00007ff9433d0000 - 0x00007ff9434a7000 	C:\Program Files\Apache NetBeans\jdk\bin\jsvml.dll
0x00007ff9a1d50000 - 0x00007ff9a1d60000 	C:\Program Files\Apache NetBeans\jdk\bin\net.dll
0x00007ff9d2510000 - 0x00007ff9d257b000 	C:\WINDOWS\system32\mswsock.dll
0x00007ff99d250000 - 0x00007ff99d266000 	C:\Program Files\Apache NetBeans\jdk\bin\nio.dll
0x00007ff92b200000 - 0x00007ff92b37e000 	C:\Program Files\Apache NetBeans\jdk\bin\awt.dll
0x00007ff9cf950000 - 0x00007ff9cf9ee000 	C:\WINDOWS\SYSTEM32\apphelp.dll
0x00007ff9cfb20000 - 0x00007ff9cfb4b000 	C:\WINDOWS\system32\DWMAPI.DLL
0x00007ff9cfa70000 - 0x00007ff9cfb18000 	C:\WINDOWS\system32\uxtheme.dll
0x00007ff92add0000 - 0x00007ff92aedc000 	C:\WINDOWS\system32\opengl32.dll
0x00007ff92ad80000 - 0x00007ff92adad000 	C:\WINDOWS\SYSTEM32\GLU32.dll
0x00007ff9d0130000 - 0x00007ff9d0174000 	C:\WINDOWS\SYSTEM32\dxcore.dll
0x00007ff9d3cd0000 - 0x00007ff9d3e28000 	C:\WINDOWS\System32\MSCTF.dll
0x00007ff988140000 - 0x00007ff9881c7000 	C:\Program Files\Apache NetBeans\jdk\bin\freetype.dll
0x00007ff938a40000 - 0x00007ff938b29000 	C:\Program Files\Apache NetBeans\jdk\bin\fontmanager.dll
0x00007ff9d5c20000 - 0x00007ff9d5cd1000 	C:\WINDOWS\System32\clbcatq.dll
0x00007ff9cde30000 - 0x00007ff9ce05f000 	C:\WINDOWS\SYSTEM32\WindowsCodecs.dll
0x00007ff99eca0000 - 0x00007ff99ecfa000 	C:\WINDOWS\system32\dataexchange.dll
0x00007ff9c30f0000 - 0x00007ff9c3329000 	C:\WINDOWS\system32\twinapi.appcore.dll
0x00007ff9ca660000 - 0x00007ff9ca7a9000 	C:\WINDOWS\SYSTEM32\textinputframework.dll
0x00007ff9cf690000 - 0x00007ff9cf7b5000 	C:\WINDOWS\SYSTEM32\CoreMessaging.dll
0x00007ff9cb4d0000 - 0x00007ff9cb7b3000 	C:\WINDOWS\SYSTEM32\CoreUIComponents.dll
0x00007ff9d27d0000 - 0x00007ff9d27dc000 	C:\WINDOWS\SYSTEM32\CRYPTBASE.DLL

JVMTI agents: none

dbghelp: loaded successfully - version: 4.0.5 - missing functions: none
symbol engine: initialized successfully - sym options: 0x614 - pdb path: .;C:\Program Files\Apache NetBeans\jdk\bin;C:\WINDOWS\SYSTEM32;C:\WINDOWS\WinSxS\amd64_microsoft.windows.common-controls_6595b64144ccf1df_6.0.26100.5074_none_3e0d6f78e32fd63f;C:\Program Files\Apache NetBeans\jdk\bin\server

VM Arguments:
jvm_args: -Dfile.encoding=UTF-8 --module-path=C:\Users\Istiak\Documents\NetBeansProjects\Bank Management System\build\classes 
java_command: bank.management.system.SignupOne
java_class_path (initial): C:\Users\Istiak\Documents\NetBeansProjects\Bank Management System\build\classes
Launcher Type: SUN_STANDARD

[Global flags]
     intx CICompilerCount                          = 12                                        {product} {ergonomic}
     uint ConcGCThreads                            = 3                                         {product} {ergonomic}
     uint G1ConcRefinementThreads                  = 13                                        {product} {ergonomic}
   size_t G1HeapRegionSize                         = 2097152                                   {product} {ergonomic}
   size_t InitialHeapSize                          = 264241152                                 {product} {ergonomic}
   size_t MarkStackSize                            = 4194304                                   {product} {ergonomic}
   size_t MarkStackSizeMax                         = 536870912                                 {product} {ergonomic}
   size_t MaxHeapSize                              = 4196401152                                {product} {ergonomic}
   size_t MaxNewSize                               = 2516582400                                {product} {ergonomic}
   size_t MinHeapDeltaBytes                        = 2097152                                   {product} {ergonomic}
   size_t MinHeapSize                              = 8388608                                   {product} {ergonomic}
    uintx NonNMethodCodeHeapSize                   = 7602176                                {pd product} {ergonomic}
    uintx NonProfiledCodeHeapSize                  = 122093568                              {pd product} {ergonomic}
     bool PerfDisableSharedMem                     = true                                      {product} {ergonomic}
    uintx ProfiledCodeHeapSize                     = 121962496                              {pd product} {ergonomic}
    uintx ReservedCodeCacheSize                    = 251658240                              {pd product} {ergonomic}
     bool SegmentedCodeCache                       = true                                      {product} {ergonomic}
   size_t SoftMaxHeapSize                          = 4196401152                             {manageable} {ergonomic}
     bool UseCompressedOops                        = true                           {product lp64_product} {ergonomic}
     bool UseG1GC                                  = true                                      {product} {ergonomic}
     bool UseLargePagesIndividualAllocation        = false                                  {pd product} {ergonomic}

Logging:
Log output configuration:
 #0: stdout all=warning uptime,level,tags foldmultilines=false
 #1: stderr all=off uptime,level,tags foldmultilines=false

Environment Variables:
JAVA_HOME=C:\Program Files\Eclipse Adoptium\jdk-17.0.15.6-hotspot\
PATH=C:\Program Files\Eclipse Adoptium\jdk-17.0.15.6-hotspot\bin;C:\Program Files (x86)\Common Files\Oracle\Java\java8path;C:\Program Files (x86)\Common Files\Oracle\Java\javapath;C:\Program Files (x86)\Common Files\Intel\Shared Libraries\redist\intel64\compiler;C:\Windows\system32;C:\Windows;C:\Windows\System32\Wbem;C:\Windows\System32\WindowsPowerShell\v1.0\;C:\Windows\System32\OpenSSH\;C:\Program Files (x86)\NVIDIA Corporation\PhysX\Common;C:\Program Files\steghide;C:\WINDOWS\system32;C:\WINDOWS;C:\WINDOWS\System32\Wbem;C:\WINDOWS\System32\WindowsPowerShell\v1.0\;C:\WINDOWS\System32\OpenSSH\;C:\Program Files\NVIDIA Corporation\NVIDIA app\NvDLISR;C:\Program Files\Git\cmd;C:\Program Files\dotnet\;C:\Users\Istiak\AppData\Local\Programs\Python\Python39\Scripts\;C:\Users\Istiak\AppData\Local\Programs\Python\Python39\;C:\Users\Istiak\AppData\Local\Microsoft\WindowsApps;C:\Users\Istiak\AppData\Local\Programs\Microsoft VS Code\bin;C:\msys64\ucrt64\bin;C:\Users\Istiak\AppData\Local\Programs\Microsoft VS Code\bin;C:\Users\Istiak\AppData\Local\GitHubDesktop\bin
USERNAME=Istiak
OS=Windows_NT
PROCESSOR_IDENTIFIER=Intel64 Family 6 Model 154 Stepping 3, GenuineIntel
TMP=C:\Users\Istiak\AppData\Local\Temp
TEMP=C:\Users\Istiak\AppData\Local\Temp




Periodic native trim disabled

---------------  S Y S T E M  ---------------

OS:
 Windows 11 , 64 bit Build 26100 (10.0.26100.5074)
OS uptime: 2 days 15:46 hours
Hyper-V role detected

CPU: total 16 (initial active 16) (8 cores per cpu, 2 threads per core) family 6 model 154 stepping 3 microcode 0x434, cx8, cmov, fxsr, ht, mmx, 3dnowpref, sse, sse2, sse3, ssse3, sse4.1, sse4.2, popcnt, lzcnt, tsc, tscinvbit, avx, avx2, aes, erms, clmul, bmi1, bmi2, adx, sha, fma, vzeroupper, clflush, clflushopt, clwb, hv, serialize, rdtscp, rdpid, fsrm, gfni, f16c, cet_ibt, cet_ss
Processor Information for the first 16 processors :
  Max Mhz: 2500, Current Mhz: 2500, Mhz Limit: 2500

Memory: 4k page, system-wide physical 16004M (4585M free)
TotalPageFile size 36375M (AvailPageFile size 7580M)
current process WorkingSet (physical memory assigned to process): 17M, peak: 94M
current process commit charge ("private bytes"): 369M, peak: 374M

vm_info: OpenJDK 64-Bit Server VM (24.0.2+12) for windows-amd64 JRE (24.0.2+12) (Zulu24.32+13-CA), built on 2025-07-11T12:45:44Z with MS VC++ 17.1 (VS2022)

END.
