#
# A fatal error has been detected by the Java Runtime Environment:
#
#  EXCEPTION_ACCESS_VIOLATION (0xc0000005) at pc=0x00007ff92b2dad89, pid=31528, tid=10736
#
# JRE version: OpenJDK Runtime Environment Zulu24.32+13-CA (24.0.2+12) (build 24.0.2+12)
# Java VM: OpenJDK 64-Bit Server VM Zulu24.32+13-CA (24.0.2+12, mixed mode, sharing, tiered, compressed oops, compressed class ptrs, g1 gc, windows-amd64)
# Problematic frame:
# C  [awt.dll+0xdad89]
#
# No core dump will be written. Minidumps are not enabled by default on client versions of Windows
#
# If you would like to submit a bug report, please visit:
#   http://www.azul.com/support/
# The crash happened outside the Java Virtual Machine in native code.
# See problematic frame for where to report the bug.
#

---------------  S U M M A R Y ------------

Command Line: -Dfile.encoding=UTF-8 --module-path=C:\Users\Istiak\Documents\NetBeansProjects\Bank Management System\build\classes bank.management.system.SignupOne

Host: 12th Gen Intel(R) Core(TM) i5-12500H, 16 cores, 15G,  Windows 11 , 64 bit Build 26100 (10.0.26100.5074)
Time: Sat Sep 13 06:20:53 2025 Bangladesh Standard Time elapsed time: 22915.763790 seconds (0d 6h 21m 55s)

---------------  T H R E A D  ---------------

Current thread (0x00000174844edf20):  JavaThread "AWT-EventQueue-0"        [_thread_in_native, id=10736, stack(0x00000042dfb00000,0x00000042dfc00000) (1024K)]

Stack: [0x00000042dfb00000,0x00000042dfc00000],  sp=0x00000042dfbfef60,  free space=1019k
Native frames: (J=compiled Java code, j=interpreted, Vv=VM code, C=native code)
C  [awt.dll+0xdad89]  (no source info available)
C  [awt.dll+0xda148]  (no source info available)
C  0x000001742e38ce20  (no source info available)

The last pc belongs to native method entry point (kind = native) (printed below).
Java frames: (J=compiled Java code, j=interpreted, Vv=VM code)
j  sun.awt.Win32GraphicsConfig.getBounds(I)Ljava/awt/Rectangle;+0 java.desktop@24.0.2
j  sun.awt.Win32GraphicsConfig.getBounds()Ljava/awt/Rectangle;+8 java.desktop@24.0.2
j  sun.awt.Win32GraphicsDevice.displayChanged()V+23 java.desktop@24.0.2
j  sun.awt.Win32GraphicsEnvironment.displayChanged()V+271 java.desktop@24.0.2
j  sun.awt.windows.WToolkit.lambda$displayChanged$0()V+15 java.desktop@24.0.2
j  sun.awt.windows.WToolkit$$Lambda+0x00000174401173b8.run()V+0 java.desktop@24.0.2
J 1374 c1 java.awt.event.InvocationEvent.dispatch()V java.desktop@24.0.2 (69 bytes) @ 0x0000017427131d9c [0x0000017427131b80+0x000000000000021c]
J 1327 c1 java.awt.EventQueue.dispatchEventImpl(Ljava/awt/AWTEvent;Ljava/lang/Object;)V java.desktop@24.0.2 (139 bytes) @ 0x0000017427121764 [0x000001742711fea0+0x00000000000018c4]
J 1866 c1 java.awt.EventQueue.dispatchEvent(Ljava/awt/AWTEvent;)V java.desktop@24.0.2 (48 bytes) @ 0x00000174271facb4 [0x00000174271faa60+0x0000000000000254]
J 1287 c1 java.awt.EventDispatchThread.pumpOneEventForFilters(I)V java.desktop@24.0.2 (106 bytes) @ 0x0000017427100d54 [0x0000017427100540+0x0000000000000814]
j  java.awt.EventDispatchThread.pumpEventsForFilter(ILjava/awt/Conditional;Ljava/awt/EventFilter;)V+35 java.desktop@24.0.2
j  java.awt.EventDispatchThread.pumpEventsForHierarchy(ILjava/awt/Conditional;Ljava/awt/Component;)V+11 java.desktop@24.0.2
j  java.awt.EventDispatchThread.pumpEvents(ILjava/awt/Conditional;)V+4 java.desktop@24.0.2
j  java.awt.EventDispatchThread.pumpEvents(Ljava/awt/Conditional;)V+3 java.desktop@24.0.2
j  java.awt.EventDispatchThread.run()V+9 java.desktop@24.0.2
v  ~StubRoutines::call_stub 0x000001742e380fcd

siginfo: EXCEPTION_ACCESS_VIOLATION (0xc0000005), reading address 0x0000000000000028


Registers:
RAX=0x0000000000000000, RBX=0x00000174846efc70, RCX=0x0000000000000000, RDX=0x0000000000000000
RSP=0x00000042dfbfef60, RBP=0x0000000000000000, RSI=0x0000000000000000, RDI=0x0000000000000000
R8 =0x0000000000000001, R9 =0x00000042ddc10000, R10=0x00000174844edc00, R11=0x00000174802aafd8
R12=0x0000000000000000, R13=0x000001748431f770, R14=0x000001743e9b1bf0, R15=0x0000000000000000
RIP=0x00007ff92b2dad89, EFLAGS=0x0000000000010246

XMM[0]=0x0000000000000000 0x0000000000000000
XMM[1]=0x0000000000000000 0x00000042dfbff030
XMM[2]=0x00000042dfbfe784 0x00000042dfbfe780
XMM[3]=0x00000042dfbfe674 0x00000042dfbfe670
XMM[4]=0x0000000000000000 0x00000042dfbfe580
XMM[5]=0x00000174844edf20 0x00000174271ffe01
XMM[6]=0x0000000000000000 0x00000000e27cfb03
XMM[7]=0x0000000000000000 0x000000000000000b
XMM[8]=0x0000000000000000 0x9cc768205c52007f
XMM[9]=0x0000000000000000 0xecb1a5c806856c91
XMM[10]=0x0000000000000000 0x0000000019d3c6c9
XMM[11]=0x0000000000000000 0x7214675f7899d3f0
XMM[12]=0x0000000000000000 0x0000000006856c91
XMM[13]=0x0000000000000000 0x0000000000000000
XMM[14]=0x0000000000000000 0x0000000000000000
XMM[15]=0x0000000000000000 0x0000000000000000
  MXCSR=0x00001fa2


Register to memory mapping:

RAX=0x0 is null
RBX=0x00000174846efc70 points into unknown readable memory: 0x00000174846f2790 | 90 27 6f 84 74 01 00 00
RCX=0x0 is null
RDX=0x0 is null
RSP=0x00000042dfbfef60 is pointing into the stack for thread: 0x00000174844edf20
RBP=0x0 is null
RSI=0x0 is null
RDI=0x0 is null
R8 =0x0000000000000001 is an unknown value
R9 =0x00000042ddc10000 points into unknown readable memory: 0x0000000000000000 | 00 00 00 00 00 00 00 00
R10=0x00000174844edc00 points into unknown readable memory: 0x0000001e00000003 | 03 00 00 00 1e 00 00 00
R11={method} {0x00000174802aafe0} '<init>' '(IIII)V' in 'java/awt/Rectangle'
R12=0x0 is null
R13=0x000001748431f770 points into unknown readable memory: 0x00000174802aafd8 | d8 af 2a 80 74 01 00 00
R14=0x000001743e9b1bf0 points into unknown readable memory: 0x000000071547cc10 | 10 cc 47 15 07 00 00 00
R15=0x0 is null

Top of Stack: (sp=0x00000042dfbfef60)
0x00000042dfbfef60:   00007ff92b337838 00000174846efc70   8x3+....p.n.t...
0x00000042dfbfef70:   00000174844ee2e8 00000174846efc70   ..N.t...p.n.t...
0x00000042dfbfef80:   00000174844ee2e8 00007ff92b2da148   ..N.t...H.-+....
0x00000042dfbfef90:   00000174846efc70 00000174846efc70   p.n.t...p.n.t...
0x00000042dfbfefa0:   0000000000000034 00000174844ee2e8   4.........N.t...
0x00000042dfbfefb0:   000000071542bbc0 0000017480246c98   ..B......l$.t...
0x00000042dfbfefc0:   0000000000000000 00000042dfbfefe0   ............B...
0x00000042dfbfefd0:   0000000000000000 0000000000000000   ................
0x00000042dfbfefe0:   000037ea74553042 0000000713f2ef98   B0Ut.7..........
0x00000042dfbfeff0:   00000174844edf20 00000042dfbff0d8    .N.t.......B...
0x00000042dfbff000:   00000174802a31b8 0000000000000000   .1*.t...........
0x00000042dfbff010:   00000174807502f0 0000000000000034   ..u.t...4.......
0x00000042dfbff020:   00000042dfbff0b0 000001742e38ce20   ....B... .8.t...
0x00000042dfbff030:   00000042dfbff048 00000174802a31b8   H...B....1*.t...
0x00000042dfbff040:   000001742e388800 0000000000000000   ..8.t...........
0x00000042dfbff050:   0000000713f2ef98 0000000713f2fbe0   ................
0x00000042dfbff060:   0000000713f2fbe0 fffffffffffffff7   ................
0x00000042dfbff070:   0000000000000000 0000000000000005   ................
0x00000042dfbff080:   00000174802a5c40 0000000000000000   @\*.t...........
0x00000042dfbff090:   000000071547c388 00000174802a31b8   ..G......1*.t...
0x00000042dfbff0a0:   0000000000000000 00000042dfbff0d0   ............B...
0x00000042dfbff0b0:   00000042dfbff128 000001742e38899a   (...B.....8.t...
0x00000042dfbff0c0:   0000000000000000 000001742e38a43a   ........:.8.t...
0x00000042dfbff0d0:   0000000000000000 0000000713f2fbe0   ................
0x00000042dfbff0e0:   fffffffffffffff7 00000174802a3260   ........`2*.t...
0x00000042dfbff0f0:   0000000000000002 00000174802a5c40   ........@\*.t...
0x00000042dfbff100:   0000000000000000 000000071547c388   ..........G.....
0x00000042dfbff110:   00000174802a3278 fffffffffffffff5   x2*.t...........
0x00000042dfbff120:   00000042dfbff138 00000042dfbff188   8...B.......B...
0x00000042dfbff130:   000001742e38899a 0000000713f2fbe0   ..8.t...........
0x00000042dfbff140:   fffffffffffffff7 0000017480246aef   .........j$.t...
0x00000042dfbff150:   0000000000000003 0000017480248270   ........p.$.t...

Instructions: (pc=0x00007ff92b2dad89)
  0x00007ff92b2dac89:   cc cc cc cc cc cc cc 48 89 5c 24 08 48 89 6c 24
  0x00007ff92b2dac99:   10 48 89 74 24 18 57 48 83 ec 20 41 8b f8 0f b6
  0x00007ff92b2daca9:   f2 48 8b e9 e8 1e d3 f4 ff 48 8b d8 48 89 44 24
  0x00007ff92b2dacb9:   48 41 b8 01 00 00 00 8b d7 48 8b c8 e8 86 d2 f4
  0x00007ff92b2dacc9:   ff 48 8b c8 44 0f b6 c6 48 8b d5 e8 97 fa ff ff
  0x00007ff92b2dacd9:   48 8b f8 48 8b cb e8 ac d4 f4 ff 90 48 8b c7 48
  0x00007ff92b2dace9:   8b 5c 24 30 48 8b 6c 24 38 48 8b 74 24 40 48 83
  0x00007ff92b2dacf9:   c4 20 5f c3 cc cc cc 48 8b 49 28 e9 07 07 00 00
  0x00007ff92b2dad09:   cc cc cc cc cc cc cc 48 89 5c 24 08 57 48 83 ec
  0x00007ff92b2dad19:   20 8b f9 e8 af d2 f4 ff 48 8b d8 48 89 44 24 38
  0x00007ff92b2dad29:   41 b8 01 00 00 00 8b d7 48 8b c8 e8 17 d2 f4 ff
  0x00007ff92b2dad39:   48 8b 08 8b 39 48 8b cb e8 4a d4 f4 ff 90 8b c7
  0x00007ff92b2dad49:   48 8b 5c 24 30 48 83 c4 20 5f c3 cc cc cc cc cc
  0x00007ff92b2dad59:   cc cc cc cc cc cc cc 48 89 5c 24 08 57 48 83 ec
  0x00007ff92b2dad69:   20 8b f9 e8 5f d2 f4 ff 48 8b d8 48 89 44 24 38
  0x00007ff92b2dad79:   41 b8 01 00 00 00 8b d7 48 8b c8 e8 c7 d1 f4 ff
=>0x00007ff92b2dad89:   48 8b 78 28 48 8b cb e8 fb d3 f4 ff 90 48 8b c7
  0x00007ff92b2dad99:   48 8b 5c 24 30 48 83 c4 20 5f c3 cc cc cc cc cc
  0x00007ff92b2dada9:   cc cc cc cc cc cc cc 48 89 5c 24 08 57 48 83 ec
  0x00007ff92b2dadb9:   20 8b f9 e8 0f d2 f4 ff 48 8b d8 48 89 44 24 38
  0x00007ff92b2dadc9:   41 b8 01 00 00 00 8b d7 48 8b c8 e8 77 d1 f4 ff
  0x00007ff92b2dadd9:   48 8b 78 30 48 8b cb e8 ab d3 f4 ff 90 48 8b c7
  0x00007ff92b2dade9:   48 8b 5c 24 30 48 83 c4 20 5f c3 cc cc cc cc cc
  0x00007ff92b2dadf9:   cc cc cc cc cc cc cc 48 89 5c 24 08 57 48 83 ec
  0x00007ff92b2dae09:   20 8b f9 e8 bf d1 f4 ff 48 8b d8 48 89 44 24 38
  0x00007ff92b2dae19:   41 b8 01 00 00 00 8b d7 48 8b c8 e8 27 d1 f4 ff
  0x00007ff92b2dae29:   48 8b 78 08 48 85 ff 74 07 48 8b bf 08 0c 00 00
  0x00007ff92b2dae39:   48 8b cb e8 4f d3 f4 ff 90 48 8b c7 48 8b 5c 24
  0x00007ff92b2dae49:   30 48 83 c4 20 5f c3 f3 0f 10 41 48 c3 cc cc cc
  0x00007ff92b2dae59:   cc cc cc cc cc cc cc f3 0f 10 41 4c c3 cc cc cc
  0x00007ff92b2dae69:   cc cc cc cc cc cc cc 48 89 5c 24 10 48 89 74 24
  0x00007ff92b2dae79:   18 55 57 41 56 48 8d 6c 24 e0 48 81 ec 20 01 00


Stack slot to memory mapping:

stack at sp + 0 slots: 0x00007ff92b337838 awt.dll
stack at sp + 1 slots: 0x00000174846efc70 points into unknown readable memory: 0x00000174846f2790 | 90 27 6f 84 74 01 00 00
stack at sp + 2 slots: 0x00000174844ee2e8 points into unknown readable memory: 0x00007ff8deb2c9d0 | d0 c9 b2 de f8 7f 00 00
stack at sp + 3 slots: 0x00000174846efc70 points into unknown readable memory: 0x00000174846f2790 | 90 27 6f 84 74 01 00 00
stack at sp + 4 slots: 0x00000174844ee2e8 points into unknown readable memory: 0x00007ff8deb2c9d0 | d0 c9 b2 de f8 7f 00 00
stack at sp + 5 slots: 0x00007ff92b2da148 awt.dll
stack at sp + 6 slots: 0x00000174846efc70 points into unknown readable memory: 0x00000174846f2790 | 90 27 6f 84 74 01 00 00
stack at sp + 7 slots: 0x00000174846efc70 points into unknown readable memory: 0x00000174846f2790 | 90 27 6f 84 74 01 00 00

Lock stack of current Java thread (top to bottom):

native method entry point (kind = native)  [0x000001742e38ca40, 0x000001742e38d478]  2616 bytes
[MachCode]
  0x000001742e38ca40: 488b 4b08 | 0fb7 492e | 584c 8d74 | ccf8 6800 | 0000 0068 | 0000 0000 | 5055 488b | ec41 5568 
  0x000001742e38ca60: 0000 0000 | 4c8b 6b08 | 4d8d 6d38 | 5348 8b53 | 0848 8b52 | 0848 8b52 | 1848 8b52 | 7048 8b12 
  0x000001742e38ca80: 5248 8b53 | 1048 85d2 | 0f84 0700 | 0000 4881 | c208 0100 | 0052 488b | 5308 488b | 5208 488b 
  0x000001742e38caa0: 5210 5249 | 8bc6 482b | c548 c1e8 | 0350 6800 | 0000 0068 | f7ff ffff | 41c6 8771 | 0400 0001 
  0x000001742e38cac0: 488b 4310 | 4885 c074 | 208b 88cc | 0000 0083 | c102 8988 | cc00 0000 | 2388 e000 | 0000 0f84 
  0x000001742e38cae0: e408 0000 | e9cd 0000 | 0048 8b43 | 1848 85c0 | 0f85 b000 | 0000 e805 | 0000 00e9 | 9900 0000 
  0x000001742e38cb00: 488b d348 | 8d44 2408 | 4c89 6dc0 | 498b cfc5 | f877 4989 | afb8 0300 | 0049 8987 | a803 0000 
  0x000001742e38cb20: 4883 ec20 | 40f6 c40f | 0f84 1900 | 0000 4883 | ec08 48b8 | e016 25de | f87f 0000 | ffd0 4883 
  0x000001742e38cb40: c408 e90c | 0000 0048 | b8e0 1625 | def8 7f00 | 00ff d048 | 83c4 2049 | c787 a803 | 0000 0000 
  0x000001742e38cb60: 0000 49c7 | 87b8 0300 | 0000 0000 | 0049 c787 | b003 0000 | 0000 0000 | c5f8 7749 | 837f 0800 
  0x000001742e38cb80: 0f84 0500 | 0000 e935 | 43ff ff4c | 8b6d c04c | 8b75 c84e | 8d74 f500 | c348 8b43 | 1848 85c0 
  0x000001742e38cba0: 0f84 1000 | 0000 8b08 | 83c1 0289 | 0823 4814 | 0f84 1208 | 0000 493b | a7f0 0400 | 000f 8748 
  0x000001742e38cbc0: 0000 0089 | 8424 00f0 | ffff 8984 | 2400 e0ff | ff89 8424 | 00d0 ffff | 8984 2400 | c0ff ff89 
  0x000001742e38cbe0: 8424 00b0 | ffff 8984 | 2400 a0ff | ff89 8424 | 0090 ffff | 8984 2400 | 80ff ff49 | 3ba7 e804 
  0x000001742e38cc00: 0000 7607 | 4989 a7f0 | 0400 0041 | c687 7104 | 0000 0048 | 8b5d e84c | 8b5b 0845 | 0fb7 5b2e 
  0x000001742e38cc20: 41c1 e303 | 492b e348 | 83ec 2048 | 83e4 f04c | 8b5b 604d | 85db 0f85 | ab00 0000 | e805 0000 
  0x000001742e38cc40: 00e9 9900 | 0000 488b | d348 8d44 | 2408 4c89 | 6dc0 498b | cfc5 f877 | 4989 afb8 | 0300 0049 
  0x000001742e38cc60: 8987 a803 | 0000 4883 | ec20 40f6 | c40f 0f84 | 1900 0000 | 4883 ec08 | 48b8 0041 | 25de f87f 
  0x000001742e38cc80: 0000 ffd0 | 4883 c408 | e90c 0000 | 0048 b800 | 4125 def8 | 7f00 00ff | d048 83c4 | 2049 c787 
  0x000001742e38cca0: a803 0000 | 0000 0000 | 49c7 87b8 | 0300 0000 | 0000 0049 | c787 b003 | 0000 0000 | 0000 c5f8 
  0x000001742e38ccc0: 7749 837f | 0800 0f84 | 0500 0000 | e9ef 41ff | ff4c 8b6d | c04c 8b75 | c84e 8d74 | f500 c348 
  0x000001742e38cce0: 8b5d e84c | 8b5b 6041 | ffd3 488b | 5de8 4889 | 4518 448b | 5b28 41f6 | c308 0f84 | 1b00 0000 
  0x000001742e38cd00: 4c8b 5b08 | 4d8b 5b08 | 4d8b 5b18 | 4d8b 5b70 | 4d8b 1b4c | 895d 1048 | 8d55 1048 | 8b43 5849 
  0x000001742e38cd20: ba70 8c5e | def8 7f00 | 0049 3bc2 | 0f85 ab00 | 0000 e805 | 0000 00e9 | 9900 0000 | 488b d348 
  0x000001742e38cd40: 8d44 2408 | 4c89 6dc0 | 498b cfc5 | f877 4989 | afb8 0300 | 0049 8987 | a803 0000 | 4883 ec20 
  0x000001742e38cd60: 40f6 c40f | 0f84 1900 | 0000 4883 | ec08 48b8 | 0041 25de | f87f 0000 | ffd0 4883 | c408 e90c 
  0x000001742e38cd80: 0000 0048 | b800 4125 | def8 7f00 | 00ff d048 | 83c4 2049 | c787 a803 | 0000 0000 | 0000 49c7 
  0x000001742e38cda0: 87b8 0300 | 0000 0000 | 0049 c787 | b003 0000 | 0000 0000 | c5f8 7749 | 837f 0800 | 0f84 0500 
  0x000001742e38cdc0: 0000 e9f9 | 40ff ff4c | 8b6d c04c | 8b75 c84e | 8d74 f500 | c348 8b5d | e848 8b43 | 5849 8d8f 
  0x000001742e38cde0: c803 0000 | 4c8d 15d5 | 0000 004d | 8997 b003 | 0000 c5f8 | 7749 89af | b803 0000 | 4989 a7a8 
  0x000001742e38ce00: 0300 0041 | c787 5404 | 0000 0400 | 0000 493b | a748 0500 | 0076 0749 | 89a7 4805 | 0000 ffd0 
  0x000001742e38ce20: 493b a748 | 0500 0072 | 0b49 c787 | 4805 0000 | 0000 0000 | c5f8 7748 | 83ec 10c5 | fb11 0424 
  0x000001742e38ce40: 4883 ec10 | 4889 0424 | 48c7 4424 | 0800 0000 | 0041 c787 | 5404 0000 | 0500 0000 | f083 4424 
  0x000001742e38ce60: c000 493b | 6f28 0f87 | 0e00 0000 | 4183 bf50 | 0400 0000 | 0f84 2000 | 0000 498b | cf4c 8be4 
  0x000001742e38ce80: 4883 ec20 | 4883 e4f0 | 48b8 f0a5 | 26de f87f | 0000 ffd0 | 498b e44d | 33e4 41c7 | 8754 0400 
  0x000001742e38cea0: 0008 0000 | 004d 8b97 | 7005 0000 | 4983 fa00 | 7435 49c7 | 8770 0500 | 0000 0000 | 0041 ffe2 
  0x000001742e38cec0: 49ba 00bb | 382e 7401 | 0000 41ff | d248 83ec | 10c5 fb11 | 0424 4883 | ec10 4889 | 0424 48c7 
  0x000001742e38cee0: 4424 0800 | 0000 0049 | c787 a803 | 0000 0000 | 0000 49c7 | 87b8 0300 | 0000 0000 | 0049 c787 
  0x000001742e38cf00: b003 0000 | 0000 0000 | c5f8 774d | 8b9f 3804 | 0000 41c7 | 8300 0100 | 0000 0000 | 0049 bb3a 
  0x000001742e38cf20: a438 2e74 | 0100 004c | 3b5d 180f | 8555 0100 | 0048 8b04 | 2448 83c4 | 1048 85c0 | 0f84 2f01 
  0x000001742e38cf40: 0000 a803 | 0f85 0800 | 0000 488b | 00e9 1f01 | 0000 a801 | 0f85 0900 | 0000 488b | 40fe e90e 
  0x000001742e38cf60: 0100 0048 | 8b40 ff41 | 807f 4800 | 0f84 ff00 | 0000 4883 | f800 0f84 | f500 0000 | 4d8b 5f38 
  0x000001742e38cf80: 4d85 db0f | 8414 0000 | 0049 83eb | 084d 895f | 384d 035f | 4049 8903 | e9d4 0000 | 0048 83ec 
  0x000001742e38cfa0: 7048 8904 | 2448 894c | 2408 4889 | 5424 104c | 8944 2418 | 4c89 4c24 | 204c 8954 | 2428 4c89 
  0x000001742e38cfc0: 5c24 30c5 | fb11 4424 | 40c5 fb11 | 4c24 48c5 | fb11 5424 | 50c5 fb11 | 5c24 58c5 | fb11 6424 
  0x000001742e38cfe0: 60c5 fb11 | 6c24 6849 | 8bd7 488b | c848 83ec | 2040 f6c4 | 0f0f 8419 | 0000 0048 | 83ec 0848 
  0x000001742e38d000: b8e0 1819 | def8 7f00 | 00ff d048 | 83c4 08e9 | 0c00 0000 | 48b8 e018 | 19de f87f | 0000 ffd0 
  0x000001742e38d020: 4883 c420 | c5fb 106c | 2468 c5fb | 1064 2460 | c5fb 105c | 2458 c5fb | 1054 2450 | c5fb 104c 
  0x000001742e38d040: 2448 c5fb | 1044 2440 | 4c8b 5c24 | 304c 8b54 | 2428 4c8b | 4c24 204c | 8b44 2418 | 488b 5424 
  0x000001742e38d060: 1048 8b4c | 2408 488b | 0424 4883 | c470 c5f8 | 7748 8945 | 1048 83ec | 1048 8904 | 2448 c744 
  0x000001742e38d080: 2408 0000 | 0000 4183 | bfd0 0400 | 0002 0f85 | bf00 0000 | 4881 ec80 | 0000 0048 | 8944 2478 
  0x000001742e38d0a0: 4889 4c24 | 7048 8954 | 2468 4889 | 5c24 6048 | 896c 2450 | 4889 7424 | 4848 897c | 2440 4c89 
  0x000001742e38d0c0: 4424 384c | 894c 2430 | 4c89 5424 | 284c 895c | 2420 4c89 | 6424 184c | 896c 2410 | 4c89 7424 
  0x000001742e38d0e0: 084c 893c | 244c 8be4 | 4883 ec20 | 4883 e4f0 | 48b8 6074 | 5ede f87f | 0000 ffd0 | 498b e44c 
  0x000001742e38d100: 8b3c 244c | 8b74 2408 | 4c8b 6c24 | 104c 8b64 | 2418 4c8b | 5c24 204c | 8b54 2428 | 4c8b 4c24 
  0x000001742e38d120: 304c 8b44 | 2438 488b | 7c24 4048 | 8b74 2448 | 488b 6c24 | 5048 8b5c | 2460 488b | 5424 6848 
  0x000001742e38d140: 8b4c 2470 | 488b 4424 | 7848 81c4 | 8000 0000 | 4d33 e448 | 8b5d e84c | 8b6b 084d | 8d6d 3849 
  0x000001742e38d160: 837f 0800 | 0f84 bb00 | 0000 e805 | 0000 00e9 | 9600 0000 | 488d 4424 | 084c 896d | c049 8bcf 
  0x000001742e38d180: c5f8 7749 | 89af b803 | 0000 4989 | 87a8 0300 | 0048 83ec | 2040 f6c4 | 0f0f 8419 | 0000 0048 
  0x000001742e38d1a0: 83ec 0848 | b8a0 5f25 | def8 7f00 | 00ff d048 | 83c4 08e9 | 0c00 0000 | 48b8 a05f | 25de f87f 
  0x000001742e38d1c0: 0000 ffd0 | 4883 c420 | 49c7 87a8 | 0300 0000 | 0000 0049 | c787 b803 | 0000 0000 | 0000 49c7 
  0x000001742e38d1e0: 87b0 0300 | 0000 0000 | 00c5 f877 | 4983 7f08 | 000f 8405 | 0000 00e9 | c43c ffff | 4c8b 6dc0 
  0x000001742e38d200: 4c8b 75c8 | 4e8d 74f5 | 00c3 48b9 | e034 8ede | f87f 0000 | 4883 e4f0 | 48b8 1090 | 4bde f87f 
  0x000001742e38d220: 0000 ffd0 | f444 8b5b | 2841 f6c3 | 200f 8472 | 0100 0048 | 8d55 a84c | 8b5a 084d | 85db 0f85 
  0x000001742e38d240: bb00 0000 | e805 0000 | 00e9 9600 | 0000 488d | 4424 084c | 896d c049 | 8bcf c5f8 | 7749 89af 
  0x000001742e38d260: b803 0000 | 4989 87a8 | 0300 0048 | 83ec 2040 | f6c4 0f0f | 8419 0000 | 0048 83ec | 0848 b8d0 
  0x000001742e38d280: 5e25 def8 | 7f00 00ff | d048 83c4 | 08e9 0c00 | 0000 48b8 | d05e 25de | f87f 0000 | ffd0 4883 
  0x000001742e38d2a0: c420 49c7 | 87a8 0300 | 0000 0000 | 0049 c787 | b803 0000 | 0000 0000 | 49c7 87b0 | 0300 0000 
  0x000001742e38d2c0: 0000 00c5 | f877 4983 | 7f08 000f | 8405 0000 | 00e9 ea3b | ffff 4c8b | 6dc0 4c8b | 75c8 4e8d 
  0x000001742e38d2e0: 74f5 00c3 | 48b9 e034 | 8ede f87f | 0000 4883 | e4f0 48b8 | 1090 4bde | f87f 0000 | ffd0 f44c 
  0x000001742e38d300: 896d c04c | 8b4a 0848 | c742 0800 | 0000 0045 | 8b87 5806 | 0000 4f3b | 4c07 f80f | 8542 0000 
  0x000001742e38d320: 0041 83af | 5806 0000 | 084f 3b4c | 07f0 0f84 | 2a00 0000 | 498b 01a8 | 020f 8512 | 0000 004c 
  0x000001742e38d340: 8bc0 4983 | c801 f04d | 0fb1 010f | 840d 0000 | 0041 8387 | 5806 0000 | 08e9 0500 | 0000 e93e 
  0x000001742e38d360: 0000 004c | 894a 0848 | 8bca 4883 | ec20 40f6 | c40f 0f84 | 1900 0000 | 4883 ec08 | 48b8 f030 
  0x000001742e38d380: 25de f87f | 0000 ffd0 | 4883 c408 | e90c 0000 | 0048 b8f0 | 3025 def8 | 7f00 00ff | d048 83c4 
  0x000001742e38d3a0: 204c 8b6d | c048 8b04 | 2448 83c4 | 10c5 fb10 | 0424 4883 | c410 4c8b | 5d18 41ff | d34c 8b5d 
  0x000001742e38d3c0: f8c9 5f49 | 8be3 ffe7 | ba00 0000 | 00e8 0500 | 0000 e996 | 0000 0048 | 8d44 2408 | 4c89 6dc0 
  0x000001742e38d3e0: 498b cfc5 | f877 4989 | afb8 0300 | 0049 8987 | a803 0000 | 4883 ec20 | 40f6 c40f | 0f84 1900 
  0x000001742e38d400: 0000 4883 | ec08 48b8 | a025 25de | f87f 0000 | ffd0 4883 | c408 e90c | 0000 0048 | b8a0 2525 
  0x000001742e38d420: def8 7f00 | 00ff d048 | 83c4 2049 | c787 a803 | 0000 0000 | 0000 49c7 | 87b8 0300 | 0000 0000 
  0x000001742e38d440: 0049 c787 | b003 0000 | 0000 0000 | c5f8 7749 | 837f 0800 | 0f84 0500 | 0000 e961 | 3aff ff4c 
  0x000001742e38d460: 8b6d c04c | 8b75 c84e | 8d74 f500 | c348 8b5d | e8e9 40f7 | ffff 6690 
[/MachCode]

Compiled method (c1) 22917312 1374   !   3       java.awt.event.InvocationEvent::dispatch (69 bytes)
 total in heap  [0x0000017427131a08,0x0000017427132200] = 2040
 relocation     [0x0000017427131ae0,0x0000017427131b68] = 136
 main code      [0x0000017427131b80,0x0000017427132190] = 1552
 stub code      [0x0000017427132190,0x00000174271321f8] = 104
 metadata       [0x00000174271321f8,0x0000017427132200] = 8
 immutable data [0x000001748468ce20,0x000001748468cfc8] = 424
 dependencies   [0x000001748468ce20,0x000001748468ce28] = 8
 nul chk table  [0x000001748468ce28,0x000001748468ce40] = 24
 handler table  [0x000001748468ce40,0x000001748468ced0] = 144
 scopes pcs     [0x000001748468ced0,0x000001748468cf70] = 160
 scopes data    [0x000001748468cf70,0x000001748468cfc8] = 88

[Constant Pool (empty)]

[MachCode]
[Instructions begin]
  0x0000017427131b80: 6666 660f | 1f84 0000 | 0000 0066 | 6666 9066 | 6690 448b | 5208 443b 

  0x0000017427131b98: ;   {runtime_call Shared Runtime ic_miss_blob}
  0x0000017427131b98: 5008 0f85 | c0cb 2907 
[Verified Entry Point]
  0x0000017427131ba0: 8984 2400 | 80ff ff55 | 4883 ec30 | 4181 7f20 | 0100 0000 

  0x0000017427131bb4: ;   {runtime_call StubRoutines (final stubs)}
  0x0000017427131bb4: 7405 e845 | 3d28 0748 | 8954 2418 

  0x0000017427131bc0: ;   {metadata(method data for {method} {0x000001748069bf78} 'dispatch' '()V' in 'java/awt/event/InvocationEvent')}
  0x0000017427131bc0: 48be 88fc | 8380 7401 | 0000 8bbe | cc00 0000 | 83c7 0289 | becc 0000 | 0081 e7fe | 0700 0085 
  0x0000017427131be0: ff0f 84c7 | 0400 000f | be72 1d85 

  0x0000017427131bec: ;   {metadata(method data for {method} {0x000001748069bf78} 'dispatch' '()V' in 'java/awt/event/InvocationEvent')}
  0x0000017427131bec: f648 be88 | fc83 8074 | 0100 00bf | 1001 0000 | 7405 bf20 | 0100 0048 | 8b1c 3e48 | 8d5b 0148 
  0x0000017427131c0c: 891c 3e0f | 84d1 0000 | 008b 7228 | 48c1 e603 

  0x0000017427131c1c: ; implicit exception: dispatches to 0x00000174271320cf
  0x0000017427131c1c: 483b 0648 

  0x0000017427131c20: ;   {metadata(method data for {method} {0x000001748069bf78} 'dispatch' '()V' in 'java/awt/event/InvocationEvent')}
  0x0000017427131c20: 8bfe 48bb | 88fc 8380 | 7401 0000 | 8b7f 0849 | ba00 0000 | 3f74 0100 | 0049 03fa | 483b bb38 
  0x0000017427131c40: 0100 0075 | 0d48 8383 | 4001 0000 | 01e9 6000 | 0000 483b | bb48 0100 | 0075 0d48 | 8383 5001 
  0x0000017427131c60: 0000 01e9 | 4a00 0000 | 4883 bb38 | 0100 0000 | 7517 4889 | bb38 0100 | 0048 c783 | 4001 0000 
  0x0000017427131c80: 0100 0000 | e929 0000 | 0048 83bb | 4801 0000 | 0075 1748 | 89bb 4801 | 0000 48c7 | 8350 0100 
  0x0000017427131ca0: 0001 0000 | 00e9 0800 | 0000 4883 | 8330 0100 | 0001 488b | d648 b8e0 | 8f68 8474 

  0x0000017427131cbc: ;   {virtual_call}
  0x0000017427131cbc: 0100 00e8 

  0x0000017427131cc0: ; ImmutableOopMap {[24]=Oop }
                      ;*invokeinterface run {reexecute=0 rethrow=0 return_oop=0}
                      ; - java.awt.event.InvocationEvent::dispatch@11 (line 308)
  0x0000017427131cc0: 9cd0 2907 

  0x0000017427131cc4: ;   {post_call_nop}
  0x0000017427131cc4: 0f1f 8400 | bc02 0000 

  0x0000017427131ccc: ;   {metadata(method data for {method} {0x000001748069bf78} 'dispatch' '()V' in 'java/awt/event/InvocationEvent')}
  0x0000017427131ccc: 48ba 88fc | 8380 7401 | 0000 ff82 | 6001 0000 | 488b 5424 | 18e9 1f03 | 0000 8b72 | 2848 c1e6 
  0x0000017427131cec: 0348 3b06 

  0x0000017427131cf0: ;   {metadata(method data for {method} {0x000001748069bf78} 'dispatch' '()V' in 'java/awt/event/InvocationEvent')}
  0x0000017427131cf0: 488b fe48 | bb88 fc83 | 8074 0100 | 008b 7f08 | 49ba 0000 | 003f 7401 | 0000 4903 | fa48 3bbb 
  0x0000017427131d10: 1802 0000 | 750d 4883 | 8320 0200 | 0001 e960 | 0000 0048 | 3bbb 2802 | 0000 750d | 4883 8330 
  0x0000017427131d30: 0200 0001 | e94a 0000 | 0048 83bb | 1802 0000 | 0075 1748 | 89bb 1802 | 0000 48c7 | 8320 0200 
  0x0000017427131d50: 0001 0000 | 00e9 2900 | 0000 4883 | bb28 0200 | 0000 7517 | 4889 bb28 | 0200 0048 | c783 3002 
  0x0000017427131d70: 0000 0100 | 0000 e908 | 0000 0048 | 8383 1002 | 0000 0148 | 8bd6 0f1f | 8000 0000 | 0048 b808 
  0x0000017427131d90: 9068 8474 

  0x0000017427131d94: ;   {virtual_call}
  0x0000017427131d94: 0100 00e8 

  0x0000017427131d98: ; ImmutableOopMap {[24]=Oop }
                      ;*invokeinterface run {reexecute=0 rethrow=0 return_oop=0}
                      ; - java.awt.event.InvocationEvent::dispatch@47 (line 318)
  0x0000017427131d98: b49d 3607 

  0x0000017427131d9c: ;   {post_call_nop}
  0x0000017427131d9c: 0f1f 8400 | 9403 0001 | 488b 5424 | 18e9 5702 | 0000 498b | 8708 0500 | 004d 33d2 | 4d89 9708 
  0x0000017427131dbc: 0500 004d | 33d2 4d89 | 9710 0500 | 0048 85c0 

  0x0000017427131dcc: ;   {metadata(method data for {method} {0x000001748069bf78} 'dispatch' '()V' in 'java/awt/event/InvocationEvent')}
  0x0000017427131dcc: 48be 88fc | 8380 7401 | 0000 750c | 808e 7101 | 0000 01e9 | af00 0000 | 8b78 0849 | ba00 0000 
  0x0000017427131dec: 3f74 0100 | 0049 03fa | 483b be80 | 0100 0075 | 0d48 8386 | 8801 0000 | 01e9 6000 | 0000 483b 
  0x0000017427131e0c: be90 0100 | 0075 0d48 | 8386 9801 | 0000 01e9 | 4a00 0000 | 4883 be80 | 0100 0000 | 7517 4889 
  0x0000017427131e2c: be80 0100 | 0048 c786 | 8801 0000 | 0100 0000 | e929 0000 | 0048 83be | 9001 0000 | 0075 1748 
  0x0000017427131e4c: 89be 9001 | 0000 48c7 | 8698 0100 | 0001 0000 | 00e9 0800 | 0000 4883 | 8678 0100 

  0x0000017427131e68: ;   {metadata('java/lang/Exception')}
  0x0000017427131e68: 0001 48bf | e8f4 1b3f | 7401 0000 | 8b70 0849 | ba00 0000 | 3f74 0100 | 0049 03f2 | 483b 7e40 
  0x0000017427131e88: 0f85 0500 | 0000 e905 | 0000 004d | 33c0 eb06 | 41b8 0100 | 0000 4585 

  0x0000017427131ea0: ;   {metadata(method data for {method} {0x000001748069bf78} 'dispatch' '()V' in 'java/awt/event/InvocationEvent')}
  0x0000017427131ea0: c049 b888 | fc83 8074 | 0100 00ba | a801 0000 | 7405 bab8 | 0100 0049 | 8b34 1048 | 8d76 0149 
  0x0000017427131ec0: 8934 1048 | 8b54 2418 | 0f84 f900 | 0000 4885 

  0x0000017427131ed0: ;   {metadata(method data for {method} {0x000001748069bf78} 'dispatch' '()V' in 'java/awt/event/InvocationEvent')}
  0x0000017427131ed0: c048 bf88 | fc83 8074 | 0100 0075 | 0c80 8fc1 | 0100 0001 | e9af 0000 | 008b 5808 | 49ba 0000 
  0x0000017427131ef0: 003f 7401 | 0000 4903 | da48 3b9f | d001 0000 | 750d 4883 | 87d8 0100 | 0001 e960 | 0000 0048 
  0x0000017427131f10: 3b9f e001 | 0000 750d | 4883 87e8 | 0100 0001 | e94a 0000 | 0048 83bf | d001 0000 | 0075 1748 
  0x0000017427131f30: 899f d001 | 0000 48c7 | 87d8 0100 | 0001 0000 | 00e9 2900 | 0000 4883 | bfe0 0100 | 0000 7517 
  0x0000017427131f50: 4889 9fe0 | 0100 0048 | c787 e801 | 0000 0100 | 0000 e908 | 0000 0048 | 8387 c801 

  0x0000017427131f6c: ;   {metadata('java/lang/Exception')}
  0x0000017427131f6c: 0000 0148 | bbe8 f41b | 3f74 0100 | 008b 7808 | 49ba 0000 | 003f 7401 | 0000 4903 | fa48 3b5f 
  0x0000017427131f8c: 400f 8546 | 0100 00e9 | 0000 0000 | 4c8b c041 | 0fbe 7748 | 85f6 0f85 | 3a01 0000 | 4d8b d049 
  0x0000017427131fac: c1ea 0344 | 8952 3448 | 8bf2 4933 | f048 c1ee | 1548 83fe | 000f 853a | 0100 0045 | 0fbe 4748 
  0x0000017427131fcc: 4585 c00f | 8544 0100 | 004c 8bd0 | 49c1 ea03 | 4489 5238 | 4c8b c24c | 33c0 49c1 | e815 4983 
  0x0000017427131fec: f800 0f85 | 4501 0000 

  0x0000017427131ff4: ;   {metadata(method data for {method} {0x000001748069bf78} 'dispatch' '()V' in 'java/awt/event/InvocationEvent')}
  0x0000017427131ff4: 49b8 88fc | 8380 7401 | 0000 41ff | 80f8 0100 | 004c 8bc2 

  0x0000017427132008: ;   {metadata(method data for {method} {0x000001748069bf78} 'dispatch' '()V' in 'java/awt/event/InvocationEvent')}
  0x0000017427132008: 48be 88fc | 8380 7401 | 0000 4883 | 8640 0200 | 0001 41b8 | 0100 0000 | 0f1f 8000 

  0x0000017427132024: ;   {optimized virtual_call}
  0x0000017427132024: 0000 00e8 

  0x0000017427132028: ; ImmutableOopMap {}
                      ;*invokevirtual finishedDispatching {reexecute=0 rethrow=0 return_oop=0}
                      ; - java.awt.event.InvocationEvent::dispatch@54 (line 321)
  0x0000017427132028: 3451 0d00 

  0x000001742713202c: ;   {post_call_nop}
  0x000001742713202c: 0f1f 8400 | 2406 0002 

  0x0000017427132034: ;   {metadata(method data for {method} {0x000001748069bf78} 'dispatch' '()V' in 'java/awt/event/InvocationEvent')}
  0x0000017427132034: 48b8 88fc | 8380 7401 | 0000 ff80 | 7002 0000 | 4883 c430 

  0x0000017427132048: ;   {poll_return}
  0x0000017427132048: 5d49 3b67 | 280f 87fe | 0000 00c3 | 488b 5424 | 1849 8b87 | 0805 0000 | 4d33 d24d | 8997 0805 
  0x0000017427132068: 0000 4d33 | d24d 8997 | 1005 0000 

  0x0000017427132074: ;   {metadata(method data for {method} {0x000001748069bf78} 'dispatch' '()V' in 'java/awt/event/InvocationEvent')}
  0x0000017427132074: 4c8b c248 | be88 fc83 | 8074 0100 | 0048 8386 | 8802 0000 | 0141 b801 | 0000 0048 | 8944 2420 
  0x0000017427132094: ;   {optimized virtual_call}
  0x0000017427132094: 6666 90e8 

  0x0000017427132098: ; ImmutableOopMap {[32]=Oop }
                      ;*invokevirtual finishedDispatching {reexecute=0 rethrow=0 return_oop=0}
                      ; - java.awt.event.InvocationEvent::dispatch@63 (line 321)
  0x0000017427132098: c4c9 2907 

  0x000001742713209c: ;   {post_call_nop}
  0x000001742713209c: 0f1f 8400 | 9406 0003 | 488b 4424 | 20e9 d600 

  0x00000174271320ac: ;   {metadata({method} {0x000001748069bf78} 'dispatch' '()V' in 'java/awt/event/InvocationEvent')}
  0x00000174271320ac: 0000 49ba | 70bf 6980 | 7401 0000 | 4c89 5424 | 0848 c704 | 24ff ffff 

  0x00000174271320c4: ;   {runtime_call C1 Runtime counter_overflow_blob}
  0x00000174271320c4: ffe8 1606 

  0x00000174271320c8: ; ImmutableOopMap {rdx=Oop [24]=Oop }
                      ;*synchronization entry
                      ; - java.awt.event.InvocationEvent::dispatch@-1 (line 306)
  0x00000174271320c8: 3607 e918 

  0x00000174271320cc: ;   {runtime_call C1 Runtime throw_null_pointer_exception_blob}
  0x00000174271320cc: fbff ffe8 

  0x00000174271320d0: ; ImmutableOopMap {rdx=Oop rsi=Oop [24]=Oop }
                      ;*invokeinterface run {reexecute=0 rethrow=0 return_oop=0}
                      ; - java.awt.event.InvocationEvent::dispatch@11 (line 308)
  0x00000174271320d0: 8ca3 3507 

  0x00000174271320d4: ;   {runtime_call C1 Runtime throw_null_pointer_exception_blob}
  0x00000174271320d4: e887 a335 

  0x00000174271320d8: ; ImmutableOopMap {rdx=Oop rsi=Oop [24]=Oop }
                      ;*invokeinterface run {reexecute=0 rethrow=0 return_oop=0}
                      ; - java.awt.event.InvocationEvent::dispatch@47 (line 318)
  0x00000174271320d8: 0748 8904 

  0x00000174271320dc: ;   {runtime_call C1 Runtime throw_class_cast_exception_blob}
  0x00000174271320dc: 24e8 7ec7 

  0x00000174271320e0: ; ImmutableOopMap {rax=Oop rdx=Oop [24]=Oop }
                      ;*checkcast {reexecute=0 rethrow=0 return_oop=0}
                      ; - java.awt.event.InvocationEvent::dispatch@29 (line 312)
  0x00000174271320e0: 3507 8b72 | 3448 c1e6 | 0348 83fe | 000f 84b5 | feff ff48 

  0x00000174271320f4: ;   {runtime_call g1_pre_barrier_slow}
  0x00000174271320f4: 8934 24e8 | 640f 3607 | e9a7 feff | ff49 83f8 | 000f 84bc | feff ff48 

  0x000001742713210c: ;   {runtime_call g1_post_barrier_slow}
  0x000001742713210c: 8914 24e8 | 4c12 3607 | e9ae feff | ff44 8b42 | 3849 c1e0 | 0349 83f8 | 000f 84aa | feff ff4c 
  0x000001742713212c: ;   {runtime_call g1_pre_barrier_slow}
  0x000001742713212c: 8904 24e8 | 2c0f 3607 | e99c feff | ff48 83f8 | 000f 84b1 | feff ff48 

  0x0000017427132144: ;   {runtime_call g1_post_barrier_slow}
  0x0000017427132144: 8914 24e8 | 1412 3607 | e9a3 feff 

  0x0000017427132150: ;   {internal_word}
  0x0000017427132150: ff49 ba49 | 2013 2774 | 0100 004d | 8997 6004 

  0x0000017427132160: ;   {runtime_call SafepointBlob}
  0x0000017427132160: 0000 e979 | 3b2a 0749 | 8b87 0805 | 0000 49c7 | 8708 0500 | 0000 0000 | 0049 c787 | 1005 0000 
  0x0000017427132180: 0000 0000 | 4883 c430 

  0x0000017427132188: ;   {runtime_call C1 Runtime unwind_exception_blob}
  0x0000017427132188: 5de9 528c | 3507 f4f4 
[Stub Code]
  0x0000017427132190: ;   {no_reloc}
  0x0000017427132190: 0f1f 4400 

  0x0000017427132194: ;   {static_stub}
  0x0000017427132194: 0048 bb00 | 0000 0000 

  0x000001742713219c: ;   {runtime_call nmethod}
  0x000001742713219c: 0000 00e9 | fbff ffff 

  0x00000174271321a4: ;   {static_stub}
  0x00000174271321a4: 9048 bb00 | 0000 0000 

  0x00000174271321ac: ;   {runtime_call nmethod}
  0x00000174271321ac: 0000 00e9 | fbff ffff 

  0x00000174271321b4: ;   {static_stub}
  0x00000174271321b4: 48bb 70c3 | 6980 7401 

  0x00000174271321bc: ;   {runtime_call I2C/C2I adapters}
  0x00000174271321bc: 0000 e9f3 

  0x00000174271321c0: ;   {runtime_call C1 Runtime handle_exception_from_callee_blob}
  0x00000174271321c0: 252a 07e8 | 98c0 3507 

  0x00000174271321c8: ;   {external_word}
  0x00000174271321c8: 48b9 e034 | 8ede f87f | 0000 4883 

  0x00000174271321d4: ;   {runtime_call}
  0x00000174271321d4: e4f0 48b8 | 1090 4bde | f87f 0000 

  0x00000174271321e0: ;   {section_word}
  0x00000174271321e0: ffd0 f449 | bae3 2113 | 2774 0100 

  0x00000174271321ec: ;   {runtime_call DeoptimizationBlob}
  0x00000174271321ec: 0041 52e9 | 8c30 2a07 | f4f4 f4f4 
[/MachCode]


Compiled method (c1) 22917527 1327       3       java.awt.EventQueue::dispatchEventImpl (139 bytes)
 total in heap  [0x000001742711fb08,0x0000017427122060] = 9560
 relocation     [0x000001742711fbe0,0x000001742711fe90] = 688
 main code      [0x000001742711fea0,0x0000017427121e80] = 8160
 stub code      [0x0000017427121e80,0x0000017427121f90] = 272
 oops           [0x0000017427121f90,0x0000017427121fa0] = 16
 metadata       [0x0000017427121fa0,0x0000017427122060] = 192
 immutable data [0x0000017484698ea0,0x0000017484699668] = 1992
 dependencies   [0x0000017484698ea0,0x0000017484698ed8] = 56
 nul chk table  [0x0000017484698ed8,0x0000017484698f50] = 120
 handler table  [0x0000017484698f50,0x0000017484699010] = 192
 scopes pcs     [0x0000017484699010,0x0000017484699420] = 1040
 scopes data    [0x0000017484699420,0x0000017484699668] = 584

[Constant Pool (empty)]

[MachCode]
[Instructions begin]
  0x000001742711fea0: 6666 660f | 1f84 0000 | 0000 0066 | 6666 9066 | 6690 448b | 5208 443b 

  0x000001742711feb8: ;   {runtime_call Shared Runtime ic_miss_blob}
  0x000001742711feb8: 5008 0f85 | a0e8 2a07 
[Verified Entry Point]
  0x000001742711fec0: 8984 2400 | 80ff ff55 | 4881 ecd0 | 0000 0090 | 4181 7f20 | 0100 0000 

  0x000001742711fed8: ;   {runtime_call StubRoutines (final stubs)}
  0x000001742711fed8: 7405 e821 | 5a29 074c | 8984 24a8 

  0x000001742711fee4: ;   {metadata(method data for {method} {0x0000017480188440} 'dispatchEventImpl' '(Ljava/awt/AWTEvent;Ljava/lang/Object;)V' in 'java/awt/EventQueue')}
  0x000001742711fee4: 0000 0048 | beb8 a477 | 8074 0100 | 008b becc | 0000 0083 | c702 89be | cc00 0000 | 81e7 fe07 
  0x000001742711ff04: 0000 85ff | 0f84 ec1a | 0000 41c6 | 4016 014d 

  0x000001742711ff14: ;   {metadata(method data for {method} {0x0000017480188440} 'dispatchEventImpl' '(Ljava/awt/AWTEvent;Ljava/lang/Object;)V' in 'java/awt/EventQueue')}
  0x000001742711ff14: 85c0 48bb | b8a4 7780 | 7401 0000 | 750c 808b | 0901 0000 | 01e9 cb00 | 0000 418b | 4008 49ba 
  0x000001742711ff34: 0000 003f | 7401 0000 | 4903 c248 | 3b83 1801 | 0000 750d | 4883 8320 | 0100 0001 | e960 0000 
  0x000001742711ff54: 0048 3b83 | 2801 0000 | 750d 4883 | 8330 0100 | 0001 e94a | 0000 0048 | 83bb 1801 | 0000 0075 
  0x000001742711ff74: 1748 8983 | 1801 0000 | 48c7 8320 | 0100 0001 | 0000 00e9 | 2900 0000 | 4883 bb28 | 0100 0000 
  0x000001742711ff94: 7517 4889 | 8328 0100 | 0048 c783 | 3001 0000 | 0100 0000 | e908 0000 | 0048 8383 | 1001 0000 
  0x000001742711ffb4: ;   {metadata('java/awt/ActiveEvent')}
  0x000001742711ffb4: 0148 b878 | b769 8074 | 0100 0041 | 8b58 0849 | ba00 0000 | 3f74 0100 | 0049 03da | 483b 4320 
  0x000001742711ffd4: 0f84 2400 | 0000 483b | d80f 841b | 0000 0053 

  0x000001742711ffe4: ;   {runtime_call C1 Runtime slow_subtype_check_blob}
  0x000001742711ffe4: 50e8 56ee | 3607 5b5b | 85db 0f84 | 0500 0000 | e905 0000 | 0048 33f6 | eb05 be01 | 0000 0085 
  0x0000017427120004: ;   {metadata(method data for {method} {0x0000017480188440} 'dispatchEventImpl' '(Ljava/awt/AWTEvent;Ljava/lang/Object;)V' in 'java/awt/EventQueue')}
  0x0000017427120004: f648 beb8 | a477 8074 | 0100 00bf | 5001 0000 | 7505 bf40 | 0100 0048 | 8b1c 3e48 | 8d5b 0148 
  0x0000017427120024: 891c 3e0f | 8573 1500 | 004d 85c9 

  0x0000017427120030: ;   {metadata(method data for {method} {0x0000017480188440} 'dispatchEventImpl' '(Ljava/awt/AWTEvent;Ljava/lang/Object;)V' in 'java/awt/EventQueue')}
  0x0000017427120030: 48bb b8a4 | 7780 7401 | 0000 750c | 808b 0102 | 0000 01e9 | b100 0000 | 418b 4108 | 49ba 0000 
  0x0000017427120050: 003f 7401 | 0000 4903 | c248 3b83 | 1002 0000 | 750d 4883 | 8318 0200 | 0001 e960 | 0000 0048 
  0x0000017427120070: 3b83 2002 | 0000 750d | 4883 8328 | 0200 0001 | e94a 0000 | 0048 83bb | 1002 0000 | 0075 1748 
  0x0000017427120090: 8983 1002 | 0000 48c7 | 8318 0200 | 0001 0000 | 00e9 2900 | 0000 4883 | bb20 0200 | 0000 7517 
  0x00000174271200b0: 4889 8320 | 0200 0048 | c783 2802 | 0000 0100 | 0000 e908 | 0000 0048 | 8383 0802 

  0x00000174271200cc: ;   {metadata('java/awt/Component')}
  0x00000174271200cc: 0000 0148 | b858 2b09 | 8074 0100 | 0041 8b59 | 0849 ba00 | 0000 3f74 | 0100 0049 | 03da 483b 
  0x00000174271200ec: 4338 0f85 | 0500 0000 | e905 0000 | 0048 33f6 | eb05 be01 | 0000 0085 

  0x0000017427120104: ;   {metadata(method data for {method} {0x0000017480188440} 'dispatchEventImpl' '(Ljava/awt/AWTEvent;Ljava/lang/Object;)V' in 'java/awt/EventQueue')}
  0x0000017427120104: f648 beb8 | a477 8074 | 0100 00bf | 3802 0000 | 7405 bf48 | 0200 0048 | 8b1c 3e48 | 8d5b 0148 
  0x0000017427120124: 891c 3e0f | 84e4 0600 | 004d 85c9 

  0x0000017427120130: ;   {metadata(method data for {method} {0x0000017480188440} 'dispatchEventImpl' '(Ljava/awt/AWTEvent;Ljava/lang/Object;)V' in 'java/awt/EventQueue')}
  0x0000017427120130: 48bf b8a4 | 7780 7401 | 0000 750c | 808f 5102 | 0000 01e9 | b100 0000 | 418b 5908 | 49ba 0000 
  0x0000017427120150: 003f 7401 | 0000 4903 | da48 3b9f | 6002 0000 | 750d 4883 | 8768 0200 | 0001 e960 | 0000 0048 
  0x0000017427120170: 3b9f 7002 | 0000 750d | 4883 8778 | 0200 0001 | e94a 0000 | 0048 83bf | 6002 0000 | 0075 1748 
  0x0000017427120190: 899f 6002 | 0000 48c7 | 8768 0200 | 0001 0000 | 00e9 2900 | 0000 4883 | bf70 0200 | 0000 7517 
  0x00000174271201b0: 4889 9f70 | 0200 0048 | c787 7802 | 0000 0100 | 0000 e908 | 0000 0048 | 8387 5802 

  0x00000174271201cc: ;   {metadata('java/awt/Component')}
  0x00000174271201cc: 0000 0148 | bb58 2b09 | 8074 0100 | 0041 8b79 | 0849 ba00 | 0000 3f74 | 0100 0049 | 03fa 483b 
  0x00000174271201ec: 5f38 0f85 | 2c18 0000 | e900 0000 | 0049 8bd1 

  0x00000174271201fc: ; implicit exception: dispatches to 0x0000017427121a29
  0x00000174271201fc: 483b 0248 

  0x0000017427120200: ;   {metadata(method data for {method} {0x0000017480188440} 'dispatchEventImpl' '(Ljava/awt/AWTEvent;Ljava/lang/Object;)V' in 'java/awt/EventQueue')}
  0x0000017427120200: 8bf2 48bf | b8a4 7780 | 7401 0000 | 8b76 0849 | ba00 0000 | 3f74 0100 | 0049 03f2 | 483b b790 
  0x0000017427120220: 0200 0075 | 0d48 8387 | 9802 0000 | 01e9 6000 | 0000 483b | b7a0 0200 | 0075 0d48 | 8387 a802 
  0x0000017427120240: 0000 01e9 | 4a00 0000 | 4883 bf90 | 0200 0000 | 7517 4889 | b790 0200 | 0048 c787 | 9802 0000 
  0x0000017427120260: 0100 0000 | e929 0000 | 0048 83bf | a002 0000 | 0075 1748 | 89b7 a002 | 0000 48c7 | 87a8 0200 
  0x0000017427120280: 0001 0000 | 00e9 0800 | 0000 4883 | 8788 0200 

  0x0000017427120290: ;   {metadata(method data for {method} {0x0000017480085fe8} 'dispatchEvent' '(Ljava/awt/AWTEvent;)V' in 'java/awt/Component')}
  0x0000017427120290: 0001 48be | 10b4 7780 | 7401 0000 | 8bbe cc00 | 0000 83c7 | 0289 becc | 0000 0081 | e7fe ff1f 
  0x00000174271202b0: 0085 ff0f | 8475 1700 | 0048 8bf2 

  0x00000174271202bc: ;   {metadata(method data for {method} {0x0000017480085fe8} 'dispatchEvent' '(Ljava/awt/AWTEvent;)V' in 'java/awt/Component')}
  0x00000174271202bc: 48bf 10b4 | 7780 7401 | 0000 8b76 | 0849 ba00 | 0000 3f74 | 0100 0049 | 03f2 483b | b718 0100 
  0x00000174271202dc: 0075 0d48 | 8387 2001 | 0000 01e9 | 6000 0000 | 483b b728 | 0100 0075 | 0d48 8387 | 3001 0000 
  0x00000174271202fc: 01e9 4a00 | 0000 4883 | bf18 0100 | 0000 7517 | 4889 b718 | 0100 0048 | c787 2001 | 0000 0100 
  0x000001742712031c: 0000 e929 | 0000 0048 | 83bf 2801 | 0000 0075 | 1748 89b7 | 2801 0000 | 48c7 8730 | 0100 0001 
  0x000001742712033c: 0000 00e9 | 0800 0000 | 4883 8710 | 0100 0001 | 498b f04c | 8bc6 6666 | 9048 b8c0 | 9a72 3e74 
  0x000001742712035c: ;   {virtual_call}
  0x000001742712035c: 0100 00e8 

  0x0000017427120360: ; ImmutableOopMap {[168]=Oop }
                      ;*invokevirtual dispatchEventImpl {reexecute=0 rethrow=0 return_oop=0}
                      ; - java.awt.Component::dispatchEvent@2 (line 4790)
                      ; - java.awt.EventQueue::dispatchEventImpl@41 (line 725)
  0x0000017427120360: dcc9 5607 

  0x0000017427120364: ;   {post_call_nop}
  0x0000017427120364: 0f1f 8400 | 5c08 0000 | 4c8b 8424 | a800 0000 

  0x0000017427120374: ;   {metadata(method data for {method} {0x0000017480188440} 'dispatchEventImpl' '(Ljava/awt/AWTEvent;Ljava/lang/Object;)V' in 'java/awt/EventQueue')}
  0x0000017427120374: 48be b8a4 | 7780 7401 | 0000 458b | 4008 49ba | 0000 003f | 7401 0000 | 4d03 c24c | 3b86 c002 
  0x0000017427120394: 0000 750d | 4883 86c8 | 0200 0001 | e960 0000 | 004c 3b86 | d002 0000 | 750d 4883 | 86d8 0200 
  0x00000174271203b4: 0001 e94a | 0000 0048 | 83be c002 | 0000 0075 | 174c 8986 | c002 0000 | 48c7 86c8 | 0200 0001 
  0x00000174271203d4: 0000 00e9 | 2900 0000 | 4883 bed0 | 0200 0000 | 7517 4c89 | 86d0 0200 | 0048 c786 | d802 0000 
  0x00000174271203f4: 0100 0000 | e908 0000 | 0048 8386 | b802 0000 

  0x0000017427120404: ;   {metadata(method data for {method} {0x00000174800d9648} 'dispatched' '()V' in 'java/awt/AWTEvent')}
  0x0000017427120404: 0148 be98 | b577 8074 | 0100 008b | becc 0000 | 0083 c702 | 89be cc00 | 0000 81e7 | feff 1f00 
  0x0000017427120424: 85ff 0f84 | 2316 0000 | 4c8b 8424 | a800 0000 

  0x0000017427120434: ;   {metadata(method data for {method} {0x00000174800d9648} 'dispatched' '()V' in 'java/awt/AWTEvent')}
  0x0000017427120434: 4d85 c048 | bb98 b577 | 8074 0100 | 0075 0c80 | 8b09 0100 | 0001 e9b1 | 0000 0041 | 8b40 0849 
  0x0000017427120454: ba00 0000 | 3f74 0100 | 0049 03c2 | 483b 8318 | 0100 0075 | 0d48 8383 | 2001 0000 | 01e9 6000 
  0x0000017427120474: 0000 483b | 8328 0100 | 0075 0d48 | 8383 3001 | 0000 01e9 | 4a00 0000 | 4883 bb18 | 0100 0000 
  0x0000017427120494: 7517 4889 | 8318 0100 | 0048 c783 | 2001 0000 | 0100 0000 | e929 0000 | 0048 83bb | 2801 0000 
  0x00000174271204b4: 0075 1748 | 8983 2801 | 0000 48c7 | 8330 0100 | 0001 0000 | 00e9 0800 | 0000 4883 | 8310 0100 
  0x00000174271204d4: ;   {metadata('java/awt/event/InputEvent')}
  0x00000174271204d4: 0001 48b8 | d0d1 1080 | 7401 0000 | 418b 5808 | 49ba 0000 | 003f 7401 | 0000 4903 | da48 3b43 
  0x00000174271204f4: 500f 8505 | 0000 00e9 | 0500 0000 | 4833 f6eb | 05be 0100 | 0000 85f6 

  0x000001742712050c: ;   {metadata(method data for {method} {0x00000174800d9648} 'dispatched' '()V' in 'java/awt/AWTEvent')}
  0x000001742712050c: 48be 98b5 | 7780 7401 | 0000 bf40 | 0100 0074 | 05bf 5001 | 0000 488b | 1c3e 488d | 5b01 4889 
  0x000001742712052c: 1c3e 0f84 | a314 0000 

  0x0000017427120534: ;   {metadata(method data for {method} {0x00000174800d9648} 'dispatched' '()V' in 'java/awt/AWTEvent')}
  0x0000017427120534: 48be 98b5 | 7780 7401 | 0000 4883 | 8660 0100 

  0x0000017427120544: ;   {metadata(method data for {method} {0x00000174800f3800} 'getInputEventAccessor' '()Lsun/awt/AWTAccessor$InputEventAccessor;' in 'sun/awt/AWTAccessor')}
  0x0000017427120544: 0001 48be | a8b7 7780 | 7401 0000 | 8bbe cc00 | 0000 83c7 | 0289 becc | 0000 0081 | e7fe ff1f 
  0x0000017427120564: 0085 ff0f | 8403 1500 

  0x000001742712056c: ;   {oop(a 'java/lang/Class'{0x0000000715783408} = 'sun/awt/AWTAccessor')}
  0x000001742712056c: 0048 be08 | 3478 1507 | 0000 008b | b684 0000 | 0048 c1e6 | 0348 85f6 

  0x0000017427120584: ;   {metadata(method data for {method} {0x00000174800f3800} 'getInputEventAccessor' '()Lsun/awt/AWTAccessor$InputEventAccessor;' in 'sun/awt/AWTAccessor')}
  0x0000017427120584: 48bf a8b7 | 7780 7401 | 0000 bb10 | 0100 0075 | 05bb 2001 | 0000 488b | 041f 488d | 4001 4889 
  0x00000174271205a4: 041f 0f85 | bc12 0000 

  0x00000174271205ac: ;   {metadata(method data for {method} {0x00000174800f3800} 'getInputEventAccessor' '()Lsun/awt/AWTAccessor$InputEventAccessor;' in 'sun/awt/AWTAccessor')}
  0x00000174271205ac: 48be a8b7 | 7780 7401 | 0000 4883 | 8630 0100 

  0x00000174271205bc: ;   {metadata(method data for {method} {0x00000174800f5fc0} 'ensureClassInitialized' '(Ljava/lang/Class;)V' in 'sun/awt/AWTAccessor')}
  0x00000174271205bc: 0001 48be | 2870 6b80 | 7401 0000 | 8bbe cc00 | 0000 83c7 | 0289 becc | 0000 0081 | e7fe ff1f 
  0x00000174271205dc: 0085 ff0f | 84ac 1400 

  0x00000174271205e4: ;   {metadata(method data for {method} {0x00000174800f5fc0} 'ensureClassInitialized' '(Ljava/lang/Class;)V' in 'sun/awt/AWTAccessor')}
  0x00000174271205e4: 0048 be28 | 706b 8074 | 0100 0048 | 8386 1001 

  0x00000174271205f4: ;   {metadata(method data for {method} {0x000001743f44ab28} 'lookup' '()Ljava/lang/invoke/MethodHandles$Lookup;' in 'java/lang/invoke/MethodHandles')}
  0x00000174271205f4: 0000 0148 | be78 726b | 8074 0100 | 008b becc | 0000 0083 | c702 89be | cc00 0000 | 81e7 feff 
  0x0000017427120614: 1f00 85ff | 0f84 9414 

  0x000001742712061c: ;   {metadata(method data for {method} {0x000001743f44ab28} 'lookup' '()Ljava/lang/invoke/MethodHandles$Lookup;' in 'java/lang/invoke/MethodHandles')}
  0x000001742712061c: 0000 48be | 7872 6b80 | 7401 0000 | 4883 8610 | 0100 0001 | 0f1f 8000 

  0x0000017427120634: ;   {static_call}
  0x0000017427120634: 0000 00e8 

  0x0000017427120638: ; ImmutableOopMap {[168]=Oop }
                      ;*invokestatic getCallerClass {reexecute=0 rethrow=0 return_oop=0}
                      ; - java.lang.invoke.MethodHandles::lookup@0 (line 126)
                      ; - sun.awt.AWTAccessor::ensureClassInitialized@0 (line 1464)
                      ; - sun.awt.AWTAccessor::getInputEventAccessor@10 (line 963)
                      ; - java.awt.AWTEvent::dispatched@7 (line 571)
                      ; - java.awt.EventQueue::dispatchEventImpl@45 (line 726)
  0x0000017427120638: 24ea 2a07 

  0x000001742712063c: ;   {post_call_nop}
  0x000001742712063c: 0f1f 8400 | 340b 0001 | 4c8b c04d 

  0x0000017427120648: ;   {metadata(method data for {method} {0x000001743f44ab28} 'lookup' '()Ljava/lang/invoke/MethodHandles$Lookup;' in 'java/lang/invoke/MethodHandles')}
  0x0000017427120648: 85c0 48ba | 7872 6b80 | 7401 0000 | be30 0100 | 0074 05be | 2001 0000 | 488b 3c32 | 488d 7f01 
  0x0000017427120668: 4889 3c32 | 0f84 1d11 

  0x0000017427120670: ;   {metadata('java/lang/invoke/MethodHandles$Lookup')}
  0x0000017427120670: 0000 48ba | b8a5 1e3f | 7401 0000 | 498b 87c8 | 0100 0048 | 8d78 2049 | 3bbf d801 | 0000 0f87 
  0x0000017427120690: 3f14 0000 | 4989 bfc8 | 0100 0048 | c700 0100 | 0000 488b | ca49 ba00 | 0000 3f74 | 0100 0049 
  0x00000174271206b0: 2bca 8948 | 0848 33c9 | 8948 0c48 | 33c9 4889 | 4810 4889 | 4818 4c8b 

  0x00000174271206c8: ;   {metadata(method data for {method} {0x000001743f44ab28} 'lookup' '()Ljava/lang/invoke/MethodHandles$Lookup;' in 'java/lang/invoke/MethodHandles')}
  0x00000174271206c8: c848 bf78 | 726b 8074 | 0100 0048 | 8387 5001 

  0x00000174271206d8: ;   {metadata(method data for {method} {0x000001743f44edd8} '<init>' '(Ljava/lang/Class;)V' in 'java/lang/invoke/MethodHandles$Lookup')}
  0x00000174271206d8: 0000 0149 | b988 746b | 8074 0100 | 0041 8bb9 | cc00 0000 | 83c7 0241 | 89b9 cc00 | 0000 81e7 
  0x00000174271206f8: feff 1f00 | 85ff 0f84 | dc13 0000 

  0x0000017427120704: ;   {metadata(method data for {method} {0x000001743f44edd8} '<init>' '(Ljava/lang/Class;)V' in 'java/lang/invoke/MethodHandles$Lookup')}
  0x0000017427120704: 4c8b c848 | bf88 746b | 8074 0100 | 0048 8387 | 1001 0000 

  0x0000017427120718: ;   {oop(nullptr)}
  0x0000017427120718: 0149 b900 | 0000 0000 | 0000 00bf | 5f00 0000 | 488b d048 | 8984 24b0 | 0000 000f 

  0x0000017427120734: ;   {optimized virtual_call}
  0x0000017427120734: 1f40 00e8 

  0x0000017427120738: ; ImmutableOopMap {[168]=Oop [176]=Oop }
                      ;*invokespecial <init> {reexecute=0 rethrow=0 return_oop=0}
                      ; - java.lang.invoke.MethodHandles$Lookup::<init>@5 (line 1534)
                      ; - java.lang.invoke.MethodHandles::lookup@23 (line 130)
                      ; - sun.awt.AWTAccessor::ensureClassInitialized@0 (line 1464)
                      ; - sun.awt.AWTAccessor::getInputEventAccessor@10 (line 963)
                      ; - java.awt.AWTEvent::dispatched@7 (line 571)
                      ; - java.awt.EventQueue::dispatchEventImpl@45 (line 726)
  0x0000017427120738: 24e3 2a07 

  0x000001742712073c: ;   {post_call_nop}
  0x000001742712073c: 0f1f 8400 | 340c 0002 | 488b 8424 | b000 0000 

  0x000001742712074c: ;   {metadata(method data for {method} {0x00000174800f5fc0} 'ensureClassInitialized' '(Ljava/lang/Class;)V' in 'sun/awt/AWTAccessor')}
  0x000001742712074c: 4c8b c048 | ba28 706b | 8074 0100 | 0045 8b40 | 0849 ba00 | 0000 3f74 | 0100 004d | 03c2 4c3b 
  0x000001742712076c: 8228 0100 | 0075 0d48 | 8382 3001 | 0000 01e9 | 6000 0000 | 4c3b 8238 | 0100 0075 | 0d48 8382 
  0x000001742712078c: 4001 0000 | 01e9 4a00 | 0000 4883 | ba28 0100 | 0000 7517 | 4c89 8228 | 0100 0048 | c782 3001 
  0x00000174271207ac: 0000 0100 | 0000 e929 | 0000 0048 | 83ba 3801 | 0000 0075 | 174c 8982 | 3801 0000 | 48c7 8240 
  0x00000174271207cc: 0100 0001 | 0000 00e9 | 0800 0000 | 4883 8220 | 0100 0001 

  0x00000174271207e0: ;   {oop(a 'java/lang/Class'{0x00000007157c38d8} = 'java/awt/event/InputEvent')}
  0x00000174271207e0: 49b8 d838 | 7c15 0700 | 0000 488b 

  0x00000174271207ec: ;   {optimized virtual_call}
  0x00000174271207ec: d066 90e8 

  0x00000174271207f0: ; ImmutableOopMap {[168]=Oop }
                      ;*invokevirtual ensureInitialized {reexecute=0 rethrow=0 return_oop=0}
                      ; - sun.awt.AWTAccessor::ensureClassInitialized@4 (line 1464)
                      ; - sun.awt.AWTAccessor::getInputEventAccessor@10 (line 963)
                      ; - java.awt.AWTEvent::dispatched@7 (line 571)
                      ; - java.awt.EventQueue::dispatchEventImpl@45 (line 726)
  0x00000174271207f0: 6ce2 2a07 

  0x00000174271207f4: ;   {post_call_nop}
  0x00000174271207f4: 0f1f 8400 | ec0c 0003 

  0x00000174271207fc: ;   {metadata(method data for {method} {0x00000174800f5fc0} 'ensureClassInitialized' '(Ljava/lang/Class;)V' in 'sun/awt/AWTAccessor')}
  0x00000174271207fc: 48ba 2870 | 6b80 7401 | 0000 ff82 | 5001 0000 | e943 1000 | 004d 85c9 

  0x0000017427120814: ;   {metadata(method data for {method} {0x0000017480188440} 'dispatchEventImpl' '(Ljava/awt/AWTEvent;Ljava/lang/Object;)V' in 'java/awt/EventQueue')}
  0x0000017427120814: 48bb b8a4 | 7780 7401 | 0000 750c | 808b f902 | 0000 01e9 | dc00 0000 | 418b 4108 | 49ba 0000 
  0x0000017427120834: 003f 7401 | 0000 4903 | c248 3b83 | 0803 0000 | 750d 4883 | 8310 0300 | 0001 e960 | 0000 0048 
  0x0000017427120854: 3b83 1803 | 0000 750d | 4883 8320 | 0300 0001 | e94a 0000 | 0048 83bb | 0803 0000 | 0075 1748 
  0x0000017427120874: 8983 0803 | 0000 48c7 | 8310 0300 | 0001 0000 | 00e9 2900 | 0000 4883 | bb18 0300 | 0000 7517 
  0x0000017427120894: 4889 8318 | 0300 0048 | c783 2003 | 0000 0100 | 0000 e908 | 0000 0048 | 8383 0003 | 0000 010f 
  0x00000174271208b4: 1f44 0000 

  0x00000174271208b8: ;   {no_reloc}
  0x00000174271208b8: e953 1200 | 0000 0000 | 0000 418b | 5908 49ba | 0000 003f | 7401 0000 | 4903 da48 | 3bd8 0f84 
  0x00000174271208d8: 3100 0000 | 8b78 1448 | 3b04 3b0f | 8424 0000 | 0083 ff20 | 0f85 1600 | 0000 5350 

  0x00000174271208f4: ;   {runtime_call C1 Runtime slow_subtype_check_blob}
  0x00000174271208f4: e847 e536 | 075b 5885 | c00f 8405 | 0000 00e9 | 0500 0000 | 4833 f6eb | 05be 0100 | 0000 85f6 
  0x0000017427120914: ;   {metadata(method data for {method} {0x0000017480188440} 'dispatchEventImpl' '(Ljava/awt/AWTEvent;Ljava/lang/Object;)V' in 'java/awt/EventQueue')}
  0x0000017427120914: 48be b8a4 | 7780 7401 | 0000 bf40 | 0300 0075 | 05bf 3003 | 0000 488b | 1c3e 488d | 5b01 4889 
  0x0000017427120934: 1c3e 0f85 | 240b 0000 

  0x000001742712093c: ;   {metadata(method data for {method} {0x0000017480188440} 'dispatchEventImpl' '(Ljava/awt/AWTEvent;Ljava/lang/Object;)V' in 'java/awt/EventQueue')}
  0x000001742712093c: 4d85 c948 | bbb8 a477 | 8074 0100 | 0075 0c80 | 8bc1 0300 | 0001 e9d9 | 0000 0041 | 8b41 0849 
  0x000001742712095c: ba00 0000 | 3f74 0100 | 0049 03c2 | 483b 83d0 | 0300 0075 | 0d48 8383 | d803 0000 | 01e9 6000 
  0x000001742712097c: 0000 483b | 83e0 0300 | 0075 0d48 | 8383 e803 | 0000 01e9 | 4a00 0000 | 4883 bbd0 | 0300 0000 
  0x000001742712099c: 7517 4889 | 83d0 0300 | 0048 c783 | d803 0000 | 0100 0000 | e929 0000 | 0048 83bb | e003 0000 
  0x00000174271209bc: 0075 1748 | 8983 e003 | 0000 48c7 | 83e8 0300 | 0001 0000 | 00e9 0800 | 0000 4883 | 83c8 0300 
  0x00000174271209dc: 0001 6690 

  0x00000174271209e0: ;   {no_reloc}
  0x00000174271209e0: e944 1100 | 0000 0000 | 0000 418b | 5908 49ba | 0000 003f | 7401 0000 | 4903 da48 | 3bd8 0f84 
  0x0000017427120a00: 3100 0000 | 8b78 1448 | 3b04 3b0f | 8424 0000 | 0083 ff20 | 0f85 1600 | 0000 5350 

  0x0000017427120a1c: ;   {runtime_call C1 Runtime slow_subtype_check_blob}
  0x0000017427120a1c: e81f e436 | 075b 5885 | c00f 8405 | 0000 00e9 | 0500 0000 | 4833 f6eb | 05be 0100 | 0000 85f6 
  0x0000017427120a3c: ;   {metadata(method data for {method} {0x0000017480188440} 'dispatchEventImpl' '(Ljava/awt/AWTEvent;Ljava/lang/Object;)V' in 'java/awt/EventQueue')}
  0x0000017427120a3c: 48be b8a4 | 7780 7401 | 0000 bf08 | 0400 0075 | 05bf f803 | 0000 488b | 1c3e 488d | 5b01 4889 
  0x0000017427120a5c: 1c3e 0f85 | be08 0000 

  0x0000017427120a64: ;   {metadata(method data for {method} {0x0000017480188440} 'dispatchEventImpl' '(Ljava/awt/AWTEvent;Ljava/lang/Object;)V' in 'java/awt/EventQueue')}
  0x0000017427120a64: 4d85 c948 | bbb8 a477 | 8074 0100 | 0075 0c80 | 8b89 0400 | 0001 e9b0 | 0000 0041 | 8b41 0849 
  0x0000017427120a84: ba00 0000 | 3f74 0100 | 0049 03c2 | 483b 8398 | 0400 0075 | 0d48 8383 | a004 0000 | 01e9 6000 
  0x0000017427120aa4: 0000 483b | 83a8 0400 | 0075 0d48 | 8383 b004 | 0000 01e9 | 4a00 0000 | 4883 bb98 | 0400 0000 
  0x0000017427120ac4: 7517 4889 | 8398 0400 | 0048 c783 | a004 0000 | 0100 0000 | e929 0000 | 0048 83bb | a804 0000 
  0x0000017427120ae4: 0075 1748 | 8983 a804 | 0000 48c7 | 83b0 0400 | 0001 0000 | 00e9 0800 | 0000 4883 | 8390 0400 
  0x0000017427120b04: ;   {metadata('sun/awt/AWTAutoShutdown')}
  0x0000017427120b04: 0001 48b8 | 18c2 0640 | 7401 0000 | 418b 7908 | 49ba 0000 | 003f 7401 | 0000 4903 | fa48 3bc7 
  0x0000017427120b24: 0f85 0500 | 0000 e905 | 0000 0048 | 33f6 eb05 | be01 0000 

  0x0000017427120b38: ;   {metadata(method data for {method} {0x0000017480188440} 'dispatchEventImpl' '(Ljava/awt/AWTEvent;Ljava/lang/Object;)V' in 'java/awt/EventQueue')}
  0x0000017427120b38: 0085 f648 | beb8 a477 | 8074 0100 | 00bf c004 | 0000 7405 | bfd0 0400 | 0048 8b1c | 3e48 8d5b 
  0x0000017427120b58: 0148 891c | 3e0f 8448 | 0100 0048 

  0x0000017427120b64: ;   {metadata(method data for {method} {0x0000017480188440} 'dispatchEventImpl' '(Ljava/awt/AWTEvent;Ljava/lang/Object;)V' in 'java/awt/EventQueue')}
  0x0000017427120b64: 8bf2 48bf | b8a4 7780 | 7401 0000 | 4883 87e0 | 0400 0001 

  0x0000017427120b78: ;   {metadata(method data for {method} {0x0000017480187a78} 'noEvents' '()Z' in 'java/awt/EventQueue')}
  0x0000017427120b78: 48be 608a | 7780 7401 | 0000 8bbe | cc00 0000 | 83c7 0289 | becc 0000 | 0081 e7fe | ff1f 0085 
  0x0000017427120b98: ff0f 8494 | 0f00 00be | 0000 0000 | e994 0000 | 000f 1f80 | 0000 0000 | 8b7a 2048 | c1e7 033b 
  0x0000017427120bb8: 770c 0f83 | 9e0f 0000 | 4863 de8b | 7c9f 1048 | c1e7 038b | 7f0c 48c1 | e703 4885 

  0x0000017427120bd4: ;   {metadata(method data for {method} {0x0000017480187a78} 'noEvents' '()Z' in 'java/awt/EventQueue')}
  0x0000017427120bd4: ff48 bf60 | 8a77 8074 | 0100 00bb | 4001 0000 | 7505 bb30 | 0100 0048 | 8b04 1f48 | 8d40 0148 
  0x0000017427120bf4: 8904 1f0f | 8570 0000 

  0x0000017427120bfc: ;   {metadata(method data for {method} {0x0000017480187a78} 'noEvents' '()Z' in 'java/awt/EventQueue')}
  0x0000017427120bfc: 00ff c648 | bf60 8a77 | 8074 0100 | 008b 9fd0 | 0000 0083 | c302 899f | d000 0000 | 81e3 fe3f 
  0x0000017427120c1c: 0000 85db | 0f84 4b0f | 0000 4d8b 

  0x0000017427120c28: ; ImmutableOopMap {rdx=Oop }
                      ;*goto {reexecute=1 rethrow=0 return_oop=0}
                      ; - (reexecute) java.awt.EventQueue::noEvents@24 (line 520)
                      ; - java.awt.EventQueue::dispatchEventImpl@95 (line 732)
                      ;   {poll}
  0x0000017427120c28: 5730 4185 

  0x0000017427120c2c: ;   {metadata(method data for {method} {0x0000017480187a78} 'noEvents' '()Z' in 'java/awt/EventQueue')}
  0x0000017427120c2c: 0248 bf60 | 8a77 8074 | 0100 00ff | 8750 0100 | 0083 fe04 

  0x0000017427120c40: ;   {metadata(method data for {method} {0x0000017480187a78} 'noEvents' '()Z' in 'java/awt/EventQueue')}
  0x0000017427120c40: 48bf 608a | 7780 7401 | 0000 bb10 | 0100 007d | 05bb 2001 | 0000 488b | 041f 488d | 4001 4889 
  0x0000017427120c60: 041f 0f8d | 0f00 0000 | e943 ffff | ffbe 0000 | 0000 e905 | 0000 00be | 0100 0000 

  0x0000017427120c7c: ;   {metadata(method data for {method} {0x0000017480188440} 'dispatchEventImpl' '(Ljava/awt/AWTEvent;Ljava/lang/Object;)V' in 'java/awt/EventQueue')}
  0x0000017427120c7c: 85f6 48be | b8a4 7780 | 7401 0000 | bf10 0500 | 0074 05bf | 2005 0000 | 488b 1c3e | 488d 5b01 
  0x0000017427120c9c: 4889 1c3e | 0f84 410d | 0000 e9ec 

  0x0000017427120ca8: ;   {metadata(method data for {method} {0x0000017480188440} 'dispatchEventImpl' '(Ljava/awt/AWTEvent;Ljava/lang/Object;)V' in 'java/awt/EventQueue')}
  0x0000017427120ca8: 0500 0048 | bab8 a477 | 8074 0100 | 0048 8382 | 7805 0000 

  0x0000017427120cbc: ;   {metadata(method data for {method} {0x0000017480186848} 'getEventLog' '()Lsun/util/logging/PlatformLogger;' in 'java/awt/EventQueue')}
  0x0000017427120cbc: 0148 ba98 | bb77 8074 | 0100 008b | b2cc 0000 | 0083 c602 | 89b2 cc00 | 0000 81e6 | feff 1f00 
  0x0000017427120cdc: 85f6 0f84 | ae0e 0000 

  0x0000017427120ce4: ;   {oop(a 'java/lang/Class'{0x00000007157ea980} = 'java/awt/EventQueue')}
  0x0000017427120ce4: 48ba 80a9 | 7e15 0700 | 0000 8b52 | 7848 c1e2 | 0348 85d2 

  0x0000017427120cf8: ;   {metadata(method data for {method} {0x0000017480186848} 'getEventLog' '()Lsun/util/logging/PlatformLogger;' in 'java/awt/EventQueue')}
  0x0000017427120cf8: 48ba 98bb | 7780 7401 | 0000 be10 | 0100 0075 | 05be 2001 | 0000 488b | 3c32 488d | 7f01 4889 
  0x0000017427120d18: 3c32 0f85 | 6800 0000 

  0x0000017427120d20: ;   {metadata(method data for {method} {0x0000017480186848} 'getEventLog' '()Lsun/util/logging/PlatformLogger;' in 'java/awt/EventQueue')}
  0x0000017427120d20: 48ba 98bb | 7780 7401 | 0000 4883 | 8230 0100 

  0x0000017427120d30: ;   {oop("java.awt.event.EventQueue"{0x00000007155eb8c0})}
  0x0000017427120d30: 0001 48ba | c0b8 5e15 | 0700 0000 

  0x0000017427120d3c: ;   {static_call}
  0x0000017427120d3c: 6666 90e8 

  0x0000017427120d40: ; ImmutableOopMap {[168]=Oop }
                      ;*invokestatic getLogger {reexecute=0 rethrow=0 return_oop=0}
                      ; - java.awt.EventQueue::getEventLog@8 (line 181)
                      ; - java.awt.EventQueue::dispatchEventImpl@111 (line 736)
  0x0000017427120d40: 1ce3 2a07 

  0x0000017427120d44: ;   {post_call_nop}
  0x0000017427120d44: 0f1f 8400 | 3c12 0005 

  0x0000017427120d4c: ;   {oop(a 'java/lang/Class'{0x00000007157ea980} = 'java/awt/EventQueue')}
  0x0000017427120d4c: 49b8 80a9 | 7e15 0700 | 0000 410f | be57 4885 | d20f 8550 | 0e00 004c | 8bd0 49c1 | ea03 4589 
  0x0000017427120d6c: 5078 f083 | 4424 c000 | 498b d048 | 33d0 48c1 | ea15 4883 | fa00 0f85 | 4b0e 0000 

  0x0000017427120d88: ;   {oop(a 'java/lang/Class'{0x00000007157ea980} = 'java/awt/EventQueue')}
  0x0000017427120d88: 49b8 80a9 | 7e15 0700 | 0000 458b | 4078 49c1 | e003 493b | 0049 8bd0 

  0x0000017427120da0: ;   {metadata(method data for {method} {0x0000017480188440} 'dispatchEventImpl' '(Ljava/awt/AWTEvent;Ljava/lang/Object;)V' in 'java/awt/EventQueue')}
  0x0000017427120da0: 48be b8a4 | 7780 7401 

  0x0000017427120da8: ;   {metadata('sun/util/logging/PlatformLogger')}
  0x0000017427120da8: 0000 49ba | 30f2 0440 | 7401 0000 | 4c89 9690 | 0500 0048 | 8386 9805 

  0x0000017427120dc0: ;   {metadata(method data for {method} {0x00000174800dae58} 'isLoggable' '(Lsun/util/logging/PlatformLogger$Level;)Z' in 'sun/util/logging/PlatformLogger')}
  0x0000017427120dc0: 0000 0148 | ba28 103e | 8074 0100 | 008b b2cc | 0000 0083 | c602 89b2 | cc00 0000 | 81e6 feff 
  0x0000017427120de0: 1f00 85f6 | 0f84 060e 

  0x0000017427120de8: ;   {metadata(method data for {method} {0x00000174800dae58} 'isLoggable' '(Lsun/util/logging/PlatformLogger$Level;)Z' in 'sun/util/logging/PlatformLogger')}
  0x0000017427120de8: 0000 48ba | 2810 3e80 | 7401 0000 | ff82 1001 | 0000 418b | 500c 48c1 | e203 483b | 024c 8bc2 
  0x0000017427120e08: ;   {metadata(method data for {method} {0x00000174800dae58} 'isLoggable' '(Lsun/util/logging/PlatformLogger$Level;)Z' in 'sun/util/logging/PlatformLogger')}
  0x0000017427120e08: 48be 2810 | 3e80 7401 | 0000 458b | 4008 49ba | 0000 003f | 7401 0000 | 4d03 c24c | 3b86 4801 
  0x0000017427120e28: 0000 750d | 4883 8650 | 0100 0001 | e960 0000 | 004c 3b86 | 5801 0000 | 750d 4883 | 8660 0100 
  0x0000017427120e48: 0001 e94a | 0000 0048 | 83be 4801 | 0000 0075 | 174c 8986 | 4801 0000 | 48c7 8650 | 0100 0001 
  0x0000017427120e68: 0000 00e9 | 2900 0000 | 4883 be58 | 0100 0000 | 7517 4c89 | 8658 0100 | 0048 c786 | 6001 0000 
  0x0000017427120e88: 0100 0000 | e908 0000 | 0048 8386 | 4001 0000 

  0x0000017427120e98: ;   {oop(a 'sun/util/logging/PlatformLogger$Level'{0x000000071577bb20})}
  0x0000017427120e98: 0149 b820 | bb77 1507 | 0000 0066 | 9048 b8e8 | 9a72 3e74 

  0x0000017427120eac: ;   {virtual_call}
  0x0000017427120eac: 0100 00e8 

  0x0000017427120eb0: ; ImmutableOopMap {[168]=Oop }
                      ;*invokeinterface isLoggable {reexecute=0 rethrow=0 return_oop=0}
                      ; - sun.util.logging.PlatformLogger::isLoggable@17 (line 340)
                      ; - java.awt.EventQueue::dispatchEventImpl@117 (line 736)
  0x0000017427120eb0: acde 2a07 

  0x0000017427120eb4: ;   {post_call_nop}
  0x0000017427120eb4: 0f1f 8400 | ac13 0006 | 83e0 0185 

  0x0000017427120ec0: ;   {metadata(method data for {method} {0x0000017480188440} 'dispatchEventImpl' '(Ljava/awt/AWTEvent;Ljava/lang/Object;)V' in 'java/awt/EventQueue')}
  0x0000017427120ec0: c048 bab8 | a477 8074 | 0100 00be | b805 0000 | 7405 bec8 | 0500 0048 | 8b3c 3248 | 8d7f 0148 
  0x0000017427120ee0: 893c 320f | 84fe 0a00 

  0x0000017427120ee8: ;   {metadata(method data for {method} {0x0000017480188440} 'dispatchEventImpl' '(Ljava/awt/AWTEvent;Ljava/lang/Object;)V' in 'java/awt/EventQueue')}
  0x0000017427120ee8: 0048 bab8 | a477 8074 | 0100 0048 | 8382 d805 

  0x0000017427120ef8: ;   {metadata(method data for {method} {0x0000017480186848} 'getEventLog' '()Lsun/util/logging/PlatformLogger;' in 'java/awt/EventQueue')}
  0x0000017427120ef8: 0000 0148 | ba98 bb77 | 8074 0100 | 008b b2cc | 0000 0083 | c602 89b2 | cc00 0000 | 81e6 feff 
  0x0000017427120f18: 1f00 85f6 | 0f84 f40c 

  0x0000017427120f20: ;   {oop(a 'java/lang/Class'{0x00000007157ea980} = 'java/awt/EventQueue')}
  0x0000017427120f20: 0000 48ba | 80a9 7e15 | 0700 0000 | 8b52 7848 | c1e2 0348 

  0x0000017427120f34: ;   {metadata(method data for {method} {0x0000017480186848} 'getEventLog' '()Lsun/util/logging/PlatformLogger;' in 'java/awt/EventQueue')}
  0x0000017427120f34: 85d2 48ba | 98bb 7780 | 7401 0000 | be10 0100 | 0075 05be | 2001 0000 | 488b 3c32 | 488d 7f01 
  0x0000017427120f54: 4889 3c32 | 0f85 6a00 

  0x0000017427120f5c: ;   {metadata(method data for {method} {0x0000017480186848} 'getEventLog' '()Lsun/util/logging/PlatformLogger;' in 'java/awt/EventQueue')}
  0x0000017427120f5c: 0000 48ba | 98bb 7780 | 7401 0000 | 4883 8230 | 0100 0001 

  0x0000017427120f70: ;   {oop("java.awt.event.EventQueue"{0x00000007155eb8c0})}
  0x0000017427120f70: 48ba c0b8 | 5e15 0700 | 0000 0f1f 

  0x0000017427120f7c: ;   {static_call}
  0x0000017427120f7c: 4400 00e8 

  0x0000017427120f80: ; ImmutableOopMap {[168]=Oop }
                      ;*invokestatic getLogger {reexecute=0 rethrow=0 return_oop=0}
                      ; - java.awt.EventQueue::getEventLog@8 (line 181)
                      ; - java.awt.EventQueue::dispatchEventImpl@123 (line 737)
  0x0000017427120f80: dce0 2a07 

  0x0000017427120f84: ;   {post_call_nop}
  0x0000017427120f84: 0f1f 8400 | 7c14 0007 

  0x0000017427120f8c: ;   {oop(a 'java/lang/Class'{0x00000007157ea980} = 'java/awt/EventQueue')}
  0x0000017427120f8c: 48ba 80a9 | 7e15 0700 | 0000 410f | be77 4885 | f60f 8594 | 0c00 004c | 8bd0 49c1 | ea03 4489 
  0x0000017427120fac: 5278 f083 | 4424 c000 | 488b f248 | 33f0 48c1 | ee15 4883 | fe00 0f85 | 8e0c 0000 

  0x0000017427120fc8: ;   {oop(a 'java/lang/Class'{0x00000007157ea980} = 'java/awt/EventQueue')}
  0x0000017427120fc8: 48ba 80a9 | 7e15 0700 | 0000 8b72 | 7848 c1e6 | 0348 89b4 | 24b8 0000 | 004c 8b84 | 24a8 0000 
  0x0000017427120fe8: ;   {metadata(method data for {method} {0x0000017480188440} 'dispatchEventImpl' '(Ljava/awt/AWTEvent;Ljava/lang/Object;)V' in 'java/awt/EventQueue')}
  0x0000017427120fe8: 0048 bab8 | a477 8074 | 0100 0048 | 8382 e805 

  0x0000017427120ff8: ;   {metadata(method data for {method} {0x000001743f47e890} 'valueOf' '(Ljava/lang/Object;)Ljava/lang/String;' in 'java/lang/String')}
  0x0000017427120ff8: 0000 0148 | ba78 5320 | 8074 0100 | 008b bacc | 0000 0083 | c702 89ba | cc00 0000 | 81e7 feff 
  0x0000017427121018: 1f00 85ff | 0f84 4c0c | 0000 4d85 

  0x0000017427121024: ;   {metadata(method data for {method} {0x000001743f47e890} 'valueOf' '(Ljava/lang/Object;)Ljava/lang/String;' in 'java/lang/String')}
  0x0000017427121024: c048 ba78 | 5320 8074 | 0100 00bf | 1001 0000 | 7505 bf20 | 0100 0048 | 8b1c 3a48 | 8d5b 0148 
  0x0000017427121044: 891c 3a0f | 851f 0000 

  0x000001742712104c: ;   {metadata(method data for {method} {0x000001743f47e890} 'valueOf' '(Ljava/lang/Object;)Ljava/lang/String;' in 'java/lang/String')}
  0x000001742712104c: 0048 ba78 | 5320 8074 | 0100 00ff | 8230 0100 

  0x000001742712105c: ;   {oop("null"{0x00000007ffe1c918})}
  0x000001742712105c: 0048 bf18 | c9e1 ff07 | 0000 00e9 | ab00 0000 

  0x000001742712106c: ;   {metadata(method data for {method} {0x000001743f47e890} 'valueOf' '(Ljava/lang/Object;)Ljava/lang/String;' in 'java/lang/String')}
  0x000001742712106c: 498b d048 | bf78 5320 | 8074 0100 | 008b 5208 | 49ba 0000 | 003f 7401 | 0000 4903 | d248 3b97 
  0x000001742712108c: 5001 0000 | 750d 4883 | 8758 0100 | 0001 e960 | 0000 0048 | 3b97 6001 | 0000 750d | 4883 8768 
  0x00000174271210ac: 0100 0001 | e94a 0000 | 0048 83bf | 5001 0000 | 0075 1748 | 8997 5001 | 0000 48c7 | 8758 0100 
  0x00000174271210cc: 0001 0000 | 00e9 2900 | 0000 4883 | bf60 0100 | 0000 7517 | 4889 9760 | 0100 0048 | c787 6801 
  0x00000174271210ec: 0000 0100 | 0000 e908 | 0000 0048 | 8387 4801 | 0000 0149 | 8bd0 0f1f 

  0x0000017427121104: ;   {optimized virtual_call}
  0x0000017427121104: 4400 00e8 

  0x0000017427121108: ; ImmutableOopMap {[184]=Oop }
                      ;*invokevirtual toString {reexecute=0 rethrow=0 return_oop=0}
                      ; - java.lang.String::valueOf@11 (line 4543)
                      ; - java.awt.EventQueue::dispatchEventImpl@127 (line 737)
  0x0000017427121108: 54d9 2a07 

  0x000001742712110c: ;   {post_call_nop}
  0x000001742712110c: 0f1f 8400 | 0416 0008 | 488b f890 

  0x0000017427121118: ;   {no_reloc}
  0x0000017427121118: e981 0b00 | 0090 9090 | 9090 488b 

  0x0000017427121124: ;   {static_call}
  0x0000017427121124: d766 90e8 

  0x0000017427121128: ; ImmutableOopMap {[184]=Oop }
                      ;*invokedynamic {reexecute=0 rethrow=0 return_oop=0}
                      ; - java.awt.EventQueue::dispatchEventImpl@130 (line 737)
  0x0000017427121128: 34df 2a07 

  0x000001742712112c: ;   {post_call_nop}
  0x000001742712112c: 0f1f 8400 | 2416 0009 

  0x0000017427121134: ;   {metadata(method data for {method} {0x0000017480188440} 'dispatchEventImpl' '(Ljava/awt/AWTEvent;Ljava/lang/Object;)V' in 'java/awt/EventQueue')}
  0x0000017427121134: 49b8 b8a4 | 7780 7401 | 0000 4d8d | 8018 0600 | 0048 85c0 | 750b 41f6 | 0001 7505 | f049 8308 
  0x0000017427121154: 0148 8bb4 | 24b8 0000 | 0048 3b06 

  0x0000017427121160: ;   {metadata(method data for {method} {0x0000017480188440} 'dispatchEventImpl' '(Ljava/awt/AWTEvent;Ljava/lang/Object;)V' in 'java/awt/EventQueue')}
  0x0000017427121160: 4c8b c649 | b9b8 a477 | 8074 0100 

  0x000001742712116c: ;   {metadata('sun/util/logging/PlatformLogger')}
  0x000001742712116c: 0049 ba30 | f204 4074 | 0100 004d | 8991 3006 | 0000 4983 | 8138 0600 

  0x0000017427121184: ;   {metadata(method data for {method} {0x00000174800dbab0} 'fine' '(Ljava/lang/String;)V' in 'sun/util/logging/PlatformLogger')}
  0x0000017427121184: 0001 49b8 | e0c3 7780 | 7401 0000 | 458b 88cc | 0000 0041 | 83c1 0245 | 8988 cc00 | 0000 4181 
  0x00000174271211a4: e1fe ff1f | 0045 85c9 | 0f84 fb0a | 0000 8b56 | 0c48 c1e2 | 0348 3b02 

  0x00000174271211bc: ;   {metadata(method data for {method} {0x00000174800dbab0} 'fine' '(Ljava/lang/String;)V' in 'sun/util/logging/PlatformLogger')}
  0x00000174271211bc: 4c8b c249 | b9e0 c377 | 8074 0100 | 0045 8b40 | 0849 ba00 | 0000 3f74 | 0100 004d | 03c2 4d3b 
  0x00000174271211dc: 8148 0100 | 0075 0d49 | 8381 5001 | 0000 01e9 | 6000 0000 | 4d3b 8158 | 0100 0075 | 0d49 8381 
  0x00000174271211fc: 6001 0000 | 01e9 4a00 | 0000 4983 | b948 0100 | 0000 7517 | 4d89 8148 | 0100 0049 | c781 5001 
  0x000001742712121c: 0000 0100 | 0000 e929 | 0000 0049 | 83b9 5801 | 0000 0075 | 174d 8981 | 5801 0000 | 49c7 8160 
  0x000001742712123c: 0100 0001 | 0000 00e9 | 0800 0000 | 4983 8140 | 0100 0001 

  0x0000017427121250: ;   {oop(a 'sun/util/logging/PlatformLogger$Level'{0x000000071577bb20})}
  0x0000017427121250: 49b8 20bb | 7715 0700 | 0000 4c8b 

  0x000001742712125c: ;   {oop(nullptr)}
  0x000001742712125c: c848 bf00 | 0000 0000 | 0000 0066 | 0f1f 4400 | 0048 b810 | 9b72 3e74 

  0x0000017427121274: ;   {virtual_call}
  0x0000017427121274: 0100 00e8 

  0x0000017427121278: ; ImmutableOopMap {}
                      ;*invokeinterface log {reexecute=0 rethrow=0 return_oop=0}
                      ; - sun.util.logging.PlatformLogger::fine@12 (line 449)
                      ; - java.awt.EventQueue::dispatchEventImpl@135 (line 737)
  0x0000017427121278: e4da 2a07 

  0x000001742712127c: ;   {post_call_nop}
  0x000001742712127c: 0f1f 8400 | 7417 000a | 4881 c4d0 | 0000 005d 

  0x000001742712128c: ;   {poll_return}
  0x000001742712128c: 493b 6728 | 0f87 3d0a | 0000 c344 | 8b42 3449 | c1e0 0349 | 3b00 498b 

  0x00000174271212a4: ;   {metadata(method data for {method} {0x0000017480188440} 'dispatchEventImpl' '(Ljava/awt/AWTEvent;Ljava/lang/Object;)V' in 'java/awt/EventQueue')}
  0x00000174271212a4: d048 beb8 | a477 8074 

  0x00000174271212ac: ;   {metadata('java/awt/EventDispatchThread')}
  0x00000174271212ac: 0100 0049 | bac0 920e | 4074 0100 | 004c 8996 | 3805 0000 | 4883 8640 | 0500 0001 

  0x00000174271212c8: ;   {metadata(method data for {method} {0x00000174806a1098} 'stopDispatching' '()V' in 'java/awt/EventDispatchThread')}
  0x00000174271212c8: 48ba 60ba | 7780 7401 | 0000 8bb2 | cc00 0000 | 83c6 0289 | b2cc 0000 | 0081 e6fe | ff1f 0085 
  0x00000174271212e8: f60f 84ff | 0900 00ba | 0000 0000 | 4188 5070 | f083 4424 

  0x00000174271212fc: ;   {metadata(method data for {method} {0x0000017480188440} 'dispatchEventImpl' '(Ljava/awt/AWTEvent;Ljava/lang/Object;)V' in 'java/awt/EventQueue')}
  0x00000174271212fc: c000 49b8 | b8a4 7780 | 7401 0000 | 41ff 8060 | 0500 0048 | 81c4 d000 

  0x0000017427121314: ;   {poll_return}
  0x0000017427121314: 0000 5d49 | 3b67 280f | 87ee 0900 | 00c3 4c8b | 8424 a800 | 0000 4d85 

  0x000001742712132c: ;   {metadata(method data for {method} {0x0000017480188440} 'dispatchEventImpl' '(Ljava/awt/AWTEvent;Ljava/lang/Object;)V' in 'java/awt/EventQueue')}
  0x000001742712132c: c948 bfb8 | a477 8074 | 0100 0075 | 0c80 8f11 | 0400 0001 | e9db 0000 | 0041 8b59 | 0849 ba00 
  0x000001742712134c: 0000 3f74 | 0100 0049 | 03da 483b | 9f20 0400 | 0075 0d48 | 8387 2804 | 0000 01e9 | 6000 0000 
  0x000001742712136c: 483b 9f30 | 0400 0075 | 0d48 8387 | 3804 0000 | 01e9 4a00 | 0000 4883 | bf20 0400 | 0000 7517 
  0x000001742712138c: 4889 9f20 | 0400 0048 | c787 2804 | 0000 0100 | 0000 e929 | 0000 0048 | 83bf 3004 | 0000 0075 
  0x00000174271213ac: 1748 899f | 3004 0000 | 48c7 8738 | 0400 0001 | 0000 00e9 | 0800 0000 | 4883 8718 | 0400 0001 
  0x00000174271213cc: 0f1f 4000 

  0x00000174271213d0: ;   {no_reloc}
  0x00000174271213d0: e95f 0900 | 0000 0000 | 0000 418b | 7908 49ba | 0000 003f | 7401 0000 | 4903 fa48 | 3bfb 0f84 
  0x00000174271213f0: 2c00 0000 | 8b73 1448 | 3b1c 370f | 841f 0000 | 0083 fe20 | 0f85 3409 | 0000 5753 

  0x000001742712140c: ;   {runtime_call C1 Runtime slow_subtype_check_blob}
  0x000001742712140c: e82f da36 | 075f 5b85 | db0f 8423 | 0900 00e9 | 0000 0000 | 498b d166 | 9048 b838 | 9b72 3e74 
  0x000001742712142c: ;   {virtual_call}
  0x000001742712142c: 0100 00e8 

  0x0000017427121430: ; ImmutableOopMap {}
                      ;*invokevirtual dispatchEvent {reexecute=0 rethrow=0 return_oop=0}
                      ; - java.awt.EventQueue::dispatchEventImpl@81 (line 730)
  0x0000017427121430: 2cd9 2a07 

  0x0000017427121434: ;   {post_call_nop}
  0x0000017427121434: 0f1f 8400 | 2c19 000b 

  0x000001742712143c: ;   {metadata(method data for {method} {0x0000017480188440} 'dispatchEventImpl' '(Ljava/awt/AWTEvent;Ljava/lang/Object;)V' in 'java/awt/EventQueue')}
  0x000001742712143c: 49b8 b8a4 | 7780 7401 | 0000 41ff | 8078 0400 | 0048 81c4 | d000 0000 

  0x0000017427121454: ;   {poll_return}
  0x0000017427121454: 5d49 3b67 | 280f 87e8 | 0800 00c3 | 4c8b 8424 | a800 0000 

  0x0000017427121468: ;   {metadata(method data for {method} {0x0000017480188440} 'dispatchEventImpl' '(Ljava/awt/AWTEvent;Ljava/lang/Object;)V' in 'java/awt/EventQueue')}
  0x0000017427121468: 4d85 c948 | bfb8 a477 | 8074 0100 | 0075 0c80 | 8f49 0300 | 0001 e9dd | 0000 0041 | 8b59 0849 
  0x0000017427121488: ba00 0000 | 3f74 0100 | 0049 03da | 483b 9f58 | 0300 0075 | 0d48 8387 | 6003 0000 | 01e9 6000 
  0x00000174271214a8: 0000 483b | 9f68 0300 | 0075 0d48 | 8387 7003 | 0000 01e9 | 4a00 0000 | 4883 bf58 | 0300 0000 
  0x00000174271214c8: 7517 4889 | 9f58 0300 | 0048 c787 | 6003 0000 | 0100 0000 | e929 0000 | 0048 83bf | 6803 0000 
  0x00000174271214e8: 0075 1748 | 899f 6803 | 0000 48c7 | 8770 0300 | 0001 0000 | 00e9 0800 | 0000 4883 | 8750 0300 
  0x0000017427121508: 0001 660f | 1f44 0000 

  0x0000017427121510: ;   {no_reloc}
  0x0000017427121510: e957 0800 | 0000 0000 | 0000 418b | 7908 49ba | 0000 003f | 7401 0000 | 4903 fa48 | 3bfb 0f84 
  0x0000017427121530: 2c00 0000 | 8b73 1448 | 3b1c 370f | 841f 0000 | 0083 fe20 | 0f85 2c08 | 0000 5753 

  0x000001742712154c: ;   {runtime_call C1 Runtime slow_subtype_check_blob}
  0x000001742712154c: e8ef d836 | 075f 5b85 | db0f 841b | 0800 00e9 | 0000 0000 | 498b d166 | 9048 b860 | 9b72 3e74 
  0x000001742712156c: ;   {virtual_call}
  0x000001742712156c: 0100 00e8 

  0x0000017427121570: ; ImmutableOopMap {}
                      ;*invokevirtual dispatchEvent {reexecute=0 rethrow=0 return_oop=0}
                      ; - java.awt.EventQueue::dispatchEventImpl@63 (line 728)
  0x0000017427121570: ecd7 2a07 

  0x0000017427121574: ;   {post_call_nop}
  0x0000017427121574: 0f1f 8400 | 6c1a 000c 

  0x000001742712157c: ;   {metadata(method data for {method} {0x0000017480188440} 'dispatchEventImpl' '(Ljava/awt/AWTEvent;Ljava/lang/Object;)V' in 'java/awt/EventQueue')}
  0x000001742712157c: 49b8 b8a4 | 7780 7401 | 0000 41ff | 80b0 0300 | 0048 81c4 | d000 0000 

  0x0000017427121594: ;   {poll_return}
  0x0000017427121594: 5d49 3b67 | 280f 87e0 | 0700 00c3 

  0x00000174271215a0: ;   {metadata(method data for {method} {0x0000017480188440} 'dispatchEventImpl' '(Ljava/awt/AWTEvent;Ljava/lang/Object;)V' in 'java/awt/EventQueue')}
  0x00000174271215a0: 488b f248 | bfb8 a477 | 8074 0100 | 0048 8387 | 6001 0000 | 0149 8bf0 | 4c8b c60f 

  0x00000174271215bc: ;   {optimized virtual_call}
  0x00000174271215bc: 1f40 00e8 

  0x00000174271215c0: ; ImmutableOopMap {[168]=Oop }
                      ;*invokevirtual setCurrentEventAndMostRecentTimeImpl {reexecute=0 rethrow=0 return_oop=0}
                      ; - java.awt.EventQueue::dispatchEventImpl@14 (line 722)
  0x00000174271215c0: 7cca ffff 

  0x00000174271215c4: ;   {post_call_nop}
  0x00000174271215c4: 0f1f 8400 | bc1a 000d | 4c8b 8424 | a800 0000 

  0x00000174271215d4: ;   {metadata(method data for {method} {0x0000017480188440} 'dispatchEventImpl' '(Ljava/awt/AWTEvent;Ljava/lang/Object;)V' in 'java/awt/EventQueue')}
  0x00000174271215d4: 4d85 c048 | bfb8 a477 | 8074 0100 | 0075 0c80 | 8f89 0100 | 0001 e9cb | 0000 0041 | 8b58 0849 
  0x00000174271215f4: ba00 0000 | 3f74 0100 | 0049 03da | 483b 9f98 | 0100 0075 | 0d48 8387 | a001 0000 | 01e9 6000 
  0x0000017427121614: 0000 483b | 9fa8 0100 | 0075 0d48 | 8387 b001 | 0000 01e9 | 4a00 0000 | 4883 bf98 | 0100 0000 
  0x0000017427121634: 7517 4889 | 9f98 0100 | 0048 c787 | a001 0000 | 0100 0000 | e929 0000 | 0048 83bf | a801 0000 
  0x0000017427121654: 0075 1748 | 899f a801 | 0000 48c7 | 87b0 0100 | 0001 0000 | 00e9 0800 | 0000 4883 | 8790 0100 
  0x0000017427121674: ;   {metadata('java/awt/ActiveEvent')}
  0x0000017427121674: 0001 48bb | 78b7 6980 | 7401 0000 | 418b 7808 | 49ba 0000 | 003f 7401 | 0000 4903 | fa48 3b5f 
  0x0000017427121694: 200f 841f | 0000 0048 | 3bfb 0f84 | 1600 0000 

  0x00000174271216a4: ;   {runtime_call C1 Runtime slow_subtype_check_blob}
  0x00000174271216a4: 5753 e895 | d736 075f | 5f85 ff0f | 84e0 0600 | 00e9 0000 | 0000 498b | d048 3b02 

  0x00000174271216c0: ;   {metadata(method data for {method} {0x0000017480188440} 'dispatchEventImpl' '(Ljava/awt/AWTEvent;Ljava/lang/Object;)V' in 'java/awt/EventQueue')}
  0x00000174271216c0: 488b f248 | bfb8 a477 | 8074 0100 | 008b 7608 | 49ba 0000 | 003f 7401 | 0000 4903 | f248 3bb7 
  0x00000174271216e0: c801 0000 | 750d 4883 | 87d0 0100 | 0001 e960 | 0000 0048 | 3bb7 d801 | 0000 750d | 4883 87e0 
  0x0000017427121700: 0100 0001 | e94a 0000 | 0048 83bf | c801 0000 | 0075 1748 | 89b7 c801 | 0000 48c7 | 87d0 0100 
  0x0000017427121720: 0001 0000 | 00e9 2900 | 0000 4883 | bfd8 0100 | 0000 7517 | 4889 b7d8 | 0100 0048 | c787 e001 
  0x0000017427121740: 0000 0100 | 0000 e908 | 0000 0048 | 8387 c001 | 0000 0166 | 9048 b888 | 9b72 3e74 

  0x000001742712175c: ;   {virtual_call}
  0x000001742712175c: 0100 00e8 

  0x0000017427121760: ; ImmutableOopMap {}
                      ;*invokeinterface dispatch {reexecute=0 rethrow=0 return_oop=0}
                      ; - java.awt.EventQueue::dispatchEventImpl@21 (line 723)
  0x0000017427121760: eca3 3707 

  0x0000017427121764: ;   {post_call_nop}
  0x0000017427121764: 0f1f 8400 | 5c1c 000e 

  0x000001742712176c: ;   {metadata(method data for {method} {0x0000017480188440} 'dispatchEventImpl' '(Ljava/awt/AWTEvent;Ljava/lang/Object;)V' in 'java/awt/EventQueue')}
  0x000001742712176c: 48ba b8a4 | 7780 7401 | 0000 ff82 | f001 0000 | 4881 c4d0 | 0000 005d 

  0x0000017427121784: ;   {poll_return}
  0x0000017427121784: 493b 6728 | 0f87 1506 | 0000 c390 

  0x0000017427121790: ;   {no_reloc}
  0x0000017427121790: e933 0600 | 0000 0000 | 0000 80ba | 4001 0000 | 040f 8530 | 0600 0049 | 8b87 c801 | 0000 488d 
  0x00000174271217b0: 7828 493b | bfd8 0100 | 000f 8718 | 0600 0049 | 89bf c801 | 0000 48c7 | 0001 0000 | 0048 8bca 
  0x00000174271217d0: 49ba 0000 | 003f 7401 | 0000 492b | ca89 4808 | 4833 c989 | 480c 4833 | c948 8948 | 1048 8948 
  0x00000174271217f0: 1848 8948 | 2048 8bd0 

  0x00000174271217f8: ;   {metadata(method data for {method} {0x000001743f44ab28} 'lookup' '()Ljava/lang/invoke/MethodHandles$Lookup;' in 'java/lang/invoke/MethodHandles')}
  0x00000174271217f8: 48be 7872 | 6b80 7401 | 0000 4883 | 8640 0100 

  0x0000017427121808: ;   {oop("no caller frame"{0x00000007ffe27160})}
  0x0000017427121808: 0001 49b8 | 6071 e2ff | 0700 0000 | 488b d048 | 8984 24c0 

  0x000001742712181c: ;   {optimized virtual_call}
  0x000001742712181c: 0000 00e8 

  0x0000017427121820: ; ImmutableOopMap {[168]=Oop [192]=Oop }
                      ;*invokespecial <init> {reexecute=0 rethrow=0 return_oop=0}
                      ; - java.lang.invoke.MethodHandles::lookup@14 (line 128)
                      ; - sun.awt.AWTAccessor::ensureClassInitialized@0 (line 1464)
                      ; - sun.awt.AWTAccessor::getInputEventAccessor@10 (line 963)
                      ; - java.awt.AWTEvent::dispatched@7 (line 571)
                      ; - java.awt.EventQueue::dispatchEventImpl@45 (line 726)
  0x0000017427121820: 3cd2 2a07 

  0x0000017427121824: ;   {post_call_nop}
  0x0000017427121824: 0f1f 8400 | 1c1d 000f | 488b 8424 | c000 0000 | e93a 0600 | 0049 8b87 | 0805 0000 | 4d33 d24d 
  0x0000017427121844: 8997 0805 | 0000 4d33 | d24d 8997 | 1005 0000 

  0x0000017427121854: ;   {oop(a 'java/lang/Class'{0x0000000715783408} = 'sun/awt/AWTAccessor')}
  0x0000017427121854: 48be 0834 | 7815 0700 | 0000 8bb6 | 8400 0000 | 48c1 e603 | 4c8b 8424 | a800 0000 

  0x0000017427121870: ;   {metadata(method data for {method} {0x00000174800d9648} 'dispatched' '()V' in 'java/awt/AWTEvent')}
  0x0000017427121870: 4d85 c048 | b898 b577 | 8074 0100 | 0075 0c80 | 8869 0100 | 0001 e9b1 | 0000 0041 | 8b50 0849 
  0x0000017427121890: ba00 0000 | 3f74 0100 | 0049 03d2 | 483b 9078 | 0100 0075 | 0d48 8380 | 8001 0000 | 01e9 6000 
  0x00000174271218b0: 0000 483b | 9088 0100 | 0075 0d48 | 8380 9001 | 0000 01e9 | 4a00 0000 | 4883 b878 | 0100 0000 
  0x00000174271218d0: 7517 4889 | 9078 0100 | 0048 c780 | 8001 0000 | 0100 0000 | e929 0000 | 0048 83b8 | 8801 0000 
  0x00000174271218f0: 0075 1748 | 8990 8801 | 0000 48c7 | 8090 0100 | 0001 0000 | 00e9 0800 | 0000 4883 | 8070 0100 
  0x0000017427121910: ;   {metadata('java/awt/event/InputEvent')}
  0x0000017427121910: 0001 48ba | d0d1 1080 | 7401 0000 | 418b 4008 | 49ba 0000 | 003f 7401 | 0000 4903 | c248 3b50 
  0x0000017427121930: 500f 85ad | 0400 00e9 | 0000 0000 | 498b f848 | 85f6 0f84 | 2900 0000 

  0x0000017427121948: ;   {metadata('java/awt/event/InputEvent$1')}
  0x0000017427121948: 48b9 1837 | 0540 7401 | 0000 8b56 | 0849 ba00 | 0000 3f74 | 0100 0049 | 03d2 483b | 4a38 0f85 
  0x0000017427121968: 8104 0000 | e900 0000 | 0048 8bde 

  0x0000017427121974: ; implicit exception: dispatches to 0x0000017427121df2
                      ;   {metadata(method data for {method} {0x00000174800d9648} 'dispatched' '()V' in 'java/awt/AWTEvent')}
  0x0000017427121974: 483b 0648 | bb98 b577 | 8074 0100 

  0x0000017427121980: ;   {metadata('java/awt/event/InputEvent$1')}
  0x0000017427121980: 0049 ba18 | 3705 4074 | 0100 004c | 8993 a801 | 0000 4883 | 83b0 0100 

  0x0000017427121998: ;   {metadata(method data for {method} {0x000001748010fc48} 'setCanAccessSystemClipboard' '(Ljava/awt/event/InputEvent;Z)V' in 'java/awt/event/InputEvent$1')}
  0x0000017427121998: 0001 48be | 20b9 7780 | 7401 0000 | 8b9e cc00 | 0000 83c3 | 0289 9ecc | 0000 0081 | e3fe ff1f 
  0x00000174271219b8: 0085 db0f | 8436 0400 | 00be 0000 | 0000 4885 | ff0f 8449 | 0400 0090 

  0x00000174271219d0: ; implicit exception: dispatches to 0x0000017427121e25
  0x00000174271219d0: 4088 b728 

  0x00000174271219d4: ;   {metadata(method data for {method} {0x0000017480188440} 'dispatchEventImpl' '(Ljava/awt/AWTEvent;Ljava/lang/Object;)V' in 'java/awt/EventQueue')}
  0x00000174271219d4: 0000 0048 | beb8 a477 | 8074 0100 | 00ff 86e8 | 0200 0048 | 81c4 d000 

  0x00000174271219ec: ;   {poll_return}
  0x00000174271219ec: 0000 5d49 | 3b67 280f | 8747 0400 

  0x00000174271219f8: ;   {metadata({method} {0x0000017480188440} 'dispatchEventImpl' '(Ljava/awt/AWTEvent;Ljava/lang/Object;)V' in 'java/awt/EventQueue')}
  0x00000174271219f8: 00c3 49ba | 3884 1880 | 7401 0000 | 4c89 5424 | 0848 c704 | 24ff ffff 

  0x0000017427121a10: ;   {runtime_call C1 Runtime counter_overflow_blob}
  0x0000017427121a10: ffe8 ca0c 

  0x0000017427121a14: ; ImmutableOopMap {rdx=Oop r8=Oop r9=Oop [168]=Oop }
                      ;*synchronization entry
                      ; - java.awt.EventQueue::dispatchEventImpl@-1 (line 719)
  0x0000017427121a14: 3707 e9f3 

  0x0000017427121a18: ;   {runtime_call C1 Runtime throw_null_pointer_exception_blob}
  0x0000017427121a18: e4ff ffe8 

  0x0000017427121a1c: ; ImmutableOopMap {rdx=Oop r8=Oop r9=Oop [168]=Oop }
                      ;*putfield isPosted {reexecute=1 rethrow=0 return_oop=0}
                      ; - (reexecute) java.awt.EventQueue::dispatchEventImpl@2 (line 719)
  0x0000017427121a1c: 40aa 3607 | 4c89 0c24 

  0x0000017427121a24: ;   {runtime_call C1 Runtime throw_class_cast_exception_blob}
  0x0000017427121a24: e837 ce36 

  0x0000017427121a28: ; ImmutableOopMap {r8=Oop [168]=Oop }
                      ;*checkcast {reexecute=0 rethrow=0 return_oop=0}
                      ; - java.awt.EventQueue::dispatchEventImpl@37 (line 725)
                      ;   {runtime_call C1 Runtime throw_null_pointer_exception_blob}
  0x0000017427121a28: 07e8 32aa 

  0x0000017427121a2c: ; ImmutableOopMap {r8=Oop rdx=Oop [168]=Oop }
                      ;*invokevirtual dispatchEvent {reexecute=0 rethrow=0 return_oop=0}
                      ; - java.awt.EventQueue::dispatchEventImpl@41 (line 725)
                      ;   {metadata({method} {0x0000017480085fe8} 'dispatchEvent' '(Ljava/awt/AWTEvent;)V' in 'java/awt/Component')}
  0x0000017427121a2c: 3607 49ba | e05f 0880 | 7401 0000 | 4c89 5424 | 0848 c704 | 24ff ffff 

  0x0000017427121a44: ;   {runtime_call C1 Runtime counter_overflow_blob}
  0x0000017427121a44: ffe8 960c 

  0x0000017427121a48: ; ImmutableOopMap {r8=Oop rdx=Oop [168]=Oop }
                      ;*synchronization entry
                      ; - java.awt.Component::dispatchEvent@-1 (line 4790)
                      ; - java.awt.EventQueue::dispatchEventImpl@41 (line 725)
  0x0000017427121a48: 3707 e96a 

  0x0000017427121a4c: ;   {metadata({method} {0x00000174800d9648} 'dispatched' '()V' in 'java/awt/AWTEvent')}
  0x0000017427121a4c: e8ff ff49 | ba40 960d | 8074 0100 | 004c 8954 | 2408 48c7 | 0424 ffff 

  0x0000017427121a64: ;   {runtime_call C1 Runtime counter_overflow_blob}
  0x0000017427121a64: ffff e875 

  0x0000017427121a68: ; ImmutableOopMap {[168]=Oop }
                      ;*synchronization entry
                      ; - java.awt.AWTEvent::dispatched@-1 (line 570)
                      ; - java.awt.EventQueue::dispatchEventImpl@45 (line 726)
  0x0000017427121a68: 0c37 07e9 | bce9 ffff 

  0x0000017427121a70: ;   {metadata({method} {0x00000174800f3800} 'getInputEventAccessor' '()Lsun/awt/AWTAccessor$InputEventAccessor;' in 'sun/awt/AWTAccessor')}
  0x0000017427121a70: 49ba f837 | 0f80 7401 | 0000 4c89 | 5424 0848 | c704 24ff 

  0x0000017427121a84: ;   {runtime_call C1 Runtime counter_overflow_blob}
  0x0000017427121a84: ffff ffe8 

  0x0000017427121a88: ; ImmutableOopMap {r8=Oop [168]=Oop }
                      ;*synchronization entry
                      ; - sun.awt.AWTAccessor::getInputEventAccessor@-1 (line 961)
                      ; - java.awt.AWTEvent::dispatched@7 (line 571)
                      ; - java.awt.EventQueue::dispatchEventImpl@45 (line 726)
  0x0000017427121a88: 540c 3707 | e9dc eaff 

  0x0000017427121a90: ;   {metadata({method} {0x00000174800f5fc0} 'ensureClassInitialized' '(Ljava/lang/Class;)V' in 'sun/awt/AWTAccessor')}
  0x0000017427121a90: ff49 bab8 | 5f0f 8074 | 0100 004c | 8954 2408 | 48c7 0424 | ffff ffff 

  0x0000017427121aa8: ;   {runtime_call C1 Runtime counter_overflow_blob}
  0x0000017427121aa8: e833 0c37 

  0x0000017427121aac: ; ImmutableOopMap {[168]=Oop }
                      ;*synchronization entry
                      ; - sun.awt.AWTAccessor::ensureClassInitialized@-1 (line 1464)
                      ; - sun.awt.AWTAccessor::getInputEventAccessor@10 (line 963)
                      ; - java.awt.AWTEvent::dispatched@7 (line 571)
                      ; - java.awt.EventQueue::dispatchEventImpl@45 (line 726)
  0x0000017427121aac: 07e9 33eb 

  0x0000017427121ab0: ;   {metadata({method} {0x000001743f44ab28} 'lookup' '()Ljava/lang/invoke/MethodHandles$Lookup;' in 'java/lang/invoke/MethodHandles')}
  0x0000017427121ab0: ffff 49ba | 20ab 443f | 7401 0000 | 4c89 5424 | 0848 c704 | 24ff ffff 

  0x0000017427121ac8: ;   {runtime_call C1 Runtime counter_overflow_blob}
  0x0000017427121ac8: ffe8 120c 

  0x0000017427121acc: ; ImmutableOopMap {[168]=Oop }
                      ;*synchronization entry
                      ; - java.lang.invoke.MethodHandles::lookup@-1 (line 126)
                      ; - sun.awt.AWTAccessor::ensureClassInitialized@0 (line 1464)
                      ; - sun.awt.AWTAccessor::getInputEventAccessor@10 (line 963)
                      ; - java.awt.AWTEvent::dispatched@7 (line 571)
                      ; - java.awt.EventQueue::dispatchEventImpl@45 (line 726)
  0x0000017427121acc: 3707 e94b | ebff ff48 

  0x0000017427121ad4: ;   {runtime_call C1 Runtime fast_new_instance_blob}
  0x0000017427121ad4: 8bd2 e885 

  0x0000017427121ad8: ; ImmutableOopMap {r8=Oop [168]=Oop }
                      ;*new {reexecute=0 rethrow=0 return_oop=0}
                      ; - java.lang.invoke.MethodHandles::lookup@18 (line 130)
                      ; - sun.awt.AWTAccessor::ensureClassInitialized@0 (line 1464)
                      ; - sun.awt.AWTAccessor::getInputEventAccessor@10 (line 963)
                      ; - java.awt.AWTEvent::dispatched@7 (line 571)
                      ; - java.awt.EventQueue::dispatchEventImpl@45 (line 726)
  0x0000017427121ad8: b236 07e9 | e6eb ffff 

  0x0000017427121ae0: ;   {metadata({method} {0x000001743f44edd8} '<init>' '(Ljava/lang/Class;)V' in 'java/lang/invoke/MethodHandles$Lookup')}
  0x0000017427121ae0: 49ba d0ed | 443f 7401 | 0000 4c89 | 5424 0848 | c704 24ff 

  0x0000017427121af4: ;   {runtime_call C1 Runtime counter_overflow_blob}
  0x0000017427121af4: ffff ffe8 

  0x0000017427121af8: ; ImmutableOopMap {r8=Oop rax=Oop [168]=Oop }
                      ;*synchronization entry
                      ; - java.lang.invoke.MethodHandles$Lookup::<init>@-1 (line 1534)
                      ; - java.lang.invoke.MethodHandles::lookup@23 (line 130)
                      ; - sun.awt.AWTAccessor::ensureClassInitialized@0 (line 1464)
                      ; - sun.awt.AWTAccessor::getInputEventAccessor@10 (line 963)
                      ; - java.awt.AWTEvent::dispatched@7 (line 571)
                      ; - java.awt.EventQueue::dispatchEventImpl@45 (line 726)
  0x0000017427121af8: e40b 3707 | e903 ecff 

  0x0000017427121b00: ;   {metadata(nullptr)}
  0x0000017427121b00: ff48 b800 | 0000 0000 | 0000 00b8 | 000f 050a 

  0x0000017427121b10: ;   {runtime_call C1 Runtime load_klass_patching_blob}
  0x0000017427121b10: e84b f436 

  0x0000017427121b14: ; ImmutableOopMap {rdx=Oop r9=Oop [168]=Oop }
                      ;*instanceof {reexecute=1 rethrow=0 return_oop=0}
                      ; - (reexecute) java.awt.EventQueue::dispatchEventImpl@52 (line 727)
  0x0000017427121b14: 07e9 9eed 

  0x0000017427121b18: ;   {metadata(nullptr)}
  0x0000017427121b18: ffff 48b8 | 0000 0000 | 0000 0000 | b800 0f05 

  0x0000017427121b28: ;   {runtime_call C1 Runtime load_klass_patching_blob}
  0x0000017427121b28: 0ae8 32f4 

  0x0000017427121b2c: ; ImmutableOopMap {rdx=Oop r9=Oop [168]=Oop }
                      ;*instanceof {reexecute=1 rethrow=0 return_oop=0}
                      ; - (reexecute) java.awt.EventQueue::dispatchEventImpl@70 (line 729)
  0x0000017427121b2c: 3607 e9ad 

  0x0000017427121b30: ;   {metadata({method} {0x0000017480187a78} 'noEvents' '()Z' in 'java/awt/EventQueue')}
  0x0000017427121b30: eeff ff49 | ba70 7a18 | 8074 0100 | 004c 8954 | 2408 48c7 | 0424 ffff 

  0x0000017427121b48: ;   {runtime_call C1 Runtime counter_overflow_blob}
  0x0000017427121b48: ffff e891 

  0x0000017427121b4c: ; ImmutableOopMap {rdx=Oop }
                      ;*synchronization entry
                      ; - java.awt.EventQueue::noEvents@-1 (line 520)
                      ; - java.awt.EventQueue::dispatchEventImpl@95 (line 732)
  0x0000017427121b4c: 0b37 07e9 | 4bf0 ffff 

  0x0000017427121b54: ;   {runtime_call C1 Runtime throw_null_pointer_exception_blob}
  0x0000017427121b54: e807 a936 

  0x0000017427121b58: ; ImmutableOopMap {rdx=Oop rdi=Oop }
                      ;*aaload {reexecute=0 rethrow=0 return_oop=0}
                      ; - java.awt.EventQueue::noEvents@12 (line 521)
                      ; - java.awt.EventQueue::dispatchEventImpl@95 (line 732)
                      ;   {runtime_call C1 Runtime throw_null_pointer_exception_blob}
  0x0000017427121b58: 07e8 02a9 

  0x0000017427121b5c: ; ImmutableOopMap {rdx=Oop rdi=Oop }
                      ;*aaload {reexecute=0 rethrow=0 return_oop=0}
                      ; - java.awt.EventQueue::noEvents@12 (line 521)
                      ; - java.awt.EventQueue::dispatchEventImpl@95 (line 732)
  0x0000017427121b5c: 3607 4889 | 3424 4889 

  0x0000017427121b64: ;   {runtime_call C1 Runtime throw_range_check_failed_blob}
  0x0000017427121b64: 7c24 08e8 

  0x0000017427121b68: ; ImmutableOopMap {rdx=Oop rdi=Oop }
                      ;*aaload {reexecute=0 rethrow=0 return_oop=0}
                      ; - java.awt.EventQueue::noEvents@12 (line 521)
                      ; - java.awt.EventQueue::dispatchEventImpl@95 (line 732)
  0x0000017427121b68: 7498 3607 

  0x0000017427121b6c: ;   {runtime_call C1 Runtime throw_null_pointer_exception_blob}
  0x0000017427121b6c: e8ef a836 

  0x0000017427121b70: ; ImmutableOopMap {rdx=Oop }
                      ;*getfield head {reexecute=1 rethrow=0 return_oop=0}
                      ; - (reexecute) java.awt.EventQueue::noEvents@13 (line 521)
                      ; - java.awt.EventQueue::dispatchEventImpl@95 (line 732)
                      ;   {metadata({method} {0x0000017480187a78} 'noEvents' '()Z' in 'java/awt/EventQueue')}
  0x0000017427121b70: 0749 ba70 | 7a18 8074 | 0100 004c | 8954 2408 | 48c7 0424 | 1800 0000 

  0x0000017427121b88: ;   {runtime_call C1 Runtime counter_overflow_blob}
  0x0000017427121b88: e853 0b37 

  0x0000017427121b8c: ; ImmutableOopMap {rdx=Oop }
                      ;*goto {reexecute=1 rethrow=0 return_oop=0}
                      ; - (reexecute) java.awt.EventQueue::noEvents@24 (line 520)
                      ; - java.awt.EventQueue::dispatchEventImpl@95 (line 732)
  0x0000017427121b8c: 07e9 94f0 

  0x0000017427121b90: ;   {metadata({method} {0x0000017480186848} 'getEventLog' '()Lsun/util/logging/PlatformLogger;' in 'java/awt/EventQueue')}
  0x0000017427121b90: ffff 49ba | 4068 1880 | 7401 0000 | 4c89 5424 | 0848 c704 | 24ff ffff 

  0x0000017427121ba8: ;   {runtime_call C1 Runtime counter_overflow_blob}
  0x0000017427121ba8: ffe8 320b 

  0x0000017427121bac: ; ImmutableOopMap {[168]=Oop }
                      ;*synchronization entry
                      ; - java.awt.EventQueue::getEventLog@-1 (line 180)
                      ; - java.awt.EventQueue::dispatchEventImpl@111 (line 736)
  0x0000017427121bac: 3707 e931 | f1ff ff41 | 8b50 7848 | c1e2 0348 | 83fa 000f | 849e f1ff | ff48 8914 

  0x0000017427121bc8: ;   {runtime_call g1_pre_barrier_slow}
  0x0000017427121bc8: 24e8 9214 | 3707 e990 | f1ff ff48 | 83f8 000f | 84ab f1ff | ff4c 8904 

  0x0000017427121be0: ;   {runtime_call g1_post_barrier_slow}
  0x0000017427121be0: 24e8 7a17 | 3707 e99d 

  0x0000017427121be8: ;   {runtime_call C1 Runtime throw_null_pointer_exception_blob}
  0x0000017427121be8: f1ff ffe8 

  0x0000017427121bec: ; ImmutableOopMap {r8=Oop [168]=Oop }
                      ;*invokevirtual isLoggable {reexecute=0 rethrow=0 return_oop=0}
                      ; - java.awt.EventQueue::dispatchEventImpl@117 (line 736)
  0x0000017427121bec: 70a8 3607 

  0x0000017427121bf0: ;   {metadata({method} {0x00000174800dae58} 'isLoggable' '(Lsun/util/logging/PlatformLogger$Level;)Z' in 'sun/util/logging/PlatformLogger')}
  0x0000017427121bf0: 49ba 50ae | 0d80 7401 | 0000 4c89 | 5424 0848 | c704 24ff 

  0x0000017427121c04: ;   {runtime_call C1 Runtime counter_overflow_blob}
  0x0000017427121c04: ffff ffe8 

  0x0000017427121c08: ; ImmutableOopMap {r8=Oop [168]=Oop }
                      ;*synchronization entry
                      ; - sun.util.logging.PlatformLogger::isLoggable@-1 (line 336)
                      ; - java.awt.EventQueue::dispatchEventImpl@117 (line 736)
  0x0000017427121c08: d40a 3707 | e9d9 f1ff 

  0x0000017427121c10: ;   {runtime_call C1 Runtime throw_null_pointer_exception_blob}
  0x0000017427121c10: ffe8 4aa8 

  0x0000017427121c14: ; ImmutableOopMap {rdx=Oop [168]=Oop }
                      ;*invokeinterface isLoggable {reexecute=0 rethrow=0 return_oop=0}
                      ; - sun.util.logging.PlatformLogger::isLoggable@17 (line 340)
                      ; - java.awt.EventQueue::dispatchEventImpl@117 (line 736)
                      ;   {metadata({method} {0x0000017480186848} 'getEventLog' '()Lsun/util/logging/PlatformLogger;' in 'java/awt/EventQueue')}
  0x0000017427121c14: 3607 49ba | 4068 1880 | 7401 0000 | 4c89 5424 | 0848 c704 | 24ff ffff 

  0x0000017427121c2c: ;   {runtime_call C1 Runtime counter_overflow_blob}
  0x0000017427121c2c: ffe8 ae0a 

  0x0000017427121c30: ; ImmutableOopMap {[168]=Oop }
                      ;*synchronization entry
                      ; - java.awt.EventQueue::getEventLog@-1 (line 180)
                      ; - java.awt.EventQueue::dispatchEventImpl@123 (line 737)
  0x0000017427121c30: 3707 e9eb | f2ff ff8b | 7278 48c1 | e603 4883 | fe00 0f84 | 5bf3 ffff | 4889 3424 

  0x0000017427121c4c: ;   {runtime_call g1_pre_barrier_slow}
  0x0000017427121c4c: e80f 1437 | 07e9 4df3 | ffff 4883 | f800 0f84 | 68f3 ffff | 4889 1424 

  0x0000017427121c64: ;   {runtime_call g1_post_barrier_slow}
  0x0000017427121c64: e8f7 1637 | 07e9 5af3 

  0x0000017427121c6c: ;   {metadata({method} {0x000001743f47e890} 'valueOf' '(Ljava/lang/Object;)Ljava/lang/String;' in 'java/lang/String')}
  0x0000017427121c6c: ffff 49ba | 88e8 473f | 7401 0000 | 4c89 5424 | 0848 c704 | 24ff ffff 

  0x0000017427121c84: ;   {runtime_call C1 Runtime counter_overflow_blob}
  0x0000017427121c84: ffe8 560a 

  0x0000017427121c88: ; ImmutableOopMap {rsi=Oop r8=Oop [168]=Oop [184]=Oop }
                      ;*synchronization entry
                      ; - java.lang.String::valueOf@-1 (line 4543)
                      ; - java.awt.EventQueue::dispatchEventImpl@127 (line 737)
  0x0000017427121c88: 3707 e993 | f3ff ff49 | b800 0000 | 0000 0000 | 00b8 000f 

  0x0000017427121c9c: ;   {runtime_call C1 Runtime load_appendix_patching_blob}
  0x0000017427121c9c: 050a e8bd 

  0x0000017427121ca0: ; ImmutableOopMap {rdi=Oop [184]=Oop }
                      ;*invokedynamic {reexecute=1 rethrow=0 return_oop=0}
                      ; - (reexecute) java.awt.EventQueue::dispatchEventImpl@130 (line 737)
  0x0000017427121ca0: 0237 07e9 | 70f4 ffff 

  0x0000017427121ca8: ;   {runtime_call C1 Runtime throw_null_pointer_exception_blob}
  0x0000017427121ca8: e8b3 a736 

  0x0000017427121cac: ; ImmutableOopMap {rax=Oop rsi=Oop [184]=Oop }
                      ;*invokevirtual fine {reexecute=0 rethrow=0 return_oop=0}
                      ; - java.awt.EventQueue::dispatchEventImpl@135 (line 737)
                      ;   {metadata({method} {0x00000174800dbab0} 'fine' '(Ljava/lang/String;)V' in 'sun/util/logging/PlatformLogger')}
  0x0000017427121cac: 0749 baa8 | ba0d 8074 | 0100 004c | 8954 2408 | 48c7 0424 | ffff ffff 

  0x0000017427121cc4: ;   {runtime_call C1 Runtime counter_overflow_blob}
  0x0000017427121cc4: e817 0a37 

  0x0000017427121cc8: ; ImmutableOopMap {rax=Oop rsi=Oop [184]=Oop }
                      ;*synchronization entry
                      ; - sun.util.logging.PlatformLogger::fine@-1 (line 449)
                      ; - java.awt.EventQueue::dispatchEventImpl@135 (line 737)
  0x0000017427121cc8: 07e9 e4f4 

  0x0000017427121ccc: ;   {runtime_call C1 Runtime throw_null_pointer_exception_blob}
  0x0000017427121ccc: ffff e88d 

  0x0000017427121cd0: ; ImmutableOopMap {rax=Oop rdx=Oop }
                      ;*invokeinterface log {reexecute=0 rethrow=0 return_oop=0}
                      ; - sun.util.logging.PlatformLogger::fine@12 (line 449)
                      ; - java.awt.EventQueue::dispatchEventImpl@135 (line 737)
                      ;   {internal_word}
  0x0000017427121cd0: a736 0749 | ba8c 1212 | 2774 0100 | 004d 8997 | 6004 0000 

  0x0000017427121ce4: ;   {runtime_call SafepointBlob}
  0x0000017427121ce4: e9f7 3f2b 

  0x0000017427121ce8: ;   {runtime_call C1 Runtime throw_null_pointer_exception_blob}
  0x0000017427121ce8: 07e8 72a7 

  0x0000017427121cec: ; ImmutableOopMap {r8=Oop }
                      ;*invokevirtual stopDispatching {reexecute=0 rethrow=0 return_oop=0}
                      ; - java.awt.EventQueue::dispatchEventImpl@105 (line 733)
                      ;   {metadata({method} {0x00000174806a1098} 'stopDispatching' '()V' in 'java/awt/EventDispatchThread')}
  0x0000017427121cec: 3607 49ba | 9010 6a80 | 7401 0000 | 4c89 5424 | 0848 c704 | 24ff ffff 

  0x0000017427121d04: ;   {runtime_call C1 Runtime counter_overflow_blob}
  0x0000017427121d04: ffe8 d609 

  0x0000017427121d08: ; ImmutableOopMap {r8=Oop }
                      ;*synchronization entry
                      ; - java.awt.EventDispatchThread::stopDispatching@-1 (line 85)
                      ; - java.awt.EventQueue::dispatchEventImpl@105 (line 733)
  0x0000017427121d08: 3707 e9e0 

  0x0000017427121d0c: ;   {internal_word}
  0x0000017427121d0c: f5ff ff49 | ba17 1312 | 2774 0100 | 004d 8997 | 6004 0000 

  0x0000017427121d20: ;   {runtime_call SafepointBlob}
  0x0000017427121d20: e9bb 3f2b 

  0x0000017427121d24: ;   {metadata(nullptr)}
  0x0000017427121d24: 0748 bb00 | 0000 0000 | 0000 00b8 | 000f 050a 

  0x0000017427121d34: ;   {runtime_call C1 Runtime load_klass_patching_blob}
  0x0000017427121d34: e827 f236 

  0x0000017427121d38: ; ImmutableOopMap {r9=Oop r8=Oop [168]=Oop }
                      ;*checkcast {reexecute=1 rethrow=0 return_oop=0}
                      ; - (reexecute) java.awt.EventQueue::dispatchEventImpl@77 (line 730)
  0x0000017427121d38: 07e9 92f6 | ffff 4c89 

  0x0000017427121d40: ;   {runtime_call C1 Runtime throw_class_cast_exception_blob}
  0x0000017427121d40: 0c24 e819 

  0x0000017427121d44: ; ImmutableOopMap {r9=Oop r8=Oop [168]=Oop }
                      ;*checkcast {reexecute=0 rethrow=0 return_oop=0}
                      ; - java.awt.EventQueue::dispatchEventImpl@77 (line 730)
                      ;   {internal_word}
  0x0000017427121d44: cb36 0749 | ba55 1412 | 2774 0100 | 004d 8997 | 6004 0000 

  0x0000017427121d58: ;   {runtime_call SafepointBlob}
  0x0000017427121d58: e983 3f2b 

  0x0000017427121d5c: ;   {metadata(nullptr)}
  0x0000017427121d5c: 0748 bb00 | 0000 0000 | 0000 00b8 | 000f 050a 

  0x0000017427121d6c: ;   {runtime_call C1 Runtime load_klass_patching_blob}
  0x0000017427121d6c: e8ef f136 

  0x0000017427121d70: ; ImmutableOopMap {r9=Oop r8=Oop [168]=Oop }
                      ;*checkcast {reexecute=1 rethrow=0 return_oop=0}
                      ; - (reexecute) java.awt.EventQueue::dispatchEventImpl@59 (line 728)
  0x0000017427121d70: 07e9 9af7 | ffff 4c89 

  0x0000017427121d78: ;   {runtime_call C1 Runtime throw_class_cast_exception_blob}
  0x0000017427121d78: 0c24 e8e1 

  0x0000017427121d7c: ; ImmutableOopMap {r9=Oop r8=Oop [168]=Oop }
                      ;*checkcast {reexecute=0 rethrow=0 return_oop=0}
                      ; - java.awt.EventQueue::dispatchEventImpl@59 (line 728)
                      ;   {internal_word}
  0x0000017427121d7c: ca36 0749 | ba95 1512 | 2774 0100 | 004d 8997 | 6004 0000 

  0x0000017427121d90: ;   {runtime_call SafepointBlob}
  0x0000017427121d90: e94b 3f2b | 074c 8904 

  0x0000017427121d98: ;   {runtime_call C1 Runtime throw_class_cast_exception_blob}
  0x0000017427121d98: 24e8 c2ca 

  0x0000017427121d9c: ; ImmutableOopMap {}
                      ;*checkcast {reexecute=0 rethrow=0 return_oop=0}
                      ; - java.awt.EventQueue::dispatchEventImpl@18 (line 723)
                      ;   {runtime_call C1 Runtime throw_null_pointer_exception_blob}
  0x0000017427121d9c: 3607 e8bd 

  0x0000017427121da0: ; ImmutableOopMap {rdx=Oop }
                      ;*invokeinterface dispatch {reexecute=0 rethrow=0 return_oop=0}
                      ; - java.awt.EventQueue::dispatchEventImpl@21 (line 723)
                      ;   {internal_word}
  0x0000017427121da0: a636 0749 | ba84 1712 | 2774 0100 | 004d 8997 | 6004 0000 

  0x0000017427121db4: ;   {runtime_call SafepointBlob}
  0x0000017427121db4: e927 3f2b 

  0x0000017427121db8: ;   {metadata(nullptr)}
  0x0000017427121db8: 0748 ba00 | 0000 0000 | 0000 00b8 | 000f 050a 

  0x0000017427121dc8: ;   {runtime_call C1 Runtime load_klass_patching_blob}
  0x0000017427121dc8: e893 f136 

  0x0000017427121dcc: ; ImmutableOopMap {[168]=Oop }
                      ;*new {reexecute=1 rethrow=0 return_oop=0}
                      ; - (reexecute) java.lang.invoke.MethodHandles::lookup@8 (line 128)
                      ; - sun.awt.AWTAccessor::ensureClassInitialized@0 (line 1464)
                      ; - sun.awt.AWTAccessor::getInputEventAccessor@10 (line 963)
                      ; - java.awt.AWTEvent::dispatched@7 (line 571)
                      ; - java.awt.EventQueue::dispatchEventImpl@45 (line 726)
  0x0000017427121dcc: 07e9 bef9 

  0x0000017427121dd0: ;   {runtime_call C1 Runtime throw_null_pointer_exception_blob}
  0x0000017427121dd0: ffff e889 

  0x0000017427121dd4: ; ImmutableOopMap {[168]=Oop }
                      ;*new {reexecute=0 rethrow=0 return_oop=0}
                      ; - java.lang.invoke.MethodHandles::lookup@8 (line 128)
                      ; - sun.awt.AWTAccessor::ensureClassInitialized@0 (line 1464)
                      ; - sun.awt.AWTAccessor::getInputEventAccessor@10 (line 963)
                      ; - java.awt.AWTEvent::dispatched@7 (line 571)
                      ; - java.awt.EventQueue::dispatchEventImpl@45 (line 726)
  0x0000017427121dd4: a636 0748 

  0x0000017427121dd8: ;   {runtime_call C1 Runtime fast_new_instance_init_check_blob}
  0x0000017427121dd8: 8bd2 e881 

  0x0000017427121ddc: ; ImmutableOopMap {[168]=Oop }
                      ;*new {reexecute=0 rethrow=0 return_oop=0}
                      ; - java.lang.invoke.MethodHandles::lookup@8 (line 128)
                      ; - sun.awt.AWTAccessor::ensureClassInitialized@0 (line 1464)
                      ; - sun.awt.AWTAccessor::getInputEventAccessor@10 (line 963)
                      ; - java.awt.AWTEvent::dispatched@7 (line 571)
                      ; - java.awt.EventQueue::dispatchEventImpl@45 (line 726)
  0x0000017427121ddc: b236 07e9 | 11fa ffff | 4c89 0424 

  0x0000017427121de8: ;   {runtime_call C1 Runtime throw_class_cast_exception_blob}
  0x0000017427121de8: e873 ca36 

  0x0000017427121dec: ; ImmutableOopMap {rsi=Oop }
                      ;*checkcast {reexecute=0 rethrow=0 return_oop=0}
                      ; - java.awt.AWTEvent::dispatched@11 (line 571)
                      ; - java.awt.EventQueue::dispatchEventImpl@45 (line 726)
                      ;   {runtime_call C1 Runtime throw_incompatible_class_change_error_blob}
  0x0000017427121dec: 07e8 6ecd 

  0x0000017427121df0: ; ImmutableOopMap {rsi=Oop rdi=Oop }
                      ;*invokeinterface setCanAccessSystemClipboard {reexecute=0 rethrow=0 return_oop=0}
                      ; - java.awt.AWTEvent::dispatched@15 (line 572)
                      ; - java.awt.EventQueue::dispatchEventImpl@45 (line 726)
                      ;   {runtime_call C1 Runtime throw_null_pointer_exception_blob}
  0x0000017427121df0: 3607 e869 

  0x0000017427121df4: ; ImmutableOopMap {rsi=Oop rdi=Oop }
                      ;*invokeinterface setCanAccessSystemClipboard {reexecute=0 rethrow=0 return_oop=0}
                      ; - java.awt.AWTEvent::dispatched@15 (line 572)
                      ; - java.awt.EventQueue::dispatchEventImpl@45 (line 726)
                      ;   {metadata({method} {0x000001748010fc48} 'setCanAccessSystemClipboard' '(Ljava/awt/event/InputEvent;Z)V' in 'java/awt/event/InputEvent$1')}
  0x0000017427121df4: a636 0749 | ba40 fc10 | 8074 0100 | 004c 8954 | 2408 48c7 | 0424 ffff 

  0x0000017427121e0c: ;   {runtime_call C1 Runtime counter_overflow_blob}
  0x0000017427121e0c: ffff e8cd 

  0x0000017427121e10: ; ImmutableOopMap {rdi=Oop }
                      ;*synchronization entry
                      ; - java.awt.event.InputEvent$1::setCanAccessSystemClipboard@-1 (line 338)
                      ; - java.awt.AWTEvent::dispatched@15 (line 572)
                      ; - java.awt.EventQueue::dispatchEventImpl@45 (line 726)
  0x0000017427121e10: 0837 07e9 | a9fb ffff | 48c7 0424 | f7ff ffff 

  0x0000017427121e20: ;   {runtime_call C1 Runtime deoptimize_blob}
  0x0000017427121e20: e83b e636 

  0x0000017427121e24: ; ImmutableOopMap {rdi=Oop }
                      ;*putfield canAccessSystemClipboard {reexecute=1 rethrow=0 return_oop=0}
                      ; - (reexecute) java.awt.event.InputEvent$1::setCanAccessSystemClipboard@2 (line 338)
                      ; - java.awt.AWTEvent::dispatched@15 (line 572)
                      ; - java.awt.EventQueue::dispatchEventImpl@45 (line 726)
                      ;   {runtime_call C1 Runtime throw_null_pointer_exception_blob}
  0x0000017427121e24: 07e8 36a6 

  0x0000017427121e28: ; ImmutableOopMap {rdi=Oop }
                      ;*putfield canAccessSystemClipboard {reexecute=1 rethrow=0 return_oop=0}
                      ; - (reexecute) java.awt.event.InputEvent$1::setCanAccessSystemClipboard@2 (line 338)
                      ; - java.awt.AWTEvent::dispatched@15 (line 572)
                      ; - java.awt.EventQueue::dispatchEventImpl@45 (line 726)
  0x0000017427121e28: 3607 4088 | b728 0000 | 00b8 000c 

  0x0000017427121e34: ;   {runtime_call C1 Runtime access_field_patching_blob}
  0x0000017427121e34: 0507 e825 

  0x0000017427121e38: ; ImmutableOopMap {rdi=Oop }
                      ;*putfield canAccessSystemClipboard {reexecute=1 rethrow=0 return_oop=0}
                      ; - (reexecute) java.awt.event.InputEvent$1::setCanAccessSystemClipboard@2 (line 338)
                      ; - java.awt.AWTEvent::dispatched@15 (line 572)
                      ; - java.awt.EventQueue::dispatchEventImpl@45 (line 726)
  0x0000017427121e38: e936 07e9 | 90fb ffff 

  0x0000017427121e40: ;   {internal_word}
  0x0000017427121e40: 49ba ef19 | 1227 7401 | 0000 4d89 | 9760 0400 

  0x0000017427121e50: ;   {runtime_call SafepointBlob}
  0x0000017427121e50: 00e9 8a3e | 2b07 498b | 8708 0500 | 0049 c787 | 0805 0000 | 0000 0000 | 49c7 8710 | 0500 0000 
  0x0000017427121e70: 0000 0048 | 81c4 d000 

  0x0000017427121e78: ;   {runtime_call C1 Runtime unwind_exception_blob}
  0x0000017427121e78: 0000 5de9 | 608f 3607 
[Stub Code]
  0x0000017427121e80: ;   {no_reloc}
  0x0000017427121e80: 0f1f 4400 

  0x0000017427121e84: ;   {static_stub}
  0x0000017427121e84: 0048 bb00 | 0000 0000 

  0x0000017427121e8c: ;   {runtime_call nmethod}
  0x0000017427121e8c: 0000 00e9 | fbff ffff 

  0x0000017427121e94: ;   {static_stub}
  0x0000017427121e94: 9048 bb00 | 0000 0000 

  0x0000017427121e9c: ;   {runtime_call nmethod}
  0x0000017427121e9c: 0000 00e9 | fbff ffff 

  0x0000017427121ea4: ;   {static_stub}
  0x0000017427121ea4: 9048 bb00 | 0000 0000 

  0x0000017427121eac: ;   {runtime_call nmethod}
  0x0000017427121eac: 0000 00e9 | fbff ffff 

  0x0000017427121eb4: ;   {static_stub}
  0x0000017427121eb4: 9048 bb00 | 0000 0000 

  0x0000017427121ebc: ;   {runtime_call nmethod}
  0x0000017427121ebc: 0000 00e9 | fbff ffff 

  0x0000017427121ec4: ;   {static_stub}
  0x0000017427121ec4: 9048 bb00 | 0000 0000 

  0x0000017427121ecc: ;   {runtime_call nmethod}
  0x0000017427121ecc: 0000 00e9 | fbff ffff 

  0x0000017427121ed4: ;   {static_stub}
  0x0000017427121ed4: 9048 bb00 | 0000 0000 

  0x0000017427121edc: ;   {runtime_call nmethod}
  0x0000017427121edc: 0000 00e9 | fbff ffff 

  0x0000017427121ee4: ;   {static_stub}
  0x0000017427121ee4: 9048 bb00 | 0000 0000 

  0x0000017427121eec: ;   {runtime_call nmethod}
  0x0000017427121eec: 0000 00e9 | fbff ffff 

  0x0000017427121ef4: ;   {static_stub}
  0x0000017427121ef4: 9048 bb00 | 0000 0000 

  0x0000017427121efc: ;   {runtime_call nmethod}
  0x0000017427121efc: 0000 00e9 | fbff ffff 

  0x0000017427121f04: ;   {static_stub}
  0x0000017427121f04: 9048 bb00 | 0000 0000 

  0x0000017427121f0c: ;   {runtime_call nmethod}
  0x0000017427121f0c: 0000 00e9 | fbff ffff 

  0x0000017427121f14: ;   {static_stub}
  0x0000017427121f14: 48bb 0000 | 0000 0000 

  0x0000017427121f1c: ;   {runtime_call nmethod}
  0x0000017427121f1c: 0000 e9fb 

  0x0000017427121f20: ;   {static_stub}
  0x0000017427121f20: ffff ff48 | bb00 0000 | 0000 0000 

  0x0000017427121f2c: ;   {runtime_call nmethod}
  0x0000017427121f2c: 00e9 fbff 

  0x0000017427121f30: ;   {static_stub}
  0x0000017427121f30: ffff 48bb | 0000 0000 | 0000 0000 

  0x0000017427121f3c: ;   {runtime_call nmethod}
  0x0000017427121f3c: e9fb ffff 

  0x0000017427121f40: ;   {static_stub}
  0x0000017427121f40: ff48 bb00 | 0000 0000 

  0x0000017427121f48: ;   {runtime_call nmethod}
  0x0000017427121f48: 0000 00e9 | fbff ffff 

  0x0000017427121f50: ;   {static_stub}
  0x0000017427121f50: 48bb 0000 | 0000 0000 

  0x0000017427121f58: ;   {runtime_call nmethod}
  0x0000017427121f58: 0000 e9fb 

  0x0000017427121f5c: ;   {runtime_call C1 Runtime handle_exception_from_callee_blob}
  0x0000017427121f5c: ffff ffe8 | fcc2 3607 

  0x0000017427121f64: ;   {external_word}
  0x0000017427121f64: 48b9 e034 | 8ede f87f | 0000 4883 

  0x0000017427121f70: ;   {runtime_call}
  0x0000017427121f70: e4f0 48b8 | 1090 4bde | f87f 0000 

  0x0000017427121f7c: ;   {section_word}
  0x0000017427121f7c: ffd0 f449 | ba7f 1f12 | 2774 0100 

  0x0000017427121f88: ;   {runtime_call DeoptimizationBlob}
  0x0000017427121f88: 0041 52e9 | f032 2b07 
[/MachCode]


---------------  P R O C E S S  ---------------

Threads class SMR info:
_java_thread_list=0x00000174844b80a0, length=16, elements={
0x000001743da31e80, 0x000001743da325c0, 0x000001743da34580, 0x000001743da34cc0,
0x000001743da39bb0, 0x000001743da3a830, 0x000001743da3ba40, 0x000001743e603a30,
0x000001743e6f94b0, 0x000001743e7a9d50, 0x0000017484321f90, 0x00000174843226d0,
0x00000174840afac0, 0x00000174844edf20, 0x000001741bfdfb80, 0x0000017484753200
}

Java Threads: ( => current thread )
  0x000001743da31e80 JavaThread "Reference Handler"          daemon [_thread_blocked, id=35556, stack(0x00000042de900000,0x00000042dea00000) (1024K)]
  0x000001743da325c0 JavaThread "Finalizer"                  daemon [_thread_blocked, id=21924, stack(0x00000042dea00000,0x00000042deb00000) (1024K)]
  0x000001743da34580 JavaThread "Signal Dispatcher"          daemon [_thread_blocked, id=35588, stack(0x00000042deb00000,0x00000042dec00000) (1024K)]
  0x000001743da34cc0 JavaThread "Attach Listener"            daemon [_thread_blocked, id=34248, stack(0x00000042dec00000,0x00000042ded00000) (1024K)]
  0x000001743da39bb0 JavaThread "Service Thread"             daemon [_thread_blocked, id=11228, stack(0x00000042ded00000,0x00000042dee00000) (1024K)]
  0x000001743da3a830 JavaThread "Monitor Deflation Thread"   daemon [_thread_blocked, id=38664, stack(0x00000042dee00000,0x00000042def00000) (1024K)]
  0x000001743da3ba40 JavaThread "C2 CompilerThread0"         daemon [_thread_blocked, id=34836, stack(0x00000042def00000,0x00000042df000000) (1024K)]
  0x000001743e603a30 JavaThread "C1 CompilerThread0"         daemon [_thread_blocked, id=9988, stack(0x00000042df000000,0x00000042df100000) (1024K)]
  0x000001743e6f94b0 JavaThread "Common-Cleaner"             daemon [_thread_blocked, id=17156, stack(0x00000042df100000,0x00000042df200000) (1024K)]
  0x000001743e7a9d50 JavaThread "Notification Thread"        daemon [_thread_blocked, id=36508, stack(0x00000042df500000,0x00000042df600000) (1024K)]
  0x0000017484321f90 JavaThread "Java2D Disposer"            daemon [_thread_blocked, id=37060, stack(0x00000042df700000,0x00000042df800000) (1024K)]
  0x00000174843226d0 JavaThread "AWT-Shutdown"                      [_thread_blocked, id=35240, stack(0x00000042df800000,0x00000042df900000) (1024K)]
  0x00000174840afac0 JavaThread "AWT-Windows"                daemon [_thread_in_native, id=35144, stack(0x00000042df900000,0x00000042dfa00000) (1024K)]
=>0x00000174844edf20 JavaThread "AWT-EventQueue-0"                  [_thread_in_native, id=10736, stack(0x00000042dfb00000,0x00000042dfc00000) (1024K)]
  0x000001741bfdfb80 JavaThread "DestroyJavaVM"                     [_thread_blocked, id=38688, stack(0x00000042de100000,0x00000042de200000) (1024K)]
  0x0000017484753200 JavaThread "TimerQueue"                 daemon [_thread_blocked, id=34876, stack(0x00000042e0000000,0x00000042e0100000) (1024K)]
Total: 16

Other Threads:
  0x000001743da23070 VMThread "VM Thread"                           [id=28972, stack(0x00000042de800000,0x00000042de900000) (1024K)]
  0x000001743da145c0 WatcherThread "VM Periodic Task Thread"        [id=11968, stack(0x00000042de700000,0x00000042de800000) (1024K)]
  0x000001741e4917c0 WorkerThread "GC Thread#0"                     [id=22208, stack(0x00000042de200000,0x00000042de300000) (1024K)]
  0x000001741e4a61b0 ConcurrentGCThread "G1 Main Marker"            [id=36216, stack(0x00000042de300000,0x00000042de400000) (1024K)]
  0x000001741e4a8b70 WorkerThread "G1 Conc#0"                       [id=35092, stack(0x00000042de400000,0x00000042de500000) (1024K)]
  0x000001741e4ee9f0 ConcurrentGCThread "G1 Refine#0"               [id=19544, stack(0x00000042de500000,0x00000042de600000) (1024K)]
  0x000001743d8c3430 ConcurrentGCThread "G1 Service"                [id=38132, stack(0x00000042de600000,0x00000042de700000) (1024K)]
Total: 7

Threads with active compile tasks:
Total: 0

VM state: not at safepoint (normal execution)

VM Mutex/Monitor currently owned by a thread: None

Heap address: 0x0000000705e00000, size: 4002 MB, Compressed Oops mode: Zero based, Oop shift amount: 3

CDS archive(s) mapped at: [0x000001743f000000-0x000001743fd40000-0x000001743fd40000), size 13893632, SharedBaseAddress: 0x000001743f000000, ArchiveRelocationMode: 1.
Compressed class space mapped at: 0x0000017440000000-0x0000017480000000, reserved size: 1073741824
UseCompressedClassPointers 1, UseCompactObjectHeaders 0
Narrow klass pointer bits 32, Max shift 3
Narrow klass base: 0x000001743f000000, Narrow klass shift: 0
Encoding Range: [0x000001743f000000 - 0x000001753f000000), (4294967296 bytes)
Klass Range:    [0x000001743f000000 - 0x0000017480000000), (1090519040 bytes)
Klass ID Range:  [8 - 1090519033) (1090519025)

GC Precious Log:
 CardTable entry size: 512
 Card Set container configuration: InlinePtr #cards 4 size 8 Array Of Cards #cards 16 size 48 Howl #buckets 8 coarsen threshold 3686 Howl Bitmap #cards 512 size 80 coarsen threshold 460 Card regions per heap region 1 cards per card region 4096
 CPUs: 16 total, 16 available
 Memory: 16004M
 Large Page Support: Disabled
 NUMA Support: Disabled
 Compressed Oops: Enabled (Zero based)
 Heap Region Size: 2M
 Heap Min Capacity: 8M
 Heap Initial Capacity: 252M
 Heap Max Capacity: 4002M
 Pre-touch: Disabled
 Parallel Workers: 13
 Concurrent Workers: 3
 Concurrent Refinement Workers: 13
 Periodic GC: Disabled

Heap:
 garbage-first heap   total reserved 4098048K, committed 260096K, used 31856K [0x0000000705e00000, 0x0000000800000000)
  region size 2048K, 14 young (28672K), 0 survivors (0K)
 Metaspace       used 11212K, committed 11392K, reserved 1114112K
  class space    used 1083K, committed 1152K, reserved 1048576K

Heap Regions: E=young(eden), S=young(survivor), O=old, HS=humongous(starts), HC=humongous(continues), CS=collection set, F=free, TAMS=top-at-mark-start, PB=parsable bottom
|   0|0x0000000705e00000, 0x0000000706000000, 0x0000000706000000|100%|HS|  |TAMS 0x0000000705e00000| PB 0x0000000705e00000| Complete |  0
|   1|0x0000000706000000, 0x0000000706200000, 0x0000000706200000|100%|HC|  |TAMS 0x0000000706000000| PB 0x0000000706000000| Complete |  0
|   2|0x0000000706200000, 0x0000000706200000, 0x0000000706400000|  0%| F|  |TAMS 0x0000000706200000| PB 0x0000000706200000| Untracked |  0
|   3|0x0000000706400000, 0x0000000706400000, 0x0000000706600000|  0%| F|  |TAMS 0x0000000706400000| PB 0x0000000706400000| Untracked |  0
|   4|0x0000000706600000, 0x0000000706600000, 0x0000000706800000|  0%| F|  |TAMS 0x0000000706600000| PB 0x0000000706600000| Untracked |  0
|   5|0x0000000706800000, 0x0000000706800000, 0x0000000706a00000|  0%| F|  |TAMS 0x0000000706800000| PB 0x0000000706800000| Untracked |  0
|   6|0x0000000706a00000, 0x0000000706a00000, 0x0000000706c00000|  0%| F|  |TAMS 0x0000000706a00000| PB 0x0000000706a00000| Untracked |  0
|   7|0x0000000706c00000, 0x0000000706c00000, 0x0000000706e00000|  0%| F|  |TAMS 0x0000000706c00000| PB 0x0000000706c00000| Untracked |  0
|   8|0x0000000706e00000, 0x0000000706e00000, 0x0000000707000000|  0%| F|  |TAMS 0x0000000706e00000| PB 0x0000000706e00000| Untracked |  0
|   9|0x0000000707000000, 0x0000000707000000, 0x0000000707200000|  0%| F|  |TAMS 0x0000000707000000| PB 0x0000000707000000| Untracked |  0
|  10|0x0000000707200000, 0x0000000707200000, 0x0000000707400000|  0%| F|  |TAMS 0x0000000707200000| PB 0x0000000707200000| Untracked |  0
|  11|0x0000000707400000, 0x0000000707400000, 0x0000000707600000|  0%| F|  |TAMS 0x0000000707400000| PB 0x0000000707400000| Untracked |  0
|  12|0x0000000707600000, 0x0000000707600000, 0x0000000707800000|  0%| F|  |TAMS 0x0000000707600000| PB 0x0000000707600000| Untracked |  0
|  13|0x0000000707800000, 0x0000000707800000, 0x0000000707a00000|  0%| F|  |TAMS 0x0000000707800000| PB 0x0000000707800000| Untracked |  0
|  14|0x0000000707a00000, 0x0000000707a00000, 0x0000000707c00000|  0%| F|  |TAMS 0x0000000707a00000| PB 0x0000000707a00000| Untracked |  0
|  15|0x0000000707c00000, 0x0000000707c00000, 0x0000000707e00000|  0%| F|  |TAMS 0x0000000707c00000| PB 0x0000000707c00000| Untracked |  0
|  16|0x0000000707e00000, 0x0000000707e00000, 0x0000000708000000|  0%| F|  |TAMS 0x0000000707e00000| PB 0x0000000707e00000| Untracked |  0
|  17|0x0000000708000000, 0x0000000708000000, 0x0000000708200000|  0%| F|  |TAMS 0x0000000708000000| PB 0x0000000708000000| Untracked |  0
|  18|0x0000000708200000, 0x0000000708200000, 0x0000000708400000|  0%| F|  |TAMS 0x0000000708200000| PB 0x0000000708200000| Untracked |  0
|  19|0x0000000708400000, 0x0000000708400000, 0x0000000708600000|  0%| F|  |TAMS 0x0000000708400000| PB 0x0000000708400000| Untracked |  0
|  20|0x0000000708600000, 0x0000000708600000, 0x0000000708800000|  0%| F|  |TAMS 0x0000000708600000| PB 0x0000000708600000| Untracked |  0
|  21|0x0000000708800000, 0x0000000708800000, 0x0000000708a00000|  0%| F|  |TAMS 0x0000000708800000| PB 0x0000000708800000| Untracked |  0
|  22|0x0000000708a00000, 0x0000000708a00000, 0x0000000708c00000|  0%| F|  |TAMS 0x0000000708a00000| PB 0x0000000708a00000| Untracked |  0
|  23|0x0000000708c00000, 0x0000000708c00000, 0x0000000708e00000|  0%| F|  |TAMS 0x0000000708c00000| PB 0x0000000708c00000| Untracked |  0
|  24|0x0000000708e00000, 0x0000000708e00000, 0x0000000709000000|  0%| F|  |TAMS 0x0000000708e00000| PB 0x0000000708e00000| Untracked |  0
|  25|0x0000000709000000, 0x0000000709000000, 0x0000000709200000|  0%| F|  |TAMS 0x0000000709000000| PB 0x0000000709000000| Untracked |  0
|  26|0x0000000709200000, 0x0000000709200000, 0x0000000709400000|  0%| F|  |TAMS 0x0000000709200000| PB 0x0000000709200000| Untracked |  0
|  27|0x0000000709400000, 0x0000000709400000, 0x0000000709600000|  0%| F|  |TAMS 0x0000000709400000| PB 0x0000000709400000| Untracked |  0
|  28|0x0000000709600000, 0x0000000709600000, 0x0000000709800000|  0%| F|  |TAMS 0x0000000709600000| PB 0x0000000709600000| Untracked |  0
|  29|0x0000000709800000, 0x0000000709800000, 0x0000000709a00000|  0%| F|  |TAMS 0x0000000709800000| PB 0x0000000709800000| Untracked |  0
|  30|0x0000000709a00000, 0x0000000709a00000, 0x0000000709c00000|  0%| F|  |TAMS 0x0000000709a00000| PB 0x0000000709a00000| Untracked |  0
|  31|0x0000000709c00000, 0x0000000709c00000, 0x0000000709e00000|  0%| F|  |TAMS 0x0000000709c00000| PB 0x0000000709c00000| Untracked |  0
|  32|0x0000000709e00000, 0x0000000709e00000, 0x000000070a000000|  0%| F|  |TAMS 0x0000000709e00000| PB 0x0000000709e00000| Untracked |  0
|  33|0x000000070a000000, 0x000000070a000000, 0x000000070a200000|  0%| F|  |TAMS 0x000000070a000000| PB 0x000000070a000000| Untracked |  0
|  34|0x000000070a200000, 0x000000070a200000, 0x000000070a400000|  0%| F|  |TAMS 0x000000070a200000| PB 0x000000070a200000| Untracked |  0
|  35|0x000000070a400000, 0x000000070a400000, 0x000000070a600000|  0%| F|  |TAMS 0x000000070a400000| PB 0x000000070a400000| Untracked |  0
|  36|0x000000070a600000, 0x000000070a600000, 0x000000070a800000|  0%| F|  |TAMS 0x000000070a600000| PB 0x000000070a600000| Untracked |  0
|  37|0x000000070a800000, 0x000000070a800000, 0x000000070aa00000|  0%| F|  |TAMS 0x000000070a800000| PB 0x000000070a800000| Untracked |  0
|  38|0x000000070aa00000, 0x000000070aa00000, 0x000000070ac00000|  0%| F|  |TAMS 0x000000070aa00000| PB 0x000000070aa00000| Untracked |  0
|  39|0x000000070ac00000, 0x000000070ac00000, 0x000000070ae00000|  0%| F|  |TAMS 0x000000070ac00000| PB 0x000000070ac00000| Untracked |  0
|  40|0x000000070ae00000, 0x000000070ae00000, 0x000000070b000000|  0%| F|  |TAMS 0x000000070ae00000| PB 0x000000070ae00000| Untracked |  0
|  41|0x000000070b000000, 0x000000070b000000, 0x000000070b200000|  0%| F|  |TAMS 0x000000070b000000| PB 0x000000070b000000| Untracked |  0
|  42|0x000000070b200000, 0x000000070b200000, 0x000000070b400000|  0%| F|  |TAMS 0x000000070b200000| PB 0x000000070b200000| Untracked |  0
|  43|0x000000070b400000, 0x000000070b400000, 0x000000070b600000|  0%| F|  |TAMS 0x000000070b400000| PB 0x000000070b400000| Untracked |  0
|  44|0x000000070b600000, 0x000000070b600000, 0x000000070b800000|  0%| F|  |TAMS 0x000000070b600000| PB 0x000000070b600000| Untracked |  0
|  45|0x000000070b800000, 0x000000070b800000, 0x000000070ba00000|  0%| F|  |TAMS 0x000000070b800000| PB 0x000000070b800000| Untracked |  0
|  46|0x000000070ba00000, 0x000000070ba00000, 0x000000070bc00000|  0%| F|  |TAMS 0x000000070ba00000| PB 0x000000070ba00000| Untracked |  0
|  47|0x000000070bc00000, 0x000000070bc00000, 0x000000070be00000|  0%| F|  |TAMS 0x000000070bc00000| PB 0x000000070bc00000| Untracked |  0
|  48|0x000000070be00000, 0x000000070be00000, 0x000000070c000000|  0%| F|  |TAMS 0x000000070be00000| PB 0x000000070be00000| Untracked |  0
|  49|0x000000070c000000, 0x000000070c000000, 0x000000070c200000|  0%| F|  |TAMS 0x000000070c000000| PB 0x000000070c000000| Untracked |  0
|  50|0x000000070c200000, 0x000000070c200000, 0x000000070c400000|  0%| F|  |TAMS 0x000000070c200000| PB 0x000000070c200000| Untracked |  0
|  51|0x000000070c400000, 0x000000070c400000, 0x000000070c600000|  0%| F|  |TAMS 0x000000070c400000| PB 0x000000070c400000| Untracked |  0
|  52|0x000000070c600000, 0x000000070c600000, 0x000000070c800000|  0%| F|  |TAMS 0x000000070c600000| PB 0x000000070c600000| Untracked |  0
|  53|0x000000070c800000, 0x000000070c800000, 0x000000070ca00000|  0%| F|  |TAMS 0x000000070c800000| PB 0x000000070c800000| Untracked |  0
|  54|0x000000070ca00000, 0x000000070ca00000, 0x000000070cc00000|  0%| F|  |TAMS 0x000000070ca00000| PB 0x000000070ca00000| Untracked |  0
|  55|0x000000070cc00000, 0x000000070cc00000, 0x000000070ce00000|  0%| F|  |TAMS 0x000000070cc00000| PB 0x000000070cc00000| Untracked |  0
|  56|0x000000070ce00000, 0x000000070ce00000, 0x000000070d000000|  0%| F|  |TAMS 0x000000070ce00000| PB 0x000000070ce00000| Untracked |  0
|  57|0x000000070d000000, 0x000000070d000000, 0x000000070d200000|  0%| F|  |TAMS 0x000000070d000000| PB 0x000000070d000000| Untracked |  0
|  58|0x000000070d200000, 0x000000070d200000, 0x000000070d400000|  0%| F|  |TAMS 0x000000070d200000| PB 0x000000070d200000| Untracked |  0
|  59|0x000000070d400000, 0x000000070d400000, 0x000000070d600000|  0%| F|  |TAMS 0x000000070d400000| PB 0x000000070d400000| Untracked |  0
|  60|0x000000070d600000, 0x000000070d600000, 0x000000070d800000|  0%| F|  |TAMS 0x000000070d600000| PB 0x000000070d600000| Untracked |  0
|  61|0x000000070d800000, 0x000000070d800000, 0x000000070da00000|  0%| F|  |TAMS 0x000000070d800000| PB 0x000000070d800000| Untracked |  0
|  62|0x000000070da00000, 0x000000070da00000, 0x000000070dc00000|  0%| F|  |TAMS 0x000000070da00000| PB 0x000000070da00000| Untracked |  0
|  63|0x000000070dc00000, 0x000000070dc00000, 0x000000070de00000|  0%| F|  |TAMS 0x000000070dc00000| PB 0x000000070dc00000| Untracked |  0
|  64|0x000000070de00000, 0x000000070de00000, 0x000000070e000000|  0%| F|  |TAMS 0x000000070de00000| PB 0x000000070de00000| Untracked |  0
|  65|0x000000070e000000, 0x000000070e000000, 0x000000070e200000|  0%| F|  |TAMS 0x000000070e000000| PB 0x000000070e000000| Untracked |  0
|  66|0x000000070e200000, 0x000000070e200000, 0x000000070e400000|  0%| F|  |TAMS 0x000000070e200000| PB 0x000000070e200000| Untracked |  0
|  67|0x000000070e400000, 0x000000070e400000, 0x000000070e600000|  0%| F|  |TAMS 0x000000070e400000| PB 0x000000070e400000| Untracked |  0
|  68|0x000000070e600000, 0x000000070e600000, 0x000000070e800000|  0%| F|  |TAMS 0x000000070e600000| PB 0x000000070e600000| Untracked |  0
|  69|0x000000070e800000, 0x000000070e800000, 0x000000070ea00000|  0%| F|  |TAMS 0x000000070e800000| PB 0x000000070e800000| Untracked |  0
|  70|0x000000070ea00000, 0x000000070ea00000, 0x000000070ec00000|  0%| F|  |TAMS 0x000000070ea00000| PB 0x000000070ea00000| Untracked |  0
|  71|0x000000070ec00000, 0x000000070ec00000, 0x000000070ee00000|  0%| F|  |TAMS 0x000000070ec00000| PB 0x000000070ec00000| Untracked |  0
|  72|0x000000070ee00000, 0x000000070ee00000, 0x000000070f000000|  0%| F|  |TAMS 0x000000070ee00000| PB 0x000000070ee00000| Untracked |  0
|  73|0x000000070f000000, 0x000000070f000000, 0x000000070f200000|  0%| F|  |TAMS 0x000000070f000000| PB 0x000000070f000000| Untracked |  0
|  74|0x000000070f200000, 0x000000070f200000, 0x000000070f400000|  0%| F|  |TAMS 0x000000070f200000| PB 0x000000070f200000| Untracked |  0
|  75|0x000000070f400000, 0x000000070f400000, 0x000000070f600000|  0%| F|  |TAMS 0x000000070f400000| PB 0x000000070f400000| Untracked |  0
|  76|0x000000070f600000, 0x000000070f600000, 0x000000070f800000|  0%| F|  |TAMS 0x000000070f600000| PB 0x000000070f600000| Untracked |  0
|  77|0x000000070f800000, 0x000000070f800000, 0x000000070fa00000|  0%| F|  |TAMS 0x000000070f800000| PB 0x000000070f800000| Untracked |  0
|  78|0x000000070fa00000, 0x000000070fa00000, 0x000000070fc00000|  0%| F|  |TAMS 0x000000070fa00000| PB 0x000000070fa00000| Untracked |  0
|  79|0x000000070fc00000, 0x000000070fc00000, 0x000000070fe00000|  0%| F|  |TAMS 0x000000070fc00000| PB 0x000000070fc00000| Untracked |  0
|  80|0x000000070fe00000, 0x000000070fe00000, 0x0000000710000000|  0%| F|  |TAMS 0x000000070fe00000| PB 0x000000070fe00000| Untracked |  0
|  81|0x0000000710000000, 0x0000000710000000, 0x0000000710200000|  0%| F|  |TAMS 0x0000000710000000| PB 0x0000000710000000| Untracked |  0
|  82|0x0000000710200000, 0x0000000710200000, 0x0000000710400000|  0%| F|  |TAMS 0x0000000710200000| PB 0x0000000710200000| Untracked |  0
|  83|0x0000000710400000, 0x0000000710400000, 0x0000000710600000|  0%| F|  |TAMS 0x0000000710400000| PB 0x0000000710400000| Untracked |  0
|  84|0x0000000710600000, 0x0000000710600000, 0x0000000710800000|  0%| F|  |TAMS 0x0000000710600000| PB 0x0000000710600000| Untracked |  0
|  85|0x0000000710800000, 0x0000000710800000, 0x0000000710a00000|  0%| F|  |TAMS 0x0000000710800000| PB 0x0000000710800000| Untracked |  0
|  86|0x0000000710a00000, 0x0000000710a00000, 0x0000000710c00000|  0%| F|  |TAMS 0x0000000710a00000| PB 0x0000000710a00000| Untracked |  0
|  87|0x0000000710c00000, 0x0000000710c00000, 0x0000000710e00000|  0%| F|  |TAMS 0x0000000710c00000| PB 0x0000000710c00000| Untracked |  0
|  88|0x0000000710e00000, 0x0000000710e00000, 0x0000000711000000|  0%| F|  |TAMS 0x0000000710e00000| PB 0x0000000710e00000| Untracked |  0
|  89|0x0000000711000000, 0x0000000711000000, 0x0000000711200000|  0%| F|  |TAMS 0x0000000711000000| PB 0x0000000711000000| Untracked |  0
|  90|0x0000000711200000, 0x0000000711200000, 0x0000000711400000|  0%| F|  |TAMS 0x0000000711200000| PB 0x0000000711200000| Untracked |  0
|  91|0x0000000711400000, 0x0000000711400000, 0x0000000711600000|  0%| F|  |TAMS 0x0000000711400000| PB 0x0000000711400000| Untracked |  0
|  92|0x0000000711600000, 0x0000000711600000, 0x0000000711800000|  0%| F|  |TAMS 0x0000000711600000| PB 0x0000000711600000| Untracked |  0
|  93|0x0000000711800000, 0x0000000711800000, 0x0000000711a00000|  0%| F|  |TAMS 0x0000000711800000| PB 0x0000000711800000| Untracked |  0
|  94|0x0000000711a00000, 0x0000000711a00000, 0x0000000711c00000|  0%| F|  |TAMS 0x0000000711a00000| PB 0x0000000711a00000| Untracked |  0
|  95|0x0000000711c00000, 0x0000000711c00000, 0x0000000711e00000|  0%| F|  |TAMS 0x0000000711c00000| PB 0x0000000711c00000| Untracked |  0
|  96|0x0000000711e00000, 0x0000000711e00000, 0x0000000712000000|  0%| F|  |TAMS 0x0000000711e00000| PB 0x0000000711e00000| Untracked |  0
|  97|0x0000000712000000, 0x0000000712000000, 0x0000000712200000|  0%| F|  |TAMS 0x0000000712000000| PB 0x0000000712000000| Untracked |  0
|  98|0x0000000712200000, 0x0000000712200000, 0x0000000712400000|  0%| F|  |TAMS 0x0000000712200000| PB 0x0000000712200000| Untracked |  0
|  99|0x0000000712400000, 0x0000000712400000, 0x0000000712600000|  0%| F|  |TAMS 0x0000000712400000| PB 0x0000000712400000| Untracked |  0
| 100|0x0000000712600000, 0x0000000712600000, 0x0000000712800000|  0%| F|  |TAMS 0x0000000712600000| PB 0x0000000712600000| Untracked |  0
| 101|0x0000000712800000, 0x0000000712800000, 0x0000000712a00000|  0%| F|  |TAMS 0x0000000712800000| PB 0x0000000712800000| Untracked |  0
| 102|0x0000000712a00000, 0x0000000712a00000, 0x0000000712c00000|  0%| F|  |TAMS 0x0000000712a00000| PB 0x0000000712a00000| Untracked |  0
| 103|0x0000000712c00000, 0x0000000712c00000, 0x0000000712e00000|  0%| F|  |TAMS 0x0000000712c00000| PB 0x0000000712c00000| Untracked |  0
| 104|0x0000000712e00000, 0x0000000712e00000, 0x0000000713000000|  0%| F|  |TAMS 0x0000000712e00000| PB 0x0000000712e00000| Untracked |  0
| 105|0x0000000713000000, 0x0000000713000000, 0x0000000713200000|  0%| F|  |TAMS 0x0000000713000000| PB 0x0000000713000000| Untracked |  0
| 106|0x0000000713200000, 0x0000000713200000, 0x0000000713400000|  0%| F|  |TAMS 0x0000000713200000| PB 0x0000000713200000| Untracked |  0
| 107|0x0000000713400000, 0x0000000713400000, 0x0000000713600000|  0%| F|  |TAMS 0x0000000713400000| PB 0x0000000713400000| Untracked |  0
| 108|0x0000000713600000, 0x0000000713600000, 0x0000000713800000|  0%| F|  |TAMS 0x0000000713600000| PB 0x0000000713600000| Untracked |  0
| 109|0x0000000713800000, 0x0000000713800000, 0x0000000713a00000|  0%| F|  |TAMS 0x0000000713800000| PB 0x0000000713800000| Untracked |  0
| 110|0x0000000713a00000, 0x0000000713a00000, 0x0000000713c00000|  0%| F|  |TAMS 0x0000000713a00000| PB 0x0000000713a00000| Untracked |  0
| 111|0x0000000713c00000, 0x0000000713c00000, 0x0000000713e00000|  0%| F|  |TAMS 0x0000000713c00000| PB 0x0000000713c00000| Untracked |  0
| 112|0x0000000713e00000, 0x0000000714000000, 0x0000000714000000|100%| E|  |TAMS 0x0000000713e00000| PB 0x0000000713e00000| Complete |  0
| 113|0x0000000714000000, 0x0000000714200000, 0x0000000714200000|100%| E|CS|TAMS 0x0000000714000000| PB 0x0000000714000000| Complete |  0
| 114|0x0000000714200000, 0x0000000714400000, 0x0000000714400000|100%| E|CS|TAMS 0x0000000714200000| PB 0x0000000714200000| Complete |  0
| 115|0x0000000714400000, 0x0000000714600000, 0x0000000714600000|100%| E|CS|TAMS 0x0000000714400000| PB 0x0000000714400000| Complete |  0
| 116|0x0000000714600000, 0x0000000714800000, 0x0000000714800000|100%| E|CS|TAMS 0x0000000714600000| PB 0x0000000714600000| Complete |  0
| 117|0x0000000714800000, 0x0000000714a00000, 0x0000000714a00000|100%| E|CS|TAMS 0x0000000714800000| PB 0x0000000714800000| Complete |  0
| 118|0x0000000714a00000, 0x0000000714c00000, 0x0000000714c00000|100%| E|CS|TAMS 0x0000000714a00000| PB 0x0000000714a00000| Complete |  0
| 119|0x0000000714c00000, 0x0000000714e00000, 0x0000000714e00000|100%| E|CS|TAMS 0x0000000714c00000| PB 0x0000000714c00000| Complete |  0
| 120|0x0000000714e00000, 0x0000000715000000, 0x0000000715000000|100%| E|CS|TAMS 0x0000000714e00000| PB 0x0000000714e00000| Complete |  0
| 121|0x0000000715000000, 0x0000000715200000, 0x0000000715200000|100%| E|CS|TAMS 0x0000000715000000| PB 0x0000000715000000| Complete |  0
| 122|0x0000000715200000, 0x0000000715400000, 0x0000000715400000|100%| E|CS|TAMS 0x0000000715200000| PB 0x0000000715200000| Complete |  0
| 123|0x0000000715400000, 0x0000000715600000, 0x0000000715600000|100%| E|CS|TAMS 0x0000000715400000| PB 0x0000000715400000| Complete |  0
| 124|0x0000000715600000, 0x0000000715800000, 0x0000000715800000|100%| E|CS|TAMS 0x0000000715600000| PB 0x0000000715600000| Complete |  0
| 125|0x0000000715800000, 0x0000000715a00000, 0x0000000715a00000|100%| E|CS|TAMS 0x0000000715800000| PB 0x0000000715800000| Complete |  0
|2000|0x00000007ffe00000, 0x00000007fff1c318, 0x0000000800000000| 55%| O|  |TAMS 0x00000007ffe00000| PB 0x00000007ffe00000| Untracked |  0

Card table byte_map: [0x0000017436fb0000,0x0000017437790000] _byte_map_base: 0x0000017433781000

Marking Bits: (CMBitMap*) 0x000001741e491de0
 Bits: [0x0000017437790000, 0x000001743b618000)

Polling page: 0x000001741c410000

Metaspace:

Usage:
  Non-class:      9.89 MB used.
      Class:      1.06 MB used.
       Both:     10.95 MB used.

Virtual space:
  Non-class space:       64.00 MB reserved,      10.00 MB ( 16%) committed,  1 nodes.
      Class space:        1.00 GB reserved,       1.12 MB ( <1%) committed,  1 nodes.
             Both:        1.06 GB reserved,      11.12 MB (  1%) committed. 

Chunk freelists:
   Non-Class:  6.06 MB
       Class:  14.75 MB
        Both:  20.81 MB

MaxMetaspaceSize: unlimited
CompressedClassSpaceSize: 1.00 GB
Initial GC threshold: 21.00 MB
Current GC threshold: 21.00 MB
CDS: on
 - commit_granule_bytes: 65536.
 - commit_granule_words: 8192.
 - virtual_space_node_default_size: 8388608.
 - enlarge_chunks_in_place: 1.
UseCompressedClassPointers 1, UseCompactObjectHeaders 0
Narrow klass pointer bits 32, Max shift 3
Narrow klass base: 0x000001743f000000, Narrow klass shift: 0
Encoding Range: [0x000001743f000000 - 0x000001753f000000), (4294967296 bytes)
Klass Range:    [0x000001743f000000 - 0x0000017480000000), (1090519040 bytes)
Klass ID Range:  [8 - 1090519033) (1090519025)


Internal statistics:

num_allocs_failed_limit: 0.
num_arena_births: 112.
num_arena_deaths: 0.
num_vsnodes_births: 2.
num_vsnodes_deaths: 0.
num_space_committed: 178.
num_space_uncommitted: 0.
num_chunks_returned_to_freelist: 0.
num_chunks_taken_from_freelist: 157.
num_chunk_merges: 0.
num_chunk_splits: 97.
num_chunks_enlarged: 55.
num_inconsistent_stats: 0.

CodeHeap 'non-profiled nmethods': size=119232Kb used=493Kb max_used=493Kb free=118738Kb
 bounds [0x000001742eac0000, 0x000001742ed30000, 0x0000017435f30000]
CodeHeap 'profiled nmethods': size=119104Kb used=2937Kb max_used=2937Kb free=116166Kb
 bounds [0x0000017426f30000, 0x0000017427210000, 0x000001742e380000]
CodeHeap 'non-nmethods': size=7424Kb used=1520Kb max_used=3289Kb free=5903Kb
 bounds [0x000001742e380000, 0x000001742e6c0000, 0x000001742eac0000]
CodeCache: size=245760Kb, used=4950Kb, max_used=6719Kb, free=240807Kb
 total_blobs=2624, nmethods=1929, adapters=600, full_count=0
Compilation: enabled, stopped_count=0, restarted_count=0

Compilation events (20 events):
Event: 2584.825 Thread 0x000001743e603a30 1919       3       java.awt.geom.AffineTransform::setToScale (66 bytes)
Event: 2584.825 Thread 0x000001743e603a30 nmethod 1919 0x000001742720b088 code [0x000001742720b1c0, 0x000001742720b3f8]
Event: 2584.826 Thread 0x000001743e603a30 1920       3       sun.awt.Win32GraphicsConfig::getDefaultTransform (24 bytes)
Event: 2584.826 Thread 0x000001743e603a30 nmethod 1920 0x000001742720b408 code [0x000001742720b520, 0x000001742720b798]
Event: 11152.802 Thread 0x000001743e603a30 1921       3       java.lang.ref.ReferenceQueue::poll0 (65 bytes)
Event: 11152.807 Thread 0x000001743e603a30 nmethod 1921 0x000001742720b808 code [0x000001742720b940, 0x000001742720be20]
Event: 18953.626 Thread 0x000001743e603a30 1925       3       java.lang.ref.ReferenceQueue::remove0 (67 bytes)
Event: 18953.631 Thread 0x000001743e603a30 nmethod 1925 0x000001742720be88 code [0x000001742720c000, 0x000001742720c460]
Event: 18953.631 Thread 0x000001743e603a30 1922  s    3       jdk.internal.ref.CleanerImpl$CleanableList::isEmpty (16 bytes)
Event: 18953.632 Thread 0x000001743e603a30 nmethod 1922 0x000001742720c488 code [0x000001742720c5a0, 0x000001742720c850]
Event: 18953.632 Thread 0x000001743e603a30 1923       3       jdk.internal.misc.InnocuousThread::eraseThreadLocals (23 bytes)
Event: 18953.634 Thread 0x000001743e603a30 nmethod 1923 0x000001742720c888 code [0x000001742720c9a0, 0x000001742720cb90]
Event: 18953.634 Thread 0x000001743e603a30 1924   !   3       java.lang.ref.ReferenceQueue::remove (49 bytes)
Event: 18953.637 Thread 0x000001743e603a30 nmethod 1924 0x000001742720cc08 code [0x000001742720cda0, 0x000001742720d750]
Event: 22912.913 Thread 0x000001743e603a30 1926       3       java.util.WeakHashMap::getTable (9 bytes)
Event: 22912.918 Thread 0x000001743e603a30 nmethod 1926 0x000001742720d788 code [0x000001742720d8a0, 0x000001742720d9f0]
Event: 22912.920 Thread 0x000001743da3ba40 1928       4       java.util.HashMap$HashIterator::hasNext (13 bytes)
Event: 22912.921 Thread 0x000001743e603a30 1927   !   3       java.awt.Toolkit::setDesktopProperty (81 bytes)
Event: 22912.928 Thread 0x000001743da3ba40 nmethod 1928 0x000001742eb3ad08 code [0x000001742eb3ae00, 0x000001742eb3ae80]
Event: 22912.930 Thread 0x000001743e603a30 nmethod 1927 0x000001742720da88 code [0x000001742720dc20, 0x000001742720e530]

GC Heap History (0 events):
No events

Dll operation events (10 events):
Event: 0.010 Loaded shared library C:\Program Files\Apache NetBeans\jdk\bin\java.dll
Event: 0.040 Loaded shared library C:\Program Files\Apache NetBeans\jdk\bin\jsvml.dll
Event: 0.069 Loaded shared library C:\Program Files\Apache NetBeans\jdk\bin\net.dll
Event: 0.071 Loaded shared library C:\Program Files\Apache NetBeans\jdk\bin\nio.dll
Event: 0.099 Loaded shared library C:\Program Files\Apache NetBeans\jdk\bin\zip.dll
Event: 0.103 Loaded shared library C:\Program Files\Apache NetBeans\jdk\bin\jimage.dll
Event: 0.113 Loaded shared library C:\Program Files\Apache NetBeans\jdk\bin\awt.dll
Event: 0.323 Loaded shared library C:\Program Files\Apache NetBeans\jdk\bin\verify.dll
Event: 0.416 Loaded shared library C:\Program Files\Apache NetBeans\jdk\bin\freetype.dll
Event: 0.417 Loaded shared library C:\Program Files\Apache NetBeans\jdk\bin\fontmanager.dll

Deoptimization events (20 events):
Event: 0.949 Thread 0x00000174844edf20 Uncommon trap: trap_request=0xffffff4d fr.pc=0x000001742eb2aabc relative=0x00000000000003dc
Event: 0.949 Thread 0x00000174844edf20 Uncommon trap: reason=unstable_if action=reinterpret pc=0x000001742eb2aabc method=java.lang.Character.isSurrogate(C)Z @ 3 c2
Event: 0.949 Thread 0x00000174844edf20 DEOPT PACKING pc=0x000001742eb2aabc sp=0x00000042dfbfd3e0
Event: 0.949 Thread 0x00000174844edf20 DEOPT UNPACKING pc=0x000001742e496302 sp=0x00000042dfbfd2f8 mode 2
Event: 0.949 Thread 0x00000174844edf20 Uncommon trap: trap_request=0xffffff4d fr.pc=0x000001742eb291c4 relative=0x0000000000000044
Event: 0.949 Thread 0x00000174844edf20 Uncommon trap: reason=unstable_if action=reinterpret pc=0x000001742eb291c4 method=java.lang.Character.isSurrogate(C)Z @ 3 c2
Event: 0.949 Thread 0x00000174844edf20 DEOPT PACKING pc=0x000001742eb291c4 sp=0x00000042dfbfd360
Event: 0.949 Thread 0x00000174844edf20 DEOPT UNPACKING pc=0x000001742e496302 sp=0x00000042dfbfd2f8 mode 2
Event: 0.984 Thread 0x00000174844edf20 Uncommon trap: trap_request=0xffffff5c fr.pc=0x000001742eb2518c relative=0x000000000000008c
Event: 0.984 Thread 0x00000174844edf20 Uncommon trap: reason=speculate_null_check action=make_not_entrant pc=0x000001742eb2518c method=jdk.internal.misc.Unsafe.getIntUnaligned(Ljava/lang/Object;JZ)I @ 5 c2
Event: 0.984 Thread 0x00000174844edf20 DEOPT PACKING pc=0x000001742eb2518c sp=0x00000042dfbfd560
Event: 0.984 Thread 0x00000174844edf20 DEOPT UNPACKING pc=0x000001742e496302 sp=0x00000042dfbfd3c0 mode 2
Event: 0.984 Thread 0x00000174844edf20 Uncommon trap: trap_request=0xffffff5c fr.pc=0x000001742eb218e0 relative=0x0000000000000060
Event: 0.984 Thread 0x00000174844edf20 Uncommon trap: reason=speculate_null_check action=make_not_entrant pc=0x000001742eb218e0 method=jdk.internal.misc.Unsafe.getIntUnaligned(Ljava/lang/Object;JZ)I @ 5 c2
Event: 0.984 Thread 0x00000174844edf20 DEOPT PACKING pc=0x000001742eb218e0 sp=0x00000042dfbfd460
Event: 0.984 Thread 0x00000174844edf20 DEOPT UNPACKING pc=0x000001742e496302 sp=0x00000042dfbfd3b8 mode 2
Event: 0.994 Thread 0x00000174844edf20 Uncommon trap: trap_request=0xffffff4d fr.pc=0x000001742eb28bc8 relative=0x0000000000000128
Event: 0.994 Thread 0x00000174844edf20 Uncommon trap: reason=unstable_if action=reinterpret pc=0x000001742eb28bc8 method=java.lang.ThreadLocal$ThreadLocalMap.getEntry(Ljava/lang/ThreadLocal;)Ljava/lang/ThreadLocal$ThreadLocalMap$Entry; @ 21 c2
Event: 0.994 Thread 0x00000174844edf20 DEOPT PACKING pc=0x000001742eb28bc8 sp=0x00000042dfbfdbf0
Event: 0.994 Thread 0x00000174844edf20 DEOPT UNPACKING pc=0x000001742e496302 sp=0x00000042dfbfdb10 mode 2

Classes loaded (20 events):
Event: 2.388 Loading class java/awt/event/MouseEvent$1
Event: 2.388 Loading class sun/awt/AWTAccessor$MouseEventAccessor
Event: 2.388 Loading class sun/awt/AWTAccessor$MouseEventAccessor done
Event: 2.388 Loading class java/awt/event/MouseEvent$1 done
Event: 2.390 Loading class java/awt/Cursor$CursorDisposer
Event: 2.390 Loading class java/awt/Cursor$CursorDisposer done
Event: 2.390 Loading class java/awt/Container$MouseEventTargetFilter
Event: 2.390 Loading class java/awt/Container$EventTargetFilter
Event: 2.390 Loading class java/awt/Container$EventTargetFilter done
Event: 2.390 Loading class java/awt/Container$MouseEventTargetFilter done
Event: 2.390 Loading class java/awt/event/MouseWheelEvent
Event: 2.390 Loading class java/awt/event/MouseWheelEvent done
Event: 4.630 Loading class sun/awt/SunToolkit$1
Event: 4.631 Loading class sun/awt/SunToolkit$1 done
Event: 2584.823 Loading class java/util/WeakHashMap$KeyIterator
Event: 2584.823 Loading class java/util/WeakHashMap$HashIterator
Event: 2584.823 Loading class java/util/WeakHashMap$HashIterator done
Event: 2584.823 Loading class java/util/WeakHashMap$KeyIterator done
Event: 2584.824 Loading class javax/swing/RepaintManager$DisplayChangedRunnable
Event: 2584.824 Loading class javax/swing/RepaintManager$DisplayChangedRunnable done

Classes unloaded (0 events):
No events

Classes redefined (0 events):
No events

Internal exceptions (20 events):
Event: 0.192 Thread 0x000001741bfdfb80 Exception <a 'java/lang/NoSuchMethodError'{0x00000007154709b8}: 'java.lang.Object java.lang.invoke.DirectMethodHandle$Holder.invokeStaticInit(java.lang.Object, long)'> (0x00000007154709b8) 
thrown [s\src\hotspot\share\interpreter\linkResolver.cpp, line 805]
Event: 0.219 Thread 0x000001741bfdfb80 Exception <a 'java/lang/NoSuchMethodError'{0x00000007154a0d48}: 'void java.lang.invoke.DirectMethodHandle$Holder.invokeSpecial(java.lang.Object, java.lang.Object, java.lang.Object)'> (0x00000007154a0d48) 
thrown [s\src\hotspot\share\interpreter\linkResolver.cpp, line 805]
Event: 0.235 Thread 0x000001741bfdfb80 Exception <a 'java/lang/NoSuchMethodError'{0x000000071521d648}: 'java.lang.Object java.lang.invoke.DirectMethodHandle$Holder.newInvokeSpecial(java.lang.Object, java.lang.Object, java.lang.Object, java.lang.Object, java.lang.Object)'> (0x000000071521d648) 
thrown [s\src\hotspot\share\interpreter\linkResolver.cpp, line 805]
Event: 0.245 Thread 0x000001741bfdfb80 Exception <a 'java/lang/NoSuchMethodError'{0x0000000715285790}: 'java.lang.Object java.lang.invoke.DirectMethodHandle$Holder.invokeStatic(java.lang.Object, int, java.lang.Object)'> (0x0000000715285790) 
thrown [s\src\hotspot\share\interpreter\linkResolver.cpp, line 805]
Event: 0.283 Thread 0x000001741bfdfb80 Exception <a 'java/lang/ClassNotFoundException'{0x00000007150b2e88}: com/sun/swing/internal/plaf/metal/resources/spi/metalProvider> (0x00000007150b2e88) 
thrown [s\src\hotspot\share\classfile\systemDictionary.cpp, line 327]
Event: 0.283 Thread 0x000001741bfdfb80 Exception <a 'java/lang/ClassNotFoundException'{0x00000007150b6898}: com/sun/swing/internal/plaf/basic/resources/spi/basicProvider> (0x00000007150b6898) 
thrown [s\src\hotspot\share\classfile\systemDictionary.cpp, line 327]
Event: 0.296 Thread 0x000001741bfdfb80 Exception <a 'java/lang/NoSuchMethodError'{0x00000007150e4350}: 'int java.lang.invoke.Invokers$Holder.invokeExact_MT(java.lang.Object, java.lang.Object)'> (0x00000007150e4350) 
thrown [s\src\hotspot\share\interpreter\linkResolver.cpp, line 805]
Event: 0.426 Thread 0x000001741bfdfb80 Exception <a 'java/lang/NoSuchMethodError'{0x0000000714fad900}: 'long java.lang.invoke.DirectMethodHandle$Holder.invokeStaticInit(java.lang.Object, long, long, long, long)'> (0x0000000714fad900) 
thrown [s\src\hotspot\share\interpreter\linkResolver.cpp, line 805]
Event: 0.427 Thread 0x000001741bfdfb80 Exception <a 'java/lang/NoSuchMethodError'{0x0000000714fb6308}: 'java.lang.Object java.lang.invoke.DirectMethodHandle$Holder.invokeInterface(java.lang.Object, java.lang.Object, long, long)'> (0x0000000714fb6308) 
thrown [s\src\hotspot\share\interpreter\linkResolver.cpp, line 805]
Event: 0.428 Thread 0x000001741bfdfb80 Exception <a 'java/lang/NoSuchMethodError'{0x0000000714fceac8}: 'void java.lang.invoke.DirectMethodHandle$Holder.invokeStaticInit(java.lang.Object, java.lang.Object, long, java.lang.Object)'> (0x0000000714fceac8) 
thrown [s\src\hotspot\share\interpreter\linkResolver.cpp, line 805]
Event: 0.429 Thread 0x000001741bfdfb80 Exception <a 'java/lang/NoSuchMethodError'{0x0000000714fd76b0}: 'long java.lang.invoke.DirectMethodHandle$Holder.invokeStatic(java.lang.Object, long, long)'> (0x0000000714fd76b0) 
thrown [s\src\hotspot\share\interpreter\linkResolver.cpp, line 805]
Event: 0.434 Thread 0x000001741bfdfb80 Exception <a 'java/lang/NoSuchMethodError'{0x0000000714c06f90}: 'java.lang.Object java.lang.invoke.DirectMethodHandle$Holder.newInvokeSpecial(java.lang.Object, int, java.lang.Object)'> (0x0000000714c06f90) 
thrown [s\src\hotspot\share\interpreter\linkResolver.cpp, line 805]
Event: 0.471 Thread 0x000001741bfdfb80 Exception <a 'java/lang/NoSuchMethodError'{0x0000000714c7a6a8}: 'void java.lang.invoke.DelegatingMethodHandle$Holder.reinvoke_L(java.lang.Object, java.lang.Object, java.lang.Object, java.lang.Object, long, long, float)'> (0x0000000714c7a6a8) 
thrown [s\src\hotspot\share\interpreter\linkResolver.cpp, line 805]
Event: 0.474 Thread 0x000001741bfdfb80 Exception <a 'java/lang/NoSuchMethodError'{0x0000000714c9acf8}: 'java.lang.Object java.lang.invoke.DirectMethodHandle$Holder.invokeStatic(java.lang.Object, java.lang.Object, java.lang.Object, java.lang.Object, java.lang.Object, long)'> (0x0000000714c9acf8) 
thrown [s\src\hotspot\share\interpreter\linkResolver.cpp, line 805]
Event: 0.480 Thread 0x000001741bfdfb80 Exception <a 'java/lang/NoSuchMethodError'{0x0000000714cde458}: 'float java.lang.invoke.DelegatingMethodHandle$Holder.reinvoke_L(java.lang.Object, java.lang.Object, java.lang.Object, java.lang.Object, long, long)'> (0x0000000714cde458) 
thrown [s\src\hotspot\share\interpreter\linkResolver.cpp, line 805]
Event: 0.633 Thread 0x00000174840afac0 Exception <a 'java/lang/NoSuchMethodError'{0x0000000715505c08}: 'void java.lang.invoke.DirectMethodHandle$Holder.invokeVirtual(java.lang.Object, java.lang.Object)'> (0x0000000715505c08) 
thrown [s\src\hotspot\share\interpreter\linkResolver.cpp, line 805]
Event: 0.649 Thread 0x000001741bfdfb80 Exception <a 'java/lang/NoSuchMethodError'{0x0000000714868478}: 'void java.lang.invoke.DirectMethodHandle$Holder.invokeStaticInit(java.lang.Object)'> (0x0000000714868478) 
thrown [s\src\hotspot\share\interpreter\linkResolver.cpp, line 805]
Event: 0.749 Thread 0x00000174844edf20 Exception <a 'java/io/FileNotFoundException'{0x00000007146581f0}> (0x00000007146581f0) 
thrown [s\src\hotspot\share\prims\jni.cpp, line 518]
Event: 0.755 Thread 0x00000174844edf20 Exception <a 'java/io/FileNotFoundException'{0x0000000714671d38}> (0x0000000714671d38) 
thrown [s\src\hotspot\share\prims\jni.cpp, line 518]
Event: 0.994 Thread 0x00000174844edf20 Implicit null exception at 0x000001742eb28af5 to 0x000001742eb28ba8

VM Operations (20 events):
Event: 0.625 Executing VM operation: HandshakeAllThreads (Deoptimize)
Event: 0.625 Executing VM operation: HandshakeAllThreads (Deoptimize) done
Event: 0.636 Executing VM operation: HandshakeAllThreads (Deoptimize)
Event: 0.636 Executing VM operation: HandshakeAllThreads (Deoptimize) done
Event: 0.705 Executing VM operation: HandshakeAllThreads (Deoptimize)
Event: 0.705 Executing VM operation: HandshakeAllThreads (Deoptimize) done
Event: 0.707 Executing VM operation: HandshakeAllThreads (Deoptimize)
Event: 0.707 Executing VM operation: HandshakeAllThreads (Deoptimize) done
Event: 60.238 Executing VM operation: HandshakeAllThreads (HandshakeForDeflation)
Event: 60.238 Executing VM operation: HandshakeAllThreads (HandshakeForDeflation) done
Event: 60.238 Executing VM operation: RendezvousGCThreads
Event: 60.238 Executing VM operation: RendezvousGCThreads done
Event: 2629.067 Executing VM operation: HandshakeAllThreads (HandshakeForDeflation)
Event: 2629.067 Executing VM operation: HandshakeAllThreads (HandshakeForDeflation) done
Event: 2629.067 Executing VM operation: RendezvousGCThreads
Event: 2629.067 Executing VM operation: RendezvousGCThreads done
Event: 8710.740 Executing VM operation: HandshakeAllThreads (HandshakeForDeflation)
Event: 8710.741 Executing VM operation: HandshakeAllThreads (HandshakeForDeflation) done
Event: 8710.741 Executing VM operation: RendezvousGCThreads
Event: 8710.741 Executing VM operation: RendezvousGCThreads done

Memory protections (0 events):
No events

Nmethod flushes (0 events):
No events

Events (20 events):
Event: 0.076 Thread 0x000001743e603a30 Thread added: 0x000001743e702420
Event: 0.077 Thread 0x000001743e702420 Thread added: 0x000001743e71f030
Event: 0.077 Thread 0x000001743e71f030 Thread added: 0x000001743e71f7c0
Event: 0.086 Thread 0x000001741bfdfb80 Thread added: 0x000001743e7a9d50
Event: 0.089 Thread 0x000001743e702420 Thread added: 0x000001743e7ab0b0
Event: 0.167 Thread 0x000001741bfdfb80 Thread added: 0x0000017484321f90
Event: 0.168 Thread 0x000001741bfdfb80 Thread added: 0x00000174843226d0
Event: 0.168 Thread 0x000001741bfdfb80 Thread added: 0x00000174840afac0
Event: 0.400 Thread 0x000001743da3ba40 Thread added: 0x00000174845042d0
Event: 0.488 Thread 0x000001741bfdfb80 Thread added: 0x00000174844edf20
Event: 0.607 Thread 0x000001741bfdfb80 Thread added: 0x000001748469fdc0
Event: 0.711 Thread 0x000001741bfdfb80 Thread exited: 0x000001741bfdfb80
Event: 0.711 Thread 0x000001741bfdfb80 Thread added: 0x000001741bfdfb80
Event: 1.050 Thread 0x00000174844edf20 Thread added: 0x0000017484753200
Event: 1.551 Thread 0x00000174845042d0 Thread exited: 0x00000174845042d0
Event: 1.551 Thread 0x000001743e7ab0b0 Thread exited: 0x000001743e7ab0b0
Event: 2.053 Thread 0x000001743e71f7c0 Thread exited: 0x000001743e71f7c0
Event: 2.553 Thread 0x000001743e71f030 Thread exited: 0x000001743e71f030
Event: 4.558 Thread 0x000001743e702420 Thread exited: 0x000001743e702420
Event: 5.615 Thread 0x000001748469fdc0 Thread exited: 0x000001748469fdc0


Dynamic libraries:
0x00007ff635500000 - 0x00007ff63550e000 	C:\Program Files\Apache NetBeans\jdk\bin\java.exe
0x00007ff9d5f00000 - 0x00007ff9d6169000 	C:\WINDOWS\SYSTEM32\ntdll.dll
0x00007ff9d5090000 - 0x00007ff9d5159000 	C:\WINDOWS\System32\KERNEL32.DLL
0x00007ff9d3370000 - 0x00007ff9d3763000 	C:\WINDOWS\System32\KERNELBASE.dll
0x00007ff9d3ad0000 - 0x00007ff9d3c1b000 	C:\WINDOWS\System32\ucrtbase.dll
0x00007ff9a0910000 - 0x00007ff9a0926000 	C:\Program Files\Apache NetBeans\jdk\bin\jli.dll
0x00007ff9aca80000 - 0x00007ff9aca9e000 	C:\Program Files\Apache NetBeans\jdk\bin\VCRUNTIME140.dll
0x00007ff9d4690000 - 0x00007ff9d4854000 	C:\WINDOWS\System32\USER32.dll
0x00007ff9d32b0000 - 0x00007ff9d32d7000 	C:\WINDOWS\System32\win32u.dll
0x00007ff9d55f0000 - 0x00007ff9d561b000 	C:\WINDOWS\System32\GDI32.dll
0x00007ff9b99e0000 - 0x00007ff9b9c73000 	C:\WINDOWS\WinSxS\amd64_microsoft.windows.common-controls_6595b64144ccf1df_6.0.26100.5074_none_3e0d6f78e32fd63f\COMCTL32.dll
0x00007ff9d3770000 - 0x00007ff9d389d000 	C:\WINDOWS\System32\gdi32full.dll
0x00007ff9d5e10000 - 0x00007ff9d5eb9000 	C:\WINDOWS\System32\msvcrt.dll
0x00007ff9d3c20000 - 0x00007ff9d3cc3000 	C:\WINDOWS\System32\msvcp_win.dll
0x00007ff9d4600000 - 0x00007ff9d462f000 	C:\WINDOWS\System32\IMM32.DLL
0x00007ff9ac280000 - 0x00007ff9ac28c000 	C:\Program Files\Apache NetBeans\jdk\bin\vcruntime140_1.dll
0x00007ff995080000 - 0x00007ff99510d000 	C:\Program Files\Apache NetBeans\jdk\bin\msvcp140.dll
0x00007ff8dde30000 - 0x00007ff8decac000 	C:\Program Files\Apache NetBeans\jdk\bin\server\jvm.dll
0x00007ff9d4860000 - 0x00007ff9d4914000 	C:\WINDOWS\System32\ADVAPI32.dll
0x00007ff9d5b00000 - 0x00007ff9d5ba6000 	C:\WINDOWS\System32\sechost.dll
0x00007ff9d5840000 - 0x00007ff9d5958000 	C:\WINDOWS\System32\RPCRT4.dll
0x00007ff9d5620000 - 0x00007ff9d5694000 	C:\WINDOWS\System32\WS2_32.dll
0x00007ff9d1ca0000 - 0x00007ff9d1cfe000 	C:\WINDOWS\SYSTEM32\POWRPROF.dll
0x00007ff9c8120000 - 0x00007ff9c8155000 	C:\WINDOWS\SYSTEM32\WINMM.dll
0x00007ff9cba50000 - 0x00007ff9cba5b000 	C:\WINDOWS\SYSTEM32\VERSION.dll
0x00007ff9d1c80000 - 0x00007ff9d1c94000 	C:\WINDOWS\SYSTEM32\UMPDC.dll
0x00007ff9d1f90000 - 0x00007ff9d1fab000 	C:\WINDOWS\SYSTEM32\kernel.appcore.dll
0x00007ff9ac270000 - 0x00007ff9ac27a000 	C:\Program Files\Apache NetBeans\jdk\bin\jimage.dll
0x00007ff9d08c0000 - 0x00007ff9d0b02000 	C:\WINDOWS\SYSTEM32\DBGHELP.DLL
0x00007ff9d4920000 - 0x00007ff9d4c9b000 	C:\WINDOWS\System32\combase.dll
0x00007ff9d4f10000 - 0x00007ff9d4fe7000 	C:\WINDOWS\System32\OLEAUT32.dll
0x00007ff9a1490000 - 0x00007ff9a14cd000 	C:\WINDOWS\SYSTEM32\dbgcore.DLL
0x00007ff9d3090000 - 0x00007ff9d3129000 	C:\WINDOWS\System32\bcryptPrimitives.dll
0x00007ff9a1d60000 - 0x00007ff9a1d7e000 	C:\Program Files\Apache NetBeans\jdk\bin\java.dll
0x00007ff9d56a0000 - 0x00007ff9d5838000 	C:\WINDOWS\System32\ole32.dll
0x00007ff9d3e30000 - 0x00007ff9d457d000 	C:\WINDOWS\System32\SHELL32.dll
0x00007ff9d38a0000 - 0x00007ff9d3a0c000 	C:\WINDOWS\System32\wintypes.dll
0x00007ff9d0cd0000 - 0x00007ff9d1529000 	C:\WINDOWS\SYSTEM32\windows.storage.dll
0x00007ff9d5960000 - 0x00007ff9d5a50000 	C:\WINDOWS\System32\SHCORE.dll
0x00007ff9d5bb0000 - 0x00007ff9d5c12000 	C:\WINDOWS\System32\shlwapi.dll
0x00007ff9d2fb0000 - 0x00007ff9d2fd9000 	C:\WINDOWS\SYSTEM32\profapi.dll
0x00007ff9433d0000 - 0x00007ff9434a7000 	C:\Program Files\Apache NetBeans\jdk\bin\jsvml.dll
0x00007ff9a1d50000 - 0x00007ff9a1d60000 	C:\Program Files\Apache NetBeans\jdk\bin\net.dll
0x00007ff9d2510000 - 0x00007ff9d257b000 	C:\WINDOWS\system32\mswsock.dll
0x00007ff99d250000 - 0x00007ff99d266000 	C:\Program Files\Apache NetBeans\jdk\bin\nio.dll
0x00007ff99e060000 - 0x00007ff99e077000 	C:\Program Files\Apache NetBeans\jdk\bin\zip.dll
0x00007ff92b200000 - 0x00007ff92b37e000 	C:\Program Files\Apache NetBeans\jdk\bin\awt.dll
0x00007ff9cf950000 - 0x00007ff9cf9ee000 	C:\WINDOWS\SYSTEM32\apphelp.dll
0x00007ff9cfb20000 - 0x00007ff9cfb4b000 	C:\WINDOWS\system32\DWMAPI.DLL
0x00007ff9cfa70000 - 0x00007ff9cfb18000 	C:\WINDOWS\system32\uxtheme.dll
0x00007ff92add0000 - 0x00007ff92aedc000 	C:\WINDOWS\system32\opengl32.dll
0x00007ff92ad80000 - 0x00007ff92adad000 	C:\WINDOWS\SYSTEM32\GLU32.dll
0x00007ff9d0130000 - 0x00007ff9d0174000 	C:\WINDOWS\SYSTEM32\dxcore.dll
0x00007ff9d3cd0000 - 0x00007ff9d3e28000 	C:\WINDOWS\System32\MSCTF.dll
0x00007ff9a0bd0000 - 0x00007ff9a0be0000 	C:\Program Files\Apache NetBeans\jdk\bin\verify.dll
0x00007ff988140000 - 0x00007ff9881c7000 	C:\Program Files\Apache NetBeans\jdk\bin\freetype.dll
0x00007ff938a40000 - 0x00007ff938b29000 	C:\Program Files\Apache NetBeans\jdk\bin\fontmanager.dll
0x00007ff9d5c20000 - 0x00007ff9d5cd1000 	C:\WINDOWS\System32\clbcatq.dll
0x00007ff9cde30000 - 0x00007ff9ce05f000 	C:\WINDOWS\SYSTEM32\WindowsCodecs.dll
0x00007ff99eca0000 - 0x00007ff99ecfa000 	C:\WINDOWS\system32\dataexchange.dll
0x00007ff9c30f0000 - 0x00007ff9c3329000 	C:\WINDOWS\system32\twinapi.appcore.dll
0x00007ff9ca660000 - 0x00007ff9ca7a9000 	C:\WINDOWS\SYSTEM32\textinputframework.dll
0x00007ff9cf690000 - 0x00007ff9cf7b5000 	C:\WINDOWS\SYSTEM32\CoreMessaging.dll
0x00007ff9cb4d0000 - 0x00007ff9cb7b3000 	C:\WINDOWS\SYSTEM32\CoreUIComponents.dll
0x00007ff9d27d0000 - 0x00007ff9d27dc000 	C:\WINDOWS\SYSTEM32\CRYPTBASE.DLL

JVMTI agents: none

dbghelp: loaded successfully - version: 4.0.5 - missing functions: none
symbol engine: initialized successfully - sym options: 0x614 - pdb path: .;C:\Program Files\Apache NetBeans\jdk\bin;C:\WINDOWS\SYSTEM32;C:\WINDOWS\WinSxS\amd64_microsoft.windows.common-controls_6595b64144ccf1df_6.0.26100.5074_none_3e0d6f78e32fd63f;C:\Program Files\Apache NetBeans\jdk\bin\server

VM Arguments:
jvm_args: -Dfile.encoding=UTF-8 --module-path=C:\Users\Istiak\Documents\NetBeansProjects\Bank Management System\build\classes 
java_command: bank.management.system.SignupOne
java_class_path (initial): C:\Users\Istiak\Downloads\jcalendar-1.4\lib\jcalendar-1.4.jar;C:\Users\Istiak\Documents\NetBeansProjects\Bank Management System\build\classes
Launcher Type: SUN_STANDARD

[Global flags]
     intx CICompilerCount                          = 12                                        {product} {ergonomic}
     uint ConcGCThreads                            = 3                                         {product} {ergonomic}
     uint G1ConcRefinementThreads                  = 13                                        {product} {ergonomic}
   size_t G1HeapRegionSize                         = 2097152                                   {product} {ergonomic}
   size_t InitialHeapSize                          = 264241152                                 {product} {ergonomic}
   size_t MarkStackSize                            = 4194304                                   {product} {ergonomic}
   size_t MarkStackSizeMax                         = 536870912                                 {product} {ergonomic}
   size_t MaxHeapSize                              = 4196401152                                {product} {ergonomic}
   size_t MaxNewSize                               = 2516582400                                {product} {ergonomic}
   size_t MinHeapDeltaBytes                        = 2097152                                   {product} {ergonomic}
   size_t MinHeapSize                              = 8388608                                   {product} {ergonomic}
    uintx NonNMethodCodeHeapSize                   = 7602176                                {pd product} {ergonomic}
    uintx NonProfiledCodeHeapSize                  = 122093568                              {pd product} {ergonomic}
     bool PerfDisableSharedMem                     = true                                      {product} {ergonomic}
    uintx ProfiledCodeHeapSize                     = 121962496                              {pd product} {ergonomic}
    uintx ReservedCodeCacheSize                    = 251658240                              {pd product} {ergonomic}
     bool SegmentedCodeCache                       = true                                      {product} {ergonomic}
   size_t SoftMaxHeapSize                          = 4196401152                             {manageable} {ergonomic}
     bool UseCompressedOops                        = true                           {product lp64_product} {ergonomic}
     bool UseG1GC                                  = true                                      {product} {ergonomic}
     bool UseLargePagesIndividualAllocation        = false                                  {pd product} {ergonomic}

Logging:
Log output configuration:
 #0: stdout all=warning uptime,level,tags foldmultilines=false
 #1: stderr all=off uptime,level,tags foldmultilines=false

Environment Variables:
JAVA_HOME=C:\Program Files\Eclipse Adoptium\jdk-17.0.15.6-hotspot\
PATH=C:\Program Files\Eclipse Adoptium\jdk-17.0.15.6-hotspot\bin;C:\Program Files (x86)\Common Files\Oracle\Java\java8path;C:\Program Files (x86)\Common Files\Oracle\Java\javapath;C:\Program Files (x86)\Common Files\Intel\Shared Libraries\redist\intel64\compiler;C:\Windows\system32;C:\Windows;C:\Windows\System32\Wbem;C:\Windows\System32\WindowsPowerShell\v1.0\;C:\Windows\System32\OpenSSH\;C:\Program Files (x86)\NVIDIA Corporation\PhysX\Common;C:\Program Files\steghide;C:\WINDOWS\system32;C:\WINDOWS;C:\WINDOWS\System32\Wbem;C:\WINDOWS\System32\WindowsPowerShell\v1.0\;C:\WINDOWS\System32\OpenSSH\;C:\Program Files\NVIDIA Corporation\NVIDIA app\NvDLISR;C:\Program Files\Git\cmd;C:\Program Files\dotnet\;C:\Users\Istiak\AppData\Local\Programs\Python\Python39\Scripts\;C:\Users\Istiak\AppData\Local\Programs\Python\Python39\;C:\Users\Istiak\AppData\Local\Microsoft\WindowsApps;C:\Users\Istiak\AppData\Local\Programs\Microsoft VS Code\bin;C:\msys64\ucrt64\bin;C:\Users\Istiak\AppData\Local\Programs\Microsoft VS Code\bin;C:\Users\Istiak\AppData\Local\GitHubDesktop\bin
USERNAME=Istiak
OS=Windows_NT
PROCESSOR_IDENTIFIER=Intel64 Family 6 Model 154 Stepping 3, GenuineIntel
TMP=C:\Users\Istiak\AppData\Local\Temp
TEMP=C:\Users\Istiak\AppData\Local\Temp




Periodic native trim disabled

---------------  S Y S T E M  ---------------

OS:
 Windows 11 , 64 bit Build 26100 (10.0.26100.5074)
OS uptime: 2 days 15:46 hours
Hyper-V role detected

CPU: total 16 (initial active 16) (8 cores per cpu, 2 threads per core) family 6 model 154 stepping 3 microcode 0x434, cx8, cmov, fxsr, ht, mmx, 3dnowpref, sse, sse2, sse3, ssse3, sse4.1, sse4.2, popcnt, lzcnt, tsc, tscinvbit, avx, avx2, aes, erms, clmul, bmi1, bmi2, adx, sha, fma, vzeroupper, clflush, clflushopt, clwb, hv, serialize, rdtscp, rdpid, fsrm, gfni, f16c, cet_ibt, cet_ss
Processor Information for the first 16 processors :
  Max Mhz: 2500, Current Mhz: 2500, Mhz Limit: 2500

Memory: 4k page, system-wide physical 16004M (4694M free)
TotalPageFile size 36375M (AvailPageFile size 12036M)
current process WorkingSet (physical memory assigned to process): 17M, peak: 103M
current process commit charge ("private bytes"): 373M, peak: 379M

vm_info: OpenJDK 64-Bit Server VM (24.0.2+12) for windows-amd64 JRE (24.0.2+12) (Zulu24.32+13-CA), built on 2025-07-11T12:45:44Z with MS VC++ 17.1 (VS2022)

END.
