#
# A fatal error has been detected by the Java Runtime Environment:
#
#  EXCEPTION_ACCESS_VIOLATION (0xc0000005) at pc=0x00007ff92b2dad89, pid=34044, tid=24004
#
# JRE version: OpenJDK Runtime Environment Zulu24.32+13-CA (24.0.2+12) (build 24.0.2+12)
# Java VM: OpenJDK 64-Bit Server VM Zulu24.32+13-CA (24.0.2+12, mixed mode, sharing, tiered, compressed oops, compressed class ptrs, g1 gc, windows-amd64)
# Problematic frame:
# C  [awt.dll+0xdad89]
#
# No core dump will be written. Minidumps are not enabled by default on client versions of Windows
#
# If you would like to submit a bug report, please visit:
#   http://www.azul.com/support/
# The crash happened outside the Java Virtual Machine in native code.
# See problematic frame for where to report the bug.
#

---------------  S U M M A R Y ------------

Command Line: -Dfile.encoding=UTF-8 --module-path=C:\Users\Istiak\Documents\NetBeansProjects\Bank Management System\build\classes bank.management.system.SignupOne

Host: 12th Gen Intel(R) Core(TM) i5-12500H, 16 cores, 15G,  Windows 11 , 64 bit Build 26100 (10.0.26100.5074)
Time: Sat Sep 13 06:20:54 2025 Bangladesh Standard Time elapsed time: 22838.784442 seconds (0d 6h 20m 38s)

---------------  T H R E A D  ---------------

Current thread (0x000001c7c994b0b0):  JavaThread "AWT-EventQueue-0"        [_thread_in_native, id=24004, stack(0x000000ab3e600000,0x000000ab3e700000) (1024K)]

Stack: [0x000000ab3e600000,0x000000ab3e700000],  sp=0x000000ab3e6feb40,  free space=1018k
Native frames: (J=compiled Java code, j=interpreted, Vv=VM code, C=native code)
C  [awt.dll+0xdad89]  (no source info available)
C  [awt.dll+0xda148]  (no source info available)
C  0x000001c7f3bfce20  (no source info available)

The last pc belongs to native method entry point (kind = native) (printed below).
Java frames: (J=compiled Java code, j=interpreted, Vv=VM code)
j  sun.awt.Win32GraphicsConfig.getBounds(I)Ljava/awt/Rectangle;+0 java.desktop@24.0.2
j  sun.awt.Win32GraphicsConfig.getBounds()Ljava/awt/Rectangle;+8 java.desktop@24.0.2
j  sun.awt.Win32GraphicsDevice.displayChanged()V+23 java.desktop@24.0.2
j  sun.awt.Win32GraphicsEnvironment.displayChanged()V+271 java.desktop@24.0.2
j  sun.awt.windows.WToolkit.lambda$displayChanged$0()V+15 java.desktop@24.0.2
j  sun.awt.windows.WToolkit$$Lambda+0x000001c785156868.run()V+0 java.desktop@24.0.2
J 1358 c1 java.awt.event.InvocationEvent.dispatch()V java.desktop@24.0.2 (69 bytes) @ 0x000001c7ec99809c [0x000001c7ec997e80+0x000000000000021c]
J 1862 c1 java.awt.EventQueue.dispatchEventImpl(Ljava/awt/AWTEvent;Ljava/lang/Object;)V java.desktop@24.0.2 (139 bytes) @ 0x000001c7eca6611c [0x000001c7eca64820+0x00000000000018fc]
J 1880 c1 java.awt.EventQueue.dispatchEvent(Ljava/awt/AWTEvent;)V java.desktop@24.0.2 (48 bytes) @ 0x000001c7eca6ffb4 [0x000001c7eca6fd60+0x0000000000000254]
J 1351 c1 java.awt.EventDispatchThread.pumpOneEventForFilters(I)V java.desktop@24.0.2 (106 bytes) @ 0x000001c7ec996454 [0x000001c7ec995c40+0x0000000000000814]
j  java.awt.EventDispatchThread.pumpEventsForFilter(ILjava/awt/Conditional;Ljava/awt/EventFilter;)V+35 java.desktop@24.0.2
j  java.awt.EventDispatchThread.pumpEventsForHierarchy(ILjava/awt/Conditional;Ljava/awt/Component;)V+11 java.desktop@24.0.2
j  java.awt.EventDispatchThread.pumpEvents(ILjava/awt/Conditional;)V+4 java.desktop@24.0.2
j  java.awt.EventDispatchThread.pumpEvents(Ljava/awt/Conditional;)V+3 java.desktop@24.0.2
j  java.awt.EventDispatchThread.run()V+9 java.desktop@24.0.2
v  ~StubRoutines::call_stub 0x000001c7f3bf0fcd

siginfo: EXCEPTION_ACCESS_VIOLATION (0xc0000005), reading address 0x0000000000000028


Registers:
RAX=0x0000000000000000, RBX=0x000001c7c99ffa60, RCX=0x0000000000000000, RDX=0x0000000000000000
RSP=0x000000ab3e6feb40, RBP=0x0000000000000000, RSI=0x0000000000000000, RDI=0x0000000000000000
R8 =0x0000000000000001, R9 =0x000000ab3c766000, R10=0x000001c7c9947f50, R11=0x000001c7c52aa070
R12=0x0000000000000000, R13=0x000001c7c975d3f0, R14=0x000001c7c93dbaf0, R15=0x0000000000000000
RIP=0x00007ff92b2dad89, EFLAGS=0x0000000000010246

XMM[0]=0x0000000000000000 0x0000000000000000
XMM[1]=0x0000000000000000 0x000000ab3e6fec10
XMM[2]=0x000001c7f3bf8140 0x000001c7f3bf8140
XMM[3]=0x000000ab3e6fe364 0x000000ab3e6fe360
XMM[4]=0x0000000000000000 0x0000000000000000
XMM[5]=0x000001c7c994b0b0 0x00007ff8de0c1601
XMM[6]=0x0000000000000000 0x8fc30fe66c9d5dfb
XMM[7]=0x0000000000000000 0xb76c25743618890c
XMM[8]=0x0000000000000000 0x97058b370aa274b1
XMM[9]=0x0000000000000000 0x9e932d087ee8b7e0
XMM[10]=0x0000000000000000 0x00000000e0558ad8
XMM[11]=0x0000000000000000 0x69f3b40de8dc6bed
XMM[12]=0x0000000000000000 0x000000007ee8b7e0
XMM[13]=0x0000000000000000 0x0000000000000000
XMM[14]=0x0000000000000000 0x0000000000000000
XMM[15]=0x0000000000000000 0x0000000000000000
  MXCSR=0x00001fa2


Register to memory mapping:

RAX=0x0 is null
RBX=0x000001c7c99ffa60 points into unknown readable memory: 0x000001c7c9a22cf0 | f0 2c a2 c9 c7 01 00 00
RCX=0x0 is null
RDX=0x0 is null
RSP=0x000000ab3e6feb40 is pointing into the stack for thread: 0x000001c7c994b0b0
RBP=0x0 is null
RSI=0x0 is null
RDI=0x0 is null
R8 =0x0000000000000001 is an unknown value
R9 =0x000000ab3c766000 points into unknown readable memory: 0x0000000000000000 | 00 00 00 00 00 00 00 00
R10=0x000001c7c9947f50 points into unknown readable memory: 0x0000001e00000003 | 03 00 00 00 1e 00 00 00
R11={method} {0x000001c7c52aa078} '<init>' '(IIII)V' in 'java/awt/Rectangle'
R12=0x0 is null
R13=0x000001c7c975d3f0 points into unknown readable memory: 0x000001c7c52aa070 | 70 a0 2a c5 c7 01 00 00
R14=0x000001c7c93dbaf0 points into unknown readable memory: 0x000000071547ccc8 | c8 cc 47 15 07 00 00 00
R15=0x0 is null

Top of Stack: (sp=0x000000ab3e6feb40)
0x000000ab3e6feb40:   00007ff92b337838 000001c7c99ffa60   8x3+....`.......
0x000000ab3e6feb50:   000001c7c994b478 000001c7c99ffa60   x.......`.......
0x000000ab3e6feb60:   000001c7c994b478 00007ff92b2da148   x.......H.-+....
0x000000ab3e6feb70:   000001c7c99ffa60 000001c7c99ffa60   `.......`.......
0x000000ab3e6feb80:   0000000000000084 000001c7c994b478   ........x.......
0x000000ab3e6feb90:   000000071542bc78 000001c7c5245d30   x.B.....0]$.....
0x000000ab3e6feba0:   0000000000000000 000000ab3e6febc0   ..........o>....
0x000000ab3e6febb0:   0000000000000000 0000000000000000   ................
0x000000ab3e6febc0:   0000bbf97407985b 0000000713e776f8   [..t.....v......
0x000000ab3e6febd0:   000001c7c994b0b0 000000ab3e6fecb8   ..........o>....
0x000000ab3e6febe0:   000001c7c52a2250 0000000000000000   P"*.............
0x000000ab3e6febf0:   000001c7c574ca30 0000000000000084   0.t.............
0x000000ab3e6fec00:   000000ab3e6fec90 000001c7f3bfce20   ..o>.... .......
0x000000ab3e6fec10:   000000ab3e6fec28 000001c7c52a2250   (.o>....P"*.....
0x000000ab3e6fec20:   000001c7f3bf8800 0000000000000000   ................
0x000000ab3e6fec30:   0000000713e776f8 0000000713e784e0   .v..............
0x000000ab3e6fec40:   0000000713e784e0 fffffffffffffff7   ................
0x000000ab3e6fec50:   0000000000000000 0000000000000005   ................
0x000000ab3e6fec60:   000001c7c52a4cd8 0000000000000000   .L*.............
0x000000ab3e6fec70:   000000071547c440 000001c7c52a2250   @.G.....P"*.....
0x000000ab3e6fec80:   0000000000000000 000000ab3e6fecb0   ..........o>....
0x000000ab3e6fec90:   000000ab3e6fed08 000001c7f3bf899a   ..o>............
0x000000ab3e6feca0:   0000000000000000 000001c7f3bfa43a   ........:.......
0x000000ab3e6fecb0:   0000000000000000 0000000713e784e0   ................
0x000000ab3e6fecc0:   fffffffffffffff7 000001c7c52a22f8   ........."*.....
0x000000ab3e6fecd0:   0000000000000002 000001c7c52a4cd8   .........L*.....
0x000000ab3e6fece0:   0000000000000000 000000071547c440   ........@.G.....
0x000000ab3e6fecf0:   000001c7c52a2310 fffffffffffffff5   .#*.............
0x000000ab3e6fed00:   000000ab3e6fed18 000000ab3e6fed68   ..o>....h.o>....
0x000000ab3e6fed10:   000001c7f3bf899a 0000000713e784e0   ................
0x000000ab3e6fed20:   fffffffffffffff7 000001c7c5245b87   .........[$.....
0x000000ab3e6fed30:   0000000000000003 000001c7c5247308   .........s$.....

Instructions: (pc=0x00007ff92b2dad89)
  0x00007ff92b2dac89:   cc cc cc cc cc cc cc 48 89 5c 24 08 48 89 6c 24
  0x00007ff92b2dac99:   10 48 89 74 24 18 57 48 83 ec 20 41 8b f8 0f b6
  0x00007ff92b2daca9:   f2 48 8b e9 e8 1e d3 f4 ff 48 8b d8 48 89 44 24
  0x00007ff92b2dacb9:   48 41 b8 01 00 00 00 8b d7 48 8b c8 e8 86 d2 f4
  0x00007ff92b2dacc9:   ff 48 8b c8 44 0f b6 c6 48 8b d5 e8 97 fa ff ff
  0x00007ff92b2dacd9:   48 8b f8 48 8b cb e8 ac d4 f4 ff 90 48 8b c7 48
  0x00007ff92b2dace9:   8b 5c 24 30 48 8b 6c 24 38 48 8b 74 24 40 48 83
  0x00007ff92b2dacf9:   c4 20 5f c3 cc cc cc 48 8b 49 28 e9 07 07 00 00
  0x00007ff92b2dad09:   cc cc cc cc cc cc cc 48 89 5c 24 08 57 48 83 ec
  0x00007ff92b2dad19:   20 8b f9 e8 af d2 f4 ff 48 8b d8 48 89 44 24 38
  0x00007ff92b2dad29:   41 b8 01 00 00 00 8b d7 48 8b c8 e8 17 d2 f4 ff
  0x00007ff92b2dad39:   48 8b 08 8b 39 48 8b cb e8 4a d4 f4 ff 90 8b c7
  0x00007ff92b2dad49:   48 8b 5c 24 30 48 83 c4 20 5f c3 cc cc cc cc cc
  0x00007ff92b2dad59:   cc cc cc cc cc cc cc 48 89 5c 24 08 57 48 83 ec
  0x00007ff92b2dad69:   20 8b f9 e8 5f d2 f4 ff 48 8b d8 48 89 44 24 38
  0x00007ff92b2dad79:   41 b8 01 00 00 00 8b d7 48 8b c8 e8 c7 d1 f4 ff
=>0x00007ff92b2dad89:   48 8b 78 28 48 8b cb e8 fb d3 f4 ff 90 48 8b c7
  0x00007ff92b2dad99:   48 8b 5c 24 30 48 83 c4 20 5f c3 cc cc cc cc cc
  0x00007ff92b2dada9:   cc cc cc cc cc cc cc 48 89 5c 24 08 57 48 83 ec
  0x00007ff92b2dadb9:   20 8b f9 e8 0f d2 f4 ff 48 8b d8 48 89 44 24 38
  0x00007ff92b2dadc9:   41 b8 01 00 00 00 8b d7 48 8b c8 e8 77 d1 f4 ff
  0x00007ff92b2dadd9:   48 8b 78 30 48 8b cb e8 ab d3 f4 ff 90 48 8b c7
  0x00007ff92b2dade9:   48 8b 5c 24 30 48 83 c4 20 5f c3 cc cc cc cc cc
  0x00007ff92b2dadf9:   cc cc cc cc cc cc cc 48 89 5c 24 08 57 48 83 ec
  0x00007ff92b2dae09:   20 8b f9 e8 bf d1 f4 ff 48 8b d8 48 89 44 24 38
  0x00007ff92b2dae19:   41 b8 01 00 00 00 8b d7 48 8b c8 e8 27 d1 f4 ff
  0x00007ff92b2dae29:   48 8b 78 08 48 85 ff 74 07 48 8b bf 08 0c 00 00
  0x00007ff92b2dae39:   48 8b cb e8 4f d3 f4 ff 90 48 8b c7 48 8b 5c 24
  0x00007ff92b2dae49:   30 48 83 c4 20 5f c3 f3 0f 10 41 48 c3 cc cc cc
  0x00007ff92b2dae59:   cc cc cc cc cc cc cc f3 0f 10 41 4c c3 cc cc cc
  0x00007ff92b2dae69:   cc cc cc cc cc cc cc 48 89 5c 24 10 48 89 74 24
  0x00007ff92b2dae79:   18 55 57 41 56 48 8d 6c 24 e0 48 81 ec 20 01 00


Stack slot to memory mapping:

stack at sp + 0 slots: 0x00007ff92b337838 awt.dll
stack at sp + 1 slots: 0x000001c7c99ffa60 points into unknown readable memory: 0x000001c7c9a22cf0 | f0 2c a2 c9 c7 01 00 00
stack at sp + 2 slots: 0x000001c7c994b478 points into unknown readable memory: 0x00007ff8deb2c9d0 | d0 c9 b2 de f8 7f 00 00
stack at sp + 3 slots: 0x000001c7c99ffa60 points into unknown readable memory: 0x000001c7c9a22cf0 | f0 2c a2 c9 c7 01 00 00
stack at sp + 4 slots: 0x000001c7c994b478 points into unknown readable memory: 0x00007ff8deb2c9d0 | d0 c9 b2 de f8 7f 00 00
stack at sp + 5 slots: 0x00007ff92b2da148 awt.dll
stack at sp + 6 slots: 0x000001c7c99ffa60 points into unknown readable memory: 0x000001c7c9a22cf0 | f0 2c a2 c9 c7 01 00 00
stack at sp + 7 slots: 0x000001c7c99ffa60 points into unknown readable memory: 0x000001c7c9a22cf0 | f0 2c a2 c9 c7 01 00 00

Lock stack of current Java thread (top to bottom):

native method entry point (kind = native)  [0x000001c7f3bfca40, 0x000001c7f3bfd478]  2616 bytes
[MachCode]
  0x000001c7f3bfca40: 488b 4b08 | 0fb7 492e | 584c 8d74 | ccf8 6800 | 0000 0068 | 0000 0000 | 5055 488b | ec41 5568 
  0x000001c7f3bfca60: 0000 0000 | 4c8b 6b08 | 4d8d 6d38 | 5348 8b53 | 0848 8b52 | 0848 8b52 | 1848 8b52 | 7048 8b12 
  0x000001c7f3bfca80: 5248 8b53 | 1048 85d2 | 0f84 0700 | 0000 4881 | c208 0100 | 0052 488b | 5308 488b | 5208 488b 
  0x000001c7f3bfcaa0: 5210 5249 | 8bc6 482b | c548 c1e8 | 0350 6800 | 0000 0068 | f7ff ffff | 41c6 8771 | 0400 0001 
  0x000001c7f3bfcac0: 488b 4310 | 4885 c074 | 208b 88cc | 0000 0083 | c102 8988 | cc00 0000 | 2388 e000 | 0000 0f84 
  0x000001c7f3bfcae0: e408 0000 | e9cd 0000 | 0048 8b43 | 1848 85c0 | 0f85 b000 | 0000 e805 | 0000 00e9 | 9900 0000 
  0x000001c7f3bfcb00: 488b d348 | 8d44 2408 | 4c89 6dc0 | 498b cfc5 | f877 4989 | afb8 0300 | 0049 8987 | a803 0000 
  0x000001c7f3bfcb20: 4883 ec20 | 40f6 c40f | 0f84 1900 | 0000 4883 | ec08 48b8 | e016 25de | f87f 0000 | ffd0 4883 
  0x000001c7f3bfcb40: c408 e90c | 0000 0048 | b8e0 1625 | def8 7f00 | 00ff d048 | 83c4 2049 | c787 a803 | 0000 0000 
  0x000001c7f3bfcb60: 0000 49c7 | 87b8 0300 | 0000 0000 | 0049 c787 | b003 0000 | 0000 0000 | c5f8 7749 | 837f 0800 
  0x000001c7f3bfcb80: 0f84 0500 | 0000 e935 | 43ff ff4c | 8b6d c04c | 8b75 c84e | 8d74 f500 | c348 8b43 | 1848 85c0 
  0x000001c7f3bfcba0: 0f84 1000 | 0000 8b08 | 83c1 0289 | 0823 4814 | 0f84 1208 | 0000 493b | a7f0 0400 | 000f 8748 
  0x000001c7f3bfcbc0: 0000 0089 | 8424 00f0 | ffff 8984 | 2400 e0ff | ff89 8424 | 00d0 ffff | 8984 2400 | c0ff ff89 
  0x000001c7f3bfcbe0: 8424 00b0 | ffff 8984 | 2400 a0ff | ff89 8424 | 0090 ffff | 8984 2400 | 80ff ff49 | 3ba7 e804 
  0x000001c7f3bfcc00: 0000 7607 | 4989 a7f0 | 0400 0041 | c687 7104 | 0000 0048 | 8b5d e84c | 8b5b 0845 | 0fb7 5b2e 
  0x000001c7f3bfcc20: 41c1 e303 | 492b e348 | 83ec 2048 | 83e4 f04c | 8b5b 604d | 85db 0f85 | ab00 0000 | e805 0000 
  0x000001c7f3bfcc40: 00e9 9900 | 0000 488b | d348 8d44 | 2408 4c89 | 6dc0 498b | cfc5 f877 | 4989 afb8 | 0300 0049 
  0x000001c7f3bfcc60: 8987 a803 | 0000 4883 | ec20 40f6 | c40f 0f84 | 1900 0000 | 4883 ec08 | 48b8 0041 | 25de f87f 
  0x000001c7f3bfcc80: 0000 ffd0 | 4883 c408 | e90c 0000 | 0048 b800 | 4125 def8 | 7f00 00ff | d048 83c4 | 2049 c787 
  0x000001c7f3bfcca0: a803 0000 | 0000 0000 | 49c7 87b8 | 0300 0000 | 0000 0049 | c787 b003 | 0000 0000 | 0000 c5f8 
  0x000001c7f3bfccc0: 7749 837f | 0800 0f84 | 0500 0000 | e9ef 41ff | ff4c 8b6d | c04c 8b75 | c84e 8d74 | f500 c348 
  0x000001c7f3bfcce0: 8b5d e84c | 8b5b 6041 | ffd3 488b | 5de8 4889 | 4518 448b | 5b28 41f6 | c308 0f84 | 1b00 0000 
  0x000001c7f3bfcd00: 4c8b 5b08 | 4d8b 5b08 | 4d8b 5b18 | 4d8b 5b70 | 4d8b 1b4c | 895d 1048 | 8d55 1048 | 8b43 5849 
  0x000001c7f3bfcd20: ba70 8c5e | def8 7f00 | 0049 3bc2 | 0f85 ab00 | 0000 e805 | 0000 00e9 | 9900 0000 | 488b d348 
  0x000001c7f3bfcd40: 8d44 2408 | 4c89 6dc0 | 498b cfc5 | f877 4989 | afb8 0300 | 0049 8987 | a803 0000 | 4883 ec20 
  0x000001c7f3bfcd60: 40f6 c40f | 0f84 1900 | 0000 4883 | ec08 48b8 | 0041 25de | f87f 0000 | ffd0 4883 | c408 e90c 
  0x000001c7f3bfcd80: 0000 0048 | b800 4125 | def8 7f00 | 00ff d048 | 83c4 2049 | c787 a803 | 0000 0000 | 0000 49c7 
  0x000001c7f3bfcda0: 87b8 0300 | 0000 0000 | 0049 c787 | b003 0000 | 0000 0000 | c5f8 7749 | 837f 0800 | 0f84 0500 
  0x000001c7f3bfcdc0: 0000 e9f9 | 40ff ff4c | 8b6d c04c | 8b75 c84e | 8d74 f500 | c348 8b5d | e848 8b43 | 5849 8d8f 
  0x000001c7f3bfcde0: c803 0000 | 4c8d 15d5 | 0000 004d | 8997 b003 | 0000 c5f8 | 7749 89af | b803 0000 | 4989 a7a8 
  0x000001c7f3bfce00: 0300 0041 | c787 5404 | 0000 0400 | 0000 493b | a748 0500 | 0076 0749 | 89a7 4805 | 0000 ffd0 
  0x000001c7f3bfce20: 493b a748 | 0500 0072 | 0b49 c787 | 4805 0000 | 0000 0000 | c5f8 7748 | 83ec 10c5 | fb11 0424 
  0x000001c7f3bfce40: 4883 ec10 | 4889 0424 | 48c7 4424 | 0800 0000 | 0041 c787 | 5404 0000 | 0500 0000 | f083 4424 
  0x000001c7f3bfce60: c000 493b | 6f28 0f87 | 0e00 0000 | 4183 bf50 | 0400 0000 | 0f84 2000 | 0000 498b | cf4c 8be4 
  0x000001c7f3bfce80: 4883 ec20 | 4883 e4f0 | 48b8 f0a5 | 26de f87f | 0000 ffd0 | 498b e44d | 33e4 41c7 | 8754 0400 
  0x000001c7f3bfcea0: 0008 0000 | 004d 8b97 | 7005 0000 | 4983 fa00 | 7435 49c7 | 8770 0500 | 0000 0000 | 0041 ffe2 
  0x000001c7f3bfcec0: 49ba 00bb | bff3 c701 | 0000 41ff | d248 83ec | 10c5 fb11 | 0424 4883 | ec10 4889 | 0424 48c7 
  0x000001c7f3bfcee0: 4424 0800 | 0000 0049 | c787 a803 | 0000 0000 | 0000 49c7 | 87b8 0300 | 0000 0000 | 0049 c787 
  0x000001c7f3bfcf00: b003 0000 | 0000 0000 | c5f8 774d | 8b9f 3804 | 0000 41c7 | 8300 0100 | 0000 0000 | 0049 bb3a 
  0x000001c7f3bfcf20: a4bf f3c7 | 0100 004c | 3b5d 180f | 8555 0100 | 0048 8b04 | 2448 83c4 | 1048 85c0 | 0f84 2f01 
  0x000001c7f3bfcf40: 0000 a803 | 0f85 0800 | 0000 488b | 00e9 1f01 | 0000 a801 | 0f85 0900 | 0000 488b | 40fe e90e 
  0x000001c7f3bfcf60: 0100 0048 | 8b40 ff41 | 807f 4800 | 0f84 ff00 | 0000 4883 | f800 0f84 | f500 0000 | 4d8b 5f38 
  0x000001c7f3bfcf80: 4d85 db0f | 8414 0000 | 0049 83eb | 084d 895f | 384d 035f | 4049 8903 | e9d4 0000 | 0048 83ec 
  0x000001c7f3bfcfa0: 7048 8904 | 2448 894c | 2408 4889 | 5424 104c | 8944 2418 | 4c89 4c24 | 204c 8954 | 2428 4c89 
  0x000001c7f3bfcfc0: 5c24 30c5 | fb11 4424 | 40c5 fb11 | 4c24 48c5 | fb11 5424 | 50c5 fb11 | 5c24 58c5 | fb11 6424 
  0x000001c7f3bfcfe0: 60c5 fb11 | 6c24 6849 | 8bd7 488b | c848 83ec | 2040 f6c4 | 0f0f 8419 | 0000 0048 | 83ec 0848 
  0x000001c7f3bfd000: b8e0 1819 | def8 7f00 | 00ff d048 | 83c4 08e9 | 0c00 0000 | 48b8 e018 | 19de f87f | 0000 ffd0 
  0x000001c7f3bfd020: 4883 c420 | c5fb 106c | 2468 c5fb | 1064 2460 | c5fb 105c | 2458 c5fb | 1054 2450 | c5fb 104c 
  0x000001c7f3bfd040: 2448 c5fb | 1044 2440 | 4c8b 5c24 | 304c 8b54 | 2428 4c8b | 4c24 204c | 8b44 2418 | 488b 5424 
  0x000001c7f3bfd060: 1048 8b4c | 2408 488b | 0424 4883 | c470 c5f8 | 7748 8945 | 1048 83ec | 1048 8904 | 2448 c744 
  0x000001c7f3bfd080: 2408 0000 | 0000 4183 | bfd0 0400 | 0002 0f85 | bf00 0000 | 4881 ec80 | 0000 0048 | 8944 2478 
  0x000001c7f3bfd0a0: 4889 4c24 | 7048 8954 | 2468 4889 | 5c24 6048 | 896c 2450 | 4889 7424 | 4848 897c | 2440 4c89 
  0x000001c7f3bfd0c0: 4424 384c | 894c 2430 | 4c89 5424 | 284c 895c | 2420 4c89 | 6424 184c | 896c 2410 | 4c89 7424 
  0x000001c7f3bfd0e0: 084c 893c | 244c 8be4 | 4883 ec20 | 4883 e4f0 | 48b8 6074 | 5ede f87f | 0000 ffd0 | 498b e44c 
  0x000001c7f3bfd100: 8b3c 244c | 8b74 2408 | 4c8b 6c24 | 104c 8b64 | 2418 4c8b | 5c24 204c | 8b54 2428 | 4c8b 4c24 
  0x000001c7f3bfd120: 304c 8b44 | 2438 488b | 7c24 4048 | 8b74 2448 | 488b 6c24 | 5048 8b5c | 2460 488b | 5424 6848 
  0x000001c7f3bfd140: 8b4c 2470 | 488b 4424 | 7848 81c4 | 8000 0000 | 4d33 e448 | 8b5d e84c | 8b6b 084d | 8d6d 3849 
  0x000001c7f3bfd160: 837f 0800 | 0f84 bb00 | 0000 e805 | 0000 00e9 | 9600 0000 | 488d 4424 | 084c 896d | c049 8bcf 
  0x000001c7f3bfd180: c5f8 7749 | 89af b803 | 0000 4989 | 87a8 0300 | 0048 83ec | 2040 f6c4 | 0f0f 8419 | 0000 0048 
  0x000001c7f3bfd1a0: 83ec 0848 | b8a0 5f25 | def8 7f00 | 00ff d048 | 83c4 08e9 | 0c00 0000 | 48b8 a05f | 25de f87f 
  0x000001c7f3bfd1c0: 0000 ffd0 | 4883 c420 | 49c7 87a8 | 0300 0000 | 0000 0049 | c787 b803 | 0000 0000 | 0000 49c7 
  0x000001c7f3bfd1e0: 87b0 0300 | 0000 0000 | 00c5 f877 | 4983 7f08 | 000f 8405 | 0000 00e9 | c43c ffff | 4c8b 6dc0 
  0x000001c7f3bfd200: 4c8b 75c8 | 4e8d 74f5 | 00c3 48b9 | e034 8ede | f87f 0000 | 4883 e4f0 | 48b8 1090 | 4bde f87f 
  0x000001c7f3bfd220: 0000 ffd0 | f444 8b5b | 2841 f6c3 | 200f 8472 | 0100 0048 | 8d55 a84c | 8b5a 084d | 85db 0f85 
  0x000001c7f3bfd240: bb00 0000 | e805 0000 | 00e9 9600 | 0000 488d | 4424 084c | 896d c049 | 8bcf c5f8 | 7749 89af 
  0x000001c7f3bfd260: b803 0000 | 4989 87a8 | 0300 0048 | 83ec 2040 | f6c4 0f0f | 8419 0000 | 0048 83ec | 0848 b8d0 
  0x000001c7f3bfd280: 5e25 def8 | 7f00 00ff | d048 83c4 | 08e9 0c00 | 0000 48b8 | d05e 25de | f87f 0000 | ffd0 4883 
  0x000001c7f3bfd2a0: c420 49c7 | 87a8 0300 | 0000 0000 | 0049 c787 | b803 0000 | 0000 0000 | 49c7 87b0 | 0300 0000 
  0x000001c7f3bfd2c0: 0000 00c5 | f877 4983 | 7f08 000f | 8405 0000 | 00e9 ea3b | ffff 4c8b | 6dc0 4c8b | 75c8 4e8d 
  0x000001c7f3bfd2e0: 74f5 00c3 | 48b9 e034 | 8ede f87f | 0000 4883 | e4f0 48b8 | 1090 4bde | f87f 0000 | ffd0 f44c 
  0x000001c7f3bfd300: 896d c04c | 8b4a 0848 | c742 0800 | 0000 0045 | 8b87 5806 | 0000 4f3b | 4c07 f80f | 8542 0000 
  0x000001c7f3bfd320: 0041 83af | 5806 0000 | 084f 3b4c | 07f0 0f84 | 2a00 0000 | 498b 01a8 | 020f 8512 | 0000 004c 
  0x000001c7f3bfd340: 8bc0 4983 | c801 f04d | 0fb1 010f | 840d 0000 | 0041 8387 | 5806 0000 | 08e9 0500 | 0000 e93e 
  0x000001c7f3bfd360: 0000 004c | 894a 0848 | 8bca 4883 | ec20 40f6 | c40f 0f84 | 1900 0000 | 4883 ec08 | 48b8 f030 
  0x000001c7f3bfd380: 25de f87f | 0000 ffd0 | 4883 c408 | e90c 0000 | 0048 b8f0 | 3025 def8 | 7f00 00ff | d048 83c4 
  0x000001c7f3bfd3a0: 204c 8b6d | c048 8b04 | 2448 83c4 | 10c5 fb10 | 0424 4883 | c410 4c8b | 5d18 41ff | d34c 8b5d 
  0x000001c7f3bfd3c0: f8c9 5f49 | 8be3 ffe7 | ba00 0000 | 00e8 0500 | 0000 e996 | 0000 0048 | 8d44 2408 | 4c89 6dc0 
  0x000001c7f3bfd3e0: 498b cfc5 | f877 4989 | afb8 0300 | 0049 8987 | a803 0000 | 4883 ec20 | 40f6 c40f | 0f84 1900 
  0x000001c7f3bfd400: 0000 4883 | ec08 48b8 | a025 25de | f87f 0000 | ffd0 4883 | c408 e90c | 0000 0048 | b8a0 2525 
  0x000001c7f3bfd420: def8 7f00 | 00ff d048 | 83c4 2049 | c787 a803 | 0000 0000 | 0000 49c7 | 87b8 0300 | 0000 0000 
  0x000001c7f3bfd440: 0049 c787 | b003 0000 | 0000 0000 | c5f8 7749 | 837f 0800 | 0f84 0500 | 0000 e961 | 3aff ff4c 
  0x000001c7f3bfd460: 8b6d c04c | 8b75 c84e | 8d74 f500 | c348 8b5d | e8e9 40f7 | ffff 6690 
[/MachCode]

Compiled method (c1) 22840107 1358   !   3       java.awt.event.InvocationEvent::dispatch (69 bytes)
 total in heap  [0x000001c7ec997d08,0x000001c7ec998500] = 2040
 relocation     [0x000001c7ec997de0,0x000001c7ec997e68] = 136
 main code      [0x000001c7ec997e80,0x000001c7ec998490] = 1552
 stub code      [0x000001c7ec998490,0x000001c7ec9984f8] = 104
 metadata       [0x000001c7ec9984f8,0x000001c7ec998500] = 8
 immutable data [0x000001c7c9b956d0,0x000001c7c9b95878] = 424
 dependencies   [0x000001c7c9b956d0,0x000001c7c9b956d8] = 8
 nul chk table  [0x000001c7c9b956d8,0x000001c7c9b956f0] = 24
 handler table  [0x000001c7c9b956f0,0x000001c7c9b95780] = 144
 scopes pcs     [0x000001c7c9b95780,0x000001c7c9b95820] = 160
 scopes data    [0x000001c7c9b95820,0x000001c7c9b95878] = 88

[Constant Pool (empty)]

[MachCode]
[Instructions begin]
  0x000001c7ec997e80: 6666 660f | 1f84 0000 | 0000 0066 | 6666 9066 | 6690 448b | 5208 443b 

  0x000001c7ec997e98: ;   {runtime_call Shared Runtime ic_miss_blob}
  0x000001c7ec997e98: 5008 0f85 | c068 2a07 
[Verified Entry Point]
  0x000001c7ec997ea0: 8984 2400 | 80ff ff55 | 4883 ec30 | 4181 7f20 | 0100 0000 

  0x000001c7ec997eb4: ;   {runtime_call StubRoutines (final stubs)}
  0x000001c7ec997eb4: 7405 e845 | da28 0748 | 8954 2418 

  0x000001c7ec997ec0: ;   {metadata(method data for {method} {0x000001c7c5699678} 'dispatch' '()V' in 'java/awt/event/InvocationEvent')}
  0x000001c7ec997ec0: 48be e07a | 83c5 c701 | 0000 8bbe | cc00 0000 | 83c7 0289 | becc 0000 | 0081 e7fe | 0700 0085 
  0x000001c7ec997ee0: ff0f 84c7 | 0400 000f | be72 1d85 

  0x000001c7ec997eec: ;   {metadata(method data for {method} {0x000001c7c5699678} 'dispatch' '()V' in 'java/awt/event/InvocationEvent')}
  0x000001c7ec997eec: f648 bee0 | 7a83 c5c7 | 0100 00bf | 1001 0000 | 7405 bf20 | 0100 0048 | 8b1c 3e48 | 8d5b 0148 
  0x000001c7ec997f0c: 891c 3e0f | 84d1 0000 | 008b 7228 | 48c1 e603 

  0x000001c7ec997f1c: ; implicit exception: dispatches to 0x000001c7ec9983cf
  0x000001c7ec997f1c: 483b 0648 

  0x000001c7ec997f20: ;   {metadata(method data for {method} {0x000001c7c5699678} 'dispatch' '()V' in 'java/awt/event/InvocationEvent')}
  0x000001c7ec997f20: 8bfe 48bb | e07a 83c5 | c701 0000 | 8b7f 0849 | ba00 0000 | 84c7 0100 | 0049 03fa | 483b bb38 
  0x000001c7ec997f40: 0100 0075 | 0d48 8383 | 4001 0000 | 01e9 6000 | 0000 483b | bb48 0100 | 0075 0d48 | 8383 5001 
  0x000001c7ec997f60: 0000 01e9 | 4a00 0000 | 4883 bb38 | 0100 0000 | 7517 4889 | bb38 0100 | 0048 c783 | 4001 0000 
  0x000001c7ec997f80: 0100 0000 | e929 0000 | 0048 83bb | 4801 0000 | 0075 1748 | 89bb 4801 | 0000 48c7 | 8350 0100 
  0x000001c7ec997fa0: 0001 0000 | 00e9 0800 | 0000 4883 | 8330 0100 | 0001 488b | d648 b8f0 | b7b8 c9c7 

  0x000001c7ec997fbc: ;   {virtual_call}
  0x000001c7ec997fbc: 0100 00e8 

  0x000001c7ec997fc0: ; ImmutableOopMap {[24]=Oop }
                      ;*invokeinterface run {reexecute=0 rethrow=0 return_oop=0}
                      ; - java.awt.event.InvocationEvent::dispatch@11 (line 308)
  0x000001c7ec997fc0: 9c6d 2a07 

  0x000001c7ec997fc4: ;   {post_call_nop}
  0x000001c7ec997fc4: 0f1f 8400 | bc02 0000 

  0x000001c7ec997fcc: ;   {metadata(method data for {method} {0x000001c7c5699678} 'dispatch' '()V' in 'java/awt/event/InvocationEvent')}
  0x000001c7ec997fcc: 48ba e07a | 83c5 c701 | 0000 ff82 | 6001 0000 | 488b 5424 | 18e9 1f03 | 0000 8b72 | 2848 c1e6 
  0x000001c7ec997fec: 0348 3b06 

  0x000001c7ec997ff0: ;   {metadata(method data for {method} {0x000001c7c5699678} 'dispatch' '()V' in 'java/awt/event/InvocationEvent')}
  0x000001c7ec997ff0: 488b fe48 | bbe0 7a83 | c5c7 0100 | 008b 7f08 | 49ba 0000 | 0084 c701 | 0000 4903 | fa48 3bbb 
  0x000001c7ec998010: 1802 0000 | 750d 4883 | 8320 0200 | 0001 e960 | 0000 0048 | 3bbb 2802 | 0000 750d | 4883 8330 
  0x000001c7ec998030: 0200 0001 | e94a 0000 | 0048 83bb | 1802 0000 | 0075 1748 | 89bb 1802 | 0000 48c7 | 8320 0200 
  0x000001c7ec998050: 0001 0000 | 00e9 2900 | 0000 4883 | bb28 0200 | 0000 7517 | 4889 bb28 | 0200 0048 | c783 3002 
  0x000001c7ec998070: 0000 0100 | 0000 e908 | 0000 0048 | 8383 1002 | 0000 0148 | 8bd6 0f1f | 8000 0000 | 0048 b818 
  0x000001c7ec998090: b8b8 c9c7 

  0x000001c7ec998094: ;   {virtual_call}
  0x000001c7ec998094: 0100 00e8 

  0x000001c7ec998098: ; ImmutableOopMap {[24]=Oop }
                      ;*invokeinterface run {reexecute=0 rethrow=0 return_oop=0}
                      ; - java.awt.event.InvocationEvent::dispatch@47 (line 318)
  0x000001c7ec998098: 8424 3707 

  0x000001c7ec99809c: ;   {post_call_nop}
  0x000001c7ec99809c: 0f1f 8400 | 9403 0001 | 488b 5424 | 18e9 5702 | 0000 498b | 8708 0500 | 004d 33d2 | 4d89 9708 
  0x000001c7ec9980bc: 0500 004d | 33d2 4d89 | 9710 0500 | 0048 85c0 

  0x000001c7ec9980cc: ;   {metadata(method data for {method} {0x000001c7c5699678} 'dispatch' '()V' in 'java/awt/event/InvocationEvent')}
  0x000001c7ec9980cc: 48be e07a | 83c5 c701 | 0000 750c | 808e 7101 | 0000 01e9 | af00 0000 | 8b78 0849 | ba00 0000 
  0x000001c7ec9980ec: 84c7 0100 | 0049 03fa | 483b be80 | 0100 0075 | 0d48 8386 | 8801 0000 | 01e9 6000 | 0000 483b 
  0x000001c7ec99810c: be90 0100 | 0075 0d48 | 8386 9801 | 0000 01e9 | 4a00 0000 | 4883 be80 | 0100 0000 | 7517 4889 
  0x000001c7ec99812c: be80 0100 | 0048 c786 | 8801 0000 | 0100 0000 | e929 0000 | 0048 83be | 9001 0000 | 0075 1748 
  0x000001c7ec99814c: 89be 9001 | 0000 48c7 | 8698 0100 | 0001 0000 | 00e9 0800 | 0000 4883 | 8678 0100 

  0x000001c7ec998168: ;   {metadata('java/lang/Exception')}
  0x000001c7ec998168: 0001 48bf | e8f4 1b84 | c701 0000 | 8b70 0849 | ba00 0000 | 84c7 0100 | 0049 03f2 | 483b 7e40 
  0x000001c7ec998188: 0f85 0500 | 0000 e905 | 0000 004d | 33c0 eb06 | 41b8 0100 | 0000 4585 

  0x000001c7ec9981a0: ;   {metadata(method data for {method} {0x000001c7c5699678} 'dispatch' '()V' in 'java/awt/event/InvocationEvent')}
  0x000001c7ec9981a0: c049 b8e0 | 7a83 c5c7 | 0100 00ba | a801 0000 | 7405 bab8 | 0100 0049 | 8b34 1048 | 8d76 0149 
  0x000001c7ec9981c0: 8934 1048 | 8b54 2418 | 0f84 f900 | 0000 4885 

  0x000001c7ec9981d0: ;   {metadata(method data for {method} {0x000001c7c5699678} 'dispatch' '()V' in 'java/awt/event/InvocationEvent')}
  0x000001c7ec9981d0: c048 bfe0 | 7a83 c5c7 | 0100 0075 | 0c80 8fc1 | 0100 0001 | e9af 0000 | 008b 5808 | 49ba 0000 
  0x000001c7ec9981f0: 0084 c701 | 0000 4903 | da48 3b9f | d001 0000 | 750d 4883 | 87d8 0100 | 0001 e960 | 0000 0048 
  0x000001c7ec998210: 3b9f e001 | 0000 750d | 4883 87e8 | 0100 0001 | e94a 0000 | 0048 83bf | d001 0000 | 0075 1748 
  0x000001c7ec998230: 899f d001 | 0000 48c7 | 87d8 0100 | 0001 0000 | 00e9 2900 | 0000 4883 | bfe0 0100 | 0000 7517 
  0x000001c7ec998250: 4889 9fe0 | 0100 0048 | c787 e801 | 0000 0100 | 0000 e908 | 0000 0048 | 8387 c801 

  0x000001c7ec99826c: ;   {metadata('java/lang/Exception')}
  0x000001c7ec99826c: 0000 0148 | bbe8 f41b | 84c7 0100 | 008b 7808 | 49ba 0000 | 0084 c701 | 0000 4903 | fa48 3b5f 
  0x000001c7ec99828c: 400f 8546 | 0100 00e9 | 0000 0000 | 4c8b c041 | 0fbe 7748 | 85f6 0f85 | 3a01 0000 | 4d8b d049 
  0x000001c7ec9982ac: c1ea 0344 | 8952 3448 | 8bf2 4933 | f048 c1ee | 1548 83fe | 000f 853a | 0100 0045 | 0fbe 4748 
  0x000001c7ec9982cc: 4585 c00f | 8544 0100 | 004c 8bd0 | 49c1 ea03 | 4489 5238 | 4c8b c24c | 33c0 49c1 | e815 4983 
  0x000001c7ec9982ec: f800 0f85 | 4501 0000 

  0x000001c7ec9982f4: ;   {metadata(method data for {method} {0x000001c7c5699678} 'dispatch' '()V' in 'java/awt/event/InvocationEvent')}
  0x000001c7ec9982f4: 49b8 e07a | 83c5 c701 | 0000 41ff | 80f8 0100 | 004c 8bc2 

  0x000001c7ec998308: ;   {metadata(method data for {method} {0x000001c7c5699678} 'dispatch' '()V' in 'java/awt/event/InvocationEvent')}
  0x000001c7ec998308: 48be e07a | 83c5 c701 | 0000 4883 | 8640 0200 | 0001 41b8 | 0100 0000 | 0f1f 8000 

  0x000001c7ec998324: ;   {optimized virtual_call}
  0x000001c7ec998324: 0000 00e8 

  0x000001c7ec998328: ; ImmutableOopMap {}
                      ;*invokevirtual finishedDispatching {reexecute=0 rethrow=0 return_oop=0}
                      ; - java.awt.event.InvocationEvent::dispatch@54 (line 321)
  0x000001c7ec998328: b4aa 0e00 

  0x000001c7ec99832c: ;   {post_call_nop}
  0x000001c7ec99832c: 0f1f 8400 | 2406 0002 

  0x000001c7ec998334: ;   {metadata(method data for {method} {0x000001c7c5699678} 'dispatch' '()V' in 'java/awt/event/InvocationEvent')}
  0x000001c7ec998334: 48b8 e07a | 83c5 c701 | 0000 ff80 | 7002 0000 | 4883 c430 

  0x000001c7ec998348: ;   {poll_return}
  0x000001c7ec998348: 5d49 3b67 | 280f 87fe | 0000 00c3 | 488b 5424 | 1849 8b87 | 0805 0000 | 4d33 d24d | 8997 0805 
  0x000001c7ec998368: 0000 4d33 | d24d 8997 | 1005 0000 

  0x000001c7ec998374: ;   {metadata(method data for {method} {0x000001c7c5699678} 'dispatch' '()V' in 'java/awt/event/InvocationEvent')}
  0x000001c7ec998374: 4c8b c248 | bee0 7a83 | c5c7 0100 | 0048 8386 | 8802 0000 | 0141 b801 | 0000 0048 | 8944 2420 
  0x000001c7ec998394: ;   {optimized virtual_call}
  0x000001c7ec998394: 6666 90e8 

  0x000001c7ec998398: ; ImmutableOopMap {[32]=Oop }
                      ;*invokevirtual finishedDispatching {reexecute=0 rethrow=0 return_oop=0}
                      ; - java.awt.event.InvocationEvent::dispatch@63 (line 321)
  0x000001c7ec998398: c466 2a07 

  0x000001c7ec99839c: ;   {post_call_nop}
  0x000001c7ec99839c: 0f1f 8400 | 9406 0003 | 488b 4424 | 20e9 d600 

  0x000001c7ec9983ac: ;   {metadata({method} {0x000001c7c5699678} 'dispatch' '()V' in 'java/awt/event/InvocationEvent')}
  0x000001c7ec9983ac: 0000 49ba | 7096 69c5 | c701 0000 | 4c89 5424 | 0848 c704 | 24ff ffff 

  0x000001c7ec9983c4: ;   {runtime_call C1 Runtime counter_overflow_blob}
  0x000001c7ec9983c4: ffe8 96b2 

  0x000001c7ec9983c8: ; ImmutableOopMap {rdx=Oop [24]=Oop }
                      ;*synchronization entry
                      ; - java.awt.event.InvocationEvent::dispatch@-1 (line 306)
  0x000001c7ec9983c8: 3607 e918 

  0x000001c7ec9983cc: ;   {runtime_call C1 Runtime throw_null_pointer_exception_blob}
  0x000001c7ec9983cc: fbff ffe8 

  0x000001c7ec9983d0: ; ImmutableOopMap {rdx=Oop rsi=Oop [24]=Oop }
                      ;*invokeinterface run {reexecute=0 rethrow=0 return_oop=0}
                      ; - java.awt.event.InvocationEvent::dispatch@11 (line 308)
  0x000001c7ec9983d0: 8c61 3607 

  0x000001c7ec9983d4: ;   {runtime_call C1 Runtime throw_null_pointer_exception_blob}
  0x000001c7ec9983d4: e887 6136 

  0x000001c7ec9983d8: ; ImmutableOopMap {rdx=Oop rsi=Oop [24]=Oop }
                      ;*invokeinterface run {reexecute=0 rethrow=0 return_oop=0}
                      ; - java.awt.event.InvocationEvent::dispatch@47 (line 318)
  0x000001c7ec9983d8: 0748 8904 

  0x000001c7ec9983dc: ;   {runtime_call C1 Runtime throw_class_cast_exception_blob}
  0x000001c7ec9983dc: 24e8 7e85 

  0x000001c7ec9983e0: ; ImmutableOopMap {rax=Oop rdx=Oop [24]=Oop }
                      ;*checkcast {reexecute=0 rethrow=0 return_oop=0}
                      ; - java.awt.event.InvocationEvent::dispatch@29 (line 312)
  0x000001c7ec9983e0: 3607 8b72 | 3448 c1e6 | 0348 83fe | 000f 84b5 | feff ff48 

  0x000001c7ec9983f4: ;   {runtime_call g1_pre_barrier_slow}
  0x000001c7ec9983f4: 8934 24e8 | 64b8 3607 | e9a7 feff | ff49 83f8 | 000f 84bc | feff ff48 

  0x000001c7ec99840c: ;   {runtime_call g1_post_barrier_slow}
  0x000001c7ec99840c: 8914 24e8 | 4cbb 3607 | e9ae feff | ff44 8b42 | 3849 c1e0 | 0349 83f8 | 000f 84aa | feff ff4c 
  0x000001c7ec99842c: ;   {runtime_call g1_pre_barrier_slow}
  0x000001c7ec99842c: 8904 24e8 | 2cb8 3607 | e99c feff | ff48 83f8 | 000f 84b1 | feff ff48 

  0x000001c7ec998444: ;   {runtime_call g1_post_barrier_slow}
  0x000001c7ec998444: 8914 24e8 | 14bb 3607 | e9a3 feff 

  0x000001c7ec998450: ;   {internal_word}
  0x000001c7ec998450: ff49 ba49 | 8399 ecc7 | 0100 004d | 8997 6004 

  0x000001c7ec998460: ;   {runtime_call SafepointBlob}
  0x000001c7ec998460: 0000 e979 | d82a 0749 | 8b87 0805 | 0000 49c7 | 8708 0500 | 0000 0000 | 0049 c787 | 1005 0000 
  0x000001c7ec998480: 0000 0000 | 4883 c430 

  0x000001c7ec998488: ;   {runtime_call C1 Runtime unwind_exception_blob}
  0x000001c7ec998488: 5de9 5249 | 3607 f4f4 
[Stub Code]
  0x000001c7ec998490: ;   {no_reloc}
  0x000001c7ec998490: 0f1f 4400 

  0x000001c7ec998494: ;   {static_stub}
  0x000001c7ec998494: 0048 bb00 | 0000 0000 

  0x000001c7ec99849c: ;   {runtime_call nmethod}
  0x000001c7ec99849c: 0000 00e9 | fbff ffff 

  0x000001c7ec9984a4: ;   {static_stub}
  0x000001c7ec9984a4: 9048 bb00 | 0000 0000 

  0x000001c7ec9984ac: ;   {runtime_call nmethod}
  0x000001c7ec9984ac: 0000 00e9 | fbff ffff 

  0x000001c7ec9984b4: ;   {static_stub}
  0x000001c7ec9984b4: 48bb 709a | 69c5 c701 

  0x000001c7ec9984bc: ;   {runtime_call I2C/C2I adapters}
  0x000001c7ec9984bc: 0000 e9f3 

  0x000001c7ec9984c0: ;   {runtime_call C1 Runtime handle_exception_from_callee_blob}
  0x000001c7ec9984c0: c22a 07e8 | 987e 3607 

  0x000001c7ec9984c8: ;   {external_word}
  0x000001c7ec9984c8: 48b9 e034 | 8ede f87f | 0000 4883 

  0x000001c7ec9984d4: ;   {runtime_call}
  0x000001c7ec9984d4: e4f0 48b8 | 1090 4bde | f87f 0000 

  0x000001c7ec9984e0: ;   {section_word}
  0x000001c7ec9984e0: ffd0 f449 | bae3 8499 | ecc7 0100 

  0x000001c7ec9984ec: ;   {runtime_call DeoptimizationBlob}
  0x000001c7ec9984ec: 0041 52e9 | 8ccd 2a07 | f4f4 f4f4 
[/MachCode]


Compiled method (c1) 22840283 1862       3       java.awt.EventQueue::dispatchEventImpl (139 bytes)
 total in heap  [0x000001c7eca64488,0x000001c7eca669c0] = 9528
 relocation     [0x000001c7eca64560,0x000001c7eca64808] = 680
 main code      [0x000001c7eca64820,0x000001c7eca667d8] = 8120
 stub code      [0x000001c7eca667d8,0x000001c7eca668e8] = 272
 oops           [0x000001c7eca668e8,0x000001c7eca668f8] = 16
 metadata       [0x000001c7eca668f8,0x000001c7eca669c0] = 200
 immutable data [0x000001c7c98a4480,0x000001c7c98a4c08] = 1928
 dependencies   [0x000001c7c98a4480,0x000001c7c98a44b8] = 56
 nul chk table  [0x000001c7c98a44b8,0x000001c7c98a4538] = 128
 handler table  [0x000001c7c98a4538,0x000001c7c98a45f8] = 192
 scopes pcs     [0x000001c7c98a45f8,0x000001c7c98a49d8] = 992
 scopes data    [0x000001c7c98a49d8,0x000001c7c98a4c08] = 560

[Constant Pool (empty)]

[MachCode]
[Instructions begin]
  0x000001c7eca64820: 6666 660f | 1f84 0000 | 0000 0066 | 6666 9066 | 6690 448b | 5208 443b 

  0x000001c7eca64838: ;   {runtime_call Shared Runtime ic_miss_blob}
  0x000001c7eca64838: 5008 0f85 | 209f 1d07 
[Verified Entry Point]
  0x000001c7eca64840: 8984 2400 | 80ff ff55 | 4881 ecd0 | 0000 0090 | 4181 7f20 | 0100 0000 

  0x000001c7eca64858: ;   {runtime_call StubRoutines (final stubs)}
  0x000001c7eca64858: 7405 e8a1 | 101c 074c | 8984 24a8 

  0x000001c7eca64864: ;   {metadata(method data for {method} {0x000001c7c5188430} 'dispatchEventImpl' '(Ljava/awt/AWTEvent;Ljava/lang/Object;)V' in 'java/awt/EventQueue')}
  0x000001c7eca64864: 0000 0048 | be00 0091 | c5c7 0100 | 008b becc | 0000 0083 | c702 89be | cc00 0000 | 81e7 fe07 
  0x000001c7eca64884: 0000 85ff | 0f84 121b | 0000 41c6 | 4016 014d 

  0x000001c7eca64894: ;   {metadata(method data for {method} {0x000001c7c5188430} 'dispatchEventImpl' '(Ljava/awt/AWTEvent;Ljava/lang/Object;)V' in 'java/awt/EventQueue')}
  0x000001c7eca64894: 85c0 48bb | 0000 91c5 | c701 0000 | 750c 808b | 0901 0000 | 01e9 cb00 | 0000 418b | 4008 49ba 
  0x000001c7eca648b4: 0000 0084 | c701 0000 | 4903 c248 | 3b83 1801 | 0000 750d | 4883 8320 | 0100 0001 | e960 0000 
  0x000001c7eca648d4: 0048 3b83 | 2801 0000 | 750d 4883 | 8330 0100 | 0001 e94a | 0000 0048 | 83bb 1801 | 0000 0075 
  0x000001c7eca648f4: 1748 8983 | 1801 0000 | 48c7 8320 | 0100 0001 | 0000 00e9 | 2900 0000 | 4883 bb28 | 0100 0000 
  0x000001c7eca64914: 7517 4889 | 8328 0100 | 0048 c783 | 3001 0000 | 0100 0000 | e908 0000 | 0048 8383 | 1001 0000 
  0x000001c7eca64934: ;   {metadata('java/awt/ActiveEvent')}
  0x000001c7eca64934: 0148 b878 | 8e69 c5c7 | 0100 0041 | 8b58 0849 | ba00 0000 | 84c7 0100 | 0049 03da | 483b 4320 
  0x000001c7eca64954: 0f84 2400 | 0000 483b | d80f 841b | 0000 0053 

  0x000001c7eca64964: ;   {runtime_call C1 Runtime slow_subtype_check_blob}
  0x000001c7eca64964: 50e8 d6c5 | 2907 5b5b | 85db 0f84 | 0500 0000 | e905 0000 | 0048 33f6 | eb05 be01 | 0000 0085 
  0x000001c7eca64984: ;   {metadata(method data for {method} {0x000001c7c5188430} 'dispatchEventImpl' '(Ljava/awt/AWTEvent;Ljava/lang/Object;)V' in 'java/awt/EventQueue')}
  0x000001c7eca64984: f648 be00 | 0091 c5c7 | 0100 00bf | 5001 0000 | 7505 bf40 | 0100 0048 | 8b1c 3e48 | 8d5b 0148 
  0x000001c7eca649a4: 891c 3e0f | 85ab 1500 | 004d 85c9 

  0x000001c7eca649b0: ;   {metadata(method data for {method} {0x000001c7c5188430} 'dispatchEventImpl' '(Ljava/awt/AWTEvent;Ljava/lang/Object;)V' in 'java/awt/EventQueue')}
  0x000001c7eca649b0: 48bb 0000 | 91c5 c701 | 0000 750c | 808b 0102 | 0000 01e9 | b100 0000 | 418b 4108 | 49ba 0000 
  0x000001c7eca649d0: 0084 c701 | 0000 4903 | c248 3b83 | 1002 0000 | 750d 4883 | 8318 0200 | 0001 e960 | 0000 0048 
  0x000001c7eca649f0: 3b83 2002 | 0000 750d | 4883 8328 | 0200 0001 | e94a 0000 | 0048 83bb | 1002 0000 | 0075 1748 
  0x000001c7eca64a10: 8983 1002 | 0000 48c7 | 8318 0200 | 0001 0000 | 00e9 2900 | 0000 4883 | bb20 0200 | 0000 7517 
  0x000001c7eca64a30: 4889 8320 | 0200 0048 | c783 2802 | 0000 0100 | 0000 e908 | 0000 0048 | 8383 0802 

  0x000001c7eca64a4c: ;   {metadata('java/awt/Component')}
  0x000001c7eca64a4c: 0000 0148 | b8f8 0e09 | c5c7 0100 | 0041 8b59 | 0849 ba00 | 0000 84c7 | 0100 0049 | 03da 483b 
  0x000001c7eca64a6c: 4338 0f85 | 0500 0000 | e905 0000 | 0048 33f6 | eb05 be01 | 0000 0085 

  0x000001c7eca64a84: ;   {metadata(method data for {method} {0x000001c7c5188430} 'dispatchEventImpl' '(Ljava/awt/AWTEvent;Ljava/lang/Object;)V' in 'java/awt/EventQueue')}
  0x000001c7eca64a84: f648 be00 | 0091 c5c7 | 0100 00bf | 3802 0000 | 7405 bf48 | 0200 0048 | 8b1c 3e48 | 8d5b 0148 
  0x000001c7eca64aa4: 891c 3e0f | 84e4 0600 | 004d 85c9 

  0x000001c7eca64ab0: ;   {metadata(method data for {method} {0x000001c7c5188430} 'dispatchEventImpl' '(Ljava/awt/AWTEvent;Ljava/lang/Object;)V' in 'java/awt/EventQueue')}
  0x000001c7eca64ab0: 48bf 0000 | 91c5 c701 | 0000 750c | 808f 5102 | 0000 01e9 | b100 0000 | 418b 5908 | 49ba 0000 
  0x000001c7eca64ad0: 0084 c701 | 0000 4903 | da48 3b9f | 6002 0000 | 750d 4883 | 8768 0200 | 0001 e960 | 0000 0048 
  0x000001c7eca64af0: 3b9f 7002 | 0000 750d | 4883 8778 | 0200 0001 | e94a 0000 | 0048 83bf | 6002 0000 | 0075 1748 
  0x000001c7eca64b10: 899f 6002 | 0000 48c7 | 8768 0200 | 0001 0000 | 00e9 2900 | 0000 4883 | bf70 0200 | 0000 7517 
  0x000001c7eca64b30: 4889 9f70 | 0200 0048 | c787 7802 | 0000 0100 | 0000 e908 | 0000 0048 | 8387 5802 

  0x000001c7eca64b4c: ;   {metadata('java/awt/Component')}
  0x000001c7eca64b4c: 0000 0148 | bbf8 0e09 | c5c7 0100 | 0041 8b79 | 0849 ba00 | 0000 84c7 | 0100 0049 | 03fa 483b 
  0x000001c7eca64b6c: 5f38 0f85 | 5218 0000 | e900 0000 | 0049 8bd1 

  0x000001c7eca64b7c: ; implicit exception: dispatches to 0x000001c7eca663cf
  0x000001c7eca64b7c: 483b 0248 

  0x000001c7eca64b80: ;   {metadata(method data for {method} {0x000001c7c5188430} 'dispatchEventImpl' '(Ljava/awt/AWTEvent;Ljava/lang/Object;)V' in 'java/awt/EventQueue')}
  0x000001c7eca64b80: 8bf2 48bf | 0000 91c5 | c701 0000 | 8b76 0849 | ba00 0000 | 84c7 0100 | 0049 03f2 | 483b b790 
  0x000001c7eca64ba0: 0200 0075 | 0d48 8387 | 9802 0000 | 01e9 6000 | 0000 483b | b7a0 0200 | 0075 0d48 | 8387 a802 
  0x000001c7eca64bc0: 0000 01e9 | 4a00 0000 | 4883 bf90 | 0200 0000 | 7517 4889 | b790 0200 | 0048 c787 | 9802 0000 
  0x000001c7eca64be0: 0100 0000 | e929 0000 | 0048 83bf | a002 0000 | 0075 1748 | 89b7 a002 | 0000 48c7 | 87a8 0200 
  0x000001c7eca64c00: 0001 0000 | 00e9 0800 | 0000 4883 | 8788 0200 

  0x000001c7eca64c10: ;   {metadata(method data for {method} {0x000001c7c5084388} 'dispatchEvent' '(Ljava/awt/AWTEvent;)V' in 'java/awt/Component')}
  0x000001c7eca64c10: 0001 48be | a806 91c5 | c701 0000 | 8bbe cc00 | 0000 83c7 | 0289 becc | 0000 0081 | e7fe ff1f 
  0x000001c7eca64c30: 0085 ff0f | 849b 1700 | 0048 8bf2 

  0x000001c7eca64c3c: ;   {metadata(method data for {method} {0x000001c7c5084388} 'dispatchEvent' '(Ljava/awt/AWTEvent;)V' in 'java/awt/Component')}
  0x000001c7eca64c3c: 48bf a806 | 91c5 c701 | 0000 8b76 | 0849 ba00 | 0000 84c7 | 0100 0049 | 03f2 483b | b718 0100 
  0x000001c7eca64c5c: 0075 0d48 | 8387 2001 | 0000 01e9 | 6000 0000 | 483b b728 | 0100 0075 | 0d48 8387 | 3001 0000 
  0x000001c7eca64c7c: 01e9 4a00 | 0000 4883 | bf18 0100 | 0000 7517 | 4889 b718 | 0100 0048 | c787 2001 | 0000 0100 
  0x000001c7eca64c9c: 0000 e929 | 0000 0048 | 83bf 2801 | 0000 0075 | 1748 89b7 | 2801 0000 | 48c7 8730 | 0100 0001 
  0x000001c7eca64cbc: 0000 00e9 | 0800 0000 | 4883 8710 | 0100 0001 | 498b f04c | 8bc6 6666 | 9048 b860 | 1dce cac7 
  0x000001c7eca64cdc: ;   {virtual_call}
  0x000001c7eca64cdc: 0100 00e8 

  0x000001c7eca64ce0: ; ImmutableOopMap {[168]=Oop }
                      ;*invokevirtual dispatchEventImpl {reexecute=0 rethrow=0 return_oop=0}
                      ; - java.awt.Component::dispatchEvent@2 (line 4790)
                      ; - java.awt.EventQueue::dispatchEventImpl@41 (line 725)
  0x000001c7eca64ce0: 6c84 4907 

  0x000001c7eca64ce4: ;   {post_call_nop}
  0x000001c7eca64ce4: 0f1f 8400 | 5c08 0000 | 4c8b 8424 | a800 0000 

  0x000001c7eca64cf4: ;   {metadata(method data for {method} {0x000001c7c5188430} 'dispatchEventImpl' '(Ljava/awt/AWTEvent;Ljava/lang/Object;)V' in 'java/awt/EventQueue')}
  0x000001c7eca64cf4: 48be 0000 | 91c5 c701 | 0000 458b | 4008 49ba | 0000 0084 | c701 0000 | 4d03 c24c | 3b86 c002 
  0x000001c7eca64d14: 0000 750d | 4883 86c8 | 0200 0001 | e960 0000 | 004c 3b86 | d002 0000 | 750d 4883 | 86d8 0200 
  0x000001c7eca64d34: 0001 e94a | 0000 0048 | 83be c002 | 0000 0075 | 174c 8986 | c002 0000 | 48c7 86c8 | 0200 0001 
  0x000001c7eca64d54: 0000 00e9 | 2900 0000 | 4883 bed0 | 0200 0000 | 7517 4c89 | 86d0 0200 | 0048 c786 | d802 0000 
  0x000001c7eca64d74: 0100 0000 | e908 0000 | 0048 8386 | b802 0000 

  0x000001c7eca64d84: ;   {metadata(method data for {method} {0x000001c7c50d79e8} 'dispatched' '()V' in 'java/awt/AWTEvent')}
  0x000001c7eca64d84: 0148 be30 | 0891 c5c7 | 0100 008b | becc 0000 | 0083 c702 | 89be cc00 | 0000 81e7 | feff 1f00 
  0x000001c7eca64da4: 85ff 0f84 | 4916 0000 | 4c8b 8424 | a800 0000 

  0x000001c7eca64db4: ;   {metadata(method data for {method} {0x000001c7c50d79e8} 'dispatched' '()V' in 'java/awt/AWTEvent')}
  0x000001c7eca64db4: 4d85 c048 | bb30 0891 | c5c7 0100 | 0075 0c80 | 8b09 0100 | 0001 e9b1 | 0000 0041 | 8b40 0849 
  0x000001c7eca64dd4: ba00 0000 | 84c7 0100 | 0049 03c2 | 483b 8318 | 0100 0075 | 0d48 8383 | 2001 0000 | 01e9 6000 
  0x000001c7eca64df4: 0000 483b | 8328 0100 | 0075 0d48 | 8383 3001 | 0000 01e9 | 4a00 0000 | 4883 bb18 | 0100 0000 
  0x000001c7eca64e14: 7517 4889 | 8318 0100 | 0048 c783 | 2001 0000 | 0100 0000 | e929 0000 | 0048 83bb | 2801 0000 
  0x000001c7eca64e34: 0075 1748 | 8983 2801 | 0000 48c7 | 8330 0100 | 0001 0000 | 00e9 0800 | 0000 4883 | 8310 0100 
  0x000001c7eca64e54: ;   {metadata('java/awt/event/InputEvent')}
  0x000001c7eca64e54: 0001 48b8 | d8d3 10c5 | c701 0000 | 418b 5808 | 49ba 0000 | 0084 c701 | 0000 4903 | da48 3b43 
  0x000001c7eca64e74: 500f 8505 | 0000 00e9 | 0500 0000 | 4833 f6eb | 05be 0100 | 0000 85f6 

  0x000001c7eca64e8c: ;   {metadata(method data for {method} {0x000001c7c50d79e8} 'dispatched' '()V' in 'java/awt/AWTEvent')}
  0x000001c7eca64e8c: 48be 3008 | 91c5 c701 | 0000 bf40 | 0100 0074 | 05bf 5001 | 0000 488b | 1c3e 488d | 5b01 4889 
  0x000001c7eca64eac: 1c3e 0f84 | c914 0000 

  0x000001c7eca64eb4: ;   {metadata(method data for {method} {0x000001c7c50d79e8} 'dispatched' '()V' in 'java/awt/AWTEvent')}
  0x000001c7eca64eb4: 48be 3008 | 91c5 c701 | 0000 4883 | 8660 0100 

  0x000001c7eca64ec4: ;   {metadata(method data for {method} {0x000001c7c50f1ba0} 'getInputEventAccessor' '()Lsun/awt/AWTAccessor$InputEventAccessor;' in 'sun/awt/AWTAccessor')}
  0x000001c7eca64ec4: 0001 48be | 400a 91c5 | c701 0000 | 8bbe cc00 | 0000 83c7 | 0289 becc | 0000 0081 | e7fe ff1f 
  0x000001c7eca64ee4: 0085 ff0f | 8429 1500 

  0x000001c7eca64eec: ;   {oop(a 'java/lang/Class'{0x0000000715783430} = 'sun/awt/AWTAccessor')}
  0x000001c7eca64eec: 0048 be30 | 3478 1507 | 0000 008b | b684 0000 | 0048 c1e6 | 0348 85f6 

  0x000001c7eca64f04: ;   {metadata(method data for {method} {0x000001c7c50f1ba0} 'getInputEventAccessor' '()Lsun/awt/AWTAccessor$InputEventAccessor;' in 'sun/awt/AWTAccessor')}
  0x000001c7eca64f04: 48bf 400a | 91c5 c701 | 0000 bb10 | 0100 0075 | 05bb 2001 | 0000 488b | 041f 488d | 4001 4889 
  0x000001c7eca64f24: 041f 0f85 | f412 0000 

  0x000001c7eca64f2c: ;   {metadata(method data for {method} {0x000001c7c50f1ba0} 'getInputEventAccessor' '()Lsun/awt/AWTAccessor$InputEventAccessor;' in 'sun/awt/AWTAccessor')}
  0x000001c7eca64f2c: 48be 400a | 91c5 c701 | 0000 4883 | 8630 0100 

  0x000001c7eca64f3c: ;   {metadata(method data for {method} {0x000001c7c50f4360} 'ensureClassInitialized' '(Ljava/lang/Class;)V' in 'sun/awt/AWTAccessor')}
  0x000001c7eca64f3c: 0001 48be | 3044 6bc5 | c701 0000 | 8bbe cc00 | 0000 83c7 | 0289 becc | 0000 0081 | e7fe ff1f 
  0x000001c7eca64f5c: 0085 ff0f | 84d2 1400 

  0x000001c7eca64f64: ;   {metadata(method data for {method} {0x000001c7c50f4360} 'ensureClassInitialized' '(Ljava/lang/Class;)V' in 'sun/awt/AWTAccessor')}
  0x000001c7eca64f64: 0048 be30 | 446b c5c7 | 0100 0048 | 8386 1001 

  0x000001c7eca64f74: ;   {metadata(method data for {method} {0x000001c78444ab28} 'lookup' '()Ljava/lang/invoke/MethodHandles$Lookup;' in 'java/lang/invoke/MethodHandles')}
  0x000001c7eca64f74: 0000 0148 | be80 466b | c5c7 0100 | 008b becc | 0000 0083 | c702 89be | cc00 0000 | 81e7 feff 
  0x000001c7eca64f94: 1f00 85ff | 0f84 ba14 

  0x000001c7eca64f9c: ;   {metadata(method data for {method} {0x000001c78444ab28} 'lookup' '()Ljava/lang/invoke/MethodHandles$Lookup;' in 'java/lang/invoke/MethodHandles')}
  0x000001c7eca64f9c: 0000 48be | 8046 6bc5 | c701 0000 | 4883 8610 | 0100 0001 | 0f1f 8000 

  0x000001c7eca64fb4: ;   {static_call}
  0x000001c7eca64fb4: 0000 00e8 

  0x000001c7eca64fb8: ; ImmutableOopMap {[168]=Oop }
                      ;*invokestatic getCallerClass {reexecute=0 rethrow=0 return_oop=0}
                      ; - java.lang.invoke.MethodHandles::lookup@0 (line 126)
                      ; - sun.awt.AWTAccessor::ensureClassInitialized@0 (line 1464)
                      ; - sun.awt.AWTAccessor::getInputEventAccessor@10 (line 963)
                      ; - java.awt.AWTEvent::dispatched@7 (line 571)
                      ; - java.awt.EventQueue::dispatchEventImpl@45 (line 726)
  0x000001c7eca64fb8: a4a0 1d07 

  0x000001c7eca64fbc: ;   {post_call_nop}
  0x000001c7eca64fbc: 0f1f 8400 | 340b 0001 | 4c8b c04d 

  0x000001c7eca64fc8: ;   {metadata(method data for {method} {0x000001c78444ab28} 'lookup' '()Ljava/lang/invoke/MethodHandles$Lookup;' in 'java/lang/invoke/MethodHandles')}
  0x000001c7eca64fc8: 85c0 48ba | 8046 6bc5 | c701 0000 | be30 0100 | 0074 05be | 2001 0000 | 488b 3c32 | 488d 7f01 
  0x000001c7eca64fe8: 4889 3c32 | 0f84 5511 

  0x000001c7eca64ff0: ;   {metadata('java/lang/invoke/MethodHandles$Lookup')}
  0x000001c7eca64ff0: 0000 48ba | b8a5 1e84 | c701 0000 | 498b 87c8 | 0100 0048 | 8d78 2049 | 3bbf d801 | 0000 0f87 
  0x000001c7eca65010: 6514 0000 | 4989 bfc8 | 0100 0048 | c700 0100 | 0000 488b | ca49 ba00 | 0000 84c7 | 0100 0049 
  0x000001c7eca65030: 2bca 8948 | 0848 33c9 | 8948 0c48 | 33c9 4889 | 4810 4889 | 4818 4c8b 

  0x000001c7eca65048: ;   {metadata(method data for {method} {0x000001c78444ab28} 'lookup' '()Ljava/lang/invoke/MethodHandles$Lookup;' in 'java/lang/invoke/MethodHandles')}
  0x000001c7eca65048: c848 bf80 | 466b c5c7 | 0100 0048 | 8387 5001 

  0x000001c7eca65058: ;   {metadata(method data for {method} {0x000001c78444edd8} '<init>' '(Ljava/lang/Class;)V' in 'java/lang/invoke/MethodHandles$Lookup')}
  0x000001c7eca65058: 0000 0149 | b9b8 486b | c5c7 0100 | 0041 8bb9 | cc00 0000 | 83c7 0241 | 89b9 cc00 | 0000 81e7 
  0x000001c7eca65078: feff 1f00 | 85ff 0f84 | 0214 0000 

  0x000001c7eca65084: ;   {metadata(method data for {method} {0x000001c78444edd8} '<init>' '(Ljava/lang/Class;)V' in 'java/lang/invoke/MethodHandles$Lookup')}
  0x000001c7eca65084: 4c8b c848 | bfb8 486b | c5c7 0100 | 0048 8387 | 1001 0000 

  0x000001c7eca65098: ;   {oop(nullptr)}
  0x000001c7eca65098: 0149 b900 | 0000 0000 | 0000 00bf | 5f00 0000 | 488b d048 | 8984 24b0 | 0000 000f 

  0x000001c7eca650b4: ;   {optimized virtual_call}
  0x000001c7eca650b4: 1f40 00e8 

  0x000001c7eca650b8: ; ImmutableOopMap {[168]=Oop [176]=Oop }
                      ;*invokespecial <init> {reexecute=0 rethrow=0 return_oop=0}
                      ; - java.lang.invoke.MethodHandles$Lookup::<init>@5 (line 1534)
                      ; - java.lang.invoke.MethodHandles::lookup@23 (line 130)
                      ; - sun.awt.AWTAccessor::ensureClassInitialized@0 (line 1464)
                      ; - sun.awt.AWTAccessor::getInputEventAccessor@10 (line 963)
                      ; - java.awt.AWTEvent::dispatched@7 (line 571)
                      ; - java.awt.EventQueue::dispatchEventImpl@45 (line 726)
  0x000001c7eca650b8: a499 1d07 

  0x000001c7eca650bc: ;   {post_call_nop}
  0x000001c7eca650bc: 0f1f 8400 | 340c 0002 | 488b 8424 | b000 0000 

  0x000001c7eca650cc: ;   {metadata(method data for {method} {0x000001c7c50f4360} 'ensureClassInitialized' '(Ljava/lang/Class;)V' in 'sun/awt/AWTAccessor')}
  0x000001c7eca650cc: 4c8b c048 | ba30 446b | c5c7 0100 | 0045 8b40 | 0849 ba00 | 0000 84c7 | 0100 004d | 03c2 4c3b 
  0x000001c7eca650ec: 8228 0100 | 0075 0d48 | 8382 3001 | 0000 01e9 | 6000 0000 | 4c3b 8238 | 0100 0075 | 0d48 8382 
  0x000001c7eca6510c: 4001 0000 | 01e9 4a00 | 0000 4883 | ba28 0100 | 0000 7517 | 4c89 8228 | 0100 0048 | c782 3001 
  0x000001c7eca6512c: 0000 0100 | 0000 e929 | 0000 0048 | 83ba 3801 | 0000 0075 | 174c 8982 | 3801 0000 | 48c7 8240 
  0x000001c7eca6514c: 0100 0001 | 0000 00e9 | 0800 0000 | 4883 8220 | 0100 0001 

  0x000001c7eca65160: ;   {oop(a 'java/lang/Class'{0x00000007157c3900} = 'java/awt/event/InputEvent')}
  0x000001c7eca65160: 49b8 0039 | 7c15 0700 | 0000 488b 

  0x000001c7eca6516c: ;   {optimized virtual_call}
  0x000001c7eca6516c: d066 90e8 

  0x000001c7eca65170: ; ImmutableOopMap {[168]=Oop }
                      ;*invokevirtual ensureInitialized {reexecute=0 rethrow=0 return_oop=0}
                      ; - sun.awt.AWTAccessor::ensureClassInitialized@4 (line 1464)
                      ; - sun.awt.AWTAccessor::getInputEventAccessor@10 (line 963)
                      ; - java.awt.AWTEvent::dispatched@7 (line 571)
                      ; - java.awt.EventQueue::dispatchEventImpl@45 (line 726)
  0x000001c7eca65170: ec98 1d07 

  0x000001c7eca65174: ;   {post_call_nop}
  0x000001c7eca65174: 0f1f 8400 | ec0c 0003 

  0x000001c7eca6517c: ;   {metadata(method data for {method} {0x000001c7c50f4360} 'ensureClassInitialized' '(Ljava/lang/Class;)V' in 'sun/awt/AWTAccessor')}
  0x000001c7eca6517c: 48ba 3044 | 6bc5 c701 | 0000 ff82 | 5001 0000 | e97b 1000 | 004d 85c9 

  0x000001c7eca65194: ;   {metadata(method data for {method} {0x000001c7c5188430} 'dispatchEventImpl' '(Ljava/awt/AWTEvent;Ljava/lang/Object;)V' in 'java/awt/EventQueue')}
  0x000001c7eca65194: 48bb 0000 | 91c5 c701 | 0000 750c | 808b f902 | 0000 01e9 | b000 0000 | 418b 4108 | 49ba 0000 
  0x000001c7eca651b4: 0084 c701 | 0000 4903 | c248 3b83 | 0803 0000 | 750d 4883 | 8310 0300 | 0001 e960 | 0000 0048 
  0x000001c7eca651d4: 3b83 1803 | 0000 750d | 4883 8320 | 0300 0001 | e94a 0000 | 0048 83bb | 0803 0000 | 0075 1748 
  0x000001c7eca651f4: 8983 0803 | 0000 48c7 | 8310 0300 | 0001 0000 | 00e9 2900 | 0000 4883 | bb18 0300 | 0000 7517 
  0x000001c7eca65214: 4889 8318 | 0300 0048 | c783 2003 | 0000 0100 | 0000 e908 | 0000 0048 | 8383 0003 

  0x000001c7eca65230: ;   {metadata('java/awt/MenuComponent')}
  0x000001c7eca65230: 0000 0148 | b848 998e | c5c7 0100 | 0041 8b79 | 0849 ba00 | 0000 84c7 | 0100 0049 | 03fa 483b 
  0x000001c7eca65250: c70f 8505 | 0000 00e9 | 0500 0000 | 4833 f6eb | 05be 0100 | 0000 85f6 

  0x000001c7eca65268: ;   {metadata(method data for {method} {0x000001c7c5188430} 'dispatchEventImpl' '(Ljava/awt/AWTEvent;Ljava/lang/Object;)V' in 'java/awt/EventQueue')}
  0x000001c7eca65268: 48be 0000 | 91c5 c701 | 0000 bf40 | 0300 0075 | 05bf 3003 | 0000 488b | 1c3e 488d | 5b01 4889 
  0x000001c7eca65288: 1c3e 0f85 | 280b 0000 

  0x000001c7eca65290: ;   {metadata(method data for {method} {0x000001c7c5188430} 'dispatchEventImpl' '(Ljava/awt/AWTEvent;Ljava/lang/Object;)V' in 'java/awt/EventQueue')}
  0x000001c7eca65290: 4d85 c948 | bb00 0091 | c5c7 0100 | 0075 0c80 | 8bc1 0300 | 0001 e9dd | 0000 0041 | 8b41 0849 
  0x000001c7eca652b0: ba00 0000 | 84c7 0100 | 0049 03c2 | 483b 83d0 | 0300 0075 | 0d48 8383 | d803 0000 | 01e9 6000 
  0x000001c7eca652d0: 0000 483b | 83e0 0300 | 0075 0d48 | 8383 e803 | 0000 01e9 | 4a00 0000 | 4883 bbd0 | 0300 0000 
  0x000001c7eca652f0: 7517 4889 | 83d0 0300 | 0048 c783 | d803 0000 | 0100 0000 | e929 0000 | 0048 83bb | e003 0000 
  0x000001c7eca65310: 0075 1748 | 8983 e003 | 0000 48c7 | 83e8 0300 | 0001 0000 | 00e9 0800 | 0000 4883 | 83c8 0300 
  0x000001c7eca65330: 0001 660f | 1f44 0000 

  0x000001c7eca65338: ;   {no_reloc}
  0x000001c7eca65338: e979 1100 | 0000 0000 | 0000 418b | 5908 49ba | 0000 0084 | c701 0000 | 4903 da48 | 3bd8 0f84 
  0x000001c7eca65358: 3100 0000 | 8b78 1448 | 3b04 3b0f | 8424 0000 | 0083 ff20 | 0f85 1600 | 0000 5350 

  0x000001c7eca65374: ;   {runtime_call C1 Runtime slow_subtype_check_blob}
  0x000001c7eca65374: e8c7 bb29 | 075b 5885 | c00f 8405 | 0000 00e9 | 0500 0000 | 4833 f6eb | 05be 0100 | 0000 85f6 
  0x000001c7eca65394: ;   {metadata(method data for {method} {0x000001c7c5188430} 'dispatchEventImpl' '(Ljava/awt/AWTEvent;Ljava/lang/Object;)V' in 'java/awt/EventQueue')}
  0x000001c7eca65394: 48be 0000 | 91c5 c701 | 0000 bf08 | 0400 0075 | 05bf f803 | 0000 488b | 1c3e 488d | 5b01 4889 
  0x000001c7eca653b4: 1c3e 0f85 | be08 0000 

  0x000001c7eca653bc: ;   {metadata(method data for {method} {0x000001c7c5188430} 'dispatchEventImpl' '(Ljava/awt/AWTEvent;Ljava/lang/Object;)V' in 'java/awt/EventQueue')}
  0x000001c7eca653bc: 4d85 c948 | bb00 0091 | c5c7 0100 | 0075 0c80 | 8b89 0400 | 0001 e9b0 | 0000 0041 | 8b41 0849 
  0x000001c7eca653dc: ba00 0000 | 84c7 0100 | 0049 03c2 | 483b 8398 | 0400 0075 | 0d48 8383 | a004 0000 | 01e9 6000 
  0x000001c7eca653fc: 0000 483b | 83a8 0400 | 0075 0d48 | 8383 b004 | 0000 01e9 | 4a00 0000 | 4883 bb98 | 0400 0000 
  0x000001c7eca6541c: 7517 4889 | 8398 0400 | 0048 c783 | a004 0000 | 0100 0000 | e929 0000 | 0048 83bb | a804 0000 
  0x000001c7eca6543c: 0075 1748 | 8983 a804 | 0000 48c7 | 83b0 0400 | 0001 0000 | 00e9 0800 | 0000 4883 | 8390 0400 
  0x000001c7eca6545c: ;   {metadata('sun/awt/AWTAutoShutdown')}
  0x000001c7eca6545c: 0001 48b8 | 18c2 0685 | c701 0000 | 418b 7908 | 49ba 0000 | 0084 c701 | 0000 4903 | fa48 3bc7 
  0x000001c7eca6547c: 0f85 0500 | 0000 e905 | 0000 0048 | 33f6 eb05 | be01 0000 

  0x000001c7eca65490: ;   {metadata(method data for {method} {0x000001c7c5188430} 'dispatchEventImpl' '(Ljava/awt/AWTEvent;Ljava/lang/Object;)V' in 'java/awt/EventQueue')}
  0x000001c7eca65490: 0085 f648 | be00 0091 | c5c7 0100 | 00bf c004 | 0000 7405 | bfd0 0400 | 0048 8b1c | 3e48 8d5b 
  0x000001c7eca654b0: 0148 891c | 3e0f 8448 | 0100 0048 

  0x000001c7eca654bc: ;   {metadata(method data for {method} {0x000001c7c5188430} 'dispatchEventImpl' '(Ljava/awt/AWTEvent;Ljava/lang/Object;)V' in 'java/awt/EventQueue')}
  0x000001c7eca654bc: 8bf2 48bf | 0000 91c5 | c701 0000 | 4883 87e0 | 0400 0001 

  0x000001c7eca654d0: ;   {metadata(method data for {method} {0x000001c7c5187a68} 'noEvents' '()Z' in 'java/awt/EventQueue')}
  0x000001c7eca654d0: 48be 2027 | 83c5 c701 | 0000 8bbe | cc00 0000 | 83c7 0289 | becc 0000 | 0081 e7fe | ff1f 0085 
  0x000001c7eca654f0: ff0f 84c9 | 0f00 00be | 0000 0000 | e994 0000 | 000f 1f80 | 0000 0000 | 8b7a 2048 | c1e7 033b 
  0x000001c7eca65510: 770c 0f83 | d30f 0000 | 4863 de8b | 7c9f 1048 | c1e7 038b | 7f0c 48c1 | e703 4885 

  0x000001c7eca6552c: ;   {metadata(method data for {method} {0x000001c7c5187a68} 'noEvents' '()Z' in 'java/awt/EventQueue')}
  0x000001c7eca6552c: ff48 bf20 | 2783 c5c7 | 0100 00bb | 4001 0000 | 7505 bb30 | 0100 0048 | 8b04 1f48 | 8d40 0148 
  0x000001c7eca6554c: 8904 1f0f | 8570 0000 

  0x000001c7eca65554: ;   {metadata(method data for {method} {0x000001c7c5187a68} 'noEvents' '()Z' in 'java/awt/EventQueue')}
  0x000001c7eca65554: 00ff c648 | bf20 2783 | c5c7 0100 | 008b 9fd0 | 0000 0083 | c302 899f | d000 0000 | 81e3 fe3f 
  0x000001c7eca65574: 0000 85db | 0f84 800f | 0000 4d8b 

  0x000001c7eca65580: ; ImmutableOopMap {rdx=Oop }
                      ;*goto {reexecute=1 rethrow=0 return_oop=0}
                      ; - (reexecute) java.awt.EventQueue::noEvents@24 (line 520)
                      ; - java.awt.EventQueue::dispatchEventImpl@95 (line 732)
                      ;   {poll}
  0x000001c7eca65580: 5730 4185 

  0x000001c7eca65584: ;   {metadata(method data for {method} {0x000001c7c5187a68} 'noEvents' '()Z' in 'java/awt/EventQueue')}
  0x000001c7eca65584: 0248 bf20 | 2783 c5c7 | 0100 00ff | 8750 0100 | 0083 fe04 

  0x000001c7eca65598: ;   {metadata(method data for {method} {0x000001c7c5187a68} 'noEvents' '()Z' in 'java/awt/EventQueue')}
  0x000001c7eca65598: 48bf 2027 | 83c5 c701 | 0000 bb10 | 0100 007d | 05bb 2001 | 0000 488b | 041f 488d | 4001 4889 
  0x000001c7eca655b8: 041f 0f8d | 0f00 0000 | e943 ffff | ffbe 0000 | 0000 e905 | 0000 00be | 0100 0000 

  0x000001c7eca655d4: ;   {metadata(method data for {method} {0x000001c7c5188430} 'dispatchEventImpl' '(Ljava/awt/AWTEvent;Ljava/lang/Object;)V' in 'java/awt/EventQueue')}
  0x000001c7eca655d4: 85f6 48be | 0000 91c5 | c701 0000 | bf10 0500 | 0074 05bf | 2005 0000 | 488b 1c3e | 488d 5b01 
  0x000001c7eca655f4: 4889 1c3e | 0f84 8f0d | 0000 e9ec 

  0x000001c7eca65600: ;   {metadata(method data for {method} {0x000001c7c5188430} 'dispatchEventImpl' '(Ljava/awt/AWTEvent;Ljava/lang/Object;)V' in 'java/awt/EventQueue')}
  0x000001c7eca65600: 0500 0048 | ba00 0091 | c5c7 0100 | 0048 8382 | 7805 0000 

  0x000001c7eca65614: ;   {metadata(method data for {method} {0x000001c7c5186838} 'getEventLog' '()Lsun/util/logging/PlatformLogger;' in 'java/awt/EventQueue')}
  0x000001c7eca65614: 0148 ba30 | 0e91 c5c7 | 0100 008b | b2cc 0000 | 0083 c602 | 89b2 cc00 | 0000 81e6 | feff 1f00 
  0x000001c7eca65634: 85f6 0f84 | e30e 0000 

  0x000001c7eca6563c: ;   {oop(a 'java/lang/Class'{0x00000007157ea9a8} = 'java/awt/EventQueue')}
  0x000001c7eca6563c: 48ba a8a9 | 7e15 0700 | 0000 8b52 | 7848 c1e2 | 0348 85d2 

  0x000001c7eca65650: ;   {metadata(method data for {method} {0x000001c7c5186838} 'getEventLog' '()Lsun/util/logging/PlatformLogger;' in 'java/awt/EventQueue')}
  0x000001c7eca65650: 48ba 300e | 91c5 c701 | 0000 be10 | 0100 0075 | 05be 2001 | 0000 488b | 3c32 488d | 7f01 4889 
  0x000001c7eca65670: 3c32 0f85 | 6800 0000 

  0x000001c7eca65678: ;   {metadata(method data for {method} {0x000001c7c5186838} 'getEventLog' '()Lsun/util/logging/PlatformLogger;' in 'java/awt/EventQueue')}
  0x000001c7eca65678: 48ba 300e | 91c5 c701 | 0000 4883 | 8230 0100 

  0x000001c7eca65688: ;   {oop("java.awt.event.EventQueue"{0x0000000714beba38})}
  0x000001c7eca65688: 0001 48ba | 38ba be14 | 0700 0000 

  0x000001c7eca65694: ;   {static_call}
  0x000001c7eca65694: 6666 90e8 

  0x000001c7eca65698: ; ImmutableOopMap {[168]=Oop }
                      ;*invokestatic getLogger {reexecute=0 rethrow=0 return_oop=0}
                      ; - java.awt.EventQueue::getEventLog@8 (line 181)
                      ; - java.awt.EventQueue::dispatchEventImpl@111 (line 736)
  0x000001c7eca65698: c499 1d07 

  0x000001c7eca6569c: ;   {post_call_nop}
  0x000001c7eca6569c: 0f1f 8400 | 1412 0005 

  0x000001c7eca656a4: ;   {oop(a 'java/lang/Class'{0x00000007157ea9a8} = 'java/awt/EventQueue')}
  0x000001c7eca656a4: 49b8 a8a9 | 7e15 0700 | 0000 410f | be57 4885 | d20f 8585 | 0e00 004c | 8bd0 49c1 | ea03 4589 
  0x000001c7eca656c4: 5078 f083 | 4424 c000 | 498b d048 | 33d0 48c1 | ea15 4883 | fa00 0f85 | 800e 0000 

  0x000001c7eca656e0: ;   {oop(a 'java/lang/Class'{0x00000007157ea9a8} = 'java/awt/EventQueue')}
  0x000001c7eca656e0: 49b8 a8a9 | 7e15 0700 | 0000 458b | 4078 49c1 | e003 493b | 0049 8bd0 

  0x000001c7eca656f8: ;   {metadata(method data for {method} {0x000001c7c5188430} 'dispatchEventImpl' '(Ljava/awt/AWTEvent;Ljava/lang/Object;)V' in 'java/awt/EventQueue')}
  0x000001c7eca656f8: 48be 0000 | 91c5 c701 

  0x000001c7eca65700: ;   {metadata('sun/util/logging/PlatformLogger')}
  0x000001c7eca65700: 0000 49ba | 30f2 0485 | c701 0000 | 4c89 9690 | 0500 0048 | 8386 9805 

  0x000001c7eca65718: ;   {metadata(method data for {method} {0x000001c7c50d91f8} 'isLoggable' '(Lsun/util/logging/PlatformLogger$Level;)Z' in 'sun/util/logging/PlatformLogger')}
  0x000001c7eca65718: 0000 0148 | bab8 ef3d | c5c7 0100 | 008b b2cc | 0000 0083 | c602 89b2 | cc00 0000 | 81e6 feff 
  0x000001c7eca65738: 1f00 85f6 | 0f84 3b0e 

  0x000001c7eca65740: ;   {metadata(method data for {method} {0x000001c7c50d91f8} 'isLoggable' '(Lsun/util/logging/PlatformLogger$Level;)Z' in 'sun/util/logging/PlatformLogger')}
  0x000001c7eca65740: 0000 48ba | b8ef 3dc5 | c701 0000 | ff82 1001 | 0000 418b | 500c 48c1 | e203 483b | 024c 8bc2 
  0x000001c7eca65760: ;   {metadata(method data for {method} {0x000001c7c50d91f8} 'isLoggable' '(Lsun/util/logging/PlatformLogger$Level;)Z' in 'sun/util/logging/PlatformLogger')}
  0x000001c7eca65760: 48be b8ef | 3dc5 c701 | 0000 458b | 4008 49ba | 0000 0084 | c701 0000 | 4d03 c24c | 3b86 4801 
  0x000001c7eca65780: 0000 750d | 4883 8650 | 0100 0001 | e960 0000 | 004c 3b86 | 5801 0000 | 750d 4883 | 8660 0100 
  0x000001c7eca657a0: 0001 e94a | 0000 0048 | 83be 4801 | 0000 0075 | 174c 8986 | 4801 0000 | 48c7 8650 | 0100 0001 
  0x000001c7eca657c0: 0000 00e9 | 2900 0000 | 4883 be58 | 0100 0000 | 7517 4c89 | 8658 0100 | 0048 c786 | 6001 0000 
  0x000001c7eca657e0: 0100 0000 | e908 0000 | 0048 8386 | 4001 0000 

  0x000001c7eca657f0: ;   {oop(a 'sun/util/logging/PlatformLogger$Level'{0x000000071577bb48})}
  0x000001c7eca657f0: 0149 b848 | bb77 1507 | 0000 0066 | 9048 b888 | 1dce cac7 

  0x000001c7eca65804: ;   {virtual_call}
  0x000001c7eca65804: 0100 00e8 

  0x000001c7eca65808: ; ImmutableOopMap {[168]=Oop }
                      ;*invokeinterface isLoggable {reexecute=0 rethrow=0 return_oop=0}
                      ; - sun.util.logging.PlatformLogger::isLoggable@17 (line 340)
                      ; - java.awt.EventQueue::dispatchEventImpl@117 (line 736)
  0x000001c7eca65808: 5495 1d07 

  0x000001c7eca6580c: ;   {post_call_nop}
  0x000001c7eca6580c: 0f1f 8400 | 8413 0006 | 83e0 0185 

  0x000001c7eca65818: ;   {metadata(method data for {method} {0x000001c7c5188430} 'dispatchEventImpl' '(Ljava/awt/AWTEvent;Ljava/lang/Object;)V' in 'java/awt/EventQueue')}
  0x000001c7eca65818: c048 ba00 | 0091 c5c7 | 0100 00be | b805 0000 | 7405 bec8 | 0500 0048 | 8b3c 3248 | 8d7f 0148 
  0x000001c7eca65838: 893c 320f | 844c 0b00 

  0x000001c7eca65840: ;   {metadata(method data for {method} {0x000001c7c5188430} 'dispatchEventImpl' '(Ljava/awt/AWTEvent;Ljava/lang/Object;)V' in 'java/awt/EventQueue')}
  0x000001c7eca65840: 0048 ba00 | 0091 c5c7 | 0100 0048 | 8382 d805 

  0x000001c7eca65850: ;   {metadata(method data for {method} {0x000001c7c5186838} 'getEventLog' '()Lsun/util/logging/PlatformLogger;' in 'java/awt/EventQueue')}
  0x000001c7eca65850: 0000 0148 | ba30 0e91 | c5c7 0100 | 008b b2cc | 0000 0083 | c602 89b2 | cc00 0000 | 81e6 feff 
  0x000001c7eca65870: 1f00 85f6 | 0f84 290d 

  0x000001c7eca65878: ;   {oop(a 'java/lang/Class'{0x00000007157ea9a8} = 'java/awt/EventQueue')}
  0x000001c7eca65878: 0000 48ba | a8a9 7e15 | 0700 0000 | 8b52 7848 | c1e2 0348 

  0x000001c7eca6588c: ;   {metadata(method data for {method} {0x000001c7c5186838} 'getEventLog' '()Lsun/util/logging/PlatformLogger;' in 'java/awt/EventQueue')}
  0x000001c7eca6588c: 85d2 48ba | 300e 91c5 | c701 0000 | be10 0100 | 0075 05be | 2001 0000 | 488b 3c32 | 488d 7f01 
  0x000001c7eca658ac: 4889 3c32 | 0f85 6a00 

  0x000001c7eca658b4: ;   {metadata(method data for {method} {0x000001c7c5186838} 'getEventLog' '()Lsun/util/logging/PlatformLogger;' in 'java/awt/EventQueue')}
  0x000001c7eca658b4: 0000 48ba | 300e 91c5 | c701 0000 | 4883 8230 | 0100 0001 

  0x000001c7eca658c8: ;   {oop("java.awt.event.EventQueue"{0x0000000714beba38})}
  0x000001c7eca658c8: 48ba 38ba | be14 0700 | 0000 0f1f 

  0x000001c7eca658d4: ;   {static_call}
  0x000001c7eca658d4: 4400 00e8 

  0x000001c7eca658d8: ; ImmutableOopMap {[168]=Oop }
                      ;*invokestatic getLogger {reexecute=0 rethrow=0 return_oop=0}
                      ; - java.awt.EventQueue::getEventLog@8 (line 181)
                      ; - java.awt.EventQueue::dispatchEventImpl@123 (line 737)
  0x000001c7eca658d8: 8497 1d07 

  0x000001c7eca658dc: ;   {post_call_nop}
  0x000001c7eca658dc: 0f1f 8400 | 5414 0007 

  0x000001c7eca658e4: ;   {oop(a 'java/lang/Class'{0x00000007157ea9a8} = 'java/awt/EventQueue')}
  0x000001c7eca658e4: 48ba a8a9 | 7e15 0700 | 0000 410f | be77 4885 | f60f 85c9 | 0c00 004c | 8bd0 49c1 | ea03 4489 
  0x000001c7eca65904: 5278 f083 | 4424 c000 | 488b f248 | 33f0 48c1 | ee15 4883 | fe00 0f85 | c30c 0000 

  0x000001c7eca65920: ;   {oop(a 'java/lang/Class'{0x00000007157ea9a8} = 'java/awt/EventQueue')}
  0x000001c7eca65920: 48ba a8a9 | 7e15 0700 | 0000 8b72 | 7848 c1e6 | 0348 89b4 | 24b8 0000 | 004c 8b84 | 24a8 0000 
  0x000001c7eca65940: ;   {metadata(method data for {method} {0x000001c7c5188430} 'dispatchEventImpl' '(Ljava/awt/AWTEvent;Ljava/lang/Object;)V' in 'java/awt/EventQueue')}
  0x000001c7eca65940: 0048 ba00 | 0091 c5c7 | 0100 0048 | 8382 e805 

  0x000001c7eca65950: ;   {metadata(method data for {method} {0x000001c78447e890} 'valueOf' '(Ljava/lang/Object;)Ljava/lang/String;' in 'java/lang/String')}
  0x000001c7eca65950: 0000 0148 | ba10 4420 | c5c7 0100 | 008b bacc | 0000 0083 | c702 89ba | cc00 0000 | 81e7 feff 
  0x000001c7eca65970: 1f00 85ff | 0f84 810c | 0000 4d85 

  0x000001c7eca6597c: ;   {metadata(method data for {method} {0x000001c78447e890} 'valueOf' '(Ljava/lang/Object;)Ljava/lang/String;' in 'java/lang/String')}
  0x000001c7eca6597c: c048 ba10 | 4420 c5c7 | 0100 00bf | 1001 0000 | 7505 bf20 | 0100 0048 | 8b1c 3a48 | 8d5b 0148 
  0x000001c7eca6599c: 891c 3a0f | 851f 0000 

  0x000001c7eca659a4: ;   {metadata(method data for {method} {0x000001c78447e890} 'valueOf' '(Ljava/lang/Object;)Ljava/lang/String;' in 'java/lang/String')}
  0x000001c7eca659a4: 0048 ba10 | 4420 c5c7 | 0100 00ff | 8230 0100 

  0x000001c7eca659b4: ;   {oop("null"{0x00000007ffe1c918})}
  0x000001c7eca659b4: 0048 bf18 | c9e1 ff07 | 0000 00e9 | ab00 0000 

  0x000001c7eca659c4: ;   {metadata(method data for {method} {0x000001c78447e890} 'valueOf' '(Ljava/lang/Object;)Ljava/lang/String;' in 'java/lang/String')}
  0x000001c7eca659c4: 498b d048 | bf10 4420 | c5c7 0100 | 008b 5208 | 49ba 0000 | 0084 c701 | 0000 4903 | d248 3b97 
  0x000001c7eca659e4: 5001 0000 | 750d 4883 | 8758 0100 | 0001 e960 | 0000 0048 | 3b97 6001 | 0000 750d | 4883 8768 
  0x000001c7eca65a04: 0100 0001 | e94a 0000 | 0048 83bf | 5001 0000 | 0075 1748 | 8997 5001 | 0000 48c7 | 8758 0100 
  0x000001c7eca65a24: 0001 0000 | 00e9 2900 | 0000 4883 | bf60 0100 | 0000 7517 | 4889 9760 | 0100 0048 | c787 6801 
  0x000001c7eca65a44: 0000 0100 | 0000 e908 | 0000 0048 | 8387 4801 | 0000 0149 | 8bd0 0f1f 

  0x000001c7eca65a5c: ;   {optimized virtual_call}
  0x000001c7eca65a5c: 4400 00e8 

  0x000001c7eca65a60: ; ImmutableOopMap {[184]=Oop }
                      ;*invokevirtual toString {reexecute=0 rethrow=0 return_oop=0}
                      ; - java.lang.String::valueOf@11 (line 4543)
                      ; - java.awt.EventQueue::dispatchEventImpl@127 (line 737)
  0x000001c7eca65a60: fc8f 1d07 

  0x000001c7eca65a64: ;   {post_call_nop}
  0x000001c7eca65a64: 0f1f 8400 | dc15 0008 | 488b f890 

  0x000001c7eca65a70: ;   {no_reloc}
  0x000001c7eca65a70: e9b6 0b00 | 0090 9090 | 9090 488b 

  0x000001c7eca65a7c: ;   {static_call}
  0x000001c7eca65a7c: d766 90e8 

  0x000001c7eca65a80: ; ImmutableOopMap {[184]=Oop }
                      ;*invokedynamic {reexecute=0 rethrow=0 return_oop=0}
                      ; - java.awt.EventQueue::dispatchEventImpl@130 (line 737)
  0x000001c7eca65a80: dc95 1d07 

  0x000001c7eca65a84: ;   {post_call_nop}
  0x000001c7eca65a84: 0f1f 8400 | fc15 0009 

  0x000001c7eca65a8c: ;   {metadata(method data for {method} {0x000001c7c5188430} 'dispatchEventImpl' '(Ljava/awt/AWTEvent;Ljava/lang/Object;)V' in 'java/awt/EventQueue')}
  0x000001c7eca65a8c: 49b8 0000 | 91c5 c701 | 0000 4d8d | 8018 0600 | 0048 85c0 | 750b 41f6 | 0001 7505 | f049 8308 
  0x000001c7eca65aac: 0148 8bb4 | 24b8 0000 | 0048 3b06 

  0x000001c7eca65ab8: ;   {metadata(method data for {method} {0x000001c7c5188430} 'dispatchEventImpl' '(Ljava/awt/AWTEvent;Ljava/lang/Object;)V' in 'java/awt/EventQueue')}
  0x000001c7eca65ab8: 4c8b c649 | b900 0091 | c5c7 0100 

  0x000001c7eca65ac4: ;   {metadata('sun/util/logging/PlatformLogger')}
  0x000001c7eca65ac4: 0049 ba30 | f204 85c7 | 0100 004d | 8991 3006 | 0000 4983 | 8138 0600 

  0x000001c7eca65adc: ;   {metadata(method data for {method} {0x000001c7c50d9e50} 'fine' '(Ljava/lang/String;)V' in 'sun/util/logging/PlatformLogger')}
  0x000001c7eca65adc: 0001 49b8 | c88f 84c5 | c701 0000 | 458b 88cc | 0000 0041 | 83c1 0245 | 8988 cc00 | 0000 4181 
  0x000001c7eca65afc: e1fe ff1f | 0045 85c9 | 0f84 300b | 0000 8b56 | 0c48 c1e2 | 0348 3b02 

  0x000001c7eca65b14: ;   {metadata(method data for {method} {0x000001c7c50d9e50} 'fine' '(Ljava/lang/String;)V' in 'sun/util/logging/PlatformLogger')}
  0x000001c7eca65b14: 4c8b c249 | b9c8 8f84 | c5c7 0100 | 0045 8b40 | 0849 ba00 | 0000 84c7 | 0100 004d | 03c2 4d3b 
  0x000001c7eca65b34: 8148 0100 | 0075 0d49 | 8381 5001 | 0000 01e9 | 6000 0000 | 4d3b 8158 | 0100 0075 | 0d49 8381 
  0x000001c7eca65b54: 6001 0000 | 01e9 4a00 | 0000 4983 | b948 0100 | 0000 7517 | 4d89 8148 | 0100 0049 | c781 5001 
  0x000001c7eca65b74: 0000 0100 | 0000 e929 | 0000 0049 | 83b9 5801 | 0000 0075 | 174d 8981 | 5801 0000 | 49c7 8160 
  0x000001c7eca65b94: 0100 0001 | 0000 00e9 | 0800 0000 | 4983 8140 | 0100 0001 

  0x000001c7eca65ba8: ;   {oop(a 'sun/util/logging/PlatformLogger$Level'{0x000000071577bb48})}
  0x000001c7eca65ba8: 49b8 48bb | 7715 0700 | 0000 4c8b 

  0x000001c7eca65bb4: ;   {oop(nullptr)}
  0x000001c7eca65bb4: c848 bf00 | 0000 0000 | 0000 0066 | 0f1f 4400 | 0048 b8b0 | 1dce cac7 

  0x000001c7eca65bcc: ;   {virtual_call}
  0x000001c7eca65bcc: 0100 00e8 

  0x000001c7eca65bd0: ; ImmutableOopMap {}
                      ;*invokeinterface log {reexecute=0 rethrow=0 return_oop=0}
                      ; - sun.util.logging.PlatformLogger::fine@12 (line 449)
                      ; - java.awt.EventQueue::dispatchEventImpl@135 (line 737)
  0x000001c7eca65bd0: 8c91 1d07 

  0x000001c7eca65bd4: ;   {post_call_nop}
  0x000001c7eca65bd4: 0f1f 8400 | 4c17 000a | 4881 c4d0 | 0000 005d 

  0x000001c7eca65be4: ;   {poll_return}
  0x000001c7eca65be4: 493b 6728 | 0f87 720a | 0000 c344 | 8b42 3449 | c1e0 0349 | 3b00 498b 

  0x000001c7eca65bfc: ;   {metadata(method data for {method} {0x000001c7c5188430} 'dispatchEventImpl' '(Ljava/awt/AWTEvent;Ljava/lang/Object;)V' in 'java/awt/EventQueue')}
  0x000001c7eca65bfc: d048 be00 | 0091 c5c7 

  0x000001c7eca65c04: ;   {metadata('java/awt/EventDispatchThread')}
  0x000001c7eca65c04: 0100 0049 | bad8 690e | 85c7 0100 | 004c 8996 | 3805 0000 | 4883 8640 | 0500 0001 

  0x000001c7eca65c20: ;   {metadata(method data for {method} {0x000001c7c569e798} 'stopDispatching' '()V' in 'java/awt/EventDispatchThread')}
  0x000001c7eca65c20: 48ba f80c | 91c5 c701 | 0000 8bb2 | cc00 0000 | 83c6 0289 | b2cc 0000 | 0081 e6fe | ff1f 0085 
  0x000001c7eca65c40: f60f 8434 | 0a00 00ba | 0000 0000 | 4188 5070 | f083 4424 

  0x000001c7eca65c54: ;   {metadata(method data for {method} {0x000001c7c5188430} 'dispatchEventImpl' '(Ljava/awt/AWTEvent;Ljava/lang/Object;)V' in 'java/awt/EventQueue')}
  0x000001c7eca65c54: c000 49b8 | 0000 91c5 | c701 0000 | 41ff 8060 | 0500 0048 | 81c4 d000 

  0x000001c7eca65c6c: ;   {poll_return}
  0x000001c7eca65c6c: 0000 5d49 | 3b67 280f | 8723 0a00 | 00c3 4c8b | 8424 a800 | 0000 4d85 

  0x000001c7eca65c84: ;   {metadata(method data for {method} {0x000001c7c5188430} 'dispatchEventImpl' '(Ljava/awt/AWTEvent;Ljava/lang/Object;)V' in 'java/awt/EventQueue')}
  0x000001c7eca65c84: c948 bf00 | 0091 c5c7 | 0100 0075 | 0c80 8f11 | 0400 0001 | e9db 0000 | 0041 8b59 | 0849 ba00 
  0x000001c7eca65ca4: 0000 84c7 | 0100 0049 | 03da 483b | 9f20 0400 | 0075 0d48 | 8387 2804 | 0000 01e9 | 6000 0000 
  0x000001c7eca65cc4: 483b 9f30 | 0400 0075 | 0d48 8387 | 3804 0000 | 01e9 4a00 | 0000 4883 | bf20 0400 | 0000 7517 
  0x000001c7eca65ce4: 4889 9f20 | 0400 0048 | c787 2804 | 0000 0100 | 0000 e929 | 0000 0048 | 83bf 3004 | 0000 0075 
  0x000001c7eca65d04: 1748 899f | 3004 0000 | 48c7 8738 | 0400 0001 | 0000 00e9 | 0800 0000 | 4883 8718 | 0400 0001 
  0x000001c7eca65d24: 0f1f 4000 

  0x000001c7eca65d28: ;   {no_reloc}
  0x000001c7eca65d28: e994 0900 | 0000 0000 | 0000 418b | 7908 49ba | 0000 0084 | c701 0000 | 4903 fa48 | 3bfb 0f84 
  0x000001c7eca65d48: 2c00 0000 | 8b73 1448 | 3b1c 370f | 841f 0000 | 0083 fe20 | 0f85 6909 | 0000 5753 

  0x000001c7eca65d64: ;   {runtime_call C1 Runtime slow_subtype_check_blob}
  0x000001c7eca65d64: e8d7 b129 | 075f 5b85 | db0f 8458 | 0900 00e9 | 0000 0000 | 498b d166 | 9048 b8d8 | 1dce cac7 
  0x000001c7eca65d84: ;   {virtual_call}
  0x000001c7eca65d84: 0100 00e8 

  0x000001c7eca65d88: ; ImmutableOopMap {}
                      ;*invokevirtual dispatchEvent {reexecute=0 rethrow=0 return_oop=0}
                      ; - java.awt.EventQueue::dispatchEventImpl@81 (line 730)
  0x000001c7eca65d88: d48f 1d07 

  0x000001c7eca65d8c: ;   {post_call_nop}
  0x000001c7eca65d8c: 0f1f 8400 | 0419 000b 

  0x000001c7eca65d94: ;   {metadata(method data for {method} {0x000001c7c5188430} 'dispatchEventImpl' '(Ljava/awt/AWTEvent;Ljava/lang/Object;)V' in 'java/awt/EventQueue')}
  0x000001c7eca65d94: 49b8 0000 | 91c5 c701 | 0000 41ff | 8078 0400 | 0048 81c4 | d000 0000 

  0x000001c7eca65dac: ;   {poll_return}
  0x000001c7eca65dac: 5d49 3b67 | 280f 871d | 0900 00c3 | 4c8b 8424 | a800 0000 

  0x000001c7eca65dc0: ;   {metadata(method data for {method} {0x000001c7c5188430} 'dispatchEventImpl' '(Ljava/awt/AWTEvent;Ljava/lang/Object;)V' in 'java/awt/EventQueue')}
  0x000001c7eca65dc0: 4d85 c948 | bf00 0091 | c5c7 0100 | 0075 0c80 | 8f49 0300 | 0001 e9b0 | 0000 0041 | 8b59 0849 
  0x000001c7eca65de0: ba00 0000 | 84c7 0100 | 0049 03da | 483b 9f58 | 0300 0075 | 0d48 8387 | 6003 0000 | 01e9 6000 
  0x000001c7eca65e00: 0000 483b | 9f68 0300 | 0075 0d48 | 8387 7003 | 0000 01e9 | 4a00 0000 | 4883 bf58 | 0300 0000 
  0x000001c7eca65e20: 7517 4889 | 9f58 0300 | 0048 c787 | 6003 0000 | 0100 0000 | e929 0000 | 0048 83bf | 6803 0000 
  0x000001c7eca65e40: 0075 1748 | 899f 6803 | 0000 48c7 | 8770 0300 | 0001 0000 | 00e9 0800 | 0000 4883 | 8750 0300 
  0x000001c7eca65e60: ;   {metadata('java/awt/MenuComponent')}
  0x000001c7eca65e60: 0001 48bb | 4899 8ec5 | c701 0000 | 418b 7108 | 49ba 0000 | 0084 c701 | 0000 4903 | f248 3bde 
  0x000001c7eca65e80: 0f85 6408 | 0000 e900 | 0000 0049 | 8bd1 483b | 0248 8bf2 

  0x000001c7eca65e94: ;   {metadata(method data for {method} {0x000001c7c5188430} 'dispatchEventImpl' '(Ljava/awt/AWTEvent;Ljava/lang/Object;)V' in 'java/awt/EventQueue')}
  0x000001c7eca65e94: 48bf 0000 | 91c5 c701 | 0000 8b76 | 0849 ba00 | 0000 84c7 | 0100 0049 | 03f2 483b | b788 0300 
  0x000001c7eca65eb4: 0075 0d48 | 8387 9003 | 0000 01e9 | 6000 0000 | 483b b798 | 0300 0075 | 0d48 8387 | a003 0000 
  0x000001c7eca65ed4: 01e9 4a00 | 0000 4883 | bf88 0300 | 0000 7517 | 4889 b788 | 0300 0048 | c787 9003 | 0000 0100 
  0x000001c7eca65ef4: 0000 e929 | 0000 0048 | 83bf 9803 | 0000 0075 | 1748 89b7 | 9803 0000 | 48c7 87a0 | 0300 0001 
  0x000001c7eca65f14: 0000 00e9 | 0800 0000 | 4883 8780 | 0300 0001 

  0x000001c7eca65f24: ;   {optimized virtual_call}
  0x000001c7eca65f24: 6666 90e8 

  0x000001c7eca65f28: ; ImmutableOopMap {}
                      ;*invokevirtual dispatchEvent {reexecute=0 rethrow=0 return_oop=0}
                      ; - java.awt.EventQueue::dispatchEventImpl@63 (line 728)
  0x000001c7eca65f28: 348b 1d07 

  0x000001c7eca65f2c: ;   {post_call_nop}
  0x000001c7eca65f2c: 0f1f 8400 | a41a 000c 

  0x000001c7eca65f34: ;   {metadata(method data for {method} {0x000001c7c5188430} 'dispatchEventImpl' '(Ljava/awt/AWTEvent;Ljava/lang/Object;)V' in 'java/awt/EventQueue')}
  0x000001c7eca65f34: 49b8 0000 | 91c5 c701 | 0000 41ff | 80b0 0300 | 0048 81c4 | d000 0000 

  0x000001c7eca65f4c: ;   {poll_return}
  0x000001c7eca65f4c: 5d49 3b67 | 280f 87a1 | 0700 00c3 

  0x000001c7eca65f58: ;   {metadata(method data for {method} {0x000001c7c5188430} 'dispatchEventImpl' '(Ljava/awt/AWTEvent;Ljava/lang/Object;)V' in 'java/awt/EventQueue')}
  0x000001c7eca65f58: 488b f248 | bf00 0091 | c5c7 0100 | 0048 8387 | 6001 0000 | 0149 8bf0 | 4c8b c60f 

  0x000001c7eca65f74: ;   {optimized virtual_call}
  0x000001c7eca65f74: 1f40 00e8 

  0x000001c7eca65f78: ; ImmutableOopMap {[168]=Oop }
                      ;*invokevirtual setCurrentEventAndMostRecentTimeImpl {reexecute=0 rethrow=0 return_oop=0}
                      ; - java.awt.EventQueue::dispatchEventImpl@14 (line 722)
  0x000001c7eca65f78: 44c0 ffff 

  0x000001c7eca65f7c: ;   {post_call_nop}
  0x000001c7eca65f7c: 0f1f 8400 | f41a 000d | 4c8b 8424 | a800 0000 

  0x000001c7eca65f8c: ;   {metadata(method data for {method} {0x000001c7c5188430} 'dispatchEventImpl' '(Ljava/awt/AWTEvent;Ljava/lang/Object;)V' in 'java/awt/EventQueue')}
  0x000001c7eca65f8c: 4d85 c048 | bf00 0091 | c5c7 0100 | 0075 0c80 | 8f89 0100 | 0001 e9cb | 0000 0041 | 8b58 0849 
  0x000001c7eca65fac: ba00 0000 | 84c7 0100 | 0049 03da | 483b 9f98 | 0100 0075 | 0d48 8387 | a001 0000 | 01e9 6000 
  0x000001c7eca65fcc: 0000 483b | 9fa8 0100 | 0075 0d48 | 8387 b001 | 0000 01e9 | 4a00 0000 | 4883 bf98 | 0100 0000 
  0x000001c7eca65fec: 7517 4889 | 9f98 0100 | 0048 c787 | a001 0000 | 0100 0000 | e929 0000 | 0048 83bf | a801 0000 
  0x000001c7eca6600c: 0075 1748 | 899f a801 | 0000 48c7 | 87b0 0100 | 0001 0000 | 00e9 0800 | 0000 4883 | 8790 0100 
  0x000001c7eca6602c: ;   {metadata('java/awt/ActiveEvent')}
  0x000001c7eca6602c: 0001 48bb | 788e 69c5 | c701 0000 | 418b 7808 | 49ba 0000 | 0084 c701 | 0000 4903 | fa48 3b5f 
  0x000001c7eca6604c: 200f 841f | 0000 0048 | 3bfb 0f84 | 1600 0000 

  0x000001c7eca6605c: ;   {runtime_call C1 Runtime slow_subtype_check_blob}
  0x000001c7eca6605c: 5753 e8dd | ae29 075f | 5f85 ff0f | 84a1 0600 | 00e9 0000 | 0000 498b | d048 3b02 

  0x000001c7eca66078: ;   {metadata(method data for {method} {0x000001c7c5188430} 'dispatchEventImpl' '(Ljava/awt/AWTEvent;Ljava/lang/Object;)V' in 'java/awt/EventQueue')}
  0x000001c7eca66078: 488b f248 | bf00 0091 | c5c7 0100 | 008b 7608 | 49ba 0000 | 0084 c701 | 0000 4903 | f248 3bb7 
  0x000001c7eca66098: c801 0000 | 750d 4883 | 87d0 0100 | 0001 e960 | 0000 0048 | 3bb7 d801 | 0000 750d | 4883 87e0 
  0x000001c7eca660b8: 0100 0001 | e94a 0000 | 0048 83bf | c801 0000 | 0075 1748 | 89b7 c801 | 0000 48c7 | 87d0 0100 
  0x000001c7eca660d8: 0001 0000 | 00e9 2900 | 0000 4883 | bfd8 0100 | 0000 7517 | 4889 b7d8 | 0100 0048 | c787 e001 
  0x000001c7eca660f8: 0000 0100 | 0000 e908 | 0000 0048 | 8387 c001 | 0000 0166 | 9048 b800 | 1ece cac7 

  0x000001c7eca66114: ;   {virtual_call}
  0x000001c7eca66114: 0100 00e8 

  0x000001c7eca66118: ; ImmutableOopMap {}
                      ;*invokeinterface dispatch {reexecute=0 rethrow=0 return_oop=0}
                      ; - java.awt.EventQueue::dispatchEventImpl@21 (line 723)
  0x000001c7eca66118: 0444 2a07 

  0x000001c7eca6611c: ;   {post_call_nop}
  0x000001c7eca6611c: 0f1f 8400 | 941c 000e 

  0x000001c7eca66124: ;   {metadata(method data for {method} {0x000001c7c5188430} 'dispatchEventImpl' '(Ljava/awt/AWTEvent;Ljava/lang/Object;)V' in 'java/awt/EventQueue')}
  0x000001c7eca66124: 48ba 0000 | 91c5 c701 | 0000 ff82 | f001 0000 | 4881 c4d0 | 0000 005d 

  0x000001c7eca6613c: ;   {poll_return}
  0x000001c7eca6613c: 493b 6728 | 0f87 d605 | 0000 c390 

  0x000001c7eca66148: ;   {no_reloc}
  0x000001c7eca66148: e9f4 0500 | 0000 0000 | 0000 80ba | 4001 0000 | 040f 85f1 | 0500 0049 | 8b87 c801 | 0000 488d 
  0x000001c7eca66168: 7828 493b | bfd8 0100 | 000f 87d9 | 0500 0049 | 89bf c801 | 0000 48c7 | 0001 0000 | 0048 8bca 
  0x000001c7eca66188: 49ba 0000 | 0084 c701 | 0000 492b | ca89 4808 | 4833 c989 | 480c 4833 | c948 8948 | 1048 8948 
  0x000001c7eca661a8: 1848 8948 | 2048 8bd0 

  0x000001c7eca661b0: ;   {metadata(method data for {method} {0x000001c78444ab28} 'lookup' '()Ljava/lang/invoke/MethodHandles$Lookup;' in 'java/lang/invoke/MethodHandles')}
  0x000001c7eca661b0: 48be 8046 | 6bc5 c701 | 0000 4883 | 8640 0100 

  0x000001c7eca661c0: ;   {oop("no caller frame"{0x00000007ffe27160})}
  0x000001c7eca661c0: 0001 49b8 | 6071 e2ff | 0700 0000 | 488b d048 | 8984 24c0 

  0x000001c7eca661d4: ;   {optimized virtual_call}
  0x000001c7eca661d4: 0000 00e8 

  0x000001c7eca661d8: ; ImmutableOopMap {[168]=Oop [192]=Oop }
                      ;*invokespecial <init> {reexecute=0 rethrow=0 return_oop=0}
                      ; - java.lang.invoke.MethodHandles::lookup@14 (line 128)
                      ; - sun.awt.AWTAccessor::ensureClassInitialized@0 (line 1464)
                      ; - sun.awt.AWTAccessor::getInputEventAccessor@10 (line 963)
                      ; - java.awt.AWTEvent::dispatched@7 (line 571)
                      ; - java.awt.EventQueue::dispatchEventImpl@45 (line 726)
  0x000001c7eca661d8: 8488 1d07 

  0x000001c7eca661dc: ;   {post_call_nop}
  0x000001c7eca661dc: 0f1f 8400 | 541d 000f | 488b 8424 | c000 0000 | e9d8 0500 | 0049 8b87 | 0805 0000 | 4d33 d24d 
  0x000001c7eca661fc: 8997 0805 | 0000 4d33 | d24d 8997 | 1005 0000 

  0x000001c7eca6620c: ;   {oop(a 'java/lang/Class'{0x0000000715783430} = 'sun/awt/AWTAccessor')}
  0x000001c7eca6620c: 48be 3034 | 7815 0700 | 0000 8bb6 | 8400 0000 | 48c1 e603 | 4c8b 8424 | a800 0000 

  0x000001c7eca66228: ;   {metadata(method data for {method} {0x000001c7c50d79e8} 'dispatched' '()V' in 'java/awt/AWTEvent')}
  0x000001c7eca66228: 4d85 c048 | b830 0891 | c5c7 0100 | 0075 0c80 | 8869 0100 | 0001 e9b1 | 0000 0041 | 8b50 0849 
  0x000001c7eca66248: ba00 0000 | 84c7 0100 | 0049 03d2 | 483b 9078 | 0100 0075 | 0d48 8380 | 8001 0000 | 01e9 6000 
  0x000001c7eca66268: 0000 483b | 9088 0100 | 0075 0d48 | 8380 9001 | 0000 01e9 | 4a00 0000 | 4883 b878 | 0100 0000 
  0x000001c7eca66288: 7517 4889 | 9078 0100 | 0048 c780 | 8001 0000 | 0100 0000 | e929 0000 | 0048 83b8 | 8801 0000 
  0x000001c7eca662a8: 0075 1748 | 8990 8801 | 0000 48c7 | 8090 0100 | 0001 0000 | 00e9 0800 | 0000 4883 | 8070 0100 
  0x000001c7eca662c8: ;   {metadata('java/awt/event/InputEvent')}
  0x000001c7eca662c8: 0001 48ba | d8d3 10c5 | c701 0000 | 418b 4008 | 49ba 0000 | 0084 c701 | 0000 4903 | c248 3b50 
  0x000001c7eca662e8: 500f 856e | 0400 00e9 | 0000 0000 | 498b f848 | 85f6 0f84 | 2900 0000 

  0x000001c7eca66300: ;   {metadata('java/awt/event/InputEvent$1')}
  0x000001c7eca66300: 48b9 1837 | 0585 c701 | 0000 8b56 | 0849 ba00 | 0000 84c7 | 0100 0049 | 03d2 483b | 4a38 0f85 
  0x000001c7eca66320: 4204 0000 | e900 0000 | 0048 8bde 

  0x000001c7eca6632c: ; implicit exception: dispatches to 0x000001c7eca6676b
                      ;   {metadata(method data for {method} {0x000001c7c50d79e8} 'dispatched' '()V' in 'java/awt/AWTEvent')}
  0x000001c7eca6632c: 483b 0648 | bb30 0891 | c5c7 0100 

  0x000001c7eca66338: ;   {metadata('java/awt/event/InputEvent$1')}
  0x000001c7eca66338: 0049 ba18 | 3705 85c7 | 0100 004c | 8993 a801 | 0000 4883 | 83b0 0100 

  0x000001c7eca66350: ;   {metadata(method data for {method} {0x000001c7c510fe50} 'setCanAccessSystemClipboard' '(Ljava/awt/event/InputEvent;Z)V' in 'java/awt/event/InputEvent$1')}
  0x000001c7eca66350: 0001 48be | b80b 91c5 | c701 0000 | 8b9e cc00 | 0000 83c3 | 0289 9ecc | 0000 0081 | e3fe ff1f 
  0x000001c7eca66370: 0085 db0f | 84f7 0300 | 00c6 4728 

  0x000001c7eca6637c: ;   {metadata(method data for {method} {0x000001c7c5188430} 'dispatchEventImpl' '(Ljava/awt/AWTEvent;Ljava/lang/Object;)V' in 'java/awt/EventQueue')}
  0x000001c7eca6637c: 0048 be00 | 0091 c5c7 | 0100 00ff | 86e8 0200 | 0048 81c4 | d000 0000 

  0x000001c7eca66394: ;   {poll_return}
  0x000001c7eca66394: 5d49 3b67 | 280f 87f7 | 0300 00c3 

  0x000001c7eca663a0: ;   {metadata({method} {0x000001c7c5188430} 'dispatchEventImpl' '(Ljava/awt/AWTEvent;Ljava/lang/Object;)V' in 'java/awt/EventQueue')}
  0x000001c7eca663a0: 49ba 2884 | 18c5 c701 | 0000 4c89 | 5424 0848 | c704 24ff 

  0x000001c7eca663b4: ;   {runtime_call C1 Runtime counter_overflow_blob}
  0x000001c7eca663b4: ffff ffe8 

  0x000001c7eca663b8: ; ImmutableOopMap {rdx=Oop r8=Oop r9=Oop [168]=Oop }
                      ;*synchronization entry
                      ; - java.awt.EventQueue::dispatchEventImpl@-1 (line 719)
  0x000001c7eca663b8: a4d2 2907 | e9cd e4ff 

  0x000001c7eca663c0: ;   {runtime_call C1 Runtime throw_null_pointer_exception_blob}
  0x000001c7eca663c0: ffe8 9a81 

  0x000001c7eca663c4: ; ImmutableOopMap {rdx=Oop r8=Oop r9=Oop [168]=Oop }
                      ;*putfield isPosted {reexecute=1 rethrow=0 return_oop=0}
                      ; - (reexecute) java.awt.EventQueue::dispatchEventImpl@2 (line 719)
  0x000001c7eca663c4: 2907 4c89 

  0x000001c7eca663c8: ;   {runtime_call C1 Runtime throw_class_cast_exception_blob}
  0x000001c7eca663c8: 0c24 e891 

  0x000001c7eca663cc: ; ImmutableOopMap {r8=Oop [168]=Oop }
                      ;*checkcast {reexecute=0 rethrow=0 return_oop=0}
                      ; - java.awt.EventQueue::dispatchEventImpl@37 (line 725)
                      ;   {runtime_call C1 Runtime throw_null_pointer_exception_blob}
  0x000001c7eca663cc: a529 07e8 

  0x000001c7eca663d0: ; ImmutableOopMap {r8=Oop rdx=Oop [168]=Oop }
                      ;*invokevirtual dispatchEvent {reexecute=0 rethrow=0 return_oop=0}
                      ; - java.awt.EventQueue::dispatchEventImpl@41 (line 725)
  0x000001c7eca663d0: 8c81 2907 

  0x000001c7eca663d4: ;   {metadata({method} {0x000001c7c5084388} 'dispatchEvent' '(Ljava/awt/AWTEvent;)V' in 'java/awt/Component')}
  0x000001c7eca663d4: 49ba 8043 | 08c5 c701 | 0000 4c89 | 5424 0848 | c704 24ff 

  0x000001c7eca663e8: ;   {runtime_call C1 Runtime counter_overflow_blob}
  0x000001c7eca663e8: ffff ffe8 

  0x000001c7eca663ec: ; ImmutableOopMap {r8=Oop rdx=Oop [168]=Oop }
                      ;*synchronization entry
                      ; - java.awt.Component::dispatchEvent@-1 (line 4790)
                      ; - java.awt.EventQueue::dispatchEventImpl@41 (line 725)
  0x000001c7eca663ec: 70d2 2907 | e944 e8ff 

  0x000001c7eca663f4: ;   {metadata({method} {0x000001c7c50d79e8} 'dispatched' '()V' in 'java/awt/AWTEvent')}
  0x000001c7eca663f4: ff49 bae0 | 790d c5c7 | 0100 004c | 8954 2408 | 48c7 0424 | ffff ffff 

  0x000001c7eca6640c: ;   {runtime_call C1 Runtime counter_overflow_blob}
  0x000001c7eca6640c: e84f d229 

  0x000001c7eca66410: ; ImmutableOopMap {[168]=Oop }
                      ;*synchronization entry
                      ; - java.awt.AWTEvent::dispatched@-1 (line 570)
                      ; - java.awt.EventQueue::dispatchEventImpl@45 (line 726)
  0x000001c7eca66410: 07e9 96e9 

  0x000001c7eca66414: ;   {metadata({method} {0x000001c7c50f1ba0} 'getInputEventAccessor' '()Lsun/awt/AWTAccessor$InputEventAccessor;' in 'sun/awt/AWTAccessor')}
  0x000001c7eca66414: ffff 49ba | 981b 0fc5 | c701 0000 | 4c89 5424 | 0848 c704 | 24ff ffff 

  0x000001c7eca6642c: ;   {runtime_call C1 Runtime counter_overflow_blob}
  0x000001c7eca6642c: ffe8 2ed2 

  0x000001c7eca66430: ; ImmutableOopMap {r8=Oop [168]=Oop }
                      ;*synchronization entry
                      ; - sun.awt.AWTAccessor::getInputEventAccessor@-1 (line 961)
                      ; - java.awt.AWTEvent::dispatched@7 (line 571)
                      ; - java.awt.EventQueue::dispatchEventImpl@45 (line 726)
  0x000001c7eca66430: 2907 e9b6 

  0x000001c7eca66434: ;   {metadata({method} {0x000001c7c50f4360} 'ensureClassInitialized' '(Ljava/lang/Class;)V' in 'sun/awt/AWTAccessor')}
  0x000001c7eca66434: eaff ff49 | ba58 430f | c5c7 0100 | 004c 8954 | 2408 48c7 | 0424 ffff 

  0x000001c7eca6644c: ;   {runtime_call C1 Runtime counter_overflow_blob}
  0x000001c7eca6644c: ffff e80d 

  0x000001c7eca66450: ; ImmutableOopMap {[168]=Oop }
                      ;*synchronization entry
                      ; - sun.awt.AWTAccessor::ensureClassInitialized@-1 (line 1464)
                      ; - sun.awt.AWTAccessor::getInputEventAccessor@10 (line 963)
                      ; - java.awt.AWTEvent::dispatched@7 (line 571)
                      ; - java.awt.EventQueue::dispatchEventImpl@45 (line 726)
  0x000001c7eca66450: d229 07e9 | 0deb ffff 

  0x000001c7eca66458: ;   {metadata({method} {0x000001c78444ab28} 'lookup' '()Ljava/lang/invoke/MethodHandles$Lookup;' in 'java/lang/invoke/MethodHandles')}
  0x000001c7eca66458: 49ba 20ab | 4484 c701 | 0000 4c89 | 5424 0848 | c704 24ff 

  0x000001c7eca6646c: ;   {runtime_call C1 Runtime counter_overflow_blob}
  0x000001c7eca6646c: ffff ffe8 

  0x000001c7eca66470: ; ImmutableOopMap {[168]=Oop }
                      ;*synchronization entry
                      ; - java.lang.invoke.MethodHandles::lookup@-1 (line 126)
                      ; - sun.awt.AWTAccessor::ensureClassInitialized@0 (line 1464)
                      ; - sun.awt.AWTAccessor::getInputEventAccessor@10 (line 963)
                      ; - java.awt.AWTEvent::dispatched@7 (line 571)
                      ; - java.awt.EventQueue::dispatchEventImpl@45 (line 726)
  0x000001c7eca66470: ecd1 2907 | e925 ebff | ff48 8bd2 

  0x000001c7eca6647c: ;   {runtime_call C1 Runtime fast_new_instance_blob}
  0x000001c7eca6647c: e8df 8929 

  0x000001c7eca66480: ; ImmutableOopMap {r8=Oop [168]=Oop }
                      ;*new {reexecute=0 rethrow=0 return_oop=0}
                      ; - java.lang.invoke.MethodHandles::lookup@18 (line 130)
                      ; - sun.awt.AWTAccessor::ensureClassInitialized@0 (line 1464)
                      ; - sun.awt.AWTAccessor::getInputEventAccessor@10 (line 963)
                      ; - java.awt.AWTEvent::dispatched@7 (line 571)
                      ; - java.awt.EventQueue::dispatchEventImpl@45 (line 726)
  0x000001c7eca66480: 07e9 c0eb 

  0x000001c7eca66484: ;   {metadata({method} {0x000001c78444edd8} '<init>' '(Ljava/lang/Class;)V' in 'java/lang/invoke/MethodHandles$Lookup')}
  0x000001c7eca66484: ffff 49ba | d0ed 4484 | c701 0000 | 4c89 5424 | 0848 c704 | 24ff ffff 

  0x000001c7eca6649c: ;   {runtime_call C1 Runtime counter_overflow_blob}
  0x000001c7eca6649c: ffe8 bed1 

  0x000001c7eca664a0: ; ImmutableOopMap {r8=Oop rax=Oop [168]=Oop }
                      ;*synchronization entry
                      ; - java.lang.invoke.MethodHandles$Lookup::<init>@-1 (line 1534)
                      ; - java.lang.invoke.MethodHandles::lookup@23 (line 130)
                      ; - sun.awt.AWTAccessor::ensureClassInitialized@0 (line 1464)
                      ; - sun.awt.AWTAccessor::getInputEventAccessor@10 (line 963)
                      ; - java.awt.AWTEvent::dispatched@7 (line 571)
                      ; - java.awt.EventQueue::dispatchEventImpl@45 (line 726)
  0x000001c7eca664a0: 2907 e9dd 

  0x000001c7eca664a4: ;   {metadata(nullptr)}
  0x000001c7eca664a4: ebff ff48 | b800 0000 | 0000 0000 | 00b8 000f 

  0x000001c7eca664b4: ;   {runtime_call C1 Runtime load_klass_patching_blob}
  0x000001c7eca664b4: 050a e825 

  0x000001c7eca664b8: ; ImmutableOopMap {rdx=Oop r9=Oop [168]=Oop }
                      ;*instanceof {reexecute=1 rethrow=0 return_oop=0}
                      ; - (reexecute) java.awt.EventQueue::dispatchEventImpl@70 (line 729)
  0x000001c7eca664b8: c129 07e9 | 78ee ffff 

  0x000001c7eca664c0: ;   {metadata({method} {0x000001c7c5187a68} 'noEvents' '()Z' in 'java/awt/EventQueue')}
  0x000001c7eca664c0: 49ba 607a | 18c5 c701 | 0000 4c89 | 5424 0848 | c704 24ff 

  0x000001c7eca664d4: ;   {runtime_call C1 Runtime counter_overflow_blob}
  0x000001c7eca664d4: ffff ffe8 

  0x000001c7eca664d8: ; ImmutableOopMap {rdx=Oop }
                      ;*synchronization entry
                      ; - java.awt.EventQueue::noEvents@-1 (line 520)
                      ; - java.awt.EventQueue::dispatchEventImpl@95 (line 732)
  0x000001c7eca664d8: 84d1 2907 | e916 f0ff 

  0x000001c7eca664e0: ;   {runtime_call C1 Runtime throw_null_pointer_exception_blob}
  0x000001c7eca664e0: ffe8 7a80 

  0x000001c7eca664e4: ; ImmutableOopMap {rdx=Oop rdi=Oop }
                      ;*aaload {reexecute=0 rethrow=0 return_oop=0}
                      ; - java.awt.EventQueue::noEvents@12 (line 521)
                      ; - java.awt.EventQueue::dispatchEventImpl@95 (line 732)
                      ;   {runtime_call C1 Runtime throw_null_pointer_exception_blob}
  0x000001c7eca664e4: 2907 e875 

  0x000001c7eca664e8: ; ImmutableOopMap {rdx=Oop rdi=Oop }
                      ;*aaload {reexecute=0 rethrow=0 return_oop=0}
                      ; - java.awt.EventQueue::noEvents@12 (line 521)
                      ; - java.awt.EventQueue::dispatchEventImpl@95 (line 732)
  0x000001c7eca664e8: 8029 0748 | 8934 2448 | 897c 2408 

  0x000001c7eca664f4: ;   {runtime_call C1 Runtime throw_range_check_failed_blob}
  0x000001c7eca664f4: e8e7 6e29 

  0x000001c7eca664f8: ; ImmutableOopMap {rdx=Oop rdi=Oop }
                      ;*aaload {reexecute=0 rethrow=0 return_oop=0}
                      ; - java.awt.EventQueue::noEvents@12 (line 521)
                      ; - java.awt.EventQueue::dispatchEventImpl@95 (line 732)
                      ;   {runtime_call C1 Runtime throw_null_pointer_exception_blob}
  0x000001c7eca664f8: 07e8 6280 

  0x000001c7eca664fc: ; ImmutableOopMap {rdx=Oop }
                      ;*getfield head {reexecute=1 rethrow=0 return_oop=0}
                      ; - (reexecute) java.awt.EventQueue::noEvents@13 (line 521)
                      ; - java.awt.EventQueue::dispatchEventImpl@95 (line 732)
                      ;   {metadata({method} {0x000001c7c5187a68} 'noEvents' '()Z' in 'java/awt/EventQueue')}
  0x000001c7eca664fc: 2907 49ba | 607a 18c5 | c701 0000 | 4c89 5424 | 0848 c704 | 2418 0000 

  0x000001c7eca66514: ;   {runtime_call C1 Runtime counter_overflow_blob}
  0x000001c7eca66514: 00e8 46d1 

  0x000001c7eca66518: ; ImmutableOopMap {rdx=Oop }
                      ;*goto {reexecute=1 rethrow=0 return_oop=0}
                      ; - (reexecute) java.awt.EventQueue::noEvents@24 (line 520)
                      ; - java.awt.EventQueue::dispatchEventImpl@95 (line 732)
  0x000001c7eca66518: 2907 e95f 

  0x000001c7eca6651c: ;   {metadata({method} {0x000001c7c5186838} 'getEventLog' '()Lsun/util/logging/PlatformLogger;' in 'java/awt/EventQueue')}
  0x000001c7eca6651c: f0ff ff49 | ba30 6818 | c5c7 0100 | 004c 8954 | 2408 48c7 | 0424 ffff 

  0x000001c7eca66534: ;   {runtime_call C1 Runtime counter_overflow_blob}
  0x000001c7eca66534: ffff e825 

  0x000001c7eca66538: ; ImmutableOopMap {[168]=Oop }
                      ;*synchronization entry
                      ; - java.awt.EventQueue::getEventLog@-1 (line 180)
                      ; - java.awt.EventQueue::dispatchEventImpl@111 (line 736)
  0x000001c7eca66538: d129 07e9 | fcf0 ffff | 418b 5078 | 48c1 e203 | 4883 fa00 | 0f84 69f1 | ffff 4889 

  0x000001c7eca66554: ;   {runtime_call g1_pre_barrier_slow}
  0x000001c7eca66554: 1424 e805 | d729 07e9 | 5bf1 ffff | 4883 f800 | 0f84 76f1 | ffff 4c89 

  0x000001c7eca6656c: ;   {runtime_call g1_post_barrier_slow}
  0x000001c7eca6656c: 0424 e8ed | d929 07e9 | 68f1 ffff 

  0x000001c7eca66578: ;   {runtime_call C1 Runtime throw_null_pointer_exception_blob}
  0x000001c7eca66578: e8e3 7f29 

  0x000001c7eca6657c: ; ImmutableOopMap {r8=Oop [168]=Oop }
                      ;*invokevirtual isLoggable {reexecute=0 rethrow=0 return_oop=0}
                      ; - java.awt.EventQueue::dispatchEventImpl@117 (line 736)
                      ;   {metadata({method} {0x000001c7c50d91f8} 'isLoggable' '(Lsun/util/logging/PlatformLogger$Level;)Z' in 'sun/util/logging/PlatformLogger')}
  0x000001c7eca6657c: 0749 baf0 | 910d c5c7 | 0100 004c | 8954 2408 | 48c7 0424 | ffff ffff 

  0x000001c7eca66594: ;   {runtime_call C1 Runtime counter_overflow_blob}
  0x000001c7eca66594: e8c7 d029 

  0x000001c7eca66598: ; ImmutableOopMap {r8=Oop [168]=Oop }
                      ;*synchronization entry
                      ; - sun.util.logging.PlatformLogger::isLoggable@-1 (line 336)
                      ; - java.awt.EventQueue::dispatchEventImpl@117 (line 736)
  0x000001c7eca66598: 07e9 a4f1 

  0x000001c7eca6659c: ;   {runtime_call C1 Runtime throw_null_pointer_exception_blob}
  0x000001c7eca6659c: ffff e8bd 

  0x000001c7eca665a0: ; ImmutableOopMap {rdx=Oop [168]=Oop }
                      ;*invokeinterface isLoggable {reexecute=0 rethrow=0 return_oop=0}
                      ; - sun.util.logging.PlatformLogger::isLoggable@17 (line 340)
                      ; - java.awt.EventQueue::dispatchEventImpl@117 (line 736)
                      ;   {metadata({method} {0x000001c7c5186838} 'getEventLog' '()Lsun/util/logging/PlatformLogger;' in 'java/awt/EventQueue')}
  0x000001c7eca665a0: 7f29 0749 | ba30 6818 | c5c7 0100 | 004c 8954 | 2408 48c7 | 0424 ffff 

  0x000001c7eca665b8: ;   {runtime_call C1 Runtime counter_overflow_blob}
  0x000001c7eca665b8: ffff e8a1 

  0x000001c7eca665bc: ; ImmutableOopMap {[168]=Oop }
                      ;*synchronization entry
                      ; - java.awt.EventQueue::getEventLog@-1 (line 180)
                      ; - java.awt.EventQueue::dispatchEventImpl@123 (line 737)
  0x000001c7eca665bc: d029 07e9 | b6f2 ffff | 8b72 7848 | c1e6 0348 | 83fe 000f | 8426 f3ff | ff48 8934 

  0x000001c7eca665d8: ;   {runtime_call g1_pre_barrier_slow}
  0x000001c7eca665d8: 24e8 82d6 | 2907 e918 | f3ff ff48 | 83f8 000f | 8433 f3ff | ff48 8914 

  0x000001c7eca665f0: ;   {runtime_call g1_post_barrier_slow}
  0x000001c7eca665f0: 24e8 6ad9 | 2907 e925 

  0x000001c7eca665f8: ;   {metadata({method} {0x000001c78447e890} 'valueOf' '(Ljava/lang/Object;)Ljava/lang/String;' in 'java/lang/String')}
  0x000001c7eca665f8: f3ff ff49 | ba88 e847 | 84c7 0100 | 004c 8954 | 2408 48c7 | 0424 ffff 

  0x000001c7eca66610: ;   {runtime_call C1 Runtime counter_overflow_blob}
  0x000001c7eca66610: ffff e849 

  0x000001c7eca66614: ; ImmutableOopMap {rsi=Oop r8=Oop [168]=Oop [184]=Oop }
                      ;*synchronization entry
                      ; - java.lang.String::valueOf@-1 (line 4543)
                      ; - java.awt.EventQueue::dispatchEventImpl@127 (line 737)
  0x000001c7eca66614: d029 07e9 | 5ef3 ffff | 49b8 0000 | 0000 0000 | 0000 b800 

  0x000001c7eca66628: ;   {runtime_call C1 Runtime load_appendix_patching_blob}
  0x000001c7eca66628: 0f05 0ae8 

  0x000001c7eca6662c: ; ImmutableOopMap {rdi=Oop [184]=Oop }
                      ;*invokedynamic {reexecute=1 rethrow=0 return_oop=0}
                      ; - (reexecute) java.awt.EventQueue::dispatchEventImpl@130 (line 737)
  0x000001c7eca6662c: b0c8 2907 | e93b f4ff 

  0x000001c7eca66634: ;   {runtime_call C1 Runtime throw_null_pointer_exception_blob}
  0x000001c7eca66634: ffe8 267f 

  0x000001c7eca66638: ; ImmutableOopMap {rax=Oop rsi=Oop [184]=Oop }
                      ;*invokevirtual fine {reexecute=0 rethrow=0 return_oop=0}
                      ; - java.awt.EventQueue::dispatchEventImpl@135 (line 737)
                      ;   {metadata({method} {0x000001c7c50d9e50} 'fine' '(Ljava/lang/String;)V' in 'sun/util/logging/PlatformLogger')}
  0x000001c7eca66638: 2907 49ba | 489e 0dc5 | c701 0000 | 4c89 5424 | 0848 c704 | 24ff ffff 

  0x000001c7eca66650: ;   {runtime_call C1 Runtime counter_overflow_blob}
  0x000001c7eca66650: ffe8 0ad0 

  0x000001c7eca66654: ; ImmutableOopMap {rax=Oop rsi=Oop [184]=Oop }
                      ;*synchronization entry
                      ; - sun.util.logging.PlatformLogger::fine@-1 (line 449)
                      ; - java.awt.EventQueue::dispatchEventImpl@135 (line 737)
  0x000001c7eca66654: 2907 e9af 

  0x000001c7eca66658: ;   {runtime_call C1 Runtime throw_null_pointer_exception_blob}
  0x000001c7eca66658: f4ff ffe8 

  0x000001c7eca6665c: ; ImmutableOopMap {rax=Oop rdx=Oop }
                      ;*invokeinterface log {reexecute=0 rethrow=0 return_oop=0}
                      ; - sun.util.logging.PlatformLogger::fine@12 (line 449)
                      ; - java.awt.EventQueue::dispatchEventImpl@135 (line 737)
  0x000001c7eca6665c: 007f 2907 

  0x000001c7eca66660: ;   {internal_word}
  0x000001c7eca66660: 49ba e45b | a6ec c701 | 0000 4d89 | 9760 0400 

  0x000001c7eca66670: ;   {runtime_call SafepointBlob}
  0x000001c7eca66670: 00e9 6af6 

  0x000001c7eca66674: ;   {runtime_call C1 Runtime throw_null_pointer_exception_blob}
  0x000001c7eca66674: 1d07 e8e5 

  0x000001c7eca66678: ; ImmutableOopMap {r8=Oop }
                      ;*invokevirtual stopDispatching {reexecute=0 rethrow=0 return_oop=0}
                      ; - java.awt.EventQueue::dispatchEventImpl@105 (line 733)
                      ;   {metadata({method} {0x000001c7c569e798} 'stopDispatching' '()V' in 'java/awt/EventDispatchThread')}
  0x000001c7eca66678: 7e29 0749 | ba90 e769 | c5c7 0100 | 004c 8954 | 2408 48c7 | 0424 ffff 

  0x000001c7eca66690: ;   {runtime_call C1 Runtime counter_overflow_blob}
  0x000001c7eca66690: ffff e8c9 

  0x000001c7eca66694: ; ImmutableOopMap {r8=Oop }
                      ;*synchronization entry
                      ; - java.awt.EventDispatchThread::stopDispatching@-1 (line 85)
                      ; - java.awt.EventQueue::dispatchEventImpl@105 (line 733)
  0x000001c7eca66694: cf29 07e9 | abf5 ffff 

  0x000001c7eca6669c: ;   {internal_word}
  0x000001c7eca6669c: 49ba 6f5c | a6ec c701 | 0000 4d89 | 9760 0400 

  0x000001c7eca666ac: ;   {runtime_call SafepointBlob}
  0x000001c7eca666ac: 00e9 2ef6 

  0x000001c7eca666b0: ;   {metadata(nullptr)}
  0x000001c7eca666b0: 1d07 48bb | 0000 0000 | 0000 0000 | b800 0f05 

  0x000001c7eca666c0: ;   {runtime_call C1 Runtime load_klass_patching_blob}
  0x000001c7eca666c0: 0ae8 1abf 

  0x000001c7eca666c4: ; ImmutableOopMap {r9=Oop r8=Oop [168]=Oop }
                      ;*checkcast {reexecute=1 rethrow=0 return_oop=0}
                      ; - (reexecute) java.awt.EventQueue::dispatchEventImpl@77 (line 730)
  0x000001c7eca666c4: 2907 e95d | f6ff ff4c 

  0x000001c7eca666cc: ;   {runtime_call C1 Runtime throw_class_cast_exception_blob}
  0x000001c7eca666cc: 890c 24e8 

  0x000001c7eca666d0: ; ImmutableOopMap {r9=Oop r8=Oop [168]=Oop }
                      ;*checkcast {reexecute=0 rethrow=0 return_oop=0}
                      ; - java.awt.EventQueue::dispatchEventImpl@77 (line 730)
  0x000001c7eca666d0: 8ca2 2907 

  0x000001c7eca666d4: ;   {internal_word}
  0x000001c7eca666d4: 49ba ad5d | a6ec c701 | 0000 4d89 | 9760 0400 

  0x000001c7eca666e4: ;   {runtime_call SafepointBlob}
  0x000001c7eca666e4: 00e9 f6f5 | 1d07 4c89 

  0x000001c7eca666ec: ;   {runtime_call C1 Runtime throw_class_cast_exception_blob}
  0x000001c7eca666ec: 0c24 e86d 

  0x000001c7eca666f0: ; ImmutableOopMap {r8=Oop [168]=Oop }
                      ;*checkcast {reexecute=0 rethrow=0 return_oop=0}
                      ; - java.awt.EventQueue::dispatchEventImpl@59 (line 728)
                      ;   {runtime_call C1 Runtime throw_null_pointer_exception_blob}
  0x000001c7eca666f0: a229 07e8 

  0x000001c7eca666f4: ; ImmutableOopMap {r8=Oop rdx=Oop [168]=Oop }
                      ;*invokevirtual dispatchEvent {reexecute=0 rethrow=0 return_oop=0}
                      ; - java.awt.EventQueue::dispatchEventImpl@63 (line 728)
  0x000001c7eca666f4: 687e 2907 

  0x000001c7eca666f8: ;   {internal_word}
  0x000001c7eca666f8: 49ba 4d5f | a6ec c701 | 0000 4d89 | 9760 0400 

  0x000001c7eca66708: ;   {runtime_call SafepointBlob}
  0x000001c7eca66708: 00e9 d2f5 | 1d07 4c89 

  0x000001c7eca66710: ;   {runtime_call C1 Runtime throw_class_cast_exception_blob}
  0x000001c7eca66710: 0424 e849 

  0x000001c7eca66714: ; ImmutableOopMap {}
                      ;*checkcast {reexecute=0 rethrow=0 return_oop=0}
                      ; - java.awt.EventQueue::dispatchEventImpl@18 (line 723)
                      ;   {runtime_call C1 Runtime throw_null_pointer_exception_blob}
  0x000001c7eca66714: a229 07e8 

  0x000001c7eca66718: ; ImmutableOopMap {rdx=Oop }
                      ;*invokeinterface dispatch {reexecute=0 rethrow=0 return_oop=0}
                      ; - java.awt.EventQueue::dispatchEventImpl@21 (line 723)
  0x000001c7eca66718: 447e 2907 

  0x000001c7eca6671c: ;   {internal_word}
  0x000001c7eca6671c: 49ba 3c61 | a6ec c701 | 0000 4d89 | 9760 0400 

  0x000001c7eca6672c: ;   {runtime_call SafepointBlob}
  0x000001c7eca6672c: 00e9 aef5 

  0x000001c7eca66730: ;   {metadata(nullptr)}
  0x000001c7eca66730: 1d07 48ba | 0000 0000 | 0000 0000 | b800 0f05 

  0x000001c7eca66740: ;   {runtime_call C1 Runtime load_klass_patching_blob}
  0x000001c7eca66740: 0ae8 9abe 

  0x000001c7eca66744: ; ImmutableOopMap {[168]=Oop }
                      ;*new {reexecute=1 rethrow=0 return_oop=0}
                      ; - (reexecute) java.lang.invoke.MethodHandles::lookup@8 (line 128)
                      ; - sun.awt.AWTAccessor::ensureClassInitialized@0 (line 1464)
                      ; - sun.awt.AWTAccessor::getInputEventAccessor@10 (line 963)
                      ; - java.awt.AWTEvent::dispatched@7 (line 571)
                      ; - java.awt.EventQueue::dispatchEventImpl@45 (line 726)
  0x000001c7eca66744: 2907 e9fd 

  0x000001c7eca66748: ;   {runtime_call C1 Runtime throw_null_pointer_exception_blob}
  0x000001c7eca66748: f9ff ffe8 

  0x000001c7eca6674c: ; ImmutableOopMap {[168]=Oop }
                      ;*new {reexecute=0 rethrow=0 return_oop=0}
                      ; - java.lang.invoke.MethodHandles::lookup@8 (line 128)
                      ; - sun.awt.AWTAccessor::ensureClassInitialized@0 (line 1464)
                      ; - sun.awt.AWTAccessor::getInputEventAccessor@10 (line 963)
                      ; - java.awt.AWTEvent::dispatched@7 (line 571)
                      ; - java.awt.EventQueue::dispatchEventImpl@45 (line 726)
  0x000001c7eca6674c: 107e 2907 

  0x000001c7eca66750: ;   {runtime_call C1 Runtime fast_new_instance_init_check_blob}
  0x000001c7eca66750: 488b d2e8 

  0x000001c7eca66754: ; ImmutableOopMap {[168]=Oop }
                      ;*new {reexecute=0 rethrow=0 return_oop=0}
                      ; - java.lang.invoke.MethodHandles::lookup@8 (line 128)
                      ; - sun.awt.AWTAccessor::ensureClassInitialized@0 (line 1464)
                      ; - sun.awt.AWTAccessor::getInputEventAccessor@10 (line 963)
                      ; - java.awt.AWTEvent::dispatched@7 (line 571)
                      ; - java.awt.EventQueue::dispatchEventImpl@45 (line 726)
  0x000001c7eca66754: 088a 2907 | e950 faff | ff4c 8904 

  0x000001c7eca66760: ;   {runtime_call C1 Runtime throw_class_cast_exception_blob}
  0x000001c7eca66760: 24e8 faa1 

  0x000001c7eca66764: ; ImmutableOopMap {rsi=Oop }
                      ;*checkcast {reexecute=0 rethrow=0 return_oop=0}
                      ; - java.awt.AWTEvent::dispatched@11 (line 571)
                      ; - java.awt.EventQueue::dispatchEventImpl@45 (line 726)
                      ;   {runtime_call C1 Runtime throw_incompatible_class_change_error_blob}
  0x000001c7eca66764: 2907 e8f5 

  0x000001c7eca66768: ; ImmutableOopMap {rsi=Oop rdi=Oop }
                      ;*invokeinterface setCanAccessSystemClipboard {reexecute=0 rethrow=0 return_oop=0}
                      ; - java.awt.AWTEvent::dispatched@15 (line 572)
                      ; - java.awt.EventQueue::dispatchEventImpl@45 (line 726)
                      ;   {runtime_call C1 Runtime throw_null_pointer_exception_blob}
  0x000001c7eca66768: a429 07e8 

  0x000001c7eca6676c: ; ImmutableOopMap {rsi=Oop rdi=Oop }
                      ;*invokeinterface setCanAccessSystemClipboard {reexecute=0 rethrow=0 return_oop=0}
                      ; - java.awt.AWTEvent::dispatched@15 (line 572)
                      ; - java.awt.EventQueue::dispatchEventImpl@45 (line 726)
  0x000001c7eca6676c: f07d 2907 

  0x000001c7eca66770: ;   {metadata({method} {0x000001c7c510fe50} 'setCanAccessSystemClipboard' '(Ljava/awt/event/InputEvent;Z)V' in 'java/awt/event/InputEvent$1')}
  0x000001c7eca66770: 49ba 48fe | 10c5 c701 | 0000 4c89 | 5424 0848 | c704 24ff 

  0x000001c7eca66784: ;   {runtime_call C1 Runtime counter_overflow_blob}
  0x000001c7eca66784: ffff ffe8 

  0x000001c7eca66788: ; ImmutableOopMap {rdi=Oop }
                      ;*synchronization entry
                      ; - java.awt.event.InputEvent$1::setCanAccessSystemClipboard@-1 (line 338)
                      ; - java.awt.AWTEvent::dispatched@15 (line 572)
                      ; - java.awt.EventQueue::dispatchEventImpl@45 (line 726)
  0x000001c7eca66788: d4ce 2907 | e9e8 fbff 

  0x000001c7eca66790: ;   {runtime_call C1 Runtime throw_null_pointer_exception_blob}
  0x000001c7eca66790: ffe8 ca7d 

  0x000001c7eca66794: ; ImmutableOopMap {}
                      ;*putfield canAccessSystemClipboard {reexecute=1 rethrow=0 return_oop=0}
                      ; - (reexecute) java.awt.event.InputEvent$1::setCanAccessSystemClipboard@2 (line 338)
                      ; - java.awt.AWTEvent::dispatched@15 (line 572)
                      ; - java.awt.EventQueue::dispatchEventImpl@45 (line 726)
                      ;   {internal_word}
  0x000001c7eca66794: 2907 49ba | 9563 a6ec | c701 0000 | 4d89 9760 

  0x000001c7eca667a4: ;   {runtime_call SafepointBlob}
  0x000001c7eca667a4: 0400 00e9 | 34f5 1d07 | 498b 8708 | 0500 0049 | c787 0805 | 0000 0000 | 0000 49c7 | 8710 0500 
  0x000001c7eca667c4: 0000 0000 | 0048 81c4 | d000 0000 

  0x000001c7eca667d0: ;   {runtime_call C1 Runtime unwind_exception_blob}
  0x000001c7eca667d0: 5de9 0a66 | 2907 f4f4 
[Stub Code]
  0x000001c7eca667d8: ;   {no_reloc}
  0x000001c7eca667d8: 0f1f 4400 

  0x000001c7eca667dc: ;   {static_stub}
  0x000001c7eca667dc: 0048 bb00 | 0000 0000 

  0x000001c7eca667e4: ;   {runtime_call nmethod}
  0x000001c7eca667e4: 0000 00e9 | fbff ffff 

  0x000001c7eca667ec: ;   {static_stub}
  0x000001c7eca667ec: 9048 bb00 | 0000 0000 

  0x000001c7eca667f4: ;   {runtime_call nmethod}
  0x000001c7eca667f4: 0000 00e9 | fbff ffff 

  0x000001c7eca667fc: ;   {static_stub}
  0x000001c7eca667fc: 9048 bb00 | 0000 0000 

  0x000001c7eca66804: ;   {runtime_call nmethod}
  0x000001c7eca66804: 0000 00e9 | fbff ffff 

  0x000001c7eca6680c: ;   {static_stub}
  0x000001c7eca6680c: 9048 bb00 | 0000 0000 

  0x000001c7eca66814: ;   {runtime_call nmethod}
  0x000001c7eca66814: 0000 00e9 | fbff ffff 

  0x000001c7eca6681c: ;   {static_stub}
  0x000001c7eca6681c: 9048 bb00 | 0000 0000 

  0x000001c7eca66824: ;   {runtime_call nmethod}
  0x000001c7eca66824: 0000 00e9 | fbff ffff 

  0x000001c7eca6682c: ;   {static_stub}
  0x000001c7eca6682c: 9048 bb00 | 0000 0000 

  0x000001c7eca66834: ;   {runtime_call nmethod}
  0x000001c7eca66834: 0000 00e9 | fbff ffff 

  0x000001c7eca6683c: ;   {static_stub}
  0x000001c7eca6683c: 9048 bb00 | 0000 0000 

  0x000001c7eca66844: ;   {runtime_call nmethod}
  0x000001c7eca66844: 0000 00e9 | fbff ffff 

  0x000001c7eca6684c: ;   {static_stub}
  0x000001c7eca6684c: 9048 bb00 | 0000 0000 

  0x000001c7eca66854: ;   {runtime_call nmethod}
  0x000001c7eca66854: 0000 00e9 | fbff ffff 

  0x000001c7eca6685c: ;   {static_stub}
  0x000001c7eca6685c: 9048 bb00 | 0000 0000 

  0x000001c7eca66864: ;   {runtime_call nmethod}
  0x000001c7eca66864: 0000 00e9 | fbff ffff 

  0x000001c7eca6686c: ;   {static_stub}
  0x000001c7eca6686c: 48bb 0000 | 0000 0000 

  0x000001c7eca66874: ;   {runtime_call nmethod}
  0x000001c7eca66874: 0000 e9fb 

  0x000001c7eca66878: ;   {static_stub}
  0x000001c7eca66878: ffff ff48 | bb00 0000 | 0000 0000 

  0x000001c7eca66884: ;   {runtime_call nmethod}
  0x000001c7eca66884: 00e9 fbff 

  0x000001c7eca66888: ;   {static_stub}
  0x000001c7eca66888: ffff 48bb | 0000 0000 | 0000 0000 

  0x000001c7eca66894: ;   {runtime_call nmethod}
  0x000001c7eca66894: e9fb ffff 

  0x000001c7eca66898: ;   {static_stub}
  0x000001c7eca66898: ff48 bb00 | 0000 0000 

  0x000001c7eca668a0: ;   {runtime_call nmethod}
  0x000001c7eca668a0: 0000 00e9 | fbff ffff 

  0x000001c7eca668a8: ;   {static_stub}
  0x000001c7eca668a8: 48bb 0000 | 0000 0000 

  0x000001c7eca668b0: ;   {runtime_call nmethod}
  0x000001c7eca668b0: 0000 e9fb 

  0x000001c7eca668b4: ;   {runtime_call C1 Runtime handle_exception_from_callee_blob}
  0x000001c7eca668b4: ffff ffe8 | a49a 2907 

  0x000001c7eca668bc: ;   {external_word}
  0x000001c7eca668bc: 48b9 e034 | 8ede f87f | 0000 4883 

  0x000001c7eca668c8: ;   {runtime_call}
  0x000001c7eca668c8: e4f0 48b8 | 1090 4bde | f87f 0000 

  0x000001c7eca668d4: ;   {section_word}
  0x000001c7eca668d4: ffd0 f449 | bad7 68a6 | ecc7 0100 

  0x000001c7eca668e0: ;   {runtime_call DeoptimizationBlob}
  0x000001c7eca668e0: 0041 52e9 | 98e9 1d07 
[/MachCode]


---------------  P R O C E S S  ---------------

Threads class SMR info:
_java_thread_list=0x000001c7c9a57590, length=16, elements={
0x000001c7fd1c4960, 0x000001c7fd1c51a0, 0x000001c7fd1c78f0, 0x000001c7fd1c8420,
0x000001c7fd1c91b0, 0x000001c7fd1c9e10, 0x000001c7fd1cb020, 0x000001c7fd1de2a0,
0x000001c7c91450c0, 0x000001c7c924b830, 0x000001c7c9766860, 0x000001c7c9769a60,
0x000001c7c976a1a0, 0x000001c7c994b0b0, 0x000001c7e198f870, 0x000001c7c9a53e30
}

Java Threads: ( => current thread )
  0x000001c7fd1c4960 JavaThread "Reference Handler"          daemon [_thread_blocked, id=20804, stack(0x000000ab3d400000,0x000000ab3d500000) (1024K)]
  0x000001c7fd1c51a0 JavaThread "Finalizer"                  daemon [_thread_blocked, id=34780, stack(0x000000ab3d500000,0x000000ab3d600000) (1024K)]
  0x000001c7fd1c78f0 JavaThread "Signal Dispatcher"          daemon [_thread_blocked, id=37472, stack(0x000000ab3d600000,0x000000ab3d700000) (1024K)]
  0x000001c7fd1c8420 JavaThread "Attach Listener"            daemon [_thread_blocked, id=20912, stack(0x000000ab3d700000,0x000000ab3d800000) (1024K)]
  0x000001c7fd1c91b0 JavaThread "Service Thread"             daemon [_thread_blocked, id=9304, stack(0x000000ab3d800000,0x000000ab3d900000) (1024K)]
  0x000001c7fd1c9e10 JavaThread "Monitor Deflation Thread"   daemon [_thread_blocked, id=33784, stack(0x000000ab3d900000,0x000000ab3da00000) (1024K)]
  0x000001c7fd1cb020 JavaThread "C2 CompilerThread0"         daemon [_thread_blocked, id=37616, stack(0x000000ab3da00000,0x000000ab3db00000) (1024K)]
  0x000001c7fd1de2a0 JavaThread "C1 CompilerThread0"         daemon [_thread_blocked, id=35688, stack(0x000000ab3db00000,0x000000ab3dc00000) (1024K)]
  0x000001c7c91450c0 JavaThread "Common-Cleaner"             daemon [_thread_blocked, id=37452, stack(0x000000ab3de00000,0x000000ab3df00000) (1024K)]
  0x000001c7c924b830 JavaThread "Notification Thread"        daemon [_thread_blocked, id=37560, stack(0x000000ab3e000000,0x000000ab3e100000) (1024K)]
  0x000001c7c9766860 JavaThread "Java2D Disposer"            daemon [_thread_blocked, id=29284, stack(0x000000ab3e100000,0x000000ab3e200000) (1024K)]
  0x000001c7c9769a60 JavaThread "AWT-Shutdown"                      [_thread_blocked, id=32116, stack(0x000000ab3e200000,0x000000ab3e300000) (1024K)]
  0x000001c7c976a1a0 JavaThread "AWT-Windows"                daemon [_thread_in_native, id=4068, stack(0x000000ab3e300000,0x000000ab3e400000) (1024K)]
=>0x000001c7c994b0b0 JavaThread "AWT-EventQueue-0"                  [_thread_in_native, id=24004, stack(0x000000ab3e600000,0x000000ab3e700000) (1024K)]
  0x000001c7e198f870 JavaThread "DestroyJavaVM"                     [_thread_blocked, id=19068, stack(0x000000ab3cc00000,0x000000ab3cd00000) (1024K)]
  0x000001c7c9a53e30 JavaThread "TimerQueue"                 daemon [_thread_blocked, id=36292, stack(0x000000ab3eb00000,0x000000ab3ec00000) (1024K)]
Total: 16

Other Threads:
  0x000001c7fd1b6070 VMThread "VM Thread"                           [id=35972, stack(0x000000ab3d300000,0x000000ab3d400000) (1024K)]
  0x000001c7fd1a5aa0 WatcherThread "VM Periodic Task Thread"        [id=19468, stack(0x000000ab3d200000,0x000000ab3d300000) (1024K)]
  0x000001c7e3d033c0 WorkerThread "GC Thread#0"                     [id=38432, stack(0x000000ab3cd00000,0x000000ab3ce00000) (1024K)]
  0x000001c7e3d56b80 ConcurrentGCThread "G1 Main Marker"            [id=25764, stack(0x000000ab3ce00000,0x000000ab3cf00000) (1024K)]
  0x000001c7e3d58540 WorkerThread "G1 Conc#0"                       [id=35868, stack(0x000000ab3cf00000,0x000000ab3d000000) (1024K)]
  0x000001c7fd065350 ConcurrentGCThread "G1 Refine#0"               [id=31324, stack(0x000000ab3d000000,0x000000ab3d100000) (1024K)]
  0x000001c7fd065d70 ConcurrentGCThread "G1 Service"                [id=26620, stack(0x000000ab3d100000,0x000000ab3d200000) (1024K)]
Total: 7

Threads with active compile tasks:
Total: 0

VM state: not at safepoint (normal execution)

VM Mutex/Monitor currently owned by a thread: None

Heap address: 0x0000000705e00000, size: 4002 MB, Compressed Oops mode: Zero based, Oop shift amount: 3

CDS archive(s) mapped at: [0x000001c784000000-0x000001c784d40000-0x000001c784d40000), size 13893632, SharedBaseAddress: 0x000001c784000000, ArchiveRelocationMode: 1.
Compressed class space mapped at: 0x000001c785000000-0x000001c7c5000000, reserved size: 1073741824
UseCompressedClassPointers 1, UseCompactObjectHeaders 0
Narrow klass pointer bits 32, Max shift 3
Narrow klass base: 0x000001c784000000, Narrow klass shift: 0
Encoding Range: [0x000001c784000000 - 0x000001c884000000), (4294967296 bytes)
Klass Range:    [0x000001c784000000 - 0x000001c7c5000000), (1090519040 bytes)
Klass ID Range:  [8 - 1090519033) (1090519025)

GC Precious Log:
 CardTable entry size: 512
 Card Set container configuration: InlinePtr #cards 4 size 8 Array Of Cards #cards 16 size 48 Howl #buckets 8 coarsen threshold 3686 Howl Bitmap #cards 512 size 80 coarsen threshold 460 Card regions per heap region 1 cards per card region 4096
 CPUs: 16 total, 16 available
 Memory: 16004M
 Large Page Support: Disabled
 NUMA Support: Disabled
 Compressed Oops: Enabled (Zero based)
 Heap Region Size: 2M
 Heap Min Capacity: 8M
 Heap Initial Capacity: 252M
 Heap Max Capacity: 4002M
 Pre-touch: Disabled
 Parallel Workers: 13
 Concurrent Workers: 3
 Concurrent Refinement Workers: 13
 Periodic GC: Disabled

Heap:
 garbage-first heap   total reserved 4098048K, committed 260096K, used 31856K [0x0000000705e00000, 0x0000000800000000)
  region size 2048K, 14 young (28672K), 0 survivors (0K)
 Metaspace       used 11340K, committed 11520K, reserved 1114112K
  class space    used 1082K, committed 1216K, reserved 1048576K

Heap Regions: E=young(eden), S=young(survivor), O=old, HS=humongous(starts), HC=humongous(continues), CS=collection set, F=free, TAMS=top-at-mark-start, PB=parsable bottom
|   0|0x0000000705e00000, 0x0000000706000000, 0x0000000706000000|100%|HS|  |TAMS 0x0000000705e00000| PB 0x0000000705e00000| Complete |  0
|   1|0x0000000706000000, 0x0000000706200000, 0x0000000706200000|100%|HC|  |TAMS 0x0000000706000000| PB 0x0000000706000000| Complete |  0
|   2|0x0000000706200000, 0x0000000706200000, 0x0000000706400000|  0%| F|  |TAMS 0x0000000706200000| PB 0x0000000706200000| Untracked |  0
|   3|0x0000000706400000, 0x0000000706400000, 0x0000000706600000|  0%| F|  |TAMS 0x0000000706400000| PB 0x0000000706400000| Untracked |  0
|   4|0x0000000706600000, 0x0000000706600000, 0x0000000706800000|  0%| F|  |TAMS 0x0000000706600000| PB 0x0000000706600000| Untracked |  0
|   5|0x0000000706800000, 0x0000000706800000, 0x0000000706a00000|  0%| F|  |TAMS 0x0000000706800000| PB 0x0000000706800000| Untracked |  0
|   6|0x0000000706a00000, 0x0000000706a00000, 0x0000000706c00000|  0%| F|  |TAMS 0x0000000706a00000| PB 0x0000000706a00000| Untracked |  0
|   7|0x0000000706c00000, 0x0000000706c00000, 0x0000000706e00000|  0%| F|  |TAMS 0x0000000706c00000| PB 0x0000000706c00000| Untracked |  0
|   8|0x0000000706e00000, 0x0000000706e00000, 0x0000000707000000|  0%| F|  |TAMS 0x0000000706e00000| PB 0x0000000706e00000| Untracked |  0
|   9|0x0000000707000000, 0x0000000707000000, 0x0000000707200000|  0%| F|  |TAMS 0x0000000707000000| PB 0x0000000707000000| Untracked |  0
|  10|0x0000000707200000, 0x0000000707200000, 0x0000000707400000|  0%| F|  |TAMS 0x0000000707200000| PB 0x0000000707200000| Untracked |  0
|  11|0x0000000707400000, 0x0000000707400000, 0x0000000707600000|  0%| F|  |TAMS 0x0000000707400000| PB 0x0000000707400000| Untracked |  0
|  12|0x0000000707600000, 0x0000000707600000, 0x0000000707800000|  0%| F|  |TAMS 0x0000000707600000| PB 0x0000000707600000| Untracked |  0
|  13|0x0000000707800000, 0x0000000707800000, 0x0000000707a00000|  0%| F|  |TAMS 0x0000000707800000| PB 0x0000000707800000| Untracked |  0
|  14|0x0000000707a00000, 0x0000000707a00000, 0x0000000707c00000|  0%| F|  |TAMS 0x0000000707a00000| PB 0x0000000707a00000| Untracked |  0
|  15|0x0000000707c00000, 0x0000000707c00000, 0x0000000707e00000|  0%| F|  |TAMS 0x0000000707c00000| PB 0x0000000707c00000| Untracked |  0
|  16|0x0000000707e00000, 0x0000000707e00000, 0x0000000708000000|  0%| F|  |TAMS 0x0000000707e00000| PB 0x0000000707e00000| Untracked |  0
|  17|0x0000000708000000, 0x0000000708000000, 0x0000000708200000|  0%| F|  |TAMS 0x0000000708000000| PB 0x0000000708000000| Untracked |  0
|  18|0x0000000708200000, 0x0000000708200000, 0x0000000708400000|  0%| F|  |TAMS 0x0000000708200000| PB 0x0000000708200000| Untracked |  0
|  19|0x0000000708400000, 0x0000000708400000, 0x0000000708600000|  0%| F|  |TAMS 0x0000000708400000| PB 0x0000000708400000| Untracked |  0
|  20|0x0000000708600000, 0x0000000708600000, 0x0000000708800000|  0%| F|  |TAMS 0x0000000708600000| PB 0x0000000708600000| Untracked |  0
|  21|0x0000000708800000, 0x0000000708800000, 0x0000000708a00000|  0%| F|  |TAMS 0x0000000708800000| PB 0x0000000708800000| Untracked |  0
|  22|0x0000000708a00000, 0x0000000708a00000, 0x0000000708c00000|  0%| F|  |TAMS 0x0000000708a00000| PB 0x0000000708a00000| Untracked |  0
|  23|0x0000000708c00000, 0x0000000708c00000, 0x0000000708e00000|  0%| F|  |TAMS 0x0000000708c00000| PB 0x0000000708c00000| Untracked |  0
|  24|0x0000000708e00000, 0x0000000708e00000, 0x0000000709000000|  0%| F|  |TAMS 0x0000000708e00000| PB 0x0000000708e00000| Untracked |  0
|  25|0x0000000709000000, 0x0000000709000000, 0x0000000709200000|  0%| F|  |TAMS 0x0000000709000000| PB 0x0000000709000000| Untracked |  0
|  26|0x0000000709200000, 0x0000000709200000, 0x0000000709400000|  0%| F|  |TAMS 0x0000000709200000| PB 0x0000000709200000| Untracked |  0
|  27|0x0000000709400000, 0x0000000709400000, 0x0000000709600000|  0%| F|  |TAMS 0x0000000709400000| PB 0x0000000709400000| Untracked |  0
|  28|0x0000000709600000, 0x0000000709600000, 0x0000000709800000|  0%| F|  |TAMS 0x0000000709600000| PB 0x0000000709600000| Untracked |  0
|  29|0x0000000709800000, 0x0000000709800000, 0x0000000709a00000|  0%| F|  |TAMS 0x0000000709800000| PB 0x0000000709800000| Untracked |  0
|  30|0x0000000709a00000, 0x0000000709a00000, 0x0000000709c00000|  0%| F|  |TAMS 0x0000000709a00000| PB 0x0000000709a00000| Untracked |  0
|  31|0x0000000709c00000, 0x0000000709c00000, 0x0000000709e00000|  0%| F|  |TAMS 0x0000000709c00000| PB 0x0000000709c00000| Untracked |  0
|  32|0x0000000709e00000, 0x0000000709e00000, 0x000000070a000000|  0%| F|  |TAMS 0x0000000709e00000| PB 0x0000000709e00000| Untracked |  0
|  33|0x000000070a000000, 0x000000070a000000, 0x000000070a200000|  0%| F|  |TAMS 0x000000070a000000| PB 0x000000070a000000| Untracked |  0
|  34|0x000000070a200000, 0x000000070a200000, 0x000000070a400000|  0%| F|  |TAMS 0x000000070a200000| PB 0x000000070a200000| Untracked |  0
|  35|0x000000070a400000, 0x000000070a400000, 0x000000070a600000|  0%| F|  |TAMS 0x000000070a400000| PB 0x000000070a400000| Untracked |  0
|  36|0x000000070a600000, 0x000000070a600000, 0x000000070a800000|  0%| F|  |TAMS 0x000000070a600000| PB 0x000000070a600000| Untracked |  0
|  37|0x000000070a800000, 0x000000070a800000, 0x000000070aa00000|  0%| F|  |TAMS 0x000000070a800000| PB 0x000000070a800000| Untracked |  0
|  38|0x000000070aa00000, 0x000000070aa00000, 0x000000070ac00000|  0%| F|  |TAMS 0x000000070aa00000| PB 0x000000070aa00000| Untracked |  0
|  39|0x000000070ac00000, 0x000000070ac00000, 0x000000070ae00000|  0%| F|  |TAMS 0x000000070ac00000| PB 0x000000070ac00000| Untracked |  0
|  40|0x000000070ae00000, 0x000000070ae00000, 0x000000070b000000|  0%| F|  |TAMS 0x000000070ae00000| PB 0x000000070ae00000| Untracked |  0
|  41|0x000000070b000000, 0x000000070b000000, 0x000000070b200000|  0%| F|  |TAMS 0x000000070b000000| PB 0x000000070b000000| Untracked |  0
|  42|0x000000070b200000, 0x000000070b200000, 0x000000070b400000|  0%| F|  |TAMS 0x000000070b200000| PB 0x000000070b200000| Untracked |  0
|  43|0x000000070b400000, 0x000000070b400000, 0x000000070b600000|  0%| F|  |TAMS 0x000000070b400000| PB 0x000000070b400000| Untracked |  0
|  44|0x000000070b600000, 0x000000070b600000, 0x000000070b800000|  0%| F|  |TAMS 0x000000070b600000| PB 0x000000070b600000| Untracked |  0
|  45|0x000000070b800000, 0x000000070b800000, 0x000000070ba00000|  0%| F|  |TAMS 0x000000070b800000| PB 0x000000070b800000| Untracked |  0
|  46|0x000000070ba00000, 0x000000070ba00000, 0x000000070bc00000|  0%| F|  |TAMS 0x000000070ba00000| PB 0x000000070ba00000| Untracked |  0
|  47|0x000000070bc00000, 0x000000070bc00000, 0x000000070be00000|  0%| F|  |TAMS 0x000000070bc00000| PB 0x000000070bc00000| Untracked |  0
|  48|0x000000070be00000, 0x000000070be00000, 0x000000070c000000|  0%| F|  |TAMS 0x000000070be00000| PB 0x000000070be00000| Untracked |  0
|  49|0x000000070c000000, 0x000000070c000000, 0x000000070c200000|  0%| F|  |TAMS 0x000000070c000000| PB 0x000000070c000000| Untracked |  0
|  50|0x000000070c200000, 0x000000070c200000, 0x000000070c400000|  0%| F|  |TAMS 0x000000070c200000| PB 0x000000070c200000| Untracked |  0
|  51|0x000000070c400000, 0x000000070c400000, 0x000000070c600000|  0%| F|  |TAMS 0x000000070c400000| PB 0x000000070c400000| Untracked |  0
|  52|0x000000070c600000, 0x000000070c600000, 0x000000070c800000|  0%| F|  |TAMS 0x000000070c600000| PB 0x000000070c600000| Untracked |  0
|  53|0x000000070c800000, 0x000000070c800000, 0x000000070ca00000|  0%| F|  |TAMS 0x000000070c800000| PB 0x000000070c800000| Untracked |  0
|  54|0x000000070ca00000, 0x000000070ca00000, 0x000000070cc00000|  0%| F|  |TAMS 0x000000070ca00000| PB 0x000000070ca00000| Untracked |  0
|  55|0x000000070cc00000, 0x000000070cc00000, 0x000000070ce00000|  0%| F|  |TAMS 0x000000070cc00000| PB 0x000000070cc00000| Untracked |  0
|  56|0x000000070ce00000, 0x000000070ce00000, 0x000000070d000000|  0%| F|  |TAMS 0x000000070ce00000| PB 0x000000070ce00000| Untracked |  0
|  57|0x000000070d000000, 0x000000070d000000, 0x000000070d200000|  0%| F|  |TAMS 0x000000070d000000| PB 0x000000070d000000| Untracked |  0
|  58|0x000000070d200000, 0x000000070d200000, 0x000000070d400000|  0%| F|  |TAMS 0x000000070d200000| PB 0x000000070d200000| Untracked |  0
|  59|0x000000070d400000, 0x000000070d400000, 0x000000070d600000|  0%| F|  |TAMS 0x000000070d400000| PB 0x000000070d400000| Untracked |  0
|  60|0x000000070d600000, 0x000000070d600000, 0x000000070d800000|  0%| F|  |TAMS 0x000000070d600000| PB 0x000000070d600000| Untracked |  0
|  61|0x000000070d800000, 0x000000070d800000, 0x000000070da00000|  0%| F|  |TAMS 0x000000070d800000| PB 0x000000070d800000| Untracked |  0
|  62|0x000000070da00000, 0x000000070da00000, 0x000000070dc00000|  0%| F|  |TAMS 0x000000070da00000| PB 0x000000070da00000| Untracked |  0
|  63|0x000000070dc00000, 0x000000070dc00000, 0x000000070de00000|  0%| F|  |TAMS 0x000000070dc00000| PB 0x000000070dc00000| Untracked |  0
|  64|0x000000070de00000, 0x000000070de00000, 0x000000070e000000|  0%| F|  |TAMS 0x000000070de00000| PB 0x000000070de00000| Untracked |  0
|  65|0x000000070e000000, 0x000000070e000000, 0x000000070e200000|  0%| F|  |TAMS 0x000000070e000000| PB 0x000000070e000000| Untracked |  0
|  66|0x000000070e200000, 0x000000070e200000, 0x000000070e400000|  0%| F|  |TAMS 0x000000070e200000| PB 0x000000070e200000| Untracked |  0
|  67|0x000000070e400000, 0x000000070e400000, 0x000000070e600000|  0%| F|  |TAMS 0x000000070e400000| PB 0x000000070e400000| Untracked |  0
|  68|0x000000070e600000, 0x000000070e600000, 0x000000070e800000|  0%| F|  |TAMS 0x000000070e600000| PB 0x000000070e600000| Untracked |  0
|  69|0x000000070e800000, 0x000000070e800000, 0x000000070ea00000|  0%| F|  |TAMS 0x000000070e800000| PB 0x000000070e800000| Untracked |  0
|  70|0x000000070ea00000, 0x000000070ea00000, 0x000000070ec00000|  0%| F|  |TAMS 0x000000070ea00000| PB 0x000000070ea00000| Untracked |  0
|  71|0x000000070ec00000, 0x000000070ec00000, 0x000000070ee00000|  0%| F|  |TAMS 0x000000070ec00000| PB 0x000000070ec00000| Untracked |  0
|  72|0x000000070ee00000, 0x000000070ee00000, 0x000000070f000000|  0%| F|  |TAMS 0x000000070ee00000| PB 0x000000070ee00000| Untracked |  0
|  73|0x000000070f000000, 0x000000070f000000, 0x000000070f200000|  0%| F|  |TAMS 0x000000070f000000| PB 0x000000070f000000| Untracked |  0
|  74|0x000000070f200000, 0x000000070f200000, 0x000000070f400000|  0%| F|  |TAMS 0x000000070f200000| PB 0x000000070f200000| Untracked |  0
|  75|0x000000070f400000, 0x000000070f400000, 0x000000070f600000|  0%| F|  |TAMS 0x000000070f400000| PB 0x000000070f400000| Untracked |  0
|  76|0x000000070f600000, 0x000000070f600000, 0x000000070f800000|  0%| F|  |TAMS 0x000000070f600000| PB 0x000000070f600000| Untracked |  0
|  77|0x000000070f800000, 0x000000070f800000, 0x000000070fa00000|  0%| F|  |TAMS 0x000000070f800000| PB 0x000000070f800000| Untracked |  0
|  78|0x000000070fa00000, 0x000000070fa00000, 0x000000070fc00000|  0%| F|  |TAMS 0x000000070fa00000| PB 0x000000070fa00000| Untracked |  0
|  79|0x000000070fc00000, 0x000000070fc00000, 0x000000070fe00000|  0%| F|  |TAMS 0x000000070fc00000| PB 0x000000070fc00000| Untracked |  0
|  80|0x000000070fe00000, 0x000000070fe00000, 0x0000000710000000|  0%| F|  |TAMS 0x000000070fe00000| PB 0x000000070fe00000| Untracked |  0
|  81|0x0000000710000000, 0x0000000710000000, 0x0000000710200000|  0%| F|  |TAMS 0x0000000710000000| PB 0x0000000710000000| Untracked |  0
|  82|0x0000000710200000, 0x0000000710200000, 0x0000000710400000|  0%| F|  |TAMS 0x0000000710200000| PB 0x0000000710200000| Untracked |  0
|  83|0x0000000710400000, 0x0000000710400000, 0x0000000710600000|  0%| F|  |TAMS 0x0000000710400000| PB 0x0000000710400000| Untracked |  0
|  84|0x0000000710600000, 0x0000000710600000, 0x0000000710800000|  0%| F|  |TAMS 0x0000000710600000| PB 0x0000000710600000| Untracked |  0
|  85|0x0000000710800000, 0x0000000710800000, 0x0000000710a00000|  0%| F|  |TAMS 0x0000000710800000| PB 0x0000000710800000| Untracked |  0
|  86|0x0000000710a00000, 0x0000000710a00000, 0x0000000710c00000|  0%| F|  |TAMS 0x0000000710a00000| PB 0x0000000710a00000| Untracked |  0
|  87|0x0000000710c00000, 0x0000000710c00000, 0x0000000710e00000|  0%| F|  |TAMS 0x0000000710c00000| PB 0x0000000710c00000| Untracked |  0
|  88|0x0000000710e00000, 0x0000000710e00000, 0x0000000711000000|  0%| F|  |TAMS 0x0000000710e00000| PB 0x0000000710e00000| Untracked |  0
|  89|0x0000000711000000, 0x0000000711000000, 0x0000000711200000|  0%| F|  |TAMS 0x0000000711000000| PB 0x0000000711000000| Untracked |  0
|  90|0x0000000711200000, 0x0000000711200000, 0x0000000711400000|  0%| F|  |TAMS 0x0000000711200000| PB 0x0000000711200000| Untracked |  0
|  91|0x0000000711400000, 0x0000000711400000, 0x0000000711600000|  0%| F|  |TAMS 0x0000000711400000| PB 0x0000000711400000| Untracked |  0
|  92|0x0000000711600000, 0x0000000711600000, 0x0000000711800000|  0%| F|  |TAMS 0x0000000711600000| PB 0x0000000711600000| Untracked |  0
|  93|0x0000000711800000, 0x0000000711800000, 0x0000000711a00000|  0%| F|  |TAMS 0x0000000711800000| PB 0x0000000711800000| Untracked |  0
|  94|0x0000000711a00000, 0x0000000711a00000, 0x0000000711c00000|  0%| F|  |TAMS 0x0000000711a00000| PB 0x0000000711a00000| Untracked |  0
|  95|0x0000000711c00000, 0x0000000711c00000, 0x0000000711e00000|  0%| F|  |TAMS 0x0000000711c00000| PB 0x0000000711c00000| Untracked |  0
|  96|0x0000000711e00000, 0x0000000711e00000, 0x0000000712000000|  0%| F|  |TAMS 0x0000000711e00000| PB 0x0000000711e00000| Untracked |  0
|  97|0x0000000712000000, 0x0000000712000000, 0x0000000712200000|  0%| F|  |TAMS 0x0000000712000000| PB 0x0000000712000000| Untracked |  0
|  98|0x0000000712200000, 0x0000000712200000, 0x0000000712400000|  0%| F|  |TAMS 0x0000000712200000| PB 0x0000000712200000| Untracked |  0
|  99|0x0000000712400000, 0x0000000712400000, 0x0000000712600000|  0%| F|  |TAMS 0x0000000712400000| PB 0x0000000712400000| Untracked |  0
| 100|0x0000000712600000, 0x0000000712600000, 0x0000000712800000|  0%| F|  |TAMS 0x0000000712600000| PB 0x0000000712600000| Untracked |  0
| 101|0x0000000712800000, 0x0000000712800000, 0x0000000712a00000|  0%| F|  |TAMS 0x0000000712800000| PB 0x0000000712800000| Untracked |  0
| 102|0x0000000712a00000, 0x0000000712a00000, 0x0000000712c00000|  0%| F|  |TAMS 0x0000000712a00000| PB 0x0000000712a00000| Untracked |  0
| 103|0x0000000712c00000, 0x0000000712c00000, 0x0000000712e00000|  0%| F|  |TAMS 0x0000000712c00000| PB 0x0000000712c00000| Untracked |  0
| 104|0x0000000712e00000, 0x0000000712e00000, 0x0000000713000000|  0%| F|  |TAMS 0x0000000712e00000| PB 0x0000000712e00000| Untracked |  0
| 105|0x0000000713000000, 0x0000000713000000, 0x0000000713200000|  0%| F|  |TAMS 0x0000000713000000| PB 0x0000000713000000| Untracked |  0
| 106|0x0000000713200000, 0x0000000713200000, 0x0000000713400000|  0%| F|  |TAMS 0x0000000713200000| PB 0x0000000713200000| Untracked |  0
| 107|0x0000000713400000, 0x0000000713400000, 0x0000000713600000|  0%| F|  |TAMS 0x0000000713400000| PB 0x0000000713400000| Untracked |  0
| 108|0x0000000713600000, 0x0000000713600000, 0x0000000713800000|  0%| F|  |TAMS 0x0000000713600000| PB 0x0000000713600000| Untracked |  0
| 109|0x0000000713800000, 0x0000000713800000, 0x0000000713a00000|  0%| F|  |TAMS 0x0000000713800000| PB 0x0000000713800000| Untracked |  0
| 110|0x0000000713a00000, 0x0000000713a00000, 0x0000000713c00000|  0%| F|  |TAMS 0x0000000713a00000| PB 0x0000000713a00000| Untracked |  0
| 111|0x0000000713c00000, 0x0000000713c00000, 0x0000000713e00000|  0%| F|  |TAMS 0x0000000713c00000| PB 0x0000000713c00000| Untracked |  0
| 112|0x0000000713e00000, 0x0000000713feb8a8, 0x0000000714000000| 96%| E|  |TAMS 0x0000000713e00000| PB 0x0000000713e00000| Complete |  0
| 113|0x0000000714000000, 0x0000000714200000, 0x0000000714200000|100%| E|CS|TAMS 0x0000000714000000| PB 0x0000000714000000| Complete |  0
| 114|0x0000000714200000, 0x0000000714400000, 0x0000000714400000|100%| E|CS|TAMS 0x0000000714200000| PB 0x0000000714200000| Complete |  0
| 115|0x0000000714400000, 0x0000000714600000, 0x0000000714600000|100%| E|CS|TAMS 0x0000000714400000| PB 0x0000000714400000| Complete |  0
| 116|0x0000000714600000, 0x0000000714800000, 0x0000000714800000|100%| E|CS|TAMS 0x0000000714600000| PB 0x0000000714600000| Complete |  0
| 117|0x0000000714800000, 0x0000000714a00000, 0x0000000714a00000|100%| E|CS|TAMS 0x0000000714800000| PB 0x0000000714800000| Complete |  0
| 118|0x0000000714a00000, 0x0000000714c00000, 0x0000000714c00000|100%| E|CS|TAMS 0x0000000714a00000| PB 0x0000000714a00000| Complete |  0
| 119|0x0000000714c00000, 0x0000000714e00000, 0x0000000714e00000|100%| E|CS|TAMS 0x0000000714c00000| PB 0x0000000714c00000| Complete |  0
| 120|0x0000000714e00000, 0x0000000715000000, 0x0000000715000000|100%| E|CS|TAMS 0x0000000714e00000| PB 0x0000000714e00000| Complete |  0
| 121|0x0000000715000000, 0x0000000715200000, 0x0000000715200000|100%| E|CS|TAMS 0x0000000715000000| PB 0x0000000715000000| Complete |  0
| 122|0x0000000715200000, 0x0000000715400000, 0x0000000715400000|100%| E|CS|TAMS 0x0000000715200000| PB 0x0000000715200000| Complete |  0
| 123|0x0000000715400000, 0x0000000715600000, 0x0000000715600000|100%| E|CS|TAMS 0x0000000715400000| PB 0x0000000715400000| Complete |  0
| 124|0x0000000715600000, 0x0000000715800000, 0x0000000715800000|100%| E|CS|TAMS 0x0000000715600000| PB 0x0000000715600000| Complete |  0
| 125|0x0000000715800000, 0x0000000715a00000, 0x0000000715a00000|100%| E|CS|TAMS 0x0000000715800000| PB 0x0000000715800000| Complete |  0
|2000|0x00000007ffe00000, 0x00000007fff1c318, 0x0000000800000000| 55%| O|  |TAMS 0x00000007ffe00000| PB 0x00000007ffe00000| Untracked |  0

Card table byte_map: [0x000001c7fc800000,0x000001c7fcfe0000] _byte_map_base: 0x000001c7f8fd1000

Marking Bits: (CMBitMap*) 0x000001c7e3d03ad0
 Bits: [0x000001c780000000, 0x000001c783e88000)

Polling page: 0x000001c7e1c80000

Metaspace:

Usage:
  Non-class:     10.02 MB used.
      Class:      1.06 MB used.
       Both:     11.07 MB used.

Virtual space:
  Non-class space:       64.00 MB reserved,      10.06 MB ( 16%) committed,  1 nodes.
      Class space:        1.00 GB reserved,       1.19 MB ( <1%) committed,  1 nodes.
             Both:        1.06 GB reserved,      11.25 MB (  1%) committed. 

Chunk freelists:
   Non-Class:  5.00 MB
       Class:  14.75 MB
        Both:  19.75 MB

MaxMetaspaceSize: unlimited
CompressedClassSpaceSize: 1.00 GB
Initial GC threshold: 21.00 MB
Current GC threshold: 21.00 MB
CDS: on
 - commit_granule_bytes: 65536.
 - commit_granule_words: 8192.
 - virtual_space_node_default_size: 8388608.
 - enlarge_chunks_in_place: 1.
UseCompressedClassPointers 1, UseCompactObjectHeaders 0
Narrow klass pointer bits 32, Max shift 3
Narrow klass base: 0x000001c784000000, Narrow klass shift: 0
Encoding Range: [0x000001c784000000 - 0x000001c884000000), (4294967296 bytes)
Klass Range:    [0x000001c784000000 - 0x000001c7c5000000), (1090519040 bytes)
Klass ID Range:  [8 - 1090519033) (1090519025)


Internal statistics:

num_allocs_failed_limit: 0.
num_arena_births: 112.
num_arena_deaths: 0.
num_vsnodes_births: 2.
num_vsnodes_deaths: 0.
num_space_committed: 180.
num_space_uncommitted: 0.
num_chunks_returned_to_freelist: 0.
num_chunks_taken_from_freelist: 164.
num_chunk_merges: 0.
num_chunk_splits: 96.
num_chunks_enlarged: 54.
num_inconsistent_stats: 0.

CodeHeap 'non-profiled nmethods': size=119232Kb used=505Kb max_used=505Kb free=118726Kb
 bounds [0x000001c7f4330000, 0x000001c7f45a0000, 0x000001c7fb7a0000]
CodeHeap 'profiled nmethods': size=119104Kb used=3186Kb max_used=3186Kb free=115918Kb
 bounds [0x000001c7ec7a0000, 0x000001c7ecac0000, 0x000001c7f3bf0000]
CodeHeap 'non-nmethods': size=7424Kb used=1522Kb max_used=3279Kb free=5902Kb
 bounds [0x000001c7f3bf0000, 0x000001c7f3f30000, 0x000001c7f4330000]
CodeCache: size=245760Kb, used=5213Kb, max_used=6970Kb, free=240546Kb
 total_blobs=2724, nmethods=2029, adapters=600, full_count=0
Compilation: enabled, stopped_count=0, restarted_count=0

Compilation events (20 events):
Event: 2507.604 Thread 0x000001c7fd1de2a0 nmethod 2020 0x000001c7ecab8208 code [0x000001c7ecab83a0, 0x000001c7ecab9018]
Event: 2507.607 Thread 0x000001c7fd1cb020 nmethod 2019 0x000001c7f43ade88 code [0x000001c7f43adfa0, 0x000001c7f43ae1f0]
Event: 4855.823 Thread 0x000001c7fd1de2a0 2021   !   3       java.lang.Object::wait (59 bytes)
Event: 4855.824 Thread 0x000001c7fd1de2a0 nmethod 2021 0x000001c7ecab9088 code [0x000001c7ecab9200, 0x000001c7ecab9780]
Event: 11032.891 Thread 0x000001c7fd1de2a0 2022       3       java.lang.ref.ReferenceQueue::poll0 (65 bytes)
Event: 11032.899 Thread 0x000001c7fd1de2a0 nmethod 2022 0x000001c7ecab9808 code [0x000001c7ecab9940, 0x000001c7ecab9e20]
Event: 18953.725 Thread 0x000001c7fd1de2a0 2023  s    3       jdk.internal.ref.CleanerImpl$CleanableList::isEmpty (16 bytes)
Event: 18953.727 Thread 0x000001c7fd1de2a0 nmethod 2023 0x000001c7ecab9e88 code [0x000001c7ecab9fa0, 0x000001c7ecaba250]
Event: 18953.727 Thread 0x000001c7fd1de2a0 2026       3       java.lang.ref.ReferenceQueue::remove0 (67 bytes)
Event: 18953.729 Thread 0x000001c7fd1de2a0 nmethod 2026 0x000001c7ecaba288 code [0x000001c7ecaba400, 0x000001c7ecaba860]
Event: 18953.729 Thread 0x000001c7fd1de2a0 2024       3       jdk.internal.misc.InnocuousThread::eraseThreadLocals (23 bytes)
Event: 18953.731 Thread 0x000001c7fd1de2a0 nmethod 2024 0x000001c7ecaba888 code [0x000001c7ecaba9a0, 0x000001c7ecabab90]
Event: 18953.732 Thread 0x000001c7fd1de2a0 2025   !   3       java.lang.ref.ReferenceQueue::remove (49 bytes)
Event: 18953.739 Thread 0x000001c7fd1de2a0 nmethod 2025 0x000001c7ecabac08 code [0x000001c7ecabada0, 0x000001c7ecabb750]
Event: 22833.422 Thread 0x000001c7fd1de2a0 2027       3       java.awt.EventQueue::postEvent (13 bytes)
Event: 22833.446 Thread 0x000001c7fd1de2a0 nmethod 2027 0x000001c7ecabb788 code [0x000001c7ecabb8e0, 0x000001c7ecabbc98]
Event: 22835.661 Thread 0x000001c7fd1cb020 2028       4       java.util.HashMap$HashIterator::hasNext (13 bytes)
Event: 22835.662 Thread 0x000001c7fd1de2a0 2029   !   3       java.awt.Toolkit::setDesktopProperty (81 bytes)
Event: 22835.668 Thread 0x000001c7fd1de2a0 nmethod 2029 0x000001c7ecabbd08 code [0x000001c7ecabbea0, 0x000001c7ecabc7b0]
Event: 22835.668 Thread 0x000001c7fd1cb020 nmethod 2028 0x000001c7f43ae288 code [0x000001c7f43ae380, 0x000001c7f43ae400]

GC Heap History (0 events):
No events

Dll operation events (10 events):
Event: 0.009 Loaded shared library C:\Program Files\Apache NetBeans\jdk\bin\java.dll
Event: 0.040 Loaded shared library C:\Program Files\Apache NetBeans\jdk\bin\jsvml.dll
Event: 0.069 Loaded shared library C:\Program Files\Apache NetBeans\jdk\bin\net.dll
Event: 0.071 Loaded shared library C:\Program Files\Apache NetBeans\jdk\bin\nio.dll
Event: 0.101 Loaded shared library C:\Program Files\Apache NetBeans\jdk\bin\zip.dll
Event: 0.106 Loaded shared library C:\Program Files\Apache NetBeans\jdk\bin\jimage.dll
Event: 0.116 Loaded shared library C:\Program Files\Apache NetBeans\jdk\bin\awt.dll
Event: 0.324 Loaded shared library C:\Program Files\Apache NetBeans\jdk\bin\verify.dll
Event: 0.404 Loaded shared library C:\Program Files\Apache NetBeans\jdk\bin\freetype.dll
Event: 0.406 Loaded shared library C:\Program Files\Apache NetBeans\jdk\bin\fontmanager.dll

Deoptimization events (20 events):
Event: 0.948 Thread 0x000001c7c994b0b0 Uncommon trap: trap_request=0xffffff4d fr.pc=0x000001c7f4399d3c relative=0x00000000000003dc
Event: 0.948 Thread 0x000001c7c994b0b0 Uncommon trap: reason=unstable_if action=reinterpret pc=0x000001c7f4399d3c method=java.lang.Character.isSurrogate(C)Z @ 3 c2
Event: 0.948 Thread 0x000001c7c994b0b0 DEOPT PACKING pc=0x000001c7f4399d3c sp=0x000000ab3e6fd040
Event: 0.948 Thread 0x000001c7c994b0b0 DEOPT UNPACKING pc=0x000001c7f3d07e02 sp=0x000000ab3e6fcf58 mode 2
Event: 0.982 Thread 0x000001c7c994b0b0 Uncommon trap: trap_request=0xffffff5c fr.pc=0x000001c7f4391ee0 relative=0x0000000000000060
Event: 0.982 Thread 0x000001c7c994b0b0 Uncommon trap: reason=speculate_null_check action=make_not_entrant pc=0x000001c7f4391ee0 method=jdk.internal.misc.Unsafe.getIntUnaligned(Ljava/lang/Object;JZ)I @ 5 c2
Event: 0.982 Thread 0x000001c7c994b0b0 DEOPT PACKING pc=0x000001c7f4391ee0 sp=0x000000ab3e6fd120
Event: 0.982 Thread 0x000001c7c994b0b0 DEOPT UNPACKING pc=0x000001c7f3d07e02 sp=0x000000ab3e6fd078 mode 2
Event: 0.993 Thread 0x000001c7c994b0b0 Uncommon trap: trap_request=0xffffff4d fr.pc=0x000001c7f4398748 relative=0x0000000000000128
Event: 0.993 Thread 0x000001c7c994b0b0 Uncommon trap: reason=unstable_if action=reinterpret pc=0x000001c7f4398748 method=java.lang.ThreadLocal$ThreadLocalMap.getEntry(Ljava/lang/ThreadLocal;)Ljava/lang/ThreadLocal$ThreadLocalMap$Entry; @ 21 c2
Event: 0.993 Thread 0x000001c7c994b0b0 DEOPT PACKING pc=0x000001c7f4398748 sp=0x000000ab3e6fd850
Event: 0.993 Thread 0x000001c7c994b0b0 DEOPT UNPACKING pc=0x000001c7f3d07e02 sp=0x000000ab3e6fd770 mode 2
Event: 5.063 Thread 0x000001c7c994b0b0 Uncommon trap: trap_request=0xffffff4d fr.pc=0x000001c7f43a8a28 relative=0x0000000000000088
Event: 5.063 Thread 0x000001c7c994b0b0 Uncommon trap: reason=unstable_if action=reinterpret pc=0x000001c7f43a8a28 method=java.awt.Component.inside(II)Z @ 13 c2
Event: 5.063 Thread 0x000001c7c994b0b0 DEOPT PACKING pc=0x000001c7f43a8a28 sp=0x000000ab3e6fe930
Event: 5.063 Thread 0x000001c7c994b0b0 DEOPT UNPACKING pc=0x000001c7f3d07e02 sp=0x000000ab3e6fe7c0 mode 2
Event: 17.215 Thread 0x000001c7c994b0b0 Uncommon trap: trap_request=0xffffffde fr.pc=0x000001c7f434095c relative=0x00000000000001dc
Event: 17.215 Thread 0x000001c7c994b0b0 Uncommon trap: reason=class_check action=maybe_recompile pc=0x000001c7f434095c method=java.lang.String.equals(Ljava/lang/Object;)Z @ 8 c2
Event: 17.215 Thread 0x000001c7c994b0b0 DEOPT PACKING pc=0x000001c7f434095c sp=0x000000ab3e6fe1a0
Event: 17.215 Thread 0x000001c7c994b0b0 DEOPT UNPACKING pc=0x000001c7f3d07e02 sp=0x000000ab3e6fe128 mode 2

Classes loaded (20 events):
Event: 1.050 Loading class java/util/concurrent/Delayed done
Event: 1.050 Loading class javax/swing/TimerQueue$DelayedTimer done
Event: 1.050 Loading class java/awt/TextComponent
Event: 1.050 Loading class java/awt/TextComponent done
Event: 1.055 Loading class java/awt/Container$MouseEventTargetFilter
Event: 1.055 Loading class java/awt/Container$EventTargetFilter
Event: 1.055 Loading class java/awt/Container$EventTargetFilter done
Event: 1.055 Loading class java/awt/Container$MouseEventTargetFilter done
Event: 1.055 Loading class java/awt/event/MouseWheelEvent
Event: 1.055 Loading class java/awt/event/MouseWheelEvent done
Event: 17.951 Loading class java/lang/FdLibm$Acos
Event: 17.951 Loading class java/lang/FdLibm$Acos done
Event: 74.473 Loading class sun/awt/SunToolkit$1
Event: 74.473 Loading class sun/awt/SunToolkit$1 done
Event: 2507.601 Loading class java/util/WeakHashMap$KeyIterator
Event: 2507.602 Loading class java/util/WeakHashMap$HashIterator
Event: 2507.602 Loading class java/util/WeakHashMap$HashIterator done
Event: 2507.602 Loading class java/util/WeakHashMap$KeyIterator done
Event: 2507.602 Loading class javax/swing/RepaintManager$DisplayChangedRunnable
Event: 2507.602 Loading class javax/swing/RepaintManager$DisplayChangedRunnable done

Classes unloaded (0 events):
No events

Classes redefined (0 events):
No events

Internal exceptions (20 events):
Event: 0.202 Thread 0x000001c7e198f870 Exception <a 'java/lang/NoSuchMethodError'{0x0000000715470a70}: 'java.lang.Object java.lang.invoke.DirectMethodHandle$Holder.invokeStaticInit(java.lang.Object, long)'> (0x0000000715470a70) 
thrown [s\src\hotspot\share\interpreter\linkResolver.cpp, line 805]
Event: 0.230 Thread 0x000001c7e198f870 Exception <a 'java/lang/NoSuchMethodError'{0x00000007154a0e00}: 'void java.lang.invoke.DirectMethodHandle$Holder.invokeSpecial(java.lang.Object, java.lang.Object, java.lang.Object)'> (0x00000007154a0e00) 
thrown [s\src\hotspot\share\interpreter\linkResolver.cpp, line 805]
Event: 0.245 Thread 0x000001c7e198f870 Exception <a 'java/lang/NoSuchMethodError'{0x000000071521d648}: 'java.lang.Object java.lang.invoke.DirectMethodHandle$Holder.newInvokeSpecial(java.lang.Object, java.lang.Object, java.lang.Object, java.lang.Object, java.lang.Object)'> (0x000000071521d648) 
thrown [s\src\hotspot\share\interpreter\linkResolver.cpp, line 805]
Event: 0.254 Thread 0x000001c7e198f870 Exception <a 'java/lang/NoSuchMethodError'{0x0000000715285790}: 'java.lang.Object java.lang.invoke.DirectMethodHandle$Holder.invokeStatic(java.lang.Object, int, java.lang.Object)'> (0x0000000715285790) 
thrown [s\src\hotspot\share\interpreter\linkResolver.cpp, line 805]
Event: 0.288 Thread 0x000001c7e198f870 Exception <a 'java/lang/ClassNotFoundException'{0x00000007150b2e88}: com/sun/swing/internal/plaf/metal/resources/spi/metalProvider> (0x00000007150b2e88) 
thrown [s\src\hotspot\share\classfile\systemDictionary.cpp, line 327]
Event: 0.289 Thread 0x000001c7e198f870 Exception <a 'java/lang/ClassNotFoundException'{0x00000007150b6898}: com/sun/swing/internal/plaf/basic/resources/spi/basicProvider> (0x00000007150b6898) 
thrown [s\src\hotspot\share\classfile\systemDictionary.cpp, line 327]
Event: 0.300 Thread 0x000001c7e198f870 Exception <a 'java/lang/NoSuchMethodError'{0x00000007150e4350}: 'int java.lang.invoke.Invokers$Holder.invokeExact_MT(java.lang.Object, java.lang.Object)'> (0x00000007150e4350) 
thrown [s\src\hotspot\share\interpreter\linkResolver.cpp, line 805]
Event: 0.415 Thread 0x000001c7e198f870 Exception <a 'java/lang/NoSuchMethodError'{0x0000000714fada38}: 'long java.lang.invoke.DirectMethodHandle$Holder.invokeStaticInit(java.lang.Object, long, long, long, long)'> (0x0000000714fada38) 
thrown [s\src\hotspot\share\interpreter\linkResolver.cpp, line 805]
Event: 0.416 Thread 0x000001c7e198f870 Exception <a 'java/lang/NoSuchMethodError'{0x0000000714fb6440}: 'java.lang.Object java.lang.invoke.DirectMethodHandle$Holder.invokeInterface(java.lang.Object, java.lang.Object, long, long)'> (0x0000000714fb6440) 
thrown [s\src\hotspot\share\interpreter\linkResolver.cpp, line 805]
Event: 0.417 Thread 0x000001c7e198f870 Exception <a 'java/lang/NoSuchMethodError'{0x0000000714fcec00}: 'void java.lang.invoke.DirectMethodHandle$Holder.invokeStaticInit(java.lang.Object, java.lang.Object, long, java.lang.Object)'> (0x0000000714fcec00) 
thrown [s\src\hotspot\share\interpreter\linkResolver.cpp, line 805]
Event: 0.418 Thread 0x000001c7e198f870 Exception <a 'java/lang/NoSuchMethodError'{0x0000000714fd77e8}: 'long java.lang.invoke.DirectMethodHandle$Holder.invokeStatic(java.lang.Object, long, long)'> (0x0000000714fd77e8) 
thrown [s\src\hotspot\share\interpreter\linkResolver.cpp, line 805]
Event: 0.422 Thread 0x000001c7e198f870 Exception <a 'java/lang/NoSuchMethodError'{0x0000000714c06f90}: 'java.lang.Object java.lang.invoke.DirectMethodHandle$Holder.newInvokeSpecial(java.lang.Object, int, java.lang.Object)'> (0x0000000714c06f90) 
thrown [s\src\hotspot\share\interpreter\linkResolver.cpp, line 805]
Event: 0.456 Thread 0x000001c7e198f870 Exception <a 'java/lang/NoSuchMethodError'{0x0000000714c7a5d8}: 'void java.lang.invoke.DelegatingMethodHandle$Holder.reinvoke_L(java.lang.Object, java.lang.Object, java.lang.Object, java.lang.Object, long, long, float)'> (0x0000000714c7a5d8) 
thrown [s\src\hotspot\share\interpreter\linkResolver.cpp, line 805]
Event: 0.459 Thread 0x000001c7e198f870 Exception <a 'java/lang/NoSuchMethodError'{0x0000000714c9ac28}: 'java.lang.Object java.lang.invoke.DirectMethodHandle$Holder.invokeStatic(java.lang.Object, java.lang.Object, java.lang.Object, java.lang.Object, java.lang.Object, long)'> (0x0000000714c9ac28) 
thrown [s\src\hotspot\share\interpreter\linkResolver.cpp, line 805]
Event: 0.465 Thread 0x000001c7e198f870 Exception <a 'java/lang/NoSuchMethodError'{0x0000000714cde388}: 'float java.lang.invoke.DelegatingMethodHandle$Holder.reinvoke_L(java.lang.Object, java.lang.Object, java.lang.Object, java.lang.Object, long, long)'> (0x0000000714cde388) 
thrown [s\src\hotspot\share\interpreter\linkResolver.cpp, line 805]
Event: 0.618 Thread 0x000001c7c976a1a0 Exception <a 'java/lang/NoSuchMethodError'{0x0000000715505c60}: 'void java.lang.invoke.DirectMethodHandle$Holder.invokeVirtual(java.lang.Object, java.lang.Object)'> (0x0000000715505c60) 
thrown [s\src\hotspot\share\interpreter\linkResolver.cpp, line 805]
Event: 0.633 Thread 0x000001c7e198f870 Exception <a 'java/lang/NoSuchMethodError'{0x0000000714a7c100}: 'void java.lang.invoke.DirectMethodHandle$Holder.invokeStaticInit(java.lang.Object)'> (0x0000000714a7c100) 
thrown [s\src\hotspot\share\interpreter\linkResolver.cpp, line 805]
Event: 0.743 Thread 0x000001c7c994b0b0 Exception <a 'java/io/FileNotFoundException'{0x000000071494de78}> (0x000000071494de78) 
thrown [s\src\hotspot\share\prims\jni.cpp, line 518]
Event: 0.748 Thread 0x000001c7c994b0b0 Exception <a 'java/io/FileNotFoundException'{0x00000007149679c0}> (0x00000007149679c0) 
thrown [s\src\hotspot\share\prims\jni.cpp, line 518]
Event: 0.993 Thread 0x000001c7c994b0b0 Implicit null exception at 0x000001c7f4398675 to 0x000001c7f4398728

VM Operations (20 events):
Event: 0.694 Executing VM operation: HandshakeAllThreads (Deoptimize)
Event: 0.694 Executing VM operation: HandshakeAllThreads (Deoptimize) done
Event: 0.696 Executing VM operation: HandshakeAllThreads (Deoptimize)
Event: 0.697 Executing VM operation: HandshakeAllThreads (Deoptimize) done
Event: 60.037 Executing VM operation: HandshakeAllThreads (HandshakeForDeflation)
Event: 60.037 Executing VM operation: HandshakeAllThreads (HandshakeForDeflation) done
Event: 60.037 Executing VM operation: RendezvousGCThreads
Event: 60.037 Executing VM operation: RendezvousGCThreads done
Event: 120.282 Executing VM operation: HandshakeAllThreads (HandshakeForDeflation)
Event: 120.282 Executing VM operation: HandshakeAllThreads (HandshakeForDeflation) done
Event: 120.283 Executing VM operation: RendezvousGCThreads
Event: 120.283 Executing VM operation: RendezvousGCThreads done
Event: 2551.585 Executing VM operation: HandshakeAllThreads (HandshakeForDeflation)
Event: 2551.585 Executing VM operation: HandshakeAllThreads (HandshakeForDeflation) done
Event: 2551.585 Executing VM operation: RendezvousGCThreads
Event: 2551.585 Executing VM operation: RendezvousGCThreads done
Event: 8633.615 Executing VM operation: HandshakeAllThreads (HandshakeForDeflation)
Event: 8633.615 Executing VM operation: HandshakeAllThreads (HandshakeForDeflation) done
Event: 8633.616 Executing VM operation: RendezvousGCThreads
Event: 8633.616 Executing VM operation: RendezvousGCThreads done

Memory protections (0 events):
No events

Nmethod flushes (0 events):
No events

Events (20 events):
Event: 0.081 Thread 0x000001c7c90a1ec0 Thread added: 0x000001c7c91577b0
Event: 0.087 Thread 0x000001c7e198f870 Thread added: 0x000001c7c924b830
Event: 0.172 Thread 0x000001c7e198f870 Thread added: 0x000001c7c9766860
Event: 0.172 Thread 0x000001c7e198f870 Thread added: 0x000001c7c9769a60
Event: 0.173 Thread 0x000001c7e198f870 Thread added: 0x000001c7c976a1a0
Event: 0.191 Thread 0x000001c7c91577b0 Thread exited: 0x000001c7c91577b0
Event: 0.352 Thread 0x000001c7fd1de2a0 Thread added: 0x000001c7c98a4480
Event: 0.364 Thread 0x000001c7fd1cb020 Thread added: 0x000001c7c98c0760
Event: 0.387 Thread 0x000001c7c98c0760 Thread added: 0x000001c7c98ce8f0
Event: 0.471 Thread 0x000001c7e198f870 Thread added: 0x000001c7c994b0b0
Event: 0.590 Thread 0x000001c7e198f870 Thread added: 0x000001c7c9ba4300
Event: 0.712 Thread 0x000001c7e198f870 Thread exited: 0x000001c7e198f870
Event: 0.712 Thread 0x000001c7e198f870 Thread added: 0x000001c7e198f870
Event: 1.049 Thread 0x000001c7c994b0b0 Thread added: 0x000001c7c9a53e30
Event: 1.553 Thread 0x000001c7c98ce8f0 Thread exited: 0x000001c7c98ce8f0
Event: 2.054 Thread 0x000001c7c98c0760 Thread exited: 0x000001c7c98c0760
Event: 2.054 Thread 0x000001c7c98a4480 Thread exited: 0x000001c7c98a4480
Event: 2.555 Thread 0x000001c7c90a1ec0 Thread exited: 0x000001c7c90a1ec0
Event: 3.056 Thread 0x000001c7fd1a6350 Thread exited: 0x000001c7fd1a6350
Event: 5.597 Thread 0x000001c7c9ba4300 Thread exited: 0x000001c7c9ba4300


Dynamic libraries:
0x00007ff635500000 - 0x00007ff63550e000 	C:\Program Files\Apache NetBeans\jdk\bin\java.exe
0x00007ff9d5f00000 - 0x00007ff9d6169000 	C:\WINDOWS\SYSTEM32\ntdll.dll
0x00007ff9d5090000 - 0x00007ff9d5159000 	C:\WINDOWS\System32\KERNEL32.DLL
0x00007ff9d3370000 - 0x00007ff9d3763000 	C:\WINDOWS\System32\KERNELBASE.dll
0x00007ff9d3ad0000 - 0x00007ff9d3c1b000 	C:\WINDOWS\System32\ucrtbase.dll
0x00007ff9a0910000 - 0x00007ff9a0926000 	C:\Program Files\Apache NetBeans\jdk\bin\jli.dll
0x00007ff9aca80000 - 0x00007ff9aca9e000 	C:\Program Files\Apache NetBeans\jdk\bin\VCRUNTIME140.dll
0x00007ff9d4690000 - 0x00007ff9d4854000 	C:\WINDOWS\System32\USER32.dll
0x00007ff9d32b0000 - 0x00007ff9d32d7000 	C:\WINDOWS\System32\win32u.dll
0x00007ff9b99e0000 - 0x00007ff9b9c73000 	C:\WINDOWS\WinSxS\amd64_microsoft.windows.common-controls_6595b64144ccf1df_6.0.26100.5074_none_3e0d6f78e32fd63f\COMCTL32.dll
0x00007ff9d55f0000 - 0x00007ff9d561b000 	C:\WINDOWS\System32\GDI32.dll
0x00007ff9d5e10000 - 0x00007ff9d5eb9000 	C:\WINDOWS\System32\msvcrt.dll
0x00007ff9d3770000 - 0x00007ff9d389d000 	C:\WINDOWS\System32\gdi32full.dll
0x00007ff9d3c20000 - 0x00007ff9d3cc3000 	C:\WINDOWS\System32\msvcp_win.dll
0x00007ff9d4600000 - 0x00007ff9d462f000 	C:\WINDOWS\System32\IMM32.DLL
0x00007ff9ac280000 - 0x00007ff9ac28c000 	C:\Program Files\Apache NetBeans\jdk\bin\vcruntime140_1.dll
0x00007ff995080000 - 0x00007ff99510d000 	C:\Program Files\Apache NetBeans\jdk\bin\msvcp140.dll
0x00007ff8dde30000 - 0x00007ff8decac000 	C:\Program Files\Apache NetBeans\jdk\bin\server\jvm.dll
0x00007ff9d4860000 - 0x00007ff9d4914000 	C:\WINDOWS\System32\ADVAPI32.dll
0x00007ff9d5b00000 - 0x00007ff9d5ba6000 	C:\WINDOWS\System32\sechost.dll
0x00007ff9d5840000 - 0x00007ff9d5958000 	C:\WINDOWS\System32\RPCRT4.dll
0x00007ff9d5620000 - 0x00007ff9d5694000 	C:\WINDOWS\System32\WS2_32.dll
0x00007ff9d1ca0000 - 0x00007ff9d1cfe000 	C:\WINDOWS\SYSTEM32\POWRPROF.dll
0x00007ff9cba50000 - 0x00007ff9cba5b000 	C:\WINDOWS\SYSTEM32\VERSION.dll
0x00007ff9c8120000 - 0x00007ff9c8155000 	C:\WINDOWS\SYSTEM32\WINMM.dll
0x00007ff9d1c80000 - 0x00007ff9d1c94000 	C:\WINDOWS\SYSTEM32\UMPDC.dll
0x00007ff9d1f90000 - 0x00007ff9d1fab000 	C:\WINDOWS\SYSTEM32\kernel.appcore.dll
0x00007ff9ac270000 - 0x00007ff9ac27a000 	C:\Program Files\Apache NetBeans\jdk\bin\jimage.dll
0x00007ff9d08c0000 - 0x00007ff9d0b02000 	C:\WINDOWS\SYSTEM32\DBGHELP.DLL
0x00007ff9d4920000 - 0x00007ff9d4c9b000 	C:\WINDOWS\System32\combase.dll
0x00007ff9d4f10000 - 0x00007ff9d4fe7000 	C:\WINDOWS\System32\OLEAUT32.dll
0x00007ff9a1490000 - 0x00007ff9a14cd000 	C:\WINDOWS\SYSTEM32\dbgcore.DLL
0x00007ff9d3090000 - 0x00007ff9d3129000 	C:\WINDOWS\System32\bcryptPrimitives.dll
0x00007ff9a1d60000 - 0x00007ff9a1d7e000 	C:\Program Files\Apache NetBeans\jdk\bin\java.dll
0x00007ff9d56a0000 - 0x00007ff9d5838000 	C:\WINDOWS\System32\ole32.dll
0x00007ff9d3e30000 - 0x00007ff9d457d000 	C:\WINDOWS\System32\SHELL32.dll
0x00007ff9d38a0000 - 0x00007ff9d3a0c000 	C:\WINDOWS\System32\wintypes.dll
0x00007ff9d0cd0000 - 0x00007ff9d1529000 	C:\WINDOWS\SYSTEM32\windows.storage.dll
0x00007ff9d5960000 - 0x00007ff9d5a50000 	C:\WINDOWS\System32\SHCORE.dll
0x00007ff9d5bb0000 - 0x00007ff9d5c12000 	C:\WINDOWS\System32\shlwapi.dll
0x00007ff9d2fb0000 - 0x00007ff9d2fd9000 	C:\WINDOWS\SYSTEM32\profapi.dll
0x00007ff9433d0000 - 0x00007ff9434a7000 	C:\Program Files\Apache NetBeans\jdk\bin\jsvml.dll
0x00007ff9a1d50000 - 0x00007ff9a1d60000 	C:\Program Files\Apache NetBeans\jdk\bin\net.dll
0x00007ff9d2510000 - 0x00007ff9d257b000 	C:\WINDOWS\system32\mswsock.dll
0x00007ff99d250000 - 0x00007ff99d266000 	C:\Program Files\Apache NetBeans\jdk\bin\nio.dll
0x00007ff99e060000 - 0x00007ff99e077000 	C:\Program Files\Apache NetBeans\jdk\bin\zip.dll
0x00007ff92b200000 - 0x00007ff92b37e000 	C:\Program Files\Apache NetBeans\jdk\bin\awt.dll
0x00007ff9cf950000 - 0x00007ff9cf9ee000 	C:\WINDOWS\SYSTEM32\apphelp.dll
0x00007ff9cfb20000 - 0x00007ff9cfb4b000 	C:\WINDOWS\system32\DWMAPI.DLL
0x00007ff9cfa70000 - 0x00007ff9cfb18000 	C:\WINDOWS\system32\uxtheme.dll
0x00007ff92add0000 - 0x00007ff92aedc000 	C:\WINDOWS\system32\opengl32.dll
0x00007ff92ad80000 - 0x00007ff92adad000 	C:\WINDOWS\SYSTEM32\GLU32.dll
0x00007ff9d0130000 - 0x00007ff9d0174000 	C:\WINDOWS\SYSTEM32\dxcore.dll
0x00007ff9d3cd0000 - 0x00007ff9d3e28000 	C:\WINDOWS\System32\MSCTF.dll
0x00007ff9a0bd0000 - 0x00007ff9a0be0000 	C:\Program Files\Apache NetBeans\jdk\bin\verify.dll
0x00007ff988140000 - 0x00007ff9881c7000 	C:\Program Files\Apache NetBeans\jdk\bin\freetype.dll
0x00007ff938a40000 - 0x00007ff938b29000 	C:\Program Files\Apache NetBeans\jdk\bin\fontmanager.dll
0x00007ff9d5c20000 - 0x00007ff9d5cd1000 	C:\WINDOWS\System32\clbcatq.dll
0x00007ff9cde30000 - 0x00007ff9ce05f000 	C:\WINDOWS\SYSTEM32\WindowsCodecs.dll
0x00007ff99eca0000 - 0x00007ff99ecfa000 	C:\WINDOWS\system32\dataexchange.dll
0x00007ff9c30f0000 - 0x00007ff9c3329000 	C:\WINDOWS\system32\twinapi.appcore.dll
0x00007ff9ca660000 - 0x00007ff9ca7a9000 	C:\WINDOWS\SYSTEM32\textinputframework.dll
0x00007ff9cf690000 - 0x00007ff9cf7b5000 	C:\WINDOWS\SYSTEM32\CoreMessaging.dll
0x00007ff9cb4d0000 - 0x00007ff9cb7b3000 	C:\WINDOWS\SYSTEM32\CoreUIComponents.dll
0x00007ff9d27d0000 - 0x00007ff9d27dc000 	C:\WINDOWS\SYSTEM32\CRYPTBASE.DLL

JVMTI agents: none

dbghelp: loaded successfully - version: 4.0.5 - missing functions: none
symbol engine: initialized successfully - sym options: 0x614 - pdb path: .;C:\Program Files\Apache NetBeans\jdk\bin;C:\WINDOWS\SYSTEM32;C:\WINDOWS\WinSxS\amd64_microsoft.windows.common-controls_6595b64144ccf1df_6.0.26100.5074_none_3e0d6f78e32fd63f;C:\Program Files\Apache NetBeans\jdk\bin\server

VM Arguments:
jvm_args: -Dfile.encoding=UTF-8 --module-path=C:\Users\Istiak\Documents\NetBeansProjects\Bank Management System\build\classes 
java_command: bank.management.system.SignupOne
java_class_path (initial): C:\Users\Istiak\Downloads\jcalendar-1.4\lib\jcalendar-1.4.jar;C:\Users\Istiak\Documents\NetBeansProjects\Bank Management System\build\classes
Launcher Type: SUN_STANDARD

[Global flags]
     intx CICompilerCount                          = 12                                        {product} {ergonomic}
     uint ConcGCThreads                            = 3                                         {product} {ergonomic}
     uint G1ConcRefinementThreads                  = 13                                        {product} {ergonomic}
   size_t G1HeapRegionSize                         = 2097152                                   {product} {ergonomic}
   size_t InitialHeapSize                          = 264241152                                 {product} {ergonomic}
   size_t MarkStackSize                            = 4194304                                   {product} {ergonomic}
   size_t MarkStackSizeMax                         = 536870912                                 {product} {ergonomic}
   size_t MaxHeapSize                              = 4196401152                                {product} {ergonomic}
   size_t MaxNewSize                               = 2516582400                                {product} {ergonomic}
   size_t MinHeapDeltaBytes                        = 2097152                                   {product} {ergonomic}
   size_t MinHeapSize                              = 8388608                                   {product} {ergonomic}
    uintx NonNMethodCodeHeapSize                   = 7602176                                {pd product} {ergonomic}
    uintx NonProfiledCodeHeapSize                  = 122093568                              {pd product} {ergonomic}
     bool PerfDisableSharedMem                     = true                                      {product} {ergonomic}
    uintx ProfiledCodeHeapSize                     = 121962496                              {pd product} {ergonomic}
    uintx ReservedCodeCacheSize                    = 251658240                              {pd product} {ergonomic}
     bool SegmentedCodeCache                       = true                                      {product} {ergonomic}
   size_t SoftMaxHeapSize                          = 4196401152                             {manageable} {ergonomic}
     bool UseCompressedOops                        = true                           {product lp64_product} {ergonomic}
     bool UseG1GC                                  = true                                      {product} {ergonomic}
     bool UseLargePagesIndividualAllocation        = false                                  {pd product} {ergonomic}

Logging:
Log output configuration:
 #0: stdout all=warning uptime,level,tags foldmultilines=false
 #1: stderr all=off uptime,level,tags foldmultilines=false

Environment Variables:
JAVA_HOME=C:\Program Files\Eclipse Adoptium\jdk-17.0.15.6-hotspot\
PATH=C:\Program Files\Eclipse Adoptium\jdk-17.0.15.6-hotspot\bin;C:\Program Files (x86)\Common Files\Oracle\Java\java8path;C:\Program Files (x86)\Common Files\Oracle\Java\javapath;C:\Program Files (x86)\Common Files\Intel\Shared Libraries\redist\intel64\compiler;C:\Windows\system32;C:\Windows;C:\Windows\System32\Wbem;C:\Windows\System32\WindowsPowerShell\v1.0\;C:\Windows\System32\OpenSSH\;C:\Program Files (x86)\NVIDIA Corporation\PhysX\Common;C:\Program Files\steghide;C:\WINDOWS\system32;C:\WINDOWS;C:\WINDOWS\System32\Wbem;C:\WINDOWS\System32\WindowsPowerShell\v1.0\;C:\WINDOWS\System32\OpenSSH\;C:\Program Files\NVIDIA Corporation\NVIDIA app\NvDLISR;C:\Program Files\Git\cmd;C:\Program Files\dotnet\;C:\Users\Istiak\AppData\Local\Programs\Python\Python39\Scripts\;C:\Users\Istiak\AppData\Local\Programs\Python\Python39\;C:\Users\Istiak\AppData\Local\Microsoft\WindowsApps;C:\Users\Istiak\AppData\Local\Programs\Microsoft VS Code\bin;C:\msys64\ucrt64\bin;C:\Users\Istiak\AppData\Local\Programs\Microsoft VS Code\bin;C:\Users\Istiak\AppData\Local\GitHubDesktop\bin
USERNAME=Istiak
OS=Windows_NT
PROCESSOR_IDENTIFIER=Intel64 Family 6 Model 154 Stepping 3, GenuineIntel
TMP=C:\Users\Istiak\AppData\Local\Temp
TEMP=C:\Users\Istiak\AppData\Local\Temp




Periodic native trim disabled

---------------  S Y S T E M  ---------------

OS:
 Windows 11 , 64 bit Build 26100 (10.0.26100.5074)
OS uptime: 2 days 15:46 hours
Hyper-V role detected

CPU: total 16 (initial active 16) (8 cores per cpu, 2 threads per core) family 6 model 154 stepping 3 microcode 0x434, cx8, cmov, fxsr, ht, mmx, 3dnowpref, sse, sse2, sse3, ssse3, sse4.1, sse4.2, popcnt, lzcnt, tsc, tscinvbit, avx, avx2, aes, erms, clmul, bmi1, bmi2, adx, sha, fma, vzeroupper, clflush, clflushopt, clwb, hv, serialize, rdtscp, rdpid, fsrm, gfni, f16c, cet_ibt, cet_ss
Processor Information for the first 16 processors :
  Max Mhz: 2500, Current Mhz: 2500, Mhz Limit: 2500

Memory: 4k page, system-wide physical 16004M (4637M free)
TotalPageFile size 36375M (AvailPageFile size 9792M)
current process WorkingSet (physical memory assigned to process): 15M, peak: 104M
current process commit charge ("private bytes"): 372M, peak: 378M

vm_info: OpenJDK 64-Bit Server VM (24.0.2+12) for windows-amd64 JRE (24.0.2+12) (Zulu24.32+13-CA), built on 2025-07-11T12:45:44Z with MS VC++ 17.1 (VS2022)

END.
